Zone,SFD,SFA,MF234,MF5plus,MH,DevCapacity,DevLandUse
1,1,1,1,1,1,1634,3859.555312
2,1,1,1,1,1,481,1500.638144
3,1,1,1,1,1,1301,116.4710636
4,1,1,1,1,1,1376,95.5770212
5,1,1,1,1,1,796,5367.326066
6,1,1,1,1,1,894,7263.362747
7,1,1,1,1,1,290,8270.614882
8,1,1,1,1,1,83,13079.3828
9,1,1,1,1,1,76,9313.447251
10,1,1,1,1,1,287,3608.100846
11,1,1,1,1,1,571,6131.582483
12,1,1,1,1,1,57,4596.929952
13,1,1,1,1,1,111,4590.841307
14,1,1,1,1,1,459,3349.502468
15,1,1,1,1,1,216,8126.49304
16,1,1,1,1,1,273,9631.888659
17,1,1,1,1,1,135,420.7518892
18,1,1,1,1,1,96,1847.982274
19,1,1,1,1,1,342,860.0890505
20,1,1,1,1,1,136,104.701875
21,1,1,1,1,1,74,6800.208233
22,1,1,1,1,1,260,123.8679133
23,1,1,1,1,1,523,99.53922996
24,1,1,1,1,1,1134,129.1144712
25,1,1,1,1,1,125,11.47174135
26,1,1,1,1,1,400,6.26981857
27,1,1,1,1,1,101,31.21658725
28,1,1,1,1,1,348,8.525462151
29,1,1,1,1,1,492,3637.891304
30,1,1,1,1,1,357,69.37824954
31,1,1,1,1,1,474,4849.112777
32,1,1,1,1,1,317,4583.089476
33,1,1,1,1,1,722,459.6390819
34,1,1,1,1,1,210,10161.14146
35,1,1,1,1,1,48,1752.883771
36,1,1,1,1,1,130,2982.880553
38,1,1,1,1,1,634,3439.125528
39,1,1,1,1,1,241,4800.271371
40,1,1,1,1,1,602,2025.765937
41,1,1,1,1,1,602,80.56539795
42,1,1,1,1,1,3824,57.47336407
43,1,1,1,1,1,71,3679.351103
44,1,1,1,1,1,376,76.45550565
45,1,1,1,1,1,1105,8099.148014
47,1,1,1,1,1,14,9687.47807
48,1,1,1,1,1,177,1348.8308
50,1,1,1,1,1,282,39.91507851
51,1,1,1,1,1,79,2294.599793
52,1,1,1,1,1,515,101.5111509
53,1,1,1,1,1,196,1095.291858
54,1,1,1,1,1,116,89.6937938
55,1,1,1,1,1,742,51.48154029
56,1,1,1,1,1,1056,4039.03739
57,1,1,1,1,1,285,122.1585124
58,1,1,1,1,1,184,113.5019693
59,1,1,1,1,1,675,78.76578712
60,1,1,1,1,1,786,1110.161044
61,1,1,1,1,1,496,3710.256347
62,1,1,1,1,1,279,9768.664655
63,1,1,1,1,1,204,9352.460223
64,1,1,1,1,1,0,5430.4226
65,1,1,1,1,1,1684,3632.612286
66,1,1,1,1,1,8,238.7457261
67,1,1,1,1,1,440,2099.516406
68,1,1,1,1,1,1205,1328.749876
69,1,1,1,1,1,20,7612.650704
70,1,1,1,1,1,1028,3540.180472
71,1,1,1,1,1,440,3497.592391
72,1,1,1,1,1,367,5799.848015
73,1,1,1,1,1,611,6710.769785
74,1,1,1,1,1,550,4523.867665
75,1,1,1,1,1,54,117.3724657
76,1,1,1,1,1,143,49.27853612
77,1,1,1,1,1,127,7189.403022
78,1,1,1,1,1,29,128.0022571
79,1,1,1,1,1,141,11702.60721
80,1,1,1,1,1,63,9161.857897
81,1,1,1,1,1,165,10445.93551
82,1,1,1,1,1,276,13652.65712
83,1,1,1,1,1,64,460.2954
84,1,1,1,1,1,643,8767.404805
85,1,1,1,1,1,553,11159.33089
86,1,1,1,1,1,32,4438.69793
87,1,1,1,1,1,132,3481.622363
88,1,1,1,1,1,959,5591.719064
89,1,1,1,1,1,91,3024.779823
90,1,1,1,1,1,173,6271.170901
91,1,1,1,1,1,18,2880.411199
92,1,1,1,1,1,41,2738.642049
93,1,1,1,1,1,221,879.0789273
94,1,1,1,1,1,793,2748.583198
95,1,1,1,1,1,54,9367.967921
96,1,1,1,1,1,19,2119.063734
97,1,1,1,1,1,121,1477.65229
98,1,1,1,1,1,668,2166.889261
99,1,1,1,1,1,146,117.349064
100,1,1,1,1,1,348,13.57703377
101,1,1,1,1,1,5,9.586931549
102,1,1,1,1,1,0,3601.389648
103,1,1,1,1,1,112,8.938561781
104,1,1,1,1,1,0,2491.804976
105,1,1,1,1,1,60,1121.995218
106,1,1,1,1,1,13,2563.643671
107,1,1,1,1,1,48,3858.719473
108,1,1,1,1,1,1040,10.06957225
109,1,1,1,1,1,289,1207.241536
110,1,1,1,1,1,190,9.272519532
111,1,1,1,1,1,508,7.807263541
112,1,1,1,1,1,0,509.4882175
113,1,1,1,1,1,19,3608.23429
114,1,1,1,1,1,728.76556,18.09245244
115,1,1,1,1,1,64,1644.795713
116,1,1,1,1,1,544.3491,254.9638235
117,1,1,1,1,1,43,193.3325537
118,1,1,1,1,1,103,781.932323
119,1,1,1,1,1,164.10652,1318.036363
120,1,1,1,1,1,36.875656,9389.769998
121,1,1,1,1,1,5.9213204,1457.929886
122,1,1,1,1,1,22.217457,63.93823099
123,1,1,1,1,1,0,65.85711724
124,1,1,1,1,1,184.84541,2251.102518
125,1,1,1,1,1,98,65.15814115
126,1,1,1,1,1,97,125.2639446
127,1,1,1,1,1,343.52737,56.35166948
128,1,1,1,1,1,19.681213,147.4645746
129,1,1,1,1,1,61,115.4506805
130,1,1,1,1,1,45.526627,13.86344158
131,1,1,1,1,1,144.21745,242.9167724
132,1,1,1,1,1,0,1682.777378
133,1,1,1,1,1,37,61.20728904
134,1,1,1,1,1,315.6839,513.8951955
135,1,1,1,1,1,5237.2686,7.511384706
136,1,1,1,1,1,642.49335,13.08868358
137,1,1,1,1,1,215.2759,15.43724677
138,1,1,1,1,1,13,105.2858453
139,1,1,1,1,1,330.20258,1240.941229
140,1,1,1,1,1,221.814,745.9881965
141,1,1,1,1,1,366.47015,0.877848086
142,1,1,1,1,1,47.08886,18.58664106
143,1,1,1,1,1,386.0784,6.228144451
144,1,1,1,1,1,21,19.3306718
145,1,1,1,1,1,44.526627,92.80701345
146,1,1,1,1,1,281.68036,9.724402854
147,1,1,1,1,1,234.4253,48.54472392
148,1,1,1,1,1,653.9602,5.40636465
149,1,1,1,1,1,235.59024,9.913902628
150,1,1,1,1,1,332.11682,25.0533163
151,1,1,1,1,1,110.08173,12.19103735
152,1,1,1,1,1,193.34422,18.16350281
153,1,1,1,1,1,172.88582,9.666142336
154,1,1,1,1,1,325.37723,12.27725714
155,1,1,1,1,1,240.05325,6.943320036
156,1,1,1,1,1,167.2707,139.3396345
157,1,1,1,1,1,290.31396,75.45329584
158,1,1,1,1,1,821.6114,120.2359421
159,1,1,1,1,1,419.4468,154.3906614
160,1,1,1,1,1,105,120.9282054
161,1,1,1,1,1,89,112.0661534
162,1,1,1,1,1,172.81573,2419.96775
163,1,1,1,1,1,221.16754,140.5090529
164,1,1,1,1,1,290.43658,500.8478684
165,1,1,1,1,1,59,414.4939233
166,1,1,1,1,1,476.92413,8.036451707
167,1,1,1,1,1,155.26524,22.92644773
168,1,1,1,1,1,46,1.537457157
169,1,1,1,1,1,2.5362427,1.267943346
170,1,1,1,1,1,2,2.889066861
171,1,1,1,1,1,329.42438,2.718089077
172,1,1,1,1,1,745.4764,5.256806353
173,1,1,1,1,1,314.60974,7.69773817
174,1,1,1,1,1,171.5838,8.635177567
175,1,1,1,1,1,61.639618,8.473146158
176,1,1,1,1,1,242.64276,8.480175308
177,1,1,1,1,1,248.18417,11.6871413
178,1,1,1,1,1,2178.7334,10.26446647
179,1,1,1,1,1,291.73257,7.108661559
180,1,1,1,1,1,27,7.931258031
181,1,1,1,1,1,116.1879,7.481970259
182,1,1,1,1,1,76.16754,13.94071377
183,1,1,1,1,1,169.78432,5.394016691
184,1,1,1,1,1,0.9213205,2.792174498
185,1,1,1,1,1,151.04318,10.92749892
186,1,1,1,1,1,110.71829,8.90834876
187,1,1,1,1,1,86.33721,10.07371797
188,1,1,1,1,1,55.3249,15.76471878
189,1,1,1,1,1,57.76396,12.15950106
190,1,1,1,1,1,97.61207,19.22361637
191,1,1,1,1,1,297.41376,7.065615282
192,1,1,1,1,1,318.55847,9.448028228
193,1,1,1,1,1,219.42853,11.22490153
194,1,1,1,1,1,258.47412,7.653541128
195,1,1,1,1,1,186.4807,9.770124058
196,1,1,1,1,1,124.469604,8.896963598
197,1,1,1,1,1,170.25148,14.90662911
198,1,1,1,1,1,141.86707,10.3813141
199,1,1,1,1,1,124.52663,14.08320042
200,1,1,1,1,1,158.2724,78.12788674
201,1,1,1,1,1,114.66244,63.59714447
202,1,1,1,1,1,122.852806,130.4676392
203,1,1,1,1,1,175,122.9163769
204,1,1,1,1,1,1148.1238,9.131541904
205,1,1,1,1,1,11,12.02423015
206,1,1,1,1,1,183.20784,16.75442332
207,1,1,1,1,1,82.842636,15.25055526
208,1,1,1,1,1,332.1886,57.79089051
209,1,1,1,1,1,293.5244,78.0723326
210,1,1,1,1,1,216.8358,9.575350812
211,1,1,1,1,1,753.0636,15.40095041
212,1,1,1,1,1,157.54831,12.91855454
213,1,1,1,1,1,329.57895,11.60216859
214,1,1,1,1,1,162.60413,10.24075798
215,1,1,1,1,1,304.93933,9.738526008
216,1,1,1,1,1,301.25412,13.27704378
217,1,1,1,1,1,654.45496,10.574878
218,1,1,1,1,1,575.049,6.361964966
219,1,1,1,1,1,321.92654,24.07582562
220,1,1,1,1,1,700.1151,10.08416245
221,1,1,1,1,1,607.7617,34.70759824
222,1,1,1,1,1,469.20163,210.9292822
223,1,1,1,1,1,180.27661,8.379868926
224,1,1,1,1,1,221.98938,7.877307327
225,1,1,1,1,1,131.71756,7.441096279
226,1,1,1,1,1,252.27182,7.479983861
227,1,1,1,1,1,190.78671,9.228736898
228,1,1,1,1,1,219.52927,12.08875352
229,1,1,1,1,1,131.00958,3.178903024
230,1,1,1,1,1,357.2612,14.62154782
231,1,1,1,1,1,99.361176,9.332404341
232,1,1,1,1,1,172.75089,8.114424242
233,1,1,1,1,1,138.71756,8.098173955
234,1,1,1,1,1,101.747345,10.73704398
235,1,1,1,1,1,177.9798,9.376697797
236,1,1,1,1,1,305.3112,16.59870807
237,1,1,1,1,1,497.48886,11.83885718
238,1,1,1,1,1,244.15733,12.40647779
239,1,1,1,1,1,0,854.7485497
240,1,1,1,1,1,0,332.9753107
241,1,1,1,1,1,189.48248,100.0989119
242,1,1,1,1,1,85.287125,85.17957431
243,1,1,1,1,1,107.43303,95.06680961
244,1,1,1,1,1,56.871277,102.1222743
245,1,1,1,1,1,214.4325,8.96326175
246,1,1,1,1,1,165.3617,3.675779165
247,1,1,1,1,1,53,7.780612702
248,1,1,1,1,1,574.3323,10.54996276
249,1,1,1,1,1,772.0912,83.73335011
250,1,1,1,1,1,244.9596,89.11559369
251,1,1,1,1,1,27,124.4729607
252,1,1,1,1,1,19.143822,52.39354608
253,1,1,1,1,1,36,44.48589946
254,1,1,1,1,1,221.5635,181.0179207
255,1,1,1,1,1,50.714954,1235.888846
256,1,1,1,1,1,151,2925.6414
257,1,1,1,1,1,79.42991,101.3553935
258,1,1,1,1,1,0,82.50677427
259,1,1,1,1,1,0,103.0186033
260,1,1,1,1,1,144,12.24452543
261,1,1,1,1,1,227.73314,9.248464113
262,1,1,1,1,1,32,14.4628255
263,1,1,1,1,1,20.286606,11.39247122
264,1,1,1,1,1,145,9.112331495
265,1,1,1,1,1,71.84253,7.512869605
266,1,1,1,1,1,217.41084,9.53811323
267,1,1,1,1,1,253.52927,8.669713852
268,1,1,1,1,1,345.69736,16.69109591
269,1,1,1,1,1,112.36597,9.432659393
270,1,1,1,1,1,308.35056,13.35016059
271,1,1,1,1,1,299.2314,17.64345494
272,1,1,1,1,1,8.286085,44.94676861
273,1,1,1,1,1,53.806915,9.425096645
274,1,1,1,1,1,35.42939,1486.185006
275,1,1,1,1,1,37.857216,8.87965489
276,1,1,1,1,1,214.44449,32.61910013
277,1,1,1,1,1,305.6588,140.7343674
278,1,1,1,1,1,153.2944,85.28132721
279,1,1,1,1,1,166.43875,144.925831
280,1,1,1,1,1,39,72.95725344
281,1,1,1,1,1,66.28868,118.8339176
282,1,1,1,1,1,218.43407,96.61010264
283,1,1,1,1,1,100,124.9544333
284,1,1,1,1,1,102.286606,576.0536976
285,1,1,1,1,1,119.43355,7168.662873
286,1,1,1,1,1,181.27182,4874.704533
287,1,1,1,1,1,290.87274,1796.91362
288,1,1,1,1,1,74.002594,4112.357798
289,1,1,1,1,1,139.8165,4355.055003
290,1,1,1,1,1,216.16891,3862.740741
291,1,1,1,1,1,250.72377,1959.715
292,1,1,1,1,1,192.43355,1891.131971
293,1,1,1,1,1,370.1526,1090.072387
294,1,1,1,1,1,205.00882,6317.1895
295,1,1,1,1,1,10,5520.736786
296,1,1,1,1,1,4,155.6353501
297,1,1,1,1,1,1195.2416,95.2781476
298,1,1,1,1,1,13.429388,110.0688593
299,1,1,1,1,1,31,13.28014158
300,1,1,1,1,1,43,13.98865053
301,1,1,1,1,1,128,8.959909501
302,1,1,1,1,1,149,9.824183309
303,1,1,1,1,1,24,8.072748839
304,1,1,1,1,1,2,7.1061462
305,1,1,1,1,1,38.143303,6.264893673
306,1,1,1,1,1,29,9.84823118
307,1,1,1,1,1,164.14435,8.853626742
308,1,1,1,1,1,154,19.15312345
309,1,1,1,1,1,57.858257,10.37499405
310,1,1,1,1,1,41,25.32641836
311,1,1,1,1,1,217.29388,11.34868063
312,1,1,1,1,1,40.858776,10.2880886
313,1,1,1,1,1,89,9.158819612
314,1,1,1,1,1,52,15.96012291
315,1,1,1,1,1,1.7144343,9.951786274
316,1,1,1,1,1,198.29129,18.47599752
317,1,1,1,1,1,882.6242,6.617525932
318,1,1,1,1,1,176.57425,12.06226703
319,1,1,1,1,1,348.15683,95.37976467
320,1,1,1,1,1,375.44815,102.7320463
321,1,1,1,1,1,274.58258,91.54757186
322,1,1,1,1,1,253.57895,111.2058258
323,1,1,1,1,1,58.860855,121.7833666
324,1,1,1,1,1,41,91.21128438
325,1,1,1,1,1,94,135.9363532
326,1,1,1,1,1,30,244.9273058
327,1,1,1,1,1,114.71703,2081.919083
328,1,1,1,1,1,93.434586,771.9483432
329,1,1,1,1,1,441.92398,110.0609217
330,1,1,1,1,1,886.0408,122.4980615
331,1,1,1,1,1,296,74.59683975
332,1,1,1,1,1,238.5727,9.509014159
333,1,1,1,1,1,151.14487,1211.766998
334,1,1,1,1,1,84,9.263225126
335,1,1,1,1,1,71,24.96949262
336,1,1,1,1,1,69.00104,83.25512096
337,1,1,1,1,1,252.5727,216.5307264
338,1,1,1,1,1,186.08685,150.8406062
339,1,1,1,1,1,44,43.29920246
340,1,1,1,1,1,290.00208,109.3860163
341,1,1,1,1,1,203.57843,15.40690892
342,1,1,1,1,1,25,9.417787687
343,1,1,1,1,1,0,23.58926103
344,1,1,1,1,1,628.7566,6.787797887
345,1,1,1,1,1,241.58519,105.5261765
346,1,1,1,1,1,57,80.38921753
347,1,1,1,1,1,154.8598,59.98481305
348,1,1,1,1,1,51.57321,886.9028461
349,1,1,1,1,1,176.8593,84.47173294
350,1,1,1,1,1,1009.74536,821.124206
351,1,1,1,1,1,165.1633,1048.4925
352,1,1,1,1,1,205.00104,8.23444754
353,1,1,1,1,1,830.7659,23.17629058
354,1,1,1,1,1,176,436.3146863
355,1,1,1,1,1,18,92.05412655
356,1,1,1,1,1,59,66.28166084
357,1,1,1,1,1,27,12.97863304
358,1,1,1,1,1,166.4697,15.88492474
359,1,1,1,1,1,124.14382,10.83740286
360,1,1,1,1,1,145.5779,6.444991094
361,1,1,1,1,1,196.86087,122.7741619
362,1,1,1,1,1,157.43094,76.50188427
363,1,1,1,1,1,84.57529,6032.527846
364,1,1,1,1,1,108.43095,549.2099353
365,1,1,1,1,1,198.14644,1848.528296
366,1,1,1,1,1,212.57529,45.60783279
367,1,1,1,1,1,239.5727,2998.737689
368,1,1,1,1,1,70.85878,295.147835
369,1,1,1,1,1,4,349.4652125
370,1,1,1,1,1,312,205.4300665
371,1,1,1,1,1,152,554.3666802
372,1,1,1,1,1,0,3796.052144
373,1,1,1,1,1,270.57217,1221.219326
374,1,1,1,1,1,57.858257,1258.330685
375,1,1,1,1,1,276.7176,4618.065735
376,1,1,1,1,1,95,5763.381397
377,1,1,1,1,1,79,1223.994801
378,1,1,1,1,1,101,460.2741719
379,1,1,1,1,1,105.287125,80.36340372
380,1,1,1,1,1,281.43408,4797.098857
381,1,1,1,1,1,87.43043,371.8828469
382,1,1,1,1,1,17,3038.825475
384,1,1,1,1,1,271.29803,1727.606324
385,1,1,1,1,1,232.00676,4192.730431
386,1,1,1,1,1,21,4124.724215
387,1,1,1,1,1,211,7587.167451
388,1,1,1,1,1,267.57477,521.0592223
389,1,1,1,1,1,101.14746,497.7274752
390,1,1,1,1,1,13,4747.292486
391,1,1,1,1,1,81.1433,93.59308282
392,1,1,1,1,1,913.1797,2990.343287
393,1,1,1,1,1,504.55685,59.05789214
394,1,1,1,1,1,285.2493,147.6587608
395,1,1,1,1,1,33,75.98118405
396,1,1,1,1,1,156,3768.219508
397,1,1,1,1,1,78,553.3193517
399,1,1,1,1,1,71,766.8032185
400,1,1,1,1,1,57,1696.501124
401,1,1,1,1,1,69,124.0591451
402,1,1,1,1,1,8,12727.36463
403,1,1,1,1,1,84,43.7170037
404,1,1,1,1,1,37,512.1490777
405,1,1,1,1,1,50.571648,972.6593297
406,1,1,1,1,1,93.79494,427.1136896
407,1,1,1,1,1,81,6757.034585
408,1,1,1,1,1,200.74255,446.5175763
409,1,1,1,1,1,297,4794.183607
410,1,1,1,1,1,0,2236.482455
411,1,1,1,1,1,942.9389,5240.255502
412,1,1,1,1,1,902.3301,77.32235941
413,1,1,1,1,1,531.1333,62.57742984
414,1,1,1,1,1,937.7798,71.77287092
415,1,1,1,1,1,519.3411,50.82763721
416,1,1,1,1,1,667.4345,9733.675284
417,1,1,1,1,1,405.20108,82.31317526
418,1,1,1,1,1,375.47083,105.9528014
419,1,1,1,1,1,674.06384,7517.722128
421,1,1,1,1,1,640.42084,64.11250981
422,1,1,1,1,1,373.57794,21.94660994
423,1,1,1,1,1,583.2759,4278.266122
424,1,1,1,1,1,454.31116,2773.431024
425,1,1,1,1,1,668.98096,1649.140203
426,1,1,1,1,1,340.12677,2408.748952
427,1,1,1,1,1,520.7976,2224.423961
428,1,1,1,1,1,187.62796,336.246765
429,1,1,1,1,1,251.74359,28.64516858
430,1,1,1,1,1,628.2188,6157.329109
431,1,1,1,1,1,290.27924,51.49988568
432,1,1,1,1,1,258.9527,99.73430591
433,1,1,1,1,1,576.66547,1526.238341
434,1,1,1,1,1,429.84174,456.8265471
435,1,1,1,1,1,530.5732,3238.211912
436,1,1,1,1,1,949.4595,1253.793792
437,1,1,1,1,1,183.73534,2941.065224
438,1,1,1,1,1,720.9871,1635.974945
439,1,1,1,1,1,756.7403,2645.100803
440,1,1,1,1,1,405.14914,1412.110595
441,1,1,1,1,1,519.7452,508.944696
442,1,1,1,1,1,889.2823,3539.950151
443,1,1,1,1,1,198.75682,5617.167101
444,1,1,1,1,1,433.89886,1669.906757
445,1,1,1,1,1,175.01456,6499.376279
446,1,1,1,1,1,250.97414,4238.621492
447,1,1,1,1,1,224.77182,2544.808102
448,1,1,1,1,1,713.0319,2729.009392
449,1,1,1,1,1,264.7334,5728.505064
450,1,1,1,1,1,540.48486,6817.000746
451,1,1,1,1,1,561.0362,230.1029538
452,1,1,1,1,1,234.048,1107.651255
453,1,1,1,1,1,357.66846,3385.177124
454,1,1,1,1,1,196.06816,321.2473535
455,1,1,1,1,1,544.25,2133.369636
456,1,1,1,1,1,298.56137,472.9123722
457,1,1,1,1,1,233.60164,3220.88956
458,1,1,1,1,1,161.95387,107.9583958
459,1,1,1,1,1,388.45944,696.8375844
460,1,1,1,1,1,210.14131,980.2085979
461,1,1,1,1,1,524.1086,1124.988243
462,1,1,1,1,1,372.26132,4301.519317
463,1,1,1,1,1,265.69046,1726.725243
465,1,1,1,1,1,418.18497,1419.910339
466,1,1,1,1,1,141.30151,876.3408105
467,1,1,1,1,1,662.05457,279.7310775
468,1,1,1,1,1,187.82864,5017.375356
469,1,1,1,1,1,194.61417,4469.590179
470,1,1,1,1,1,190.15594,2136.900075
471,1,1,1,1,1,494.8937,57.88083982
472,1,1,1,1,1,532.74817,121.2652348
473,1,1,1,1,1,783.5309,596.534782
474,1,1,1,1,1,1159.1252,1132.308931
475,1,1,1,1,1,341.04147,55.6662976
476,1,1,1,1,1,210.5668,4784.707418
477,1,1,1,1,1,331.33444,4915.819089
478,1,1,1,1,1,133.6288,2407.72675
479,1,1,1,1,1,254.60925,3939.676371
480,1,1,1,1,1,192.73047,4076.154001
481,1,1,1,1,1,314.14172,8469.140621
482,1,1,1,1,1,246.62248,952.8110805
483,1,1,1,1,1,287.1121,2452.615051
484,1,1,1,1,1,239.40315,4649.823503
485,1,1,1,1,1,212.63226,6680.983199
486,1,1,1,1,1,138.77435,2275.275761
487,1,1,1,1,1,103.47978,2762.08935
488,1,1,1,1,1,152.70256,43.42922961
489,1,1,1,1,1,349.4976,2051.970629
490,1,1,1,1,1,401.45502,213.349359
491,1,1,1,1,1,371.3578,2643.841677
492,1,1,1,1,1,293.8144,3766.083986
493,1,1,1,1,1,278.428,337.2801649
494,1,1,1,1,1,137.84671,327.2939385
495,1,1,1,1,1,4,465.0780968
496,1,1,1,1,1,775.6716,717.2050517
497,1,1,1,1,1,496.00677,2511.593067
498,1,1,1,1,1,512.69385,21.87046794
499,1,1,1,1,1,96,23.23599136
500,1,1,1,1,1,81.52733,529.0588455
501,1,1,1,1,1,543.3558,990.1988445
502,1,1,1,1,1,66.232574,1248.869257
503,1,1,1,1,1,283.44766,58.87856472
504,1,1,1,1,1,1753.8977,13.49336399
505,1,1,1,1,1,400.04004,17.01223263
506,1,1,1,1,1,280.8446,6.991480672
507,1,1,1,1,1,1222.3912,10.24589223
508,1,1,1,1,1,41.541523,48.39699921
509,1,1,1,1,1,85.207954,6.684128488
510,1,1,1,1,1,30.638754,7.028330125
511,1,1,1,1,1,990.6581,10.67106088
512,1,1,1,1,1,1156.6443,7.940658883
513,1,1,1,1,1,11,46.43215726
514,1,1,1,1,1,297.10867,34.28474377
515,1,1,1,1,1,237.52596,547.7251708
516,1,1,1,1,1,446.57925,145.3282723
517,1,1,1,1,1,76,25.38032713
518,1,1,1,1,1,474.16425,4.71433179
519,1,1,1,1,1,230.05775,24.16076614
520,1,1,1,1,1,1405.5,371.0097585
521,1,1,1,1,1,597.96747,99.26523962
522,1,1,1,1,1,460.9,1685.556023
523,1,1,1,1,1,580.5516,4372.531764
524,1,1,1,1,1,795.9134,2552.759567
525,1,1,1,1,1,194.34636,3540.329384
526,1,1,1,1,1,231.08235,2701.000815
527,1,1,1,1,1,69.47197,1693.789742
528,1,1,1,1,1,216.23494,4204.658606
529,1,1,1,1,1,280.7758,1923.996466
530,1,1,1,1,1,0,79.29610673
531,1,1,1,1,1,0,40.21352195
532,1,1,1,1,1,472.00372,1697.463304
533,1,1,1,1,1,377.65482,4453.003634
534,1,1,1,1,1,338.04504,3832.958992
535,1,1,1,1,1,221.62119,2342.341302
536,1,1,1,1,1,354.79547,5468.603606
537,1,1,1,1,1,194.63426,1355.333745
538,1,1,1,1,1,270.10712,600.3846797
539,1,1,1,1,1,311.07773,79.54468008
540,1,1,1,1,1,744.0633,12.07716636
541,1,1,1,1,1,771.9944,8.995593575
542,1,1,1,1,1,100.91185,10.41700792
543,1,1,1,1,1,347.2266,13.00268173
544,1,1,1,1,1,231.73676,123.9449066
545,1,1,1,1,1,419.77243,6.717275028
546,1,1,1,1,1,147.89032,16.39509093
547,1,1,1,1,1,62.12672,19.66609741
548,1,1,1,1,1,314.48166,10.5245839
549,1,1,1,1,1,226.92766,517.2003216
550,1,1,1,1,1,92.912254,469.6063661
551,1,1,1,1,1,355.56778,74.40892746
552,1,1,1,1,1,530.5377,119.7204258
553,1,1,1,1,1,149.20795,124.3554209
554,1,1,1,1,1,771.4637,7257.957309
555,1,1,1,1,1,48.903015,576.1134199
556,1,1,1,1,1,9,611.7171877
557,1,1,1,1,1,634.52563,5952.477457
558,1,1,1,1,1,1297.7391,90.82724453
559,1,1,1,1,1,376.45795,68.04817506
560,1,1,1,1,1,323.83304,4499.956637
561,1,1,1,1,1,231.37163,9886.509679
562,1,1,1,1,1,123.37341,1700.165567
563,1,1,1,1,1,62.297318,2164.746479
564,1,1,1,1,1,37.361496,82.02052059
565,1,1,1,1,1,11,67.84982323
566,1,1,1,1,1,0,4848.730813
567,1,1,1,1,1,59,2552.629737
568,1,1,1,1,1,50.0203,1747.777825
570,1,1,1,1,1,45.062546,2073.453331
571,1,1,1,1,1,159.7636,4551.157465
572,1,1,1,1,1,28.722988,1406.697833
573,1,1,1,1,1,35.297318,2751.552724
574,1,1,1,1,1,16.04224,1635.124065
575,1,1,1,1,1,23,107.8442885
576,1,1,1,1,1,147.16733,88.45495777
577,1,1,1,1,1,610.17126,2006.19979
578,1,1,1,1,1,337.01215,8.871435349
579,1,1,1,1,1,85.0406,15.43195684
580,1,1,1,1,1,1,6.757248938
581,1,1,1,1,1,136.31598,4.471686142
582,1,1,1,1,1,14.255075,65.35814239
583,1,1,1,1,1,36.978065,53.3960789
584,1,1,1,1,1,2,227.6009189
585,1,1,1,1,1,3,8.915466683
586,1,1,1,1,1,311.3517,8.311633704
587,1,1,1,1,1,140.78226,475.5295104
588,1,1,1,1,1,149.33792,52.75736155
589,1,1,1,1,1,720.0868,56.09616329
590,1,1,1,1,1,223.86838,2482.201215
591,1,1,1,1,1,99.444336,502.0675996
592,1,1,1,1,1,538.7303,46.79572142
593,1,1,1,1,1,2376.6787,100.4569938
594,1,1,1,1,1,565.54095,3104.662287
595,1,1,1,1,1,264.3769,994.4733287
596,1,1,1,1,1,0,406.510009
597,1,1,1,1,1,179.59135,11.21958592
598,1,1,1,1,1,1490.5221,1683.005194
599,1,1,1,1,1,272.97156,1615.461354
600,1,1,1,1,1,824.93,128.236583
601,1,1,1,1,1,97,139.1577844
602,1,1,1,1,1,544.688,69.91321759
603,1,1,1,1,1,1956.097,5484.437986
604,1,1,1,1,1,349.48004,2993.005568
605,1,1,1,1,1,229.75706,3837.97221
606,1,1,1,1,1,415.41425,4004.61887
607,1,1,1,1,1,51.55239,3711.696264
608,1,1,1,1,1,104,3036.173366
609,1,1,1,1,1,53,6490.193285
610,1,1,1,1,1,45.19023,5367.65521
611,1,1,1,1,1,162.90009,5603.316479
612,1,1,1,1,1,525.44934,655.4126349
613,1,1,1,1,1,24,2268.585461
614,1,1,1,1,1,119.0533,117.2116625
615,1,1,1,1,1,486.5189,9.573485371
616,1,1,1,1,1,98,9.141821974
617,1,1,1,1,1,188.50555,10.30227722
618,1,1,1,1,1,138.53813,7.758593658
619,1,1,1,1,1,48,60.72077752
620,1,1,1,1,1,37,8.698608357
621,1,1,1,1,1,15,14.8134198
622,1,1,1,1,1,842,7.217337763
623,1,1,1,1,1,9,13.38087279
624,1,1,1,1,1,10,201.4966647
625,1,1,1,1,1,1238.2251,2031.137358
626,1,1,1,1,1,24,1281.516338
627,1,1,1,1,1,39,1940.102505
628,1,1,1,1,1,85.08809,1282.521365
629,1,1,1,1,1,10,8477.325844
630,1,1,1,1,1,71,522.0408427
631,1,1,1,1,1,56,223.7192215
632,1,1,1,1,1,1993,34.89508369
633,1,1,1,1,1,86,37.90352297
634,1,1,1,1,1,67,3612.747958
635,1,1,1,1,1,266,2516.973058
636,1,1,1,1,1,1,462.7218267
637,1,1,1,1,1,44,12.3528509
638,1,1,1,1,1,62,8.661294658
639,1,1,1,1,1,225.98697,2526.419759
640,1,1,1,1,1,229.27177,50.05528006
641,1,1,1,1,1,147.19029,206.7631988
642,1,1,1,1,1,76.79349,180.2851183
643,1,1,1,1,1,200.99567,7.049284592
644,1,1,1,1,1,272.95782,10.97591562
645,1,1,1,1,1,157.00446,84.66380809
646,1,1,1,1,1,173.8185,7.624197619
647,1,1,1,1,1,91.70763,128.4818542
648,1,1,1,1,1,1354.5175,10.07733214
649,1,1,1,1,1,247.81644,101.559368
650,1,1,1,1,1,97.67284,214.2473461
651,1,1,1,1,1,1938.1548,61.24975637
652,1,1,1,1,1,74,32.48554033
653,1,1,1,1,1,26,1.860042506
654,1,1,1,1,1,478.56775,1.411717768
655,1,1,1,1,1,841.75946,5.243050926
656,1,1,1,1,1,59,1.282097913
657,1,1,1,1,1,123.17617,21.45512123
658,1,1,1,1,1,895.4308,16.35450549
659,1,1,1,1,1,22,207.6400348
660,1,1,1,1,1,37,120.1457858
661,1,1,1,1,1,93.31311,14.2580353
662,1,1,1,1,1,85,10.98058152
663,1,1,1,1,1,608,11.22857223
664,1,1,1,1,1,42.294598,16.95574337
665,1,1,1,1,1,25,10.8781176
666,1,1,1,1,1,50.656555,11.42840316
667,1,1,1,1,1,19,15.87920216
668,1,1,1,1,1,15,11.55725471
669,1,1,1,1,1,33,7.996266288
670,1,1,1,1,1,118,10.31978352
671,1,1,1,1,1,456.84607,15.80329517
672,1,1,1,1,1,13,10.0048887
673,1,1,1,1,1,63.98372,11.67008912
674,1,1,1,1,1,11,17.80161432
675,1,1,1,1,1,19,12.86454612
676,1,1,1,1,1,11,16.93950186
677,1,1,1,1,1,98.38046,17.07777326
678,1,1,1,1,1,88,21.12026256
679,1,1,1,1,1,87.98372,11.83424144
680,1,1,1,1,1,184,12.72837053
681,1,1,1,1,1,93,2.583933052
682,1,1,1,1,1,102.605484,3.797944303
683,1,1,1,1,1,180.95116,1.996360894
684,1,1,1,1,1,1425.8075,4.317915611
685,1,1,1,1,1,116.538124,6.281926209
686,1,1,1,1,1,100.91637,20.99755622
687,1,1,1,1,1,259.097,81.60008674
688,1,1,1,1,1,1868.57,11.59064954
689,1,1,1,1,1,490.9297,18.30518493
690,1,1,1,1,1,181.812,20.06291188
691,1,1,1,1,1,78,10.04203193
692,1,1,1,1,1,350.9001,11.06229485
693,1,1,1,1,1,62.43917,37.57725833
694,1,1,1,1,1,56.03479,7.930384939
695,1,1,1,1,1,22,19.1794491
696,1,1,1,1,1,41,93.90740071
697,1,1,1,1,1,52.364178,14.60313168
698,1,1,1,1,1,18,5.598652723
699,1,1,1,1,1,151.79349,23.05764009
700,1,1,1,1,1,102.19023,7.812173257
701,1,1,1,1,1,225.00223,5.107936809
702,1,1,1,1,1,302.81433,31.90735561
703,1,1,1,1,1,163.29462,12.14254592
704,1,1,1,1,1,221.67296,26.03142511
705,1,1,1,1,1,236.49573,15.89099527
706,1,1,1,1,1,147.50444,32.88741325
707,1,1,1,1,1,207.32939,8.548856573
708,1,1,1,1,1,688.19904,19.70476079
709,1,1,1,1,1,73.174706,14.61415331
710,1,1,1,1,1,79.43484,12.01186554
711,1,1,1,1,1,225.82196,7.001519937
712,1,1,1,1,1,427.713,7.278606079
713,1,1,1,1,1,453.4078,13.27366219
714,1,1,1,1,1,417.79794,6.671783022
715,1,1,1,1,1,313.9925,14.19440853
716,1,1,1,1,1,489.70453,4.047727711
717,1,1,1,1,1,1153.4191,45.35228434
718,1,1,1,1,1,1113.5137,14.59040774
719,1,1,1,1,1,572,14.61544869
720,1,1,1,1,1,4098.7725,24.33207085
721,1,1,1,1,1,266.98816,10.08309057
722,1,1,1,1,1,221.05775,12.26130856
723,1,1,1,1,1,1887.51,9.286910528
724,1,1,1,1,1,503.00888,5.965635314
725,1,1,1,1,1,642.50256,11.49336183
726,1,1,1,1,1,173.60548,0.771583144
727,1,1,1,1,1,688.3317,2.210286322
728,1,1,1,1,1,494.84918,1.511358961
729,1,1,1,1,1,585.3331,3.964583976
730,1,1,1,1,1,522.2591,8.32048361
731,1,1,1,1,1,1890.6538,16.76094126
732,1,1,1,1,1,65.52614,8.418284061
733,1,1,1,1,1,1651.1156,8.32214449
734,1,1,1,1,1,5432.878,7.785476868
735,1,1,1,1,1,424.4663,10.86966425
736,1,1,1,1,1,284.1742,7.801120453
737,1,1,1,1,1,555.00244,19.71410479
738,1,1,1,1,1,99.28809,13.77114734
739,1,1,1,1,1,158.29465,12.95744817
740,1,1,1,1,1,581.41016,20.2599825
741,1,1,1,1,1,544.0307,9.188727325
742,1,1,1,1,1,558.3277,8.926444476
743,1,1,1,1,1,512.3871,19.82408484
744,1,1,1,1,1,30.845667,10.90009825
745,1,1,1,1,1,115.70012,50.21279253
746,1,1,1,1,1,353.9708,7.706990898
747,1,1,1,1,1,78.51314,25.71975885
748,1,1,1,1,1,675.6839,1.254855371
749,1,1,1,1,1,154.25552,123.724512
750,1,1,1,1,1,171.50229,68.47440038
751,1,1,1,1,1,91.152275,64.08223372
752,1,1,1,1,1,64.978325,55.99041305
753,1,1,1,1,1,96.72835,14.1337894
754,1,1,1,1,1,9739.849,7.143647085
755,1,1,1,1,1,194.45018,13.18937903
756,1,1,1,1,1,65.70873,23.24200382
757,1,1,1,1,1,248.31313,5.862798517
758,1,1,1,1,1,4542.147,17.867451
759,1,1,1,1,1,1205.2324,8.765197857
760,1,1,1,1,1,251.42305,8.727414296
761,1,1,1,1,1,381.7121,9.380919152
762,1,1,1,1,1,264.08383,2.600383781
763,1,1,1,1,1,213.86092,1.872798265
764,1,1,1,1,1,805.596,2.495787923
765,1,1,1,1,1,157.24791,2.670304303
766,1,1,1,1,1,35,16.52317523
767,1,1,1,1,1,328.4549,10.67391305
768,1,1,1,1,1,29.311703,14.75867843
769,1,1,1,1,1,22,121.08718
770,1,1,1,1,1,20.805214,86.40974535
771,1,1,1,1,1,36,8.246600986
772,1,1,1,1,1,30,6.501017948
773,1,1,1,1,1,10,11.37863471
774,1,1,1,1,1,43.610428,8.893296659
775,1,1,1,1,1,34.467552,17.89910549
776,1,1,1,1,1,824.88446,7.734498891
777,1,1,1,1,1,58,14.4436847
778,1,1,1,1,1,254.28609,9.286494421
779,1,1,1,1,1,88,107.2198692
780,1,1,1,1,1,86,9.256424031
781,1,1,1,1,1,137,7.123079191
782,1,1,1,1,1,39,13.83531593
783,1,1,1,1,1,68,13.02986633
784,1,1,1,1,1,48,9.176208468
785,1,1,1,1,1,124.62351,11.10936914
786,1,1,1,1,1,141,20.87777062
787,1,1,1,1,1,8,10.13323475
788,1,1,1,1,1,11,11.79069115
789,1,1,1,1,1,395.31213,13.01628507
790,1,1,1,1,1,111.753296,14.76563662
791,1,1,1,1,1,25,3.999593662
792,1,1,1,1,1,19,3.289089673
793,1,1,1,1,1,30,2.760226199
794,1,1,1,1,1,143,4.061725856
795,1,1,1,1,1,249.28598,29.16934925
796,1,1,1,1,1,170.53256,26.16550082
797,1,1,1,1,1,259.84436,13.18386
798,1,1,1,1,1,96,26.48606803
799,1,1,1,1,1,87,13.31729048
800,1,1,1,1,1,141,11.11756454
801,1,1,1,1,1,13,11.97338993
802,1,1,1,1,1,428.8966,1.768715054
803,1,1,1,1,1,40,2.043712508
804,1,1,1,1,1,182,3.939696784
805,1,1,1,1,1,295.7665,2.689272426
806,1,1,1,1,1,84,2.48391193
807,1,1,1,1,1,2165.0684,3.665596786
808,1,1,1,1,1,348.9746,2.626828249
809,1,1,1,1,1,49.93511,3.337640001
810,1,1,1,1,1,242.93544,8.814116598
811,1,1,1,1,1,1098.8716,2.826256605
812,1,1,1,1,1,515.7538,1.095678193
813,1,1,1,1,1,139,2.422292301
814,1,1,1,1,1,311.80533,3.127749352
815,1,1,1,1,1,470.2213,9.072082956
816,1,1,1,1,1,1351.249,9.367330502
817,1,1,1,1,1,125,20.17931203
818,1,1,1,1,1,20,8.346986263
819,1,1,1,1,1,275.79236,13.02411565
820,1,1,1,1,1,45,10.10510632
821,1,1,1,1,1,4,15.46296442
822,1,1,1,1,1,86,3.901590212
823,1,1,1,1,1,267.208,1.748634809
824,1,1,1,1,1,27,2.099685499
825,1,1,1,1,1,79.07799,2.670376486
826,1,1,1,1,1,540.8578,16.48996655
827,1,1,1,1,1,749.5592,10.34967427
828,1,1,1,1,1,53.792236,5.465182741
829,1,1,1,1,1,87.701385,10.52374222
830,1,1,1,1,1,16,11.20046271
831,1,1,1,1,1,143.68842,9.428954957
832,1,1,1,1,1,153,10.20794312
833,1,1,1,1,1,73.974045,7.709824635
834,1,1,1,1,1,357.22107,5.852806199
835,1,1,1,1,1,66,18.2534617
836,1,1,1,1,1,57.09096,11.49553808
837,1,1,1,1,1,176.77925,10.5777244
838,1,1,1,1,1,1032.8174,23.76776843
839,1,1,1,1,1,0,48.30053307
840,1,1,1,1,1,6,14.55285762
841,1,1,1,1,1,5,10.58601775
842,1,1,1,1,1,0,14.3036315
843,1,1,1,1,1,403.3379,6.035257077
844,1,1,1,1,1,777.18695,16.85702353
845,1,1,1,1,1,120.89617,16.93371553
846,1,1,1,1,1,93.59745,12.7369608
847,1,1,1,1,1,490.1819,7.892523606
848,1,1,1,1,1,409.6759,17.80992102
849,1,1,1,1,1,124.974045,2.763137229
850,1,1,1,1,1,3424.7852,1.546466938
851,1,1,1,1,1,1313.6904,0.864766182
852,1,1,1,1,1,207.18214,2.513654565
853,1,1,1,1,1,174.3248,15.81028681
854,1,1,1,1,1,95.54553,14.87002112
855,1,1,1,1,1,2744.0105,26.68821175
856,1,1,1,1,1,13799.245,73.82542826
857,1,1,1,1,1,130.18192,485.2081227
858,1,1,1,1,1,568.98737,21.85574475
859,1,1,1,1,1,1259.784,10.34802295
860,1,1,1,1,1,106.53256,16.39887025
861,1,1,1,1,1,411.46933,351.3781196
862,1,1,1,1,1,685.89825,21.22176286
863,1,1,1,1,1,815.45557,6.378543308
864,1,1,1,1,1,103.103935,11.5835708
865,1,1,1,1,1,302.3767,4.543686272
866,1,1,1,1,1,716.7931,50.61253833
867,1,1,1,1,1,311.11597,1825.349543
868,1,1,1,1,1,316.94818,2968.106399
869,1,1,1,1,1,956.4166,78.08506588
870,1,1,1,1,1,2194.133,85.01202166
871,1,1,1,1,1,472.40442,852.8604599
872,1,1,1,1,1,375.97162,13.57105416
873,1,1,1,1,1,58.740326,8.250636661
874,1,1,1,1,1,610.5985,18.5568757
875,1,1,1,1,1,200,6.107426348
876,1,1,1,1,1,4321.696,523.0054901
877,1,1,1,1,1,297.6757,5.337485273
878,1,1,1,1,1,226.76642,16.33146606
879,1,1,1,1,1,523.6238,3.578474271
880,1,1,1,1,1,161.83118,15.49979867
881,1,1,1,1,1,196.33777,17.03288547
882,1,1,1,1,1,155.28575,15.16571859
883,1,1,1,1,1,19,9.288941704
884,1,1,1,1,1,176.76102,5.851672777
885,1,1,1,1,1,94.85696,475.2356896
886,1,1,1,1,1,112.10405,51.99173214
887,1,1,1,1,1,93.402664,14.22754713
888,1,1,1,1,1,1400.0525,7.703701356
889,1,1,1,1,1,35.441597,11.87813183
890,1,1,1,1,1,2037.4341,16.75156514
891,1,1,1,1,1,131.88295,19.67425989
892,1,1,1,1,1,703.76013,19.02930235
893,1,1,1,1,1,198.20305,6.368187074
894,1,1,1,1,1,405.4265,23.17233858
895,1,1,1,1,1,393.48874,15.25578029
896,1,1,1,1,1,102.27026,140.1799043
897,1,1,1,1,1,236.09418,17.79906606
898,1,1,1,1,1,192.38979,7.825982917
899,1,1,1,1,1,136.72734,20.3899724
900,1,1,1,1,1,446.29892,7.269974295
901,1,1,1,1,1,1208.209,19.3963156
902,1,1,1,1,1,878.6082,13.22609227
903,1,1,1,1,1,259.98224,18.12964241
904,1,1,1,1,1,796.028,508.5622187
905,1,1,1,1,1,1660.9338,8.906648553
906,1,1,1,1,1,923.1747,581.9054457
907,1,1,1,1,1,529.9951,8.158160057
908,1,1,1,1,1,2967.89,19.82070956
909,1,1,1,1,1,775.5719,64.51745321
910,1,1,1,1,1,244.3854,10.24317875
911,1,1,1,1,1,501.8401,5.521355725
912,1,1,1,1,1,472.50873,10.86609404
913,1,1,1,1,1,495.58386,9.784587742
914,1,1,1,1,1,283.4549,1384.295341
915,1,1,1,1,1,420.89618,14.55125069
916,1,1,1,1,1,2204.5793,11.73419381
917,1,1,1,1,1,105.070656,16.84543217
918,1,1,1,1,1,279.33054,15.02871358
919,1,1,1,1,1,184.87921,103.7324646
920,1,1,1,1,1,1327.5635,59.03459065
921,1,1,1,1,1,2525.2566,3637.047304
922,1,1,1,1,1,1559.1573,430.2689541
923,1,1,1,1,1,1350.7975,123.0801691
924,1,1,1,1,1,2607.355,205.6770471
925,1,1,1,1,1,506.17023,11.56628596
926,1,1,1,1,1,235.45192,6.401341573
927,1,1,1,1,1,2003.5173,8.572142418
928,1,1,1,1,1,502.68506,5.64920813
929,1,1,1,1,1,1613.5813,9.120232186
930,1,1,1,1,1,812.58105,6.114461803
931,1,1,1,1,1,1392.7152,8.139309504
932,1,1,1,1,1,897.59656,9.383122099
933,1,1,1,1,1,394.18677,8.318414897
934,1,1,1,1,1,127.92803,6.320869979
935,1,1,1,1,1,298.378,14.37391531
936,1,1,1,1,1,612.5885,16.655954
937,1,1,1,1,1,697.42145,72.00135036
938,1,1,1,1,1,298.25903,514.3921505
939,1,1,1,1,1,162.0697,540.4560586
940,1,1,1,1,1,459.6617,68.6780052
941,1,1,1,1,1,259.61667,44.38241071
942,1,1,1,1,1,863.01324,149.1368886
943,1,1,1,1,1,489.64258,12.00761099
944,1,1,1,1,1,1392.5712,12.76431469
945,1,1,1,1,1,905.4273,9.990484835
946,1,1,1,1,1,613.2076,3.94091817
947,1,1,1,1,1,1448.1245,2.397969935
948,1,1,1,1,1,1310.5477,4.289523813
949,1,1,1,1,1,1734.3572,3.120623451
950,1,1,1,1,1,1722.599,44.50446879
951,1,1,1,1,1,581.47516,5972.311407
952,1,1,1,1,1,1351.8234,2.209565902
953,1,1,1,1,1,815.24097,8.413143203
954,1,1,1,1,1,2126.4917,1.851643553
955,1,1,1,1,1,2402.0027,3.535923081
956,1,1,1,1,1,3394.8599,32.52209122
957,1,1,1,1,1,725.3448,2.740607251
958,1,1,1,1,1,1009.6595,4.613914324
959,1,1,1,1,1,7063.2104,2.436279356
960,1,1,1,1,1,1305.9858,2.833657531
961,1,1,1,1,1,339.14594,36.81190709
962,1,1,1,1,1,2894.9788,128.5981892
963,1,1,1,1,1,259.76248,63.08423561
964,1,1,1,1,1,3712.795,90.92542837
965,1,1,1,1,1,630.9708,9.823896026
966,1,1,1,1,1,286.83,6.166252516
967,1,1,1,1,1,749.1591,9.256949076
968,1,1,1,1,1,1469.1161,7.543588466
969,1,1,1,1,1,475.5224,10.67301622
970,1,1,1,1,1,1088.0212,34.72249646
971,1,1,1,1,1,1242.9183,11.12118421
972,1,1,1,1,1,707.3168,30.9159404
973,1,1,1,1,1,719.74963,7.997271857
974,1,1,1,1,1,709.92944,5.277794751
975,1,1,1,1,1,1519.8176,9.701692113
976,1,1,1,1,1,1197.4543,26.93055084
977,1,1,1,1,1,633.5531,136.5285974
978,1,1,1,1,1,1519.1531,1936.559774
979,1,1,1,1,1,923.49426,15.98474225
980,1,1,1,1,1,1055.7942,8.010231129
981,1,1,1,1,1,828.5449,30.20734595
982,1,1,1,1,1,3071.974,14.47635337
983,1,1,1,1,1,3723.8599,6.208509721
984,1,1,1,1,1,852.81647,16.96504198
985,1,1,1,1,1,1656.6777,12.76288355
986,1,1,1,1,1,1929.9558,100.0544562
987,1,1,1,1,1,5363.146,9.260305537
988,1,1,1,1,1,1,5.150455343
989,1,1,1,1,1,3911.5056,7.266976888
990,1,1,1,1,1,1691.7703,6.457548927
991,1,1,1,1,1,2139.815,20.99156105
992,1,1,1,1,1,5064.3706,8.091101925
993,1,1,1,1,1,572.6072,15.71885685
994,1,1,1,1,1,1609.24,9.334341389
995,1,1,1,1,1,1971.1244,6.273161317
996,1,1,1,1,1,4352.1255,29.16803214
997,1,1,1,1,1,1431.7979,9.020240005
998,1,1,1,1,1,1876.7139,10.71771614
999,1,1,1,1,1,7153.169,6.668870676
1000,1,1,1,1,1,7427.4614,19.7977948
1001,1,1,1,1,1,2291.0693,10.6108093
1002,1,1,1,1,1,928.26086,23.70296898
1003,1,1,1,1,1,1942.6028,12.1490279
1004,1,1,1,1,1,3379.4707,9.382307995
1005,1,1,1,1,1,3640.9644,13.20205019
1006,1,1,1,1,1,3841.853,17.04005195
1007,1,1,1,1,1,669.68384,272.4897126
1008,1,1,1,1,1,4823.801,30.11194916
1009,1,1,1,1,1,678.1803,8.24633682
1010,1,1,1,1,1,1381.6332,33.7452142
1011,1,1,1,1,1,802.10724,121.9480071
1012,1,1,1,1,1,474.1581,118.905801
1013,1,1,1,1,1,373.05115,4069.607346
1014,1,1,1,1,1,692.30206,77.32819796
1015,1,1,1,1,1,872.4358,102.1130276
1016,1,1,1,1,1,865.7588,148.6625205
1017,1,1,1,1,1,2104.3062,1392.682029
1018,1,1,1,1,1,94.784,2080.251136
1019,1,1,1,1,1,776.2792,5.959111843
1020,1,1,1,1,1,399.20807,8.718418697
1021,1,1,1,1,1,819.6821,97.34154059
1022,1,1,1,1,1,682.1562,61.64376777
1023,1,1,1,1,1,246.47305,1423.296327
1024,1,1,1,1,1,460.533,4261.461429
1025,1,1,1,1,1,770.9886,60.82624916
1026,1,1,1,1,1,533.7012,943.1175881
1027,1,1,1,1,1,364.67905,4553.153896
1028,1,1,1,1,1,1181.5068,5896.186794
1029,1,1,1,1,1,845.115,3937.951755
1030,1,1,1,1,1,3701.8691,4230.22332
1031,1,1,1,1,1,6474.0186,1341.146923
1032,1,1,1,1,1,6580.513,5174.13385
1033,1,1,1,1,1,10826.31,4902.154619
1034,1,1,1,1,1,10758.834,65.62285376
1035,1,1,1,1,1,6335.9917,6.750397324
1036,1,1,1,1,1,10217.129,11.94369954
1037,1,1,1,1,1,6007.963,469.7543671
1038,1,1,1,1,1,5037.087,7.116840745
1039,1,1,1,1,1,10494.98,9.55670119
1040,1,1,1,1,1,4607.358,7.934646758
1041,1,1,1,1,1,1708.487,7.801189852
1042,1,1,1,1,1,5747.5596,7.733160951
1043,1,1,1,1,1,20483.422,12.25198587
1044,1,1,1,1,1,145.11829,7.158640204
1045,1,1,1,1,1,465.12558,103.9642689
1046,1,1,1,1,1,205.06096,12.31562035
1047,1,1,1,1,1,1093.862,100.5350441
1048,1,1,1,1,1,352.9585,758.7634214
1049,1,1,1,1,1,389.25482,7.551835447
1050,1,1,1,1,1,932.6247,8.561963635
1051,1,1,1,1,1,1882.2476,186.0908786
1052,1,1,1,1,1,729.55066,7.766763871
1053,1,1,1,1,1,1698.8303,6.174171476
1054,1,1,1,1,1,1465.0804,1922.839967
1055,1,1,1,1,1,2222.6099,9.496813934
1056,1,1,1,1,1,1016.875,7.306389313
1057,1,1,1,1,1,825.99243,1723.623222
1058,1,1,1,1,1,1765.6987,423.7806144
1059,1,1,1,1,1,1093.3896,2914.877135
1060,1,1,1,1,1,1547.8834,320.5763887
1061,1,1,1,1,1,860.60895,43.54074471
1062,1,1,1,1,1,1138.2438,50.90444992
1063,1,1,1,1,1,2548.7764,59.6352572
1064,1,1,1,1,1,1997.2295,133.1047362
1065,1,1,1,1,1,2772.0872,3943.409171
1066,1,1,1,1,1,961.57776,89.49063508
1067,1,1,1,1,1,1220.5793,487.5608283
1068,1,1,1,1,1,584.87354,1342.92795
1069,1,1,1,1,1,740.2122,3365.273632
1070,1,1,1,1,1,1735.0502,3299.459623
1071,1,1,1,1,1,733.6937,1546.918067
1072,1,1,1,1,1,703.3787,2298.885233
1073,1,1,1,1,1,268.27466,1782.334692
1074,1,1,1,1,1,3364.6738,3826.193658
1075,1,1,1,1,1,3248.608,1838.550358
1076,1,1,1,1,1,4555.675,5177.574545
1077,1,1,1,1,1,3471.76,4331.130832
1078,1,1,1,1,1,2653.2522,1675.95846
1079,1,1,1,1,1,5716.0615,5561.250075
1080,1,1,1,1,1,3166.121,3901.853984
1081,1,1,1,1,1,4825.5923,3255.052476
1082,1,1,1,1,1,2213.2488,1654.788448
1083,1,1,1,1,1,87.98212,90.65745654
1084,1,1,1,1,1,1992.7661,3242.86257
1085,1,1,1,1,1,8939.776,3088.250528
1086,1,1,1,1,1,4103.7085,5610.318659
1087,1,1,1,1,1,557.6781,7793.870575
1088,1,1,1,1,1,1980.2362,5370.513099
1089,1,1,1,1,1,1023.9723,99.36094216
1090,1,1,1,1,1,8175.2876,136.9106303
1091,1,1,1,1,1,2377.3005,65.59524494
1092,1,1,1,1,1,4520.136,49.72510423
1093,1,1,1,1,1,1834.7427,76.7017737
1094,1,1,1,1,1,3168.2744,51.05292018
1095,1,1,1,1,1,4809.038,7455.558479
1096,1,1,1,1,1,891.3062,939.2785916
1097,1,1,1,1,1,2893.2703,1126.503059
1098,1,1,1,1,1,5297.4893,1436.412206
1099,1,1,1,1,1,4307.4653,102.7647013
1100,1,1,1,1,1,3279.579,48.96624204
1101,1,1,1,1,1,2786.549,78.06507494
1102,1,1,1,1,1,739.6726,196.4013291
1103,1,1,1,1,1,535.247,1424.799556
1104,1,1,1,1,1,2010.7997,7059.2262
1105,1,1,1,1,1,2538.9844,4006.389034
1106,1,1,1,1,1,2923.8906,6788.37083
1107,1,1,1,1,1,4339.193,3672.202651
1108,1,1,1,1,1,1228.2606,1711.190896
1109,1,1,1,1,1,4735.958,4744.752653
1110,1,1,1,1,1,1665.5996,5291.767105
1111,1,1,1,1,1,1071.0764,7094.124008
1112,1,1,1,1,1,3480.0762,6567.024538
1113,1,1,1,1,1,2510.5698,2083.446682
1114,1,1,1,1,1,1679.7081,503.1285777
1115,1,1,1,1,1,3467.595,99.3586335
1116,1,1,1,1,1,1263.4487,129.7014958
1117,1,1,1,1,1,591.30634,62.6489862
1118,1,1,1,1,1,1714.364,120.7809474
1119,1,1,1,1,1,232.6494,7.858678861
1120,1,1,1,1,1,192.63966,8.955223317
1121,1,1,1,1,1,8338.922,9.459504665
1122,1,1,1,1,1,9293.374,6.931534594
1123,1,1,1,1,1,2010.6437,5.792006303
1124,1,1,1,1,1,15609.905,8.044512868
1125,1,1,1,1,1,0,6.227597141
1126,1,1,1,1,1,11880.354,8.86520315
1127,1,1,1,1,1,582.6616,64.65540029
1128,1,1,1,1,1,1174.146,7.141425914
1129,1,1,1,1,1,6362.1006,7.534891994
1130,1,1,1,1,1,561.44495,9.305195986
1131,1,1,1,1,1,1603.4645,10.10071864
1132,1,1,1,1,1,821.8229,12.89898959
1133,1,1,1,1,1,591.3884,14.66362087
1134,1,1,1,1,1,755.8381,11.09450311
1135,1,1,1,1,1,5203.437,18.62115153
1136,1,1,1,1,1,459.09708,111.0406987
1137,1,1,1,1,1,1361.2145,3853.699407
1138,1,1,1,1,1,519.0171,62.59806968
1139,1,1,1,1,1,683.6045,5854.248495
1140,1,1,1,1,1,1094.273,5498.371811
1141,1,1,1,1,1,2598.7424,2225.625298
1142,1,1,1,1,1,621.589,7257.831935
1143,1,1,1,1,1,7116.6445,3035.353881
1144,1,1,1,1,1,2117.2317,3743.526216
1145,1,1,1,1,1,5308.2544,1755.002202
1146,1,1,1,1,1,3417.7517,3023.418104
1147,1,1,1,1,1,4184.331,440.9936358
1148,1,1,1,1,1,5668.622,5802.000153
1149,1,1,1,1,1,364.99786,464.9683576
1150,1,1,1,1,1,4424.559,491.7014879
1151,1,1,1,1,1,627.3784,3232.761008
1152,1,1,1,1,1,645.64966,3249.733303
1153,1,1,1,1,1,324.92346,7430.362925
1154,1,1,1,1,1,335.50864,3696.433036
1155,1,1,1,1,1,1613.6165,3177.215183
1156,1,1,1,1,1,2793.13,1762.995069
1157,1,1,1,1,1,3939.2314,4189.675803
1158,1,1,1,1,1,3145.012,60.9313211
1159,1,1,1,1,1,2763.1729,2167.045088
1160,1,1,1,1,1,0,2209.402066
1161,1,1,1,1,1,0,2395.848792
1162,1,1,1,1,1,0,3330.75273
1163,1,1,1,1,1,0,171.3719995
1164,1,1,1,1,1,0,6812.876236
1165,1,1,1,1,1,0,47.75840248
1166,1,1,1,1,1,0,41.37718555
1167,1,1,1,1,1,0,84.56431945
1168,1,1,1,1,1,0,73.18317047
1169,1,1,1,1,1,0,596.3053969
1170,1,1,1,1,1,0,520.3328547
1171,1,1,1,1,1,0,596.6821826
1172,1,1,1,1,1,0,5003.378257
1173,1,1,1,1,1,0,7879.021405
1174,1,1,1,1,1,0,7654.58236
1175,1,1,1,1,1,0,6296.214099
1176,1,1,1,1,1,0,448.3584604
1177,1,1,1,1,1,0,5094.363344
1178,1,1,1,1,1,0,742.2344422
1179,1,1,1,1,1,0,888.4233378
1180,1,1,1,1,1,0,7184.254303
1181,1,1,1,1,1,0,6796.830539
1182,1,1,1,1,1,0,68.65160504
1183,1,1,1,1,1,42,6466.393214
1184,1,1,1,1,1,7,51.02612562
1185,1,1,1,1,1,185,525.0490274
1186,1,1,1,1,1,48,6068.949093
1187,1,1,1,1,1,28,1554.966565
1188,1,1,1,1,1,15,600.9702435
1189,1,1,1,1,1,41,473.2253426
1190,1,1,1,1,1,2,4588.100295
1191,1,1,1,1,1,61,3971.236563
1192,1,1,1,1,1,2,2802.623021
1193,1,1,1,1,1,0,2867.181826
1194,1,1,1,1,1,0,4870.457317
1195,1,1,1,1,1,12,58.0322653
1196,1,1,1,1,1,0,1229.639294
1197,1,1,1,1,1,0,3809.754384
1198,1,1,1,1,1,31,2064.75054
1199,1,1,1,1,1,0,3082.121234
1200,1,1,1,1,1,0,3082.033446
1201,1,1,1,1,1,0,2893.708745
1202,1,1,1,1,1,0,846.95125
1203,1,1,1,1,1,0,3372.271917
1204,1,1,1,1,1,0,2115.66854
1205,1,1,1,1,1,0,3404.564197
1206,1,1,1,1,1,0,1407.232224
1207,1,1,1,1,1,0,1833.819638
1208,1,1,1,1,1,0,101.19648
1209,1,1,1,1,1,0,14.30751478
1210,1,1,1,1,1,0,26.55058041
1211,1,1,1,1,1,0,7.059434558
1212,1,1,1,1,1,57,7.29372932
1213,1,1,1,1,1,56,1596.249027
1214,1,1,1,1,1,3,1176.449232
1215,1,1,1,1,1,2,28.74108076
1216,1,1,1,1,1,2,18.45793858
1217,1,1,1,1,1,8,14.00961624
1218,1,1,1,1,1,46,10.85138758
1219,1,1,1,1,1,15,92.59148825
1220,1,1,1,1,1,56,3454.540333
1221,1,1,1,1,1,17,2031.590055
1222,1,1,1,1,1,0,1329.037688
1223,1,1,1,1,1,0,3588.300649
1224,1,1,1,1,1,3,4447.788569
1225,1,1,1,1,1,3,715.8963812
1226,1,1,1,1,1,0,10368.65293
1227,1,1,1,1,1,77,571.9714971
1228,1,1,1,1,1,6,57.19445919
1229,1,1,1,1,1,22,100.590997
1230,1,1,1,1,1,2,7168.192065
1231,1,1,1,1,1,71,137.3748008
1232,1,1,1,1,1,0,10017.84296
1233,1,1,1,1,1,4,327.6114309
1234,1,1,1,1,1,45,1597.998595
1235,1,1,1,1,1,15,5024.36703
1236,1,1,1,1,1,42,1453.249017
1237,1,1,1,1,1,70,4060.008844
1238,1,1,1,1,1,11,566.8184983
1239,1,1,1,1,1,92,3397.443789
1240,1,1,1,1,1,77,552.331315
1241,1,1,1,1,1,81,2313.828982
1242,1,1,1,1,1,56,3439.106674
1243,1,1,1,1,1,0,3167.47683
1244,1,1,1,1,1,0,1239.897293
1245,1,1,1,1,1,168,1215.098959
1246,1,1,1,1,1,0,478.0838293
1247,1,1,1,1,1,0,97.92070578
1248,1,1,1,1,1,0,88.65223381
1249,1,1,1,1,1,248,1420.121442
1250,1,1,1,1,1,787,528.462078
1251,1,1,1,1,1,0,3705.027678
1252,1,1,1,1,1,21,2445.076099
1253,1,1,1,1,1,74,1872.241361
1254,1,1,1,1,1,0,4210.345345
1255,1,1,1,1,1,66,1417.14337
1256,1,1,1,1,1,439,1255.53122
1257,1,1,1,1,1,825,1503.261276
1258,1,1,1,1,1,479,525.813426
1259,1,1,1,1,1,97,1675.516019
1260,1,1,1,1,1,192,3003.160453
1261,1,1,1,1,1,81,247.3650693
1262,1,1,1,1,1,431,3025.56631
1263,1,1,1,1,1,249,5635.927014
1264,1,1,1,1,1,1221,4876.018163
1265,1,1,1,1,1,0,113.637932
1266,1,1,1,1,1,0,97.2951841
1267,1,1,1,1,1,896,10.07081255
1268,1,1,1,1,1,398,8.29594315
1269,1,1,1,1,1,339,2942.911895
1270,1,1,1,1,1,250,17.79399656
1271,1,1,1,1,1,191,106.8733906
1272,1,1,1,1,1,1605,1173.744374
1273,1,1,1,1,1,2003,520.8593601
1274,1,1,1,1,1,621,1167.845956
1275,1,1,1,1,1,1239,189.8011372
1276,1,1,1,1,1,1660,131.3038267
1277,1,1,1,1,1,97,20.33844194
1278,1,1,1,1,1,1193,14.69305526
1279,1,1,1,1,1,3100,33.28949113
1280,1,1,1,1,1,1288,13.07188809
1281,1,1,1,1,1,918,36.59309394
1282,1,1,1,1,1,1465,19.48671357
1283,1,1,1,1,1,531,10.92955337
1284,1,1,1,1,1,1749,6.420430815
1285,1,1,1,1,1,1799,6.550808381
1286,1,1,1,1,1,1048,10.2797718
1287,1,1,1,1,1,1486,7.642826375
1288,1,1,1,1,1,431,9.650950715
1289,1,1,1,1,1,6,10.90800508
1290,1,1,1,1,1,2224,8.790488742
1291,1,1,1,1,1,1720,98.09469614
1292,1,1,1,1,1,234,11.24297234
1293,1,1,1,1,1,1114,9.473178003
1294,1,1,1,1,1,1993,11.96997246
1295,1,1,1,1,1,1882,10.46026668
1296,1,1,1,1,1,1766,109.4889057
1297,1,1,1,1,1,952,3308.032715
1298,1,1,1,1,1,1354,89.01441596
1299,1,1,1,1,1,1411,774.724706
1300,1,1,1,1,1,1161,99.31620783
1301,1,1,1,1,1,1554,20.84295281
1302,1,1,1,1,1,320,31.81542931
1303,1,1,1,1,1,819,116.848231
1304,1,1,1,1,1,456,14.43415263
1305,1,1,1,1,1,603,19.82285464
1306,1,1,1,1,1,1108,9.365053062
1307,1,1,1,1,1,842,14.7083531
1308,1,1,1,1,1,364,497.4786133
1309,1,1,1,1,1,1221,8.227370029
1310,1,1,1,1,1,54,4.747868102
1311,1,1,1,1,1,390,197.818761
1312,1,1,1,1,1,227,11.92195258
1313,1,1,1,1,1,670,9.395179717
1314,1,1,1,1,1,5547,20.71248953
1315,1,1,1,1,1,1008,33.01788207
1316,1,1,1,1,1,0,69.32866343
1317,1,1,1,1,1,504,54.52885294
1318,1,1,1,1,1,1588,1980.882578
1319,1,1,1,1,1,23,199.0647633
1320,1,1,1,1,1,7149,48.11159799
1321,1,1,1,1,1,843,1129.386394
1322,1,1,1,1,1,3030,7.901449787
1323,1,1,1,1,1,1429,16.89059611
1324,1,1,1,1,1,4399,6.091057652
1325,1,1,1,1,1,5330,8.428974225
1326,1,1,1,1,1,10903,10.97880243
1327,1,1,1,1,1,5681,1560.809691
1328,1,1,1,1,1,963,63.7610133
1329,1,1,1,1,1,1415,195.9164171
1330,1,1,1,1,1,520,239.8564036
1331,1,1,1,1,1,0,2849.651613
1332,1,1,1,1,1,4857,31.2404894
1333,1,1,1,1,1,2057,13.16508102
1334,1,1,1,1,1,2188,6.421016226
1335,1,1,1,1,1,3066,25.74829053
1336,1,1,1,1,1,1127,15.16325027
1337,1,1,1,1,1,1671,8.98357743
1338,1,1,1,1,1,1703,7.197134376
1339,1,1,1,1,1,892,2982.314118
1340,1,1,1,1,1,337,998.6046785
1341,1,1,1,1,1,2762,2417.03677
1342,1,1,1,1,1,1989,2085.572213
1343,1,1,1,1,1,3366,66.15656738
1344,1,1,1,1,1,2593,19.06620143
1345,1,1,1,1,1,3591,15.78441909
1346,1,1,1,1,1,1354,17.33812664
1347,1,1,1,1,1,2112,17.97494562
1348,1,1,1,1,1,1680,20.45359483
1349,1,1,1,1,1,556,12.63640667
1350,1,1,1,1,1,737,712.4127646
1351,1,1,1,1,1,10747,16.30848318
1352,1,1,1,1,1,5099,9.268121174
1353,1,1,1,1,1,1372,15.04522393
1354,1,1,1,1,1,393,8.876006853
1355,1,1,1,1,1,1860,9.309368798
1356,1,1,1,1,1,3976,13.97807557
1357,1,1,1,1,1,1636,7.956899728
1358,1,1,1,1,1,884,633.5158537
1359,1,1,1,1,1,2510,8.112662694
1360,1,1,1,1,1,1675,526.5978175
1361,1,1,1,1,1,1634,24.14380363
1362,1,1,1,1,1,481,8.345212086
1363,1,1,1,1,1,1301,11.73737704
1364,1,1,1,1,1,1376,11.33832763
1365,1,1,1,1,1,796,5.198997705
1366,1,1,1,1,1,894,3.569794359
1367,1,1,1,1,1,290,7.040683424
1368,1,1,1,1,1,83,5.840152575
1369,1,1,1,1,1,76,77.2543347
1370,1,1,1,1,1,287,2028.313485
1371,1,1,1,1,1,571,11.28570044
1372,1,1,1,1,1,57,10.78795857
1373,1,1,1,1,1,111,10.71985221
1374,1,1,1,1,1,459,8.533618096
1375,1,1,1,1,1,216,12.94732792
1376,1,1,1,1,1,273,7.586761727
1377,1,1,1,1,1,135,14.17830022
1378,1,1,1,1,1,96,12.96106727
1379,1,1,1,1,1,342,83.24531832
1380,1,1,1,1,1,136,1448.962745
1381,1,1,1,1,1,74,13.68640362
1382,1,1,1,1,1,260,26.02025506
1383,1,1,1,1,1,523,17.81008547
1384,1,1,1,1,1,1134,32.29651819
1385,1,1,1,1,1,125,243.912656
1386,1,1,1,1,1,400,841.2030448
1387,1,1,1,1,1,101,17.4281206
1388,1,1,1,1,1,348,55.88276791
1389,1,1,1,1,1,492,6.60615828
1390,1,1,1,1,1,357,5.893808638
1391,1,1,1,1,1,474,20.06555894
1392,1,1,1,1,1,317,91.00979295
1393,1,1,1,1,1,722,6.225761298
1394,1,1,1,1,1,210,11.97787329
1395,1,1,1,1,1,48,9.246356322
1396,1,1,1,1,1,130,143.5350936
1397,1,1,1,1,1,634,97.27450143
1398,1,1,1,1,1,241,3.650490588
1399,1,1,1,1,1,602,172.1359967
1400,1,1,1,1,1,602,12.47451274
1401,1,1,1,1,1,3824,57.75448803
1402,1,1,1,1,1,71,7.606798494
1403,1,1,1,1,1,376,21.56268747
1404,1,1,1,1,1,1105,73.40740838
1405,1,1,1,1,1,14,6.058941212
1406,1,1,1,1,1,177,11.19031988
1407,1,1,1,1,1,282,99.05019104
1408,1,1,1,1,1,79,150.3646647
1409,1,1,1,1,1,515,111.4331098
1410,1,1,1,1,1,196,125.5640364
1411,1,1,1,1,1,116,848.2691857
1412,1,1,1,1,1,742,84.24736081
1413,1,1,1,1,1,1056,124.7601866
1414,1,1,1,1,1,285,828.0374049
1415,1,1,1,1,1,184,116.9858225
1416,1,1,1,1,1,675,105.8483517
1417,1,1,1,1,1,786,82.10746131
1418,1,1,1,1,1,496,1101.340925
1419,1,1,1,1,1,279,1167.93032
1420,1,1,1,1,1,204,93.14513022
1421,1,1,1,1,1,0,353.1514222
1422,1,1,1,1,1,1684,11.55380548
1423,1,1,1,1,1,8,7.394293617
1424,1,1,1,1,1,440,6.761139808
1425,1,1,1,1,1,1205,22.39653886
1426,1,1,1,1,1,20,67.35569481
1427,1,1,1,1,1,1028,59.58586129
1428,1,1,1,1,1,440,34.80761597
1429,1,1,1,1,1,367,87.91234808
1430,1,1,1,1,1,611,29.1456229
1431,1,1,1,1,1,550,41.37691664
1432,1,1,1,1,1,54,1.278325214
1433,1,1,1,1,1,143,0
1434,1,1,1,1,1,127,38.42982919
1435,1,1,1,1,1,29,1.322764993
1436,1,1,1,1,1,141,45.56452526
1437,1,1,1,1,1,63,113.5136518
1438,1,1,1,1,1,165,122.0380319
1439,1,1,1,1,1,276,541.7433121
1440,1,1,1,1,1,64,109.8253029
1441,1,1,1,1,1,643,1639.235416
1442,1,1,1,1,1,553,141.5630606
1443,1,1,1,1,1,32,121.9382534
1444,1,1,1,1,1,132,18.17504743
1445,1,1,1,1,1,959,13.87910363
1446,1,1,1,1,1,91,650.2248143
1447,1,1,1,1,1,173,18.32074072
1448,1,1,1,1,1,18,120.830056
1449,1,1,1,1,1,41,114.4758539
1450,1,1,1,1,1,221,64.76589118
1451,1,1,1,1,1,793,214.261294
1452,1,1,1,1,1,54,22.99330295
1453,1,1,1,1,1,19,8.893342696
1454,1,1,1,1,1,121,9.219967285
1455,1,1,1,1,1,668,21.57106258
1456,1,1,1,1,1,146,16.24075799
1457,1,1,1,1,1,348,25.70811668
1458,1,1,1,1,1,5,6.910851804
1459,1,1,1,1,1,0,10.04434577
1460,1,1,1,1,1,112,7.263275654
1461,1,1,1,1,1,0,7.652830973
1462,1,1,1,1,1,60,6.409490663
1463,1,1,1,1,1,13,109.2351922
1464,1,1,1,1,1,48,155.4079025
1465,1,1,1,1,1,1040,2.154768737
1466,1,1,1,1,1,289,14.31689106
1467,1,1,1,1,1,190,8.805472501
1468,1,1,1,1,1,508,11.55607258
1469,1,1,1,1,1,0,92.90125105
1470,1,1,1,1,1,19,26.54098926
1471,1,1,1,1,1,728.76556,10.51780818
1472,1,1,1,1,1,64,6.104698258
1473,1,1,1,1,1,544.3491,17.24282148
1474,1,1,1,1,1,43,15.03633524
1475,1,1,1,1,1,103,7.695773188
1476,1,1,1,1,1,164.10652,19.99875989
1477,1,1,1,1,1,36.875656,14.19138139
1478,1,1,1,1,1,5.9213204,108.1998839
1479,1,1,1,1,1,22.217457,21.01917886
1480,1,1,1,1,1,0,6.659042369
1481,1,1,1,1,1,184.84541,28.51057453
1482,1,1,1,1,1,98,8.402346629
1483,1,1,1,1,1,97,11.22749373
1484,1,1,1,1,1,343.52737,24.89536405
1485,1,1,1,1,1,19.681213,9.039460367
1486,1,1,1,1,1,61,6.88476448
1487,1,1,1,1,1,45.526627,38.36042189
1488,1,1,1,1,1,144.21745,29.65730403
1489,1,1,1,1,1,0,12.7806832
1490,1,1,1,1,1,37,23.50700044
1491,1,1,1,1,1,315.6839,11.00419152
1492,1,1,1,1,1,5237.2686,8.165041292
1493,1,1,1,1,1,642.49335,10.95935078
1494,1,1,1,1,1,215.2759,11.40252536
1495,1,1,1,1,1,13,5.77496519
1496,1,1,1,1,1,330.20258,6.635608111
1497,1,1,1,1,1,221.814,7.930922009
1498,1,1,1,1,1,366.47015,7.202776001
1499,1,1,1,1,1,47.08886,113.354285
1500,1,1,1,1,1,386.0784,116.2562119
1501,1,1,1,1,1,21,126.408761
1502,1,1,1,1,1,44.526627,127.9814703
1503,1,1,1,1,1,281.68036,22.80852053
1504,1,1,1,1,1,234.4253,33.52296064
1505,1,1,1,1,1,653.9602,4.550766435
1506,1,1,1,1,1,235.59024,5.751615639
1507,1,1,1,1,1,332.11682,90.5155659
1508,1,1,1,1,1,110.08173,110.9961574
1509,1,1,1,1,1,193.34422,10.01296163
1510,1,1,1,1,1,172.88582,7.520341686
1511,1,1,1,1,1,325.37723,33.26704999
1512,1,1,1,1,1,240.05325,27.63037502
1513,1,1,1,1,1,167.2707,15.19897259
1514,1,1,1,1,1,290.31396,22.43669735
1515,1,1,1,1,1,821.6114,8.425389348
1516,1,1,1,1,1,419.4468,12.81998518
1517,1,1,1,1,1,105,14.03319173
1518,1,1,1,1,1,89,7.789747204
1519,1,1,1,1,1,172.81573,8.505677136
1520,1,1,1,1,1,221.16754,10.2680255
1521,1,1,1,1,1,290.43658,5.774429292
1522,1,1,1,1,1,59,5.501668503
1523,1,1,1,1,1,476.92413,8.604504545
1524,1,1,1,1,1,155.26524,7.809111575
1525,1,1,1,1,1,46,7.929691272
1526,1,1,1,1,1,2.5362427,14.44837669
1527,1,1,1,1,1,2,5.440354817
1528,1,1,1,1,1,329.42438,10.50356191
1529,1,1,1,1,1,745.4764,19.70503287
1530,1,1,1,1,1,314.60974,20.78198695
1531,1,1,1,1,1,171.5838,10.45567955
1532,1,1,1,1,1,61.639618,5.644861156
1533,1,1,1,1,1,242.64276,33.13744613
1534,1,1,1,1,1,248.18417,30.77022614
1535,1,1,1,1,1,2178.7334,1.805073505
1536,1,1,1,1,1,291.73257,2.014593299
1537,1,1,1,1,1,27,1.295480686
1538,1,1,1,1,1,116.1879,1.690759533
1539,1,1,1,1,1,76.16754,0.347743291
1540,1,1,1,1,1,169.78432,0.797681676
1541,1,1,1,1,1,0.9213205,1.704819442
1542,1,1,1,1,1,151.04318,1.131521754
1543,1,1,1,1,1,110.71829,2.172747135
1544,1,1,1,1,1,86.33721,1.079350831
1545,1,1,1,1,1,55.3249,4.588220221
1546,1,1,1,1,1,57.76396,2.493794254
1547,1,1,1,1,1,97.61207,8.913720224
1548,1,1,1,1,1,297.41376,1.233855908
1549,1,1,1,1,1,318.55847,2.334930791
1550,1,1,1,1,1,219.42853,1.060855941
1551,1,1,1,1,1,258.47412,1.751608084
1552,1,1,1,1,1,186.4807,7.516186534
1553,1,1,1,1,1,124.469604,2.506673508
1554,1,1,1,1,1,170.25148,1.840518267
1555,1,1,1,1,1,141.86707,1.773042825
1556,1,1,1,1,1,124.52663,1.858643493
1557,1,1,1,1,1,158.2724,10.02599909
1558,1,1,1,1,1,114.66244,2.239886648
1559,1,1,1,1,1,122.852806,1.698321679
1560,1,1,1,1,1,175,2.228401443
1561,1,1,1,1,1,1148.1238,3.623978981
1562,1,1,1,1,1,11,12.01989764
1563,1,1,1,1,1,183.20784,4729.644164
1564,1,1,1,1,1,82.842636,499.5172348
1565,1,1,1,1,1,332.1886,2726.86714
1566,1,1,1,1,1,293.5244,5030.673812
1567,1,1,1,1,1,216.8358,2336.566674
1568,1,1,1,1,1,753.0636,1820.433479
1569,1,1,1,1,1,157.54831,57.4226925
1570,1,1,1,1,1,329.57895,3506.353452
1571,1,1,1,1,1,162.60413,2193.874365
1572,1,1,1,1,1,304.93933,1290.672923
1573,1,1,1,1,1,301.25412,3240.214153
1574,1,1,1,1,1,654.45496,118.0023155
1575,1,1,1,1,1,575.049,2213.730719
1576,1,1,1,1,1,321.92654,3723.253177
1577,1,1,1,1,1,700.1151,2050.179784
1578,1,1,1,1,1,607.7617,5119.746502
1579,1,1,1,1,1,469.20163,78.97261633
1580,1,1,1,1,1,180.27661,893.1965872
1581,1,1,1,1,1,221.98938,76.99972757
1582,1,1,1,1,1,131.71756,346.9107257
1583,1,1,1,1,1,252.27182,16.59575243
1584,1,1,1,1,1,190.78671,18.41166304
1585,1,1,1,1,1,219.52927,8.990219875
1586,1,1,1,1,1,131.00958,7.44722641
1587,1,1,1,1,1,357.2612,74.43827183
1588,1,1,1,1,1,99.361176,7.498112891
1589,1,1,1,1,1,172.75089,8.178901897
1590,1,1,1,1,1,138.71756,6.651752948
1591,1,1,1,1,1,101.747345,14.89099173
1592,1,1,1,1,1,177.9798,7.703646708
1593,1,1,1,1,1,305.3112,19.59954854
1594,1,1,1,1,1,497.48886,8.278164765
1595,1,1,1,1,1,244.15733,13.50496862
1596,1,1,1,1,1,0,1043.767401
1597,1,1,1,1,1,0,6.422426327
1598,1,1,1,1,1,189.48248,811.0327928
1599,1,1,1,1,1,85.287125,13.8718425
1600,1,1,1,1,1,107.43303,10.96549606
1601,1,1,1,1,1,56.871277,783.2302842
1602,1,1,1,1,1,214.4325,114.6752541
1603,1,1,1,1,1,165.3617,14.08210255
1604,1,1,1,1,1,53,4.939231655
1605,1,1,1,1,1,574.3323,25.50809394
1606,1,1,1,1,1,772.0912,15.18720954
1607,1,1,1,1,1,244.9596,1703.925152
1608,1,1,1,1,1,27,8.335141462
1609,1,1,1,1,1,19.143822,5.063835615
1610,1,1,1,1,1,36,4.455092173
1611,1,1,1,1,1,221.5635,5.904016398
1612,1,1,1,1,1,50.714954,3.22895028
1613,1,1,1,1,1,151,9.575225591
1614,1,1,1,1,1,79.42991,11.67958422
1615,1,1,1,1,1,0,59.33245015
1616,1,1,1,1,1,0,10.34782146
1617,1,1,1,1,1,144,12.33194519
1618,1,1,1,1,1,227.73314,13.70999942
1619,1,1,1,1,1,32,19.80902843
1620,1,1,1,1,1,20.286606,587.1819566
1621,1,1,1,1,1,145,84.59653878
1622,1,1,1,1,1,71.84253,10.81823074
1623,1,1,1,1,1,217.41084,10.88821656
1624,1,1,1,1,1,253.52927,21.68178572
1625,1,1,1,1,1,345.69736,34.50540727
1626,1,1,1,1,1,112.36597,2706.266534
1627,1,1,1,1,1,308.35056,149.234034
1628,1,1,1,1,1,299.2314,7.504936166
1629,1,1,1,1,1,8.286085,7.79291039
1630,1,1,1,1,1,53.806915,10.63873979
1631,1,1,1,1,1,35.42939,15.3852442
1632,1,1,1,1,1,37.857216,93.90356856
1633,1,1,1,1,1,214.44449,93.97586701
1634,1,1,1,1,1,305.6588,22.08161349
1635,1,1,1,1,1,153.2944,12.01485359
1636,1,1,1,1,1,166.43875,5.332403694
1637,1,1,1,1,1,39,5.680130615
1638,1,1,1,1,1,66.28868,148.0255002
1639,1,1,1,1,1,218.43407,7.502763636
1640,1,1,1,1,1,100,23.59024041
1641,1,1,1,1,1,102.286606,1.372322315
1642,1,1,1,1,1,119.43355,1.656556104
1643,1,1,1,1,1,181.27182,1.252733237
1644,1,1,1,1,1,290.87274,4.327302302
1645,1,1,1,1,1,74.002594,24.85106468
1646,1,1,1,1,1,139.8165,94.30594143
1647,1,1,1,1,1,216.16891,6.165212429
1648,1,1,1,1,1,250.72377,6.796164291
1649,1,1,1,1,1,192.43355,25.53322781
1650,1,1,1,1,1,370.1526,18.51814567
1651,1,1,1,1,1,205.00882,113.6788922
1652,1,1,1,1,1,10,143.5397398
1653,1,1,1,1,1,4,335.5904323
1654,1,1,1,1,1,1195.2416,2307.956797
1655,1,1,1,1,1,13.429388,1535.234561
1656,1,1,1,1,1,31,802.2743422
1657,1,1,1,1,1,43,112.3537151
1658,1,1,1,1,1,128,80.52879975
1659,1,1,1,1,1,149,10790.48167
1660,1,1,1,1,1,24,4384.365055
1661,1,1,1,1,1,2,2988.154221
1662,1,1,1,1,1,38.143303,8.878859049
1663,1,1,1,1,1,29,15.02755483
1664,1,1,1,1,1,164.14435,8.79326556
1665,1,1,1,1,1,154,85.21979833
1666,1,1,1,1,1,57.858257,360.254913
1667,1,1,1,1,1,41,104.3045686
1668,1,1,1,1,1,217.29388,985.7038886
1669,1,1,1,1,1,40.858776,3274.724001
1670,1,1,1,1,1,89,1369.037466
1671,1,1,1,1,1,52,1083.696623
1672,1,1,1,1,1,1.7144343,1319.095571
1673,1,1,1,1,1,198.29129,2452.689743
1674,1,1,1,1,1,882.6242,555.459888
1675,1,1,1,1,1,176.57425,19.05927485
1676,1,1,1,1,1,348.15683,108.9408919
1677,1,1,1,1,1,375.44815,11.59137146
1678,1,1,1,1,1,274.58258,5.794357725
1679,1,1,1,1,1,253.57895,11.48732936
1680,1,1,1,1,1,58.860855,9.473426909
1681,1,1,1,1,1,41,13.23666654
1682,1,1,1,1,1,94,9.686932719
1683,1,1,1,1,1,30,11.48148818
1684,1,1,1,1,1,114.71703,9.781291085
1685,1,1,1,1,1,93.434586,13.01891388
1686,1,1,1,1,1,441.92398,91.68655374
1687,1,1,1,1,1,886.0408,7.369829163
1688,1,1,1,1,1,296,5.842835749
1689,1,1,1,1,1,238.5727,12.62105245
1690,1,1,1,1,1,151.14487,6.919517772
1691,1,1,1,1,1,84,64.56751211
1692,1,1,1,1,1,71,8.20109795
1693,1,1,1,1,1,69.00104,7.118999493
1694,1,1,1,1,1,252.5727,12.86497107
1695,1,1,1,1,1,186.08685,63.82575774
1696,1,1,1,1,1,44,25.57252027
1697,1,1,1,1,1,290.00208,180.7476092
1698,1,1,1,1,1,203.57843,221.0206375
1699,1,1,1,1,1,25,578.2719305
1700,1,1,1,1,1,0,516.7794334
1701,1,1,1,1,1,628.7566,86.61599642
1702,1,1,1,1,1,241.58519,9.843484295
1703,1,1,1,1,1,57,3406.801117
1704,1,1,1,1,1,154.8598,1406.676843
1705,1,1,1,1,1,51.57321,104.5010664
1706,1,1,1,1,1,176.8593,12.03906312
1707,1,1,1,1,1,1009.74536,9.489989993
1708,1,1,1,1,1,165.1633,13.35131106
1709,1,1,1,1,1,205.00104,11.96806891
1710,1,1,1,1,1,830.7659,600.0703261
1711,1,1,1,1,1,176,2195.454594
1712,1,1,1,1,1,18,319.3897256
1713,1,1,1,1,1,59,1388.925105
1714,1,1,1,1,1,27,160.31996
1715,1,1,1,1,1,166.4697,124.5061427
1716,1,1,1,1,1,124.14382,2174.800149
1717,1,1,1,1,1,145.5779,27.60405665
1718,1,1,1,1,1,196.86087,12.35442489
1719,1,1,1,1,1,157.43094,16.83827412
1720,1,1,1,1,1,84.57529,12.06152805
1721,1,1,1,1,1,108.43095,12.52085593
1722,1,1,1,1,1,198.14644,11.02928146
1723,1,1,1,1,1,212.57529,14.74312256
1724,1,1,1,1,1,239.5727,99.06668818
1725,1,1,1,1,1,70.85878,11.42670605
1726,1,1,1,1,1,4,19.39142086
1727,1,1,1,1,1,312,8.354999617
1728,1,1,1,1,1,152,11.76636283
1729,1,1,1,1,1,0,1346.094744
1730,1,1,1,1,1,270.57217,147.9565456
1731,1,1,1,1,1,57.858257,533.2177744
1732,1,1,1,1,1,276.7176,4536.171676
1733,1,1,1,1,1,95,695.1114392
1734,1,1,1,1,1,79,1.296014067
1735,1,1,1,1,1,101,104.1780603
1736,1,1,1,1,1,105.287125,1.59286153
1737,1,1,1,1,1,281.43408,0.892021055
1738,1,1,1,1,1,87.43043,592.1624472
1739,1,1,1,1,1,17,0.979445617
1740,1,1,1,1,1,271.29803,3.29294207
1741,1,1,1,1,1,232.00676,14.57792516
1742,1,1,1,1,1,21,26.04714002
1743,1,1,1,1,1,211,7.289025331
1744,1,1,1,1,1,267.57477,12.97595125
1745,1,1,1,1,1,101.14746,18.06634702
1746,1,1,1,1,1,13,5.693265844
1747,1,1,1,1,1,81.1433,15.39357817
1748,1,1,1,1,1,913.1797,18.36328426
1749,1,1,1,1,1,504.55685,98.00829299
1750,1,1,1,1,1,285.2493,14.43537087
1751,1,1,1,1,1,33,18.75238946
1752,1,1,1,1,1,156,20.73728275
1753,1,1,1,1,1,78,5.639145694
1754,1,1,1,1,1,71,1.36090665
1755,1,1,1,1,1,57,1.098217359
1756,1,1,1,1,1,69,1.742905383
1757,1,1,1,1,1,8,0.445437263
1758,1,1,1,1,1,84,11.39202946
1759,1,1,1,1,1,37,1.269404557
1760,1,1,1,1,1,50.571648,1.497077431
1761,1,1,1,1,1,93.79494,1.552505059
1762,1,1,1,1,1,81,2.318381306
1763,1,1,1,1,1,200.74255,11.43167612
1764,1,1,1,1,1,297,139.221363
1765,1,1,1,1,1,0,5.115848727
1766,1,1,1,1,1,942.9389,9.59545671
1767,1,1,1,1,1,902.3301,7.018998944
1768,1,1,1,1,1,531.1333,7.560641585
1769,1,1,1,1,1,937.7798,1.836744638
1770,1,1,1,1,1,519.3411,1.889070672
1771,1,1,1,1,1,667.4345,3.111145523
1772,1,1,1,1,1,405.20108,3.544726474
1773,1,1,1,1,1,375.47083,8.832562895
1774,1,1,1,1,1,674.06384,3.241297009
1775,1,1,1,1,1,640.42084,1.465424818
1776,1,1,1,1,1,373.57794,2.347912183
1777,1,1,1,1,1,583.2759,1.496410056
1778,1,1,1,1,1,454.31116,3.637694849
1779,1,1,1,1,1,668.98096,5.737564205
1780,1,1,1,1,1,340.12677,3.926819456
1781,1,1,1,1,1,520.7976,4.679526093
1782,1,1,1,1,1,187.62796,3.26420607
1783,1,1,1,1,1,251.74359,20.42661043
1784,1,1,1,1,1,628.2188,15.2698829
1785,1,1,1,1,1,290.27924,9.294195324
1786,1,1,1,1,1,258.9527,2.966343944
1787,1,1,1,1,1,576.66547,9.74175545
1788,1,1,1,1,1,429.84174,8.535356787
1789,1,1,1,1,1,530.5732,509.4614907
1790,1,1,1,1,1,949.4595,15.64843184
1791,1,1,1,1,1,183.73534,10.98911346
1792,1,1,1,1,1,720.9871,11.01840484
1793,1,1,1,1,1,756.7403,12.72644443
1794,1,1,1,1,1,405.14914,1.493661674
1795,1,1,1,1,1,519.7452,1.334037205
1796,1,1,1,1,1,889.2823,1.276655246
1797,1,1,1,1,1,198.75682,2.734753114
1798,1,1,1,1,1,433.89886,21.91189744
1799,1,1,1,1,1,175.01456,11.3064974
1800,1,1,1,1,1,250.97414,20.68803396
1801,1,1,1,1,1,224.77182,7.800986053
1802,1,1,1,1,1,713.0319,9.429737388
1803,1,1,1,1,1,264.7334,10.66025586
1804,1,1,1,1,1,540.48486,17.37776638
1805,1,1,1,1,1,561.0362,14.68623787
1806,1,1,1,1,1,234.048,11.2778352
1807,1,1,1,1,1,357.66846,7.056445098
1808,1,1,1,1,1,196.06816,6.058935409
1809,1,1,1,1,1,544.25,9.042013101
1810,1,1,1,1,1,298.56137,8.365620714
1811,1,1,1,1,1,233.60164,11.17824314
1812,1,1,1,1,1,161.95387,5.4971777
1813,1,1,1,1,1,388.45944,9.815462915
1814,1,1,1,1,1,210.14131,19.07243532
1815,1,1,1,1,1,524.1086,10.66934886
1816,1,1,1,1,1,372.26132,6.765326469
1817,1,1,1,1,1,265.69046,4.325801159
1818,1,1,1,1,1,418.18497,11.5447717
1819,1,1,1,1,1,141.30151,73.27415275
1820,1,1,1,1,1,662.05457,11.57926579
1821,1,1,1,1,1,187.82864,5.433448627
1822,1,1,1,1,1,194.61417,5.762867057
1823,1,1,1,1,1,190.15594,5.220404123
1824,1,1,1,1,1,494.8937,21.67831672
1825,1,1,1,1,1,532.74817,21.68562127
1826,1,1,1,1,1,783.5309,9.246715511
1827,1,1,1,1,1,1159.1252,12.38600323
1828,1,1,1,1,1,341.04147,18.40678868
1829,1,1,1,1,1,210.5668,14.70364229
1830,1,1,1,1,1,331.33444,9.505315026
1831,1,1,1,1,1,133.6288,8.239340034
1832,1,1,1,1,1,254.60925,6.541851773
1833,1,1,1,1,1,192.73047,9.227307151
1834,1,1,1,1,1,314.14172,12.07117519
1835,1,1,1,1,1,246.62248,14.3889767
1836,1,1,1,1,1,287.1121,1.321176716
1837,1,1,1,1,1,239.40315,0.746640463
1838,1,1,1,1,1,212.63226,1.583764151
1839,1,1,1,1,1,138.77435,0.605030828
1840,1,1,1,1,1,103.47978,1.126466633
1841,1,1,1,1,1,152.70256,3.34882236
1842,1,1,1,1,1,349.4976,3.349544155
1843,1,1,1,1,1,401.45502,14.92459883
1844,1,1,1,1,1,371.3578,13.5109954
1845,1,1,1,1,1,293.8144,7.880801909
1846,1,1,1,1,1,278.428,2.030352361
1847,1,1,1,1,1,137.84671,3.228357568
1848,1,1,1,1,1,4,1.924565892
1849,1,1,1,1,1,775.6716,2.582857452
1850,1,1,1,1,1,496.00677,10.88861719
1851,1,1,1,1,1,512.69385,10.57493799
1852,1,1,1,1,1,96,2.949216202
1853,1,1,1,1,1,81.52733,2.294563149
1854,1,1,1,1,1,543.3558,2.487882463
1855,1,1,1,1,1,66.232574,2.166268055
1856,1,1,1,1,1,283.44766,1.377529205
1857,1,1,1,1,1,1753.8977,2.381979283
1858,1,1,1,1,1,400.04004,1.531548
1859,1,1,1,1,1,280.8446,2.165714784
1860,1,1,1,1,1,1222.3912,5.283085257
1861,1,1,1,1,1,41.541523,3.117371941
1862,1,1,1,1,1,85.207954,8.401156222
1863,1,1,1,1,1,30.638754,1.672823393
1864,1,1,1,1,1,990.6581,1.682749767
1865,1,1,1,1,1,1156.6443,2.920774538
1866,1,1,1,1,1,11,1.54403219
1867,1,1,1,1,1,297.10867,3.708262205
1868,1,1,1,1,1,237.52596,1.560617922
1869,1,1,1,1,1,446.57925,1.946569573
1870,1,1,1,1,1,76,2.552827493
1871,1,1,1,1,1,474.16425,2.513028921
1872,1,1,1,1,1,230.05775,2.198761077
1873,1,1,1,1,1,1405.5,2.033143626
1874,1,1,1,1,1,597.96747,2.509871533
1875,1,1,1,1,1,460.9,3.10963444
1876,1,1,1,1,1,580.5516,2.912115865
1877,1,1,1,1,1,795.9134,3.107931643
1878,1,1,1,1,1,194.34636,2.385787604
1879,1,1,1,1,1,231.08235,4.011963807
1880,1,1,1,1,1,69.47197,5.359312852
1881,1,1,1,1,1,216.23494,6.057270247
1882,1,1,1,1,1,280.7758,5.189906769
1883,1,1,1,1,1,0,8.703102927
1884,1,1,1,1,1,0,4.547826532
1885,1,1,1,1,1,472.00372,5.181249988
1886,1,1,1,1,1,377.65482,9.007775752
1887,1,1,1,1,1,338.04504,2.443703046
1888,1,1,1,1,1,221.62119,7.725152488
1889,1,1,1,1,1,354.79547,11.37703685
1890,1,1,1,1,1,194.63426,6.362453553
1891,1,1,1,1,1,270.10712,11.63594267
1892,1,1,1,1,1,311.07773,5.403999976
1893,1,1,1,1,1,744.0633,2.117409571
1894,1,1,1,1,1,771.9944,14.55928635
1895,1,1,1,1,1,100.91185,8.41949222
1896,1,1,1,1,1,347.2266,8.987225399
1897,1,1,1,1,1,231.73676,6.248515109
1898,1,1,1,1,1,419.77243,3.315881177
1899,1,1,1,1,1,147.89032,7.172531863
1900,1,1,1,1,1,62.12672,8.698178618
1901,1,1,1,1,1,314.48166,9.007447258
1902,1,1,1,1,1,226.92766,8.18091087
1903,1,1,1,1,1,92.912254,12.17420207
1904,1,1,1,1,1,355.56778,1.648856287
1905,1,1,1,1,1,530.5377,2.878654707
1906,1,1,1,1,1,149.20795,9.231425375
1907,1,1,1,1,1,771.4637,8.741815288
1908,1,1,1,1,1,48.903015,3.810306494
1909,1,1,1,1,1,9,8.277806123
1910,1,1,1,1,1,634.52563,5.805240965
1911,1,1,1,1,1,1297.7391,11.55699256
1912,1,1,1,1,1,376.45795,11.06952596
1913,1,1,1,1,1,323.83304,11.94617532
1914,1,1,1,1,1,231.37163,2.167914106
1915,1,1,1,1,1,123.37341,1.815399055
1916,1,1,1,1,1,62.297318,1.672612281
1917,1,1,1,1,1,37.361496,1.593071769
1918,1,1,1,1,1,11,1.23583584
1919,1,1,1,1,1,0,3.002249316
1920,1,1,1,1,1,59,1.710499332
1921,1,1,1,1,1,50.0203,3.328197942
1922,1,1,1,1,1,45.062546,64.4008665
1923,1,1,1,1,1,159.7636,9.678744392
1924,1,1,1,1,1,28.722988,9.376560156
1925,1,1,1,1,1,35.297318,6.400771438
1926,1,1,1,1,1,16.04224,7.763940867
1927,1,1,1,1,1,23,6.474909849
1928,1,1,1,1,1,147.16733,7.326778288
1929,1,1,1,1,1,610.17126,17.65933233
1930,1,1,1,1,1,337.01215,18.99763269
1931,1,1,1,1,1,85.0406,9.386661064
1932,1,1,1,1,1,1,11.32265439
1933,1,1,1,1,1,136.31598,23.86888881
1934,1,1,1,1,1,14.255075,10.12915841
1935,1,1,1,1,1,36.978065,8.778436994
1936,1,1,1,1,1,2,19.34629226
1937,1,1,1,1,1,3,23.27679016
1938,1,1,1,1,1,311.3517,18.15688318
1939,1,1,1,1,1,140.78226,17.64090009
1940,1,1,1,1,1,149.33792,20.02115646
1941,1,1,1,1,1,720.0868,4.347926679
1942,1,1,1,1,1,223.86838,1.902064991
1943,1,1,1,1,1,99.444336,2.048391256
1944,1,1,1,1,1,538.7303,2.538456507
1945,1,1,1,1,1,2376.6787,26.10119202
1946,1,1,1,1,1,565.54095,10.24428686
1947,1,1,1,1,1,264.3769,4.832637324
1948,1,1,1,1,1,0,7.238360524
1949,1,1,1,1,1,179.59135,2.796006599
1950,1,1,1,1,1,1490.5221,251.8382192
1951,1,1,1,1,1,272.97156,61.83419847
1952,1,1,1,1,1,824.93,68.83329153
1953,1,1,1,1,1,97,18.38421402
1954,1,1,1,1,1,544.688,395.243922
1955,1,1,1,1,1,1956.097,22.35539357
1956,1,1,1,1,1,349.48004,4.56234463
1957,1,1,1,1,1,229.75706,107.1924525
1958,1,1,1,1,1,415.41425,8.163899784
1959,1,1,1,1,1,51.55239,6.79286769
1960,1,1,1,1,1,104,11.50823591
1961,1,1,1,1,1,53,36.16501965
1962,1,1,1,1,1,45.19023,7.716345759
1963,1,1,1,1,1,162.90009,10.27674945
1964,1,1,1,1,1,525.44934,6.315286825
1965,1,1,1,1,1,24,10.2271853
1966,1,1,1,1,1,119.0533,1112.549547
1967,1,1,1,1,1,486.5189,88.52432211
1968,1,1,1,1,1,98,1947.848596
1969,1,1,1,1,1,188.50555,124.7956984
1970,1,1,1,1,1,138.53813,708.789848
1971,1,1,1,1,1,48,7.761592529
1972,1,1,1,1,1,37,329.1183809
1973,1,1,1,1,1,15,1615.408217
1974,1,1,1,1,1,842,72.34287461
1975,1,1,1,1,1,9,12.75674632
1976,1,1,1,1,1,10,9.401519481
1977,1,1,1,1,1,1238.2251,6.598438137
1978,1,1,1,1,1,24,5.728211122
1979,1,1,1,1,1,39,105.6769703
1980,1,1,1,1,1,85.08809,6.215165858
1981,1,1,1,1,1,10,7.368893206
1982,1,1,1,1,1,71,11.25265551
1983,1,1,1,1,1,56,17.05572481
1984,1,1,1,1,1,1993,266.8076663
1985,1,1,1,1,1,86,13.48810278
1986,1,1,1,1,1,67,1217.505016
1987,1,1,1,1,1,266,72.01571752
1988,1,1,1,1,1,1,256.580428
1989,1,1,1,1,1,44,36.37319303
1990,1,1,1,1,1,62,103.1555079
1991,1,1,1,1,1,225.98697,1.310654177
1992,1,1,1,1,1,229.27177,2.277670138
1993,1,1,1,1,1,147.19029,2.070283429
1994,1,1,1,1,1,76.79349,2.132908781
1995,1,1,1,1,1,200.99567,7.13442235
1996,1,1,1,1,1,272.95782,12.64092325
1997,1,1,1,1,1,157.00446,823.080034
1998,1,1,1,1,1,173.8185,163.3903584
1999,1,1,1,1,1,91.70763,1986.396439
2000,1,1,1,1,1,1354.5175,2546.619715
2001,1,1,1,1,1,247.81644,3921.535697
2002,1,1,1,1,1,97.67284,2696.548671
2003,1,1,1,1,1,1938.1548,1955.152237
2004,1,1,1,1,1,74,3782.448082
2005,1,1,1,1,1,26,3246.041806
2006,1,1,1,1,1,478.56775,349.0694744
2007,1,1,1,1,1,841.75946,2137.532937
2008,1,1,1,1,1,59,147.0331567
2009,1,1,1,1,1,123.17617,1993.987872
2010,1,1,1,1,1,895.4308,101.0173164
2011,1,1,1,1,1,22,2713.356778
2012,1,1,1,1,1,37,352.4005636
2013,1,1,1,1,1,93.31311,7.82550057
2014,1,1,1,1,1,85,1055.937963
2015,1,1,1,1,1,608,16.56468824
2016,1,1,1,1,1,42.294598,21.5680876
2017,1,1,1,1,1,25,7.894565369
2018,1,1,1,1,1,50.656555,930.699585
2019,1,1,1,1,1,19,177.2336659
2020,1,1,1,1,1,15,8.04983633
2021,1,1,1,1,1,33,11.31942113
2022,1,1,1,1,1,118,9.067872204
2023,1,1,1,1,1,456.84607,25.11863887
2024,1,1,1,1,1,13,514.96024
2025,1,1,1,1,1,63.98372,438.4753493
2026,1,1,1,1,1,11,433.3046626
2027,1,1,1,1,1,19,6707.134934
2028,1,1,1,1,1,11,7776.784175
2029,1,1,1,1,1,98.38046,6015.275279
2030,1,1,1,1,1,88,1592.210508
2031,1,1,1,1,1,87.98372,7404.582115
2032,1,1,1,1,1,184,8019.620955
2033,1,1,1,1,1,93,6784.220713
2034,1,1,1,1,1,102.605484,2455.902976
2035,1,1,1,1,1,180.95116,5663.37925
2036,1,1,1,1,1,1425.8075,5449.566108
2037,1,1,1,1,1,116.538124,9358.415452
2038,1,1,1,1,1,100.91637,12586.7128
2039,1,1,1,1,1,259.097,487.6165198
2040,1,1,1,1,1,1868.57,461.1089902
2041,1,1,1,1,1,490.9297,6541.442262
2042,1,1,1,1,1,181.812,188.1937907
2043,1,1,1,1,1,78,5932.790549
2044,1,1,1,1,1,350.9001,495.208148
2045,1,1,1,1,1,62.43917,114.5368991
2046,1,1,1,1,1,56.03479,0.290831888
2047,1,1,1,1,1,22,75.49692724
2048,1,1,1,1,1,41,74.03324323
2049,1,1,1,1,1,52.364178,58.68833314
2050,1,1,1,1,1,18,3880.174698
2051,1,1,1,1,1,151.79349,76.20414584
2052,1,1,1,1,1,102.19023,34.23733255
2053,1,1,1,1,1,225.00223,1230.982406
2054,1,1,1,1,1,302.81433,9.882794777
2055,1,1,1,1,1,163.29462,11.50189679
2056,1,1,1,1,1,221.67296,47.83266302
2057,1,1,1,1,1,236.49573,11.45338236
2058,1,1,1,1,1,147.50444,12.99999668
2059,1,1,1,1,1,207.32939,8.677635177
2060,1,1,1,1,1,688.19904,11.7992489
2061,1,1,1,1,1,73.174706,10.51532193
2062,1,1,1,1,1,79.43484,25.46543456
2063,1,1,1,1,1,225.82196,12.41065647
2064,1,1,1,1,1,427.713,16.45453304
2065,1,1,1,1,1,453.4078,9.706422406
2066,1,1,1,1,1,417.79794,25.81147155
2067,1,1,1,1,1,313.9925,1826.74074
2068,1,1,1,1,1,489.70453,5611.70598
2069,1,1,1,1,1,1153.4191,752.9346505
2070,1,1,1,1,1,1113.5137,430.4831242
2071,1,1,1,1,1,572,4580.358823
2072,1,1,1,1,1,4098.7725,5047.463843
2073,1,1,1,1,1,266.98816,5200.826195
2074,1,1,1,1,1,221.05775,4437.384982
2075,1,1,1,1,1,1887.51,2203.80892
2076,1,1,1,1,1,503.00888,3470.270243
2077,1,1,1,1,1,642.50256,2157.600922
2078,1,1,1,1,1,173.60548,4533.479939
2079,1,1,1,1,1,688.3317,9094.894236
2080,1,1,1,1,1,494.84918,4770.29346
2081,1,1,1,1,1,585.3331,485.5957894
2082,1,1,1,1,1,522.2591,2103.176529
2083,1,1,1,1,1,1890.6538,47.64964157
2084,1,1,1,1,1,65.52614,1048.609998
2085,1,1,1,1,1,1651.1156,131.0928449
2086,1,1,1,1,1,5432.878,91.71721921
2087,1,1,1,1,1,424.4663,131.9777212
2088,1,1,1,1,1,284.1742,45.55397704
2089,1,1,1,1,1,555.00244,201.1880852
2090,1,1,1,1,1,99.28809,6.880491517
2091,1,1,1,1,1,158.29465,41.76241716
2092,1,1,1,1,1,581.41016,585.7983556
2093,1,1,1,1,1,544.0307,73.20849199
2094,1,1,1,1,1,558.3277,347.2363401
2095,1,1,1,1,1,512.3871,1945.522123
2096,1,1,1,1,1,30.845667,4924.884223
2097,1,1,1,1,1,115.70012,842.3138617
2098,1,1,1,1,1,353.9708,286.3711554
2099,1,1,1,1,1,78.51314,60.4162235
2100,1,1,1,1,1,675.6839,132.9627225
2101,1,1,1,1,1,154.25552,8.291044806
2102,1,1,1,1,1,171.50229,11.01270367
2103,1,1,1,1,1,91.152275,278.8259371
2104,1,1,1,1,1,64.978325,73.46166084
2105,1,1,1,1,1,96.72835,90.95500018
2106,1,1,1,1,1,9739.849,12.22090083
2107,1,1,1,1,1,194.45018,8.214925535
2108,1,1,1,1,1,65.70873,11.13986219
2109,1,1,1,1,1,248.31313,1477.10496
2110,1,1,1,1,1,4542.147,2618.655123
2111,1,1,1,1,1,1205.2324,12.91059152
2112,1,1,1,1,1,251.42305,9.880777965
2113,1,1,1,1,1,381.7121,9.387998619
2114,1,1,1,1,1,264.08383,790.1734705
2115,1,1,1,1,1,213.86092,63.15307355
2116,1,1,1,1,1,805.596,9.56959538
2117,1,1,1,1,1,157.24791,8.488035373
2118,1,1,1,1,1,35,9.506693837
2119,1,1,1,1,1,328.4549,11.05186796
2120,1,1,1,1,1,29.311703,10.52024356
2121,1,1,1,1,1,22,7.84589397
2122,1,1,1,1,1,20.805214,13.33378925
2123,1,1,1,1,1,36,55.1492611
2124,1,1,1,1,1,30,74.64794376
2125,1,1,1,1,1,10,41.64525141
2126,1,1,1,1,1,43.610428,306.29096
2127,1,1,1,1,1,34.467552,144.5568061
2128,1,1,1,1,1,824.88446,21.01130295
2129,1,1,1,1,1,58,17.3503454
2130,1,1,1,1,1,254.28609,26.50084571
2131,1,1,1,1,1,88,20.75388204
2132,1,1,1,1,1,86,87.6897043
2133,1,1,1,1,1,137,12.09492921
2134,1,1,1,1,1,39,10.62366769
2135,1,1,1,1,1,68,8.727162004
2136,1,1,1,1,1,48,9.184716778
2137,1,1,1,1,1,124.62351,6.631354948
2138,1,1,1,1,1,141,7.988603138
2139,1,1,1,1,1,8,7.225782188
2140,1,1,1,1,1,11,18.57813584
2141,1,1,1,1,1,395.31213,12.99913281
2142,1,1,1,1,1,111.753296,15.35279819
2143,1,1,1,1,1,25,11.61347781
2144,1,1,1,1,1,19,15.50105053
2145,1,1,1,1,1,30,13.20933235
2146,1,1,1,1,1,143,223.6931476
2147,1,1,1,1,1,249.28598,20.28512494
2148,1,1,1,1,1,170.53256,148.4641465
2149,1,1,1,1,1,259.84436,10.06390286
2150,1,1,1,1,1,96,10.11959009
2151,1,1,1,1,1,87,11.53570959
2152,1,1,1,1,1,141,28.45499578
2153,1,1,1,1,1,13,15.2225404
2154,1,1,1,1,1,428.8966,8.008788417
2155,1,1,1,1,1,40,8.221593772
2156,1,1,1,1,1,182,9.684911122
2157,1,1,1,1,1,295.7665,11.74767213
2158,1,1,1,1,1,84,26.64013551
2159,1,1,1,1,1,2165.0684,19.05931862
2160,1,1,1,1,1,348.9746,9.775087478
2161,1,1,1,1,1,49.93511,13.29119643
2162,1,1,1,1,1,242.93544,10.32177173
2163,1,1,1,1,1,1098.8716,65.55158976
2164,1,1,1,1,1,515.7538,37.71291735
2165,1,1,1,1,1,139,26.58620298
2166,1,1,1,1,1,311.80533,85.69775486
2167,1,1,1,1,1,470.2213,50.14992292
2168,1,1,1,1,1,1351.249,80.70311598
2169,1,1,1,1,1,125,1652.391998
2170,1,1,1,1,1,20,122.4018265
2171,1,1,1,1,1,275.79236,1089.451677
2172,1,1,1,1,1,45,2998.488606
2173,1,1,1,1,1,4,1268.148799
2174,1,1,1,1,1,86,5343.232006
2175,1,1,1,1,1,267.208,16.59883098
2176,1,1,1,1,1,27,7.703901787
2177,1,1,1,1,1,79.07799,13.73223171
2178,1,1,1,1,1,540.8578,9.813491629
2179,1,1,1,1,1,749.5592,85.14931682
2180,1,1,1,1,1,53.792236,14.99857556
2181,1,1,1,1,1,87.701385,8.291580632
2182,1,1,1,1,1,16,20.63409602
2183,1,1,1,1,1,143.68842,10.08594348
2184,1,1,1,1,1,153,56.43553851
2185,1,1,1,1,1,73.974045,1377.29719
2186,1,1,1,1,1,357.22107,655.5664548
2187,1,1,1,1,1,66,4805.036219
2188,1,1,1,1,1,57.09096,492.4852164
2189,1,1,1,1,1,176.77925,990.1478259
2190,1,1,1,1,1,1032.8174,4456.727406
2191,1,1,1,1,1,0,82.04347202
2192,1,1,1,1,1,6,13.17452297
2193,1,1,1,1,1,5,11.34859671
2194,1,1,1,1,1,0,13.80644704
2195,1,1,1,1,1,403.3379,12.32647
2196,1,1,1,1,1,777.18695,4947.943933
2197,1,1,1,1,1,120.89617,129.4956205
2198,1,1,1,1,1,93.59745,60.45807
2199,1,1,1,1,1,490.1819,2577.51866
2200,1,1,1,1,1,409.6759,4333.419799
2201,1,1,1,1,1,124.974045,4561.748575
2202,1,1,1,1,1,3424.7852,1915.660264
2203,1,1,1,1,1,1313.6904,148.6514864
2204,1,1,1,1,1,207.18214,3409.363629
2205,1,1,1,1,1,174.3248,116.867895
2206,1,1,1,1,1,95.54553,2817.762933
2207,1,1,1,1,1,2744.0105,1534.360955
2208,1,1,1,1,1,13799.245,299.1540707
2209,1,1,1,1,1,130.18192,59.06636805
2210,1,1,1,1,1,568.98737,2505.579154
2211,1,1,1,1,1,1259.784,356.3758145
2212,1,1,1,1,1,106.53256,5962.009333
2213,1,1,1,1,1,411.46933,5013.188543
2214,1,1,1,1,1,685.89825,4127.966719
2215,1,1,1,1,1,815.45557,4391.47711
2216,1,1,1,1,1,103.103935,825.1382587
2217,1,1,1,1,1,302.3767,1432.085508
2218,1,1,1,1,1,716.7931,1041.114266
2219,1,1,1,1,1,311.11597,630.817597
2220,1,1,1,1,1,316.94818,158.2510029
2221,1,1,1,1,1,956.4166,8644.591645
2222,1,1,1,1,1,2194.133,5696.398449
2223,1,1,1,1,1,472.40442,1330.472284
2224,1,1,1,1,1,375.97162,1897.024208
2225,1,1,1,1,1,58.740326,7140.227263
2226,1,1,1,1,1,610.5985,5890.100261
2227,1,1,1,1,1,200,9453.874799
2228,1,1,1,1,1,4321.696,2724.772261
2229,1,1,1,1,1,297.6757,1544.944833
2230,1,1,1,1,1,226.76642,1218.092127
2231,1,1,1,1,1,523.6238,951.7062231
2232,1,1,1,1,1,161.83118,7733.923493
2233,1,1,1,1,1,196.33777,3677.112164
2234,1,1,1,1,1,155.28575,127.4953203
2235,1,1,1,1,1,19,24.21008668
2236,1,1,1,1,1,176.76102,30.16993674
2237,1,1,1,1,1,94.85696,14.6410179
2238,1,1,1,1,1,112.10405,8.114010483
2239,1,1,1,1,1,93.402664,17.01028129
2240,1,1,1,1,1,1400.0525,9.095502316
2241,1,1,1,1,1,35.441597,27.61130399
2242,1,1,1,1,1,2037.4341,21.27932792
2243,1,1,1,1,1,131.88295,11.15876215
2244,1,1,1,1,1,703.76013,17.96891044
2245,1,1,1,1,1,198.20305,20.44302248
2246,1,1,1,1,1,405.4265,20.8293568
2247,1,1,1,1,1,393.48874,91.98564482
2248,1,1,1,1,1,102.27026,74.79968775
2249,1,1,1,1,1,236.09418,2284.831928
2250,1,1,1,1,1,192.38979,9075.543579
2251,1,1,1,1,1,136.72734,1658.358084
2252,1,1,1,1,1,446.29892,3616.405157
2253,1,1,1,1,1,1208.209,11874.37851
2254,1,1,1,1,1,878.6082,49.65048724
2255,1,1,1,1,1,259.98224,3097.974709
2256,1,1,1,1,1,796.028,93.14343778
2257,1,1,1,1,1,1660.9338,5619.273777
2258,1,1,1,1,1,923.1747,463.8913838
2259,1,1,1,1,1,529.9951,504.668969
2260,1,1,1,1,1,2967.89,108.4060002
2261,1,1,1,1,1,775.5719,4413.319397
2262,1,1,1,1,1,244.3854,6.068026736
2263,1,1,1,1,1,501.8401,5.6564058
2264,1,1,1,1,1,472.50873,12.59243524
2265,1,1,1,1,1,495.58386,15.67444089
2266,1,1,1,1,1,283.4549,2838.822147
2267,1,1,1,1,1,420.89618,65.49167277
2268,1,1,1,1,1,2204.5793,1677.296241
2269,1,1,1,1,1,105.070656,4057.438015
2270,1,1,1,1,1,279.33054,4103.65047
2271,1,1,1,1,1,184.87921,4047.900033
2272,1,1,1,1,1,1327.5635,2409.793274
2273,1,1,1,1,1,2525.2566,5216.055966
2274,1,1,1,1,1,1559.1573,5143.616205
2275,1,1,1,1,1,1350.7975,1804.003472
2276,1,1,1,1,1,2607.355,2265.603429
2277,1,1,1,1,1,506.17023,6366.102139
2278,1,1,1,1,1,235.45192,2854.75273
2279,1,1,1,1,1,2003.5173,74.18396121
2280,1,1,1,1,1,502.68506,1626.721296
2281,1,1,1,1,1,1613.5813,2147.111697
2282,1,1,1,1,1,812.58105,39.79086876
2283,1,1,1,1,1,1392.7152,2307.076161
2284,1,1,1,1,1,897.59656,4982.902751
2285,1,1,1,1,1,394.18677,1981.425876
2286,1,1,1,1,1,127.92803,88.14001617
2287,1,1,1,1,1,298.378,97.0316617
2288,1,1,1,1,1,612.5885,15.97899937
2289,1,1,1,1,1,697.42145,6.843172314
2290,1,1,1,1,1,298.25903,6.10735323
2291,1,1,1,1,1,162.0697,8.745317028
2292,1,1,1,1,1,459.6617,15.14403155
2293,1,1,1,1,1,259.61667,17.05140589
2294,1,1,1,1,1,863.01324,12.67665991
2295,1,1,1,1,1,489.64258,12.22957502
2296,1,1,1,1,1,1392.5712,165.9487042
2297,1,1,1,1,1,905.4273,185.9546872
2298,1,1,1,1,1,613.2076,5.456905628
2299,1,1,1,1,1,1448.1245,10.12332367
2300,1,1,1,1,1,1310.5477,7.210032362
2301,1,1,1,1,1,1734.3572,7.29360707
2302,1,1,1,1,1,1722.599,11.4635591
2303,1,1,1,1,1,581.47516,14.19431197
2304,1,1,1,1,1,1351.8234,11.98789657
2305,1,1,1,1,1,815.24097,17.59511605
2306,1,1,1,1,1,2126.4917,5.961337195
2307,1,1,1,1,1,2402.0027,8.186238894
2308,1,1,1,1,1,3394.8599,16.73656614
2309,1,1,1,1,1,725.3448,8.894379691
2310,1,1,1,1,1,1009.6595,112.2797736
2311,1,1,1,1,1,7063.2104,125.6487405
2312,1,1,1,1,1,1305.9858,1583.501753
2313,1,1,1,1,1,339.14594,144.5827889
2314,1,1,1,1,1,2894.9788,128.875862
2315,1,1,1,1,1,259.76248,2593.685013
2316,1,1,1,1,1,3712.795,1422.310168
2317,1,1,1,1,1,630.9708,7041.495076
2318,1,1,1,1,1,286.83,5252.993362
2319,1,1,1,1,1,749.1591,1489.705674
2320,1,1,1,1,1,1469.1161,6596.631147
2321,1,1,1,1,1,475.5224,2919.929573
2322,1,1,1,1,1,1088.0212,4263.509048
2323,1,1,1,1,1,1242.9183,4307.241819
2324,1,1,1,1,1,707.3168,66.21677993
2325,1,1,1,1,1,719.74963,58.47475774
2326,1,1,1,1,1,709.92944,122.2440596
2327,1,1,1,1,1,1519.8176,3141.310347
2328,1,1,1,1,1,1197.4543,5625.249051
2329,1,1,1,1,1,633.5531,4551.17176
2330,1,1,1,1,1,1519.1531,6875.266055
2331,1,1,1,1,1,923.49426,526.0089833
2332,1,1,1,1,1,1055.7942,28.22754699
2333,1,1,1,1,1,828.5449,11.1570495
2334,1,1,1,1,1,3071.974,13.39868682
2335,1,1,1,1,1,3723.8599,8.345044531
2336,1,1,1,1,1,852.81647,118.5583169
2337,1,1,1,1,1,1656.6777,104.8923275
2338,1,1,1,1,1,1929.9558,105.8203828
2339,1,1,1,1,1,5363.146,1260.153293
2340,1,1,1,1,1,1,4549.107647
2341,1,1,1,1,1,3911.5056,2518.983143
2342,1,1,1,1,1,1691.7703,4569.512922
2343,1,1,1,1,1,2139.815,4724.025779
2344,1,1,1,1,1,5064.3706,2312.611499
2345,1,1,1,1,1,572.6072,1813.177555
2346,1,1,1,1,1,1609.24,1829.060421
2347,1,1,1,1,1,1971.1244,519.4457254
2348,1,1,1,1,1,4352.1255,5569.571904
2349,1,1,1,1,1,1431.7979,3340.107953
2350,1,1,1,1,1,1876.7139,3596.303252
2351,1,1,1,1,1,7153.169,552.9394717
2352,1,1,1,1,1,7427.4614,542.4302288
2353,1,1,1,1,1,2291.0693,7257.771379
2354,1,1,1,1,1,928.26086,15.21797699
2355,1,1,1,1,1,1942.6028,10.83790505
2356,1,1,1,1,1,3379.4707,17.4377604
2357,1,1,1,1,1,3640.9644,12.85234715
2358,1,1,1,1,1,3841.853,137.2380816
2359,1,1,1,1,1,669.68384,95.04194433
2360,1,1,1,1,1,4823.801,91.95766813
2361,1,1,1,1,1,678.1803,7950.314993
2362,1,1,1,1,1,1381.6332,71.71443757
2363,1,1,1,1,1,802.10724,125.3714338
2364,1,1,1,1,1,474.1581,1241.049697
2365,1,1,1,1,1,373.05115,78.01514647
2366,1,1,1,1,1,692.30206,1176.588208
2367,1,1,1,1,1,872.4358,6221.498979
2368,1,1,1,1,1,865.7588,4972.880446
2369,1,1,1,1,1,2104.3062,2134.367981
2370,1,1,1,1,1,94.784,6477.265889
2371,1,1,1,1,1,776.2792,2473.224612
2372,1,1,1,1,1,399.20807,4994.295887
2373,1,1,1,1,1,819.6821,74.3668181
2374,1,1,1,1,1,682.1562,3403.507845
2375,1,1,1,1,1,246.47305,1908.798953
2376,1,1,1,1,1,460.533,6816.549967
2377,1,1,1,1,1,770.9886,1768.668838
2378,1,1,1,1,1,533.7012,4210.7515
2379,1,1,1,1,1,364.67905,4882.691206
2380,1,1,1,1,1,1181.5068,5397.662871
2381,1,1,1,1,1,845.115,411.0680855
2382,1,1,1,1,1,3701.8691,77.29942666
2383,1,1,1,1,1,6474.0186,1510.906637
2384,1,1,1,1,1,6580.513,198.6033843
2385,1,1,1,1,1,10826.31,2331.701059
2386,1,1,1,1,1,10758.834,77.70503717
2387,1,1,1,1,1,6335.9917,2180.791022
2388,1,1,1,1,1,10217.129,1320.313684
2389,1,1,1,1,1,6007.963,4062.333225
2390,1,1,1,1,1,5037.087,438.4342567
2391,1,1,1,1,1,10494.98,5064.984927
2392,1,1,1,1,1,4607.358,6789.603044
2393,1,1,1,1,1,1708.487,4859.915634
2394,1,1,1,1,1,5747.5596,5925.325457
2395,1,1,1,1,1,20483.422,5127.716017
2396,1,1,1,1,1,145.11829,3281.7611
2397,1,1,1,1,1,465.12558,170.5797864
2398,1,1,1,1,1,205.06096,25.12666001
2399,1,1,1,1,1,1093.862,5.940862962
2400,1,1,1,1,1,352.9585,9.99748607
2401,1,1,1,1,1,389.25482,9.97638486
2402,1,1,1,1,1,932.6247,2998.715873
2403,1,1,1,1,1,1882.2476,8.315375132
2404,1,1,1,1,1,729.55066,477.7481446
2405,1,1,1,1,1,1698.8303,4222.738487
2406,1,1,1,1,1,1465.0804,83.878188
2407,1,1,1,1,1,2222.6099,1149.903511
2408,1,1,1,1,1,1016.875,95.34340806
2409,1,1,1,1,1,825.99243,284.1571304
2410,1,1,1,1,1,1765.6987,8.645873075
2411,1,1,1,1,1,1093.3896,8.558510179
2412,1,1,1,1,1,1547.8834,12.80348431
2413,1,1,1,1,1,860.60895,16.55451079
2414,1,1,1,1,1,1138.2438,10.49077551
2415,1,1,1,1,1,2548.7764,7.345815068
2416,1,1,1,1,1,1997.2295,1698.660987
2417,1,1,1,1,1,2772.0872,2795.640954
2418,1,1,1,1,1,961.57776,1242.103599
2419,1,1,1,1,1,1220.5793,4604.624044
2420,1,1,1,1,1,584.87354,5369.589542
2421,1,1,1,1,1,740.2122,7490.909335
2422,1,1,1,1,1,1735.0502,3431.512605
2423,1,1,1,1,1,733.6937,1038.112642
2424,1,1,1,1,1,703.3787,1101.735775
2425,1,1,1,1,1,268.27466,1595.648931
2426,1,1,1,1,1,3364.6738,2015.595127
2427,1,1,1,1,1,3248.608,1631.847394
2428,1,1,1,1,1,4555.675,3620.999683
2429,1,1,1,1,1,3471.76,907.9117184
2430,1,1,1,1,1,2653.2522,3300.957218
2431,1,1,1,1,1,5716.0615,1896.189515
2432,1,1,1,1,1,3166.121,1875.239029
2433,1,1,1,1,1,4825.5923,102.6289843
2434,1,1,1,1,1,2213.2488,1880.981757
2435,1,1,1,1,1,87.98212,29.61444148
2436,1,1,1,1,1,1992.7661,686.6913899
2437,1,1,1,1,1,8939.776,2902.329004
2438,1,1,1,1,1,4103.7085,1401.064423
2439,1,1,1,1,1,557.6781,55.3910912
2440,1,1,1,1,1,1980.2362,2759.060529
2441,1,1,1,1,1,1023.9723,755.5383011
2442,1,1,1,1,1,8175.2876,3044.611677
2443,1,1,1,1,1,2377.3005,2715.352607
2444,1,1,1,1,1,4520.136,14.58769969
2445,1,1,1,1,1,1834.7427,13.75459292
2446,1,1,1,1,1,3168.2744,8.270544506
2447,1,1,1,1,1,4809.038,19.48010773
2448,1,1,1,1,1,891.3062,4557.794517
2449,1,1,1,1,1,2893.2703,8.711068495
2450,1,1,1,1,1,5297.4893,9.588655423
2451,1,1,1,1,1,4307.4653,6.248208176
2452,1,1,1,1,1,3279.579,9.273650042
2453,1,1,1,1,1,2786.549,14.91867047
2454,1,1,1,1,1,739.6726,23.19074566
2455,1,1,1,1,1,535.247,20.07451135
2456,1,1,1,1,1,2010.7997,12.7558434
2457,1,1,1,1,1,2538.9844,66.74284272
2458,1,1,1,1,1,2923.8906,16.34215407
2459,1,1,1,1,1,4339.193,25.70572187
2460,1,1,1,1,1,1228.2606,7.653205333
2461,1,1,1,1,1,4735.958,20.13357826
2462,1,1,1,1,1,1665.5996,15.82502115
2463,1,1,1,1,1,1071.0764,9.00502553
2464,1,1,1,1,1,3480.0762,15.21204299
2465,1,1,1,1,1,2510.5698,15.88803847
2466,1,1,1,1,1,1679.7081,7.530188093
2467,1,1,1,1,1,3467.595,7.006041277
2468,1,1,1,1,1,1263.4487,21.81996452
2469,1,1,1,1,1,591.30634,19.91343911
2470,1,1,1,1,1,1714.364,116.6740009
2471,1,1,1,1,1,232.6494,546.0142945
2472,1,1,1,1,1,192.63966,2157.78902
2473,1,1,1,1,1,8338.922,3038.383939
2474,1,1,1,1,1,9293.374,5617.152966
2475,1,1,1,1,1,2010.6437,1962.577106
2476,1,1,1,1,1,15609.905,4084.592017
2477,1,1,1,1,1,0,2507.649997
2478,1,1,1,1,1,11880.354,4188.59827
2479,1,1,1,1,1,582.6616,1374.729704
2480,1,1,1,1,1,1174.146,755.5400745
2481,1,1,1,1,1,6362.1006,67.90961691
2482,1,1,1,1,1,561.44495,80.89027137
2484,1,1,1,1,1,1603.4645,1727.137534
2485,1,1,1,1,1,821.8229,1322.472055
2486,1,1,1,1,1,591.3884,3425.480555
2487,1,1,1,1,1,755.8381,51.36614321
2488,1,1,1,1,1,5203.437,68.63101573
2489,1,1,1,1,1,459.09708,64.55277925
2490,1,1,1,1,1,1361.2145,1472.556139
2491,1,1,1,1,1,519.0171,12216.03149
2492,1,1,1,1,1,683.6045,39.7875572
2493,1,1,1,1,1,1094.273,8524.918836
2494,1,1,1,1,1,2598.7424,573.4422314
2495,1,1,1,1,1,621.589,1301.652419
2496,1,1,1,1,1,7116.6445,919.0834729
2497,1,1,1,1,1,2117.2317,3179.41294
2498,1,1,1,1,1,5308.2544,2257.803906
2499,1,1,1,1,1,3417.7517,725.8608566
2500,1,1,1,1,1,4184.331,5527.016193
2501,1,1,1,1,1,5668.622,97.72151329
2502,1,1,1,1,1,364.99786,13.13638892
2503,1,1,1,1,1,4424.559,14.18573365
2504,1,1,1,1,1,627.3784,8.935003173
2505,1,1,1,1,1,645.64966,23.4345618
2506,1,1,1,1,1,324.92346,50.14161018
2507,1,1,1,1,1,335.50864,18.29502091
2508,1,1,1,1,1,1613.6165,19.10957965
2509,1,1,1,1,1,2793.13,21.39441712
2510,1,1,1,1,1,3939.2314,11.39440244
2511,1,1,1,1,1,3145.012,13.18281899
2512,1,1,1,1,1,2763.1729,10.05863522
2513,1,1,1,1,1,0,7.392640041
2514,1,1,1,1,1,0,1064.620025
2515,1,1,1,1,1,0,6.730085902
2516,1,1,1,1,1,0,11.3126497
2517,1,1,1,1,1,0,10.82124561
2518,1,1,1,1,1,0,45.90560494
2519,1,1,1,1,1,0,100.4174847
2520,1,1,1,1,1,0,26.80135051
2521,1,1,1,1,1,0,5478.187937
2522,1,1,1,1,1,0,6.715219016
2523,1,1,1,1,1,0,10.12902976
2524,1,1,1,1,1,0,10.19962826
2525,1,1,1,1,1,0,13.07716716
2526,1,1,1,1,1,0,8.141018183
2527,1,1,1,1,1,0,18.62662935
2528,1,1,1,1,1,0,5440.030977
2529,1,1,1,1,1,0,104.3604685
2530,1,1,1,1,1,0,4615.742897
2531,1,1,1,1,1,0,2449.57958
2532,1,1,1,1,1,0,2095.359951
2533,1,1,1,1,1,0,110.8529211
2534,1,1,1,1,1,0,15.28467595
2535,1,1,1,1,1,0,7.380185719
2536,1,1,1,1,1,42,11.37289384
2537,1,1,1,1,1,7,4075.828757
2538,1,1,1,1,1,185,2551.136669
2539,1,1,1,1,1,48,7.36017842
2540,1,1,1,1,1,28,7.857917305
2541,1,1,1,1,1,15,8.401896103
2542,1,1,1,1,1,41,23.1889971
2543,1,1,1,1,1,2,81.68729599
2544,1,1,1,1,1,61,7.206852506
2545,1,1,1,1,1,2,22.20781825
2546,1,1,1,1,1,0,15.88384526
2547,1,1,1,1,1,0,1167.154345
2548,1,1,1,1,1,12,634.9898085
2549,1,1,1,1,1,0,74.58734311
2550,1,1,1,1,1,0,7.324144596
2551,1,1,1,1,1,31,8.717169291
2552,1,1,1,1,1,0,6.04090943
2553,1,1,1,1,1,0,7.439798216
2554,1,1,1,1,1,0,7.464468339
2555,1,1,1,1,1,0,952.5977801
2556,1,1,1,1,1,0,8.396387413
2557,1,1,1,1,1,0,236.9867197
2558,1,1,1,1,1,0,5.529415791
2559,1,1,1,1,1,0,17.55086551
2560,1,1,1,1,1,0,11.87725306
2561,1,1,1,1,1,0,75.26779283
2562,1,1,1,1,1,0,426.4382139
2563,1,1,1,1,1,0,973.8135019
2564,1,1,1,1,1,0,241.4198067
2565,1,1,1,1,1,57,327.4605961
2566,1,1,1,1,1,56,12.46801574
2567,1,1,1,1,1,3,8.710383529
2568,1,1,1,1,1,2,12.59458866
2569,1,1,1,1,1,2,11.37199838
2570,1,1,1,1,1,8,1350.126673
2571,1,1,1,1,1,46,5.471058125
2572,1,1,1,1,1,15,1185.709818
2573,1,1,1,1,1,56,77.97135082
2574,1,1,1,1,1,17,2015.627553
2575,1,1,1,1,1,0,361.0836238
2576,1,1,1,1,1,0,442.2720696
2577,1,1,1,1,1,3,3211.320956
2578,1,1,1,1,1,3,8.845905518
2579,1,1,1,1,1,0,9.851946357
2580,1,1,1,1,1,77,1230.524305
2581,1,1,1,1,1,6,8.098005896
2582,1,1,1,1,1,22,4137.111535
2583,1,1,1,1,1,2,8.61269007
2584,1,1,1,1,1,71,7.288032079
2585,1,1,1,1,1,0,25.1906444
2586,1,1,1,1,1,4,8.727528431
2587,1,1,1,1,1,45,1077.660681
2588,1,1,1,1,1,15,21.88910252
2589,1,1,1,1,1,42,19.54467757
2590,1,1,1,1,1,70,5.641200922
2591,1,1,1,1,1,11,8.660590129
2592,1,1,1,1,1,92,9.267111936
2593,1,1,1,1,1,77,5.070488588
2594,1,1,1,1,1,81,91.10800984
2595,1,1,1,1,1,56,519.5653496
2596,1,1,1,1,1,0,6428.723137
2597,1,1,1,1,1,0,231.0714099
2598,1,1,1,1,1,168,2226.161174
2599,1,1,1,1,1,0,2873.703125
2600,1,1,1,1,1,0,74.27450134
2601,1,1,1,1,1,0,506.1907729
2602,1,1,1,1,1,248,88.58107142
2603,1,1,1,1,1,787,99.65963711
2604,1,1,1,1,1,0,104.9908804
2605,1,1,1,1,1,21,26.51298397
2606,1,1,1,1,1,74,19.87276832
2607,1,1,1,1,1,0,6.98725341
2608,1,1,1,1,1,66,15.31863654
2609,1,1,1,1,1,439,144.5265435
2610,1,1,1,1,1,825,110.9765081
2611,1,1,1,1,1,479,115.4369718
2612,1,1,1,1,1,97,26.21018368
2613,1,1,1,1,1,192,36.22576826
2614,1,1,1,1,1,81,9.224321613
2615,1,1,1,1,1,431,12.61519361
2616,1,1,1,1,1,249,8.874606139
2617,1,1,1,1,1,1221,7.770196662
2618,1,1,1,1,1,0,12.36611996
2619,1,1,1,1,1,0,13.57741138
2620,1,1,1,1,1,896,16.39068345
2621,1,1,1,1,1,398,1452.979402
2622,1,1,1,1,1,339,13.61987329
2623,1,1,1,1,1,250,4.82337515
2624,1,1,1,1,1,191,7.473535857
2625,1,1,1,1,1,1605,6.285468883
2626,1,1,1,1,1,2003,7.307139451
2627,1,1,1,1,1,621,16.15656571
2628,1,1,1,1,1,1239,19.38986062
2629,1,1,1,1,1,1660,21.85966954
2630,1,1,1,1,1,97,5.936479055
2631,1,1,1,1,1,1193,16.84282217
2632,1,1,1,1,1,3100,8.362173375
2633,1,1,1,1,1,1288,21.61387368
2634,1,1,1,1,1,918,20.99178102
2635,1,1,1,1,1,1465,10.82752887
2636,1,1,1,1,1,531,7.606573805
2637,1,1,1,1,1,1749,6.827595914
2638,1,1,1,1,1,1799,5.658068318
2639,1,1,1,1,1,1048,11.42576342
2640,1,1,1,1,1,1486,20.50293198
2641,1,1,1,1,1,431,5.945496938
2642,1,1,1,1,1,6,12.5495727
2643,1,1,1,1,1,2224,998.9933441
2644,1,1,1,1,1,1720,10.42878572
2645,1,1,1,1,1,234,6.383826571
2646,1,1,1,1,1,1114,13.9997971
2647,1,1,1,1,1,1993,14.26985053
2648,1,1,1,1,1,1882,9.096119682
2649,1,1,1,1,1,1766,9.978991695
2650,1,1,1,1,1,952,858.6580538
2651,1,1,1,1,1,1354,26.20488789
2652,1,1,1,1,1,1411,12.66625858
2653,1,1,1,1,1,1161,22.99050565
2654,1,1,1,1,1,1554,11.20446467
2655,1,1,1,1,1,320,10.15676987
2656,1,1,1,1,1,819,8.404827251
2657,1,1,1,1,1,456,7.627636624
2658,1,1,1,1,1,603,10.48764858
2659,1,1,1,1,1,1108,513.866379
2660,1,1,1,1,1,842,6.480546855
2661,1,1,1,1,1,364,10.35564422
2662,1,1,1,1,1,1221,6.263305873
2663,1,1,1,1,1,54,6.459323438
2664,1,1,1,1,1,390,5.569447252
2665,1,1,1,1,1,227,19.04344339
2666,1,1,1,1,1,670,436.0824212
2667,1,1,1,1,1,5547,532.457631
2668,1,1,1,1,1,1008,128.6638446
2669,1,1,1,1,1,0,5.716371537
2670,1,1,1,1,1,504,6.030594498
2671,1,1,1,1,1,1588,8.177479739
2672,1,1,1,1,1,23,15.40010056
2673,1,1,1,1,1,7149,20.9003882
2674,1,1,1,1,1,843,58.31936921
2675,1,1,1,1,1,3030,10.88311649
2676,1,1,1,1,1,1429,7.480146369
2677,1,1,1,1,1,4399,52.1452403
2678,1,1,1,1,1,5330,11.65583649
2679,1,1,1,1,1,10903,11.43055216
2680,1,1,1,1,1,5681,165.2569094
2681,1,1,1,1,1,963,6.929811329
2682,1,1,1,1,1,1415,16.66012169
2683,1,1,1,1,1,520,67.73588023
2684,1,1,1,1,1,0,67.85917017
2685,1,1,1,1,1,4857,12.4260172
2686,1,1,1,1,1,2057,4.847688871
2687,1,1,1,1,1,2188,130.0172558
2688,1,1,1,1,1,3066,7.373804081
2689,1,1,1,1,1,1127,6.050007117
2690,1,1,1,1,1,1671,8.974046246
2691,1,1,1,1,1,1703,6.203032408
2692,1,1,1,1,1,892,235.6246968
2693,1,1,1,1,1,337,111.7509261
2694,1,1,1,1,1,2762,11.68682985
2695,1,1,1,1,1,1989,19.42846792
2696,1,1,1,1,1,3366,10.09087103
2697,1,1,1,1,1,2593,7.912306512
2698,1,1,1,1,1,3591,35.86159827
2699,1,1,1,1,1,1354,28.40148317
2700,1,1,1,1,1,2112,13.35554458
2701,1,1,1,1,1,1680,15.07568254
2702,1,1,1,1,1,556,7.453669941
2703,1,1,1,1,1,737,6.808743071
2704,1,1,1,1,1,10747,15.98104836
2705,1,1,1,1,1,5099,9.029055612
2706,1,1,1,1,1,1372,19.98271672
2707,1,1,1,1,1,393,9.747747096
2708,1,1,1,1,1,1860,6.541683356
2709,1,1,1,1,1,3976,9.273910638
2710,1,1,1,1,1,1636,5.807348154
2711,1,1,1,1,1,884,7.213467533
2712,1,1,1,1,1,2510,5.999552681
2713,1,1,1,1,1,1675,5.97615435
2714,1,1,1,1,1,1634,6.411497356
2715,1,1,1,1,1,481,8.189958663
2716,1,1,1,1,1,1301,9.99193997
2717,1,1,1,1,1,1376,8.400046703
2718,1,1,1,1,1,796,5.868969156
2719,1,1,1,1,1,894,7.64733889
2720,1,1,1,1,1,290,10.38379712
2721,1,1,1,1,1,83,10.95565171
2722,1,1,1,1,1,76,7.539530783
2723,1,1,1,1,1,287,29.5912926
2724,1,1,1,1,1,571,8.338765789
2725,1,1,1,1,1,57,21.32981447
2726,1,1,1,1,1,111,16.03459835
2727,1,1,1,1,1,459,6.200717518
2728,1,1,1,1,1,216,10.08689139
2729,1,1,1,1,1,273,7.337616051
2730,1,1,1,1,1,135,22.18003944
2731,1,1,1,1,1,96,17.35833199
2732,1,1,1,1,1,342,8.04754263
2733,1,1,1,1,1,136,1.255567025
2734,1,1,1,1,1,74,3.252769485
2735,1,1,1,1,1,260,2.549115353
2736,1,1,1,1,1,523,2.096584568
2737,1,1,1,1,1,1134,13.09623733
2738,1,1,1,1,1,125,8.979865844
2739,1,1,1,1,1,400,17.46067821
2740,1,1,1,1,1,101,24.03683529
2741,1,1,1,1,1,348,11.7250812
2742,1,1,1,1,1,492,12.58784137
2743,1,1,1,1,1,357,8.381839901
2744,1,1,1,1,1,474,6.819652915
2745,1,1,1,1,1,317,62.72853161
2746,1,1,1,1,1,722,6.412119899
2747,1,1,1,1,1,210,7.626226586
2748,1,1,1,1,1,48,16.8149058
2749,1,1,1,1,1,130,25.03125388
2750,1,1,1,1,1,634,107.2241892
2751,1,1,1,1,1,241,66.6647974
2752,1,1,1,1,1,602,10.77408094
2753,1,1,1,1,1,602,6.102845187
2754,1,1,1,1,1,3824,2.464325752
2755,1,1,1,1,1,71,7.208679479
2756,1,1,1,1,1,376,64.5747771
2757,1,1,1,1,1,1105,2.836956319
2758,1,1,1,1,1,14,3.789306667
2759,1,1,1,1,1,177,5.270386344
2760,1,1,1,1,1,282,9.626511156
2761,1,1,1,1,1,79,7.720480382
2762,1,1,1,1,1,515,19.19490859
2763,1,1,1,1,1,196,6.5694403
2764,1,1,1,1,1,116,29.70440584
2765,1,1,1,1,1,742,30.66124528
2766,1,1,1,1,1,1056,10.03823367
2767,1,1,1,1,1,285,39.53682277
2768,1,1,1,1,1,184,25.4266108
2769,1,1,1,1,1,675,7.979908657
2770,1,1,1,1,1,786,14.29009985
2771,1,1,1,1,1,496,7.608254252
2772,1,1,1,1,1,279,8.700169902
2773,1,1,1,1,1,204,9.856489427
2774,1,1,1,1,1,0,7.818191329
2775,1,1,1,1,1,1684,7.201670309
2776,1,1,1,1,1,8,10.47180378
2777,1,1,1,1,1,440,58.64642481
2778,1,1,1,1,1,1205,3.967319025
2779,1,1,1,1,1,20,14.63267549
2780,1,1,1,1,1,1028,6.506615704
2781,1,1,1,1,1,440,14.32555287
2782,1,1,1,1,1,367,52.40055398
2783,1,1,1,1,1,611,6.566674111
2784,1,1,1,1,1,550,1.62150189
2785,1,1,1,1,1,54,2.773470235
2786,1,1,1,1,1,143,2.21171391
2787,1,1,1,1,1,127,2.20002345
2788,1,1,1,1,1,29,10.20938865
2789,1,1,1,1,1,141,2.02596657
2790,1,1,1,1,1,63,1.961289626
2791,1,1,1,1,1,165,2.639318852
2792,1,1,1,1,1,276,1.420053773
2793,1,1,1,1,1,64,13.04405514
2794,1,1,1,1,1,643,12.1206466
2795,1,1,1,1,1,553,9.958958707
2796,1,1,1,1,1,32,7.570311103
2797,1,1,1,1,1,132,13.12062629
2798,1,1,1,1,1,959,12.86885785
2799,1,1,1,1,1,91,6.405031594
2800,1,1,1,1,1,173,12.34894363
2801,1,1,1,1,1,18,11.17167154
2802,1,1,1,1,1,41,8.200885786
2803,1,1,1,1,1,221,4.040065916
2804,1,1,1,1,1,793,8.534795941
2805,1,1,1,1,1,54,10.63753227
2806,1,1,1,1,1,19,2.444117419
2807,1,1,1,1,1,121,2.715154959
2808,1,1,1,1,1,668,3.679994613
2809,1,1,1,1,1,146,2.09396293
2810,1,1,1,1,1,348,8.434476543
2811,1,1,1,1,1,5,3.357457509
2812,1,1,1,1,1,0,1.756263802
2813,1,1,1,1,1,112,3.265606077
2814,1,1,1,1,1,0,2.832824723
2815,1,1,1,1,1,60,8.00080971
2816,1,1,1,1,1,13,10.42548962
2817,1,1,1,1,1,48,5.205030853
2818,1,1,1,1,1,1040,5.984653442
2819,1,1,1,1,1,289,10.92773514
2820,1,1,1,1,1,190,8.698749387
2821,1,1,1,1,1,508,8.727193808
2822,1,1,1,1,1,0,9.003357162
2823,1,1,1,1,1,19,12.9623546
2824,1,1,1,1,1,728.76556,7.633538791
2825,1,1,1,1,1,64,9.900003064
2826,1,1,1,1,1,544.3491,11.5633271
2827,1,1,1,1,1,43,7.522048773
2828,1,1,1,1,1,103,157.7054486
2829,1,1,1,1,1,164.10652,13.68271892
2830,1,1,1,1,1,36.875656,17.56479367
2831,1,1,1,1,1,5.9213204,9.103931523
2832,1,1,1,1,1,22.217457,9.439519202
2833,1,1,1,1,1,0,15.33711968
2834,1,1,1,1,1,184.84541,18.90492275
2835,1,1,1,1,1,98,7.524736368
2836,1,1,1,1,1,97,8.012673239
2837,1,1,1,1,1,343.52737,90.58533994
2838,1,1,1,1,1,19.681213,7.046935958
2839,1,1,1,1,1,61,8.873580595
2840,1,1,1,1,1,45.526627,30.91524319
2841,1,1,1,1,1,144.21745,11.13136023
2842,1,1,1,1,1,0,25.04097809
2843,1,1,1,1,1,37,19.25768154
2844,1,1,1,1,1,315.6839,14.92226187
2845,1,1,1,1,1,5237.2686,6.258084827
2846,1,1,1,1,1,642.49335,30.14635961
2847,1,1,1,1,1,215.2759,7.133609207
2848,1,1,1,1,1,13,9.621313096
2849,1,1,1,1,1,330.20258,6.166922478
2850,1,1,1,1,1,221.814,21.35956022
2851,1,1,1,1,1,366.47015,9.190438051
2852,1,1,1,1,1,47.08886,12.13831461
2853,1,1,1,1,1,386.0784,7.373273138
2854,1,1,1,1,1,21,15.05672334
2855,1,1,1,1,1,44.526627,8.721409462
2856,1,1,1,1,1,281.68036,7.348772647
2857,1,1,1,1,1,234.4253,0.218006575
2858,1,1,1,1,1,653.9602,2.134441095
2859,1,1,1,1,1,235.59024,1.959840764
2860,1,1,1,1,1,332.11682,0.293300159
2861,1,1,1,1,1,110.08173,25.0123953
2862,1,1,1,1,1,193.34422,19.62188041
2863,1,1,1,1,1,172.88582,9.763746662
2864,1,1,1,1,1,325.37723,9.249249142
2865,1,1,1,1,1,240.05325,24.30008198
2866,1,1,1,1,1,167.2707,26.55409533
2867,1,1,1,1,1,290.31396,14.13930249
2868,1,1,1,1,1,821.6114,4.017290574
2869,1,1,1,1,1,419.4468,6.139638267
2870,1,1,1,1,1,105,1.810812981
2871,1,1,1,1,1,89,1.705498893
2872,1,1,1,1,1,172.81573,6.568608542
2873,1,1,1,1,1,221.16754,10.10197709
2874,1,1,1,1,1,290.43658,7.965719717
2875,1,1,1,1,1,59,9.222153794
2876,1,1,1,1,1,476.92413,2.475619808
2877,1,1,1,1,1,155.26524,3.665852733
2878,1,1,1,1,1,46,2.284673047
2879,1,1,1,1,1,2.5362427,3.241662553
2880,1,1,1,1,1,2,9.273599267
2881,1,1,1,1,1,329.42438,3.336024355
2882,1,1,1,1,1,745.4764,3.488205777
2883,1,1,1,1,1,314.60974,1.84713171
2884,1,1,1,1,1,171.5838,2.739656757
2885,1,1,1,1,1,61.639618,9.686785929
2886,1,1,1,1,1,242.64276,18.30284887
2887,1,1,1,1,1,248.18417,15.21901873
2888,1,1,1,1,1,2178.7334,6.632547739
2889,1,1,1,1,1,291.73257,6.248328309
2890,1,1,1,1,1,27,2.039818316
2891,1,1,1,1,1,116.1879,3.07606979
2892,1,1,1,1,1,76.16754,26.19546558
2893,1,1,1,1,1,169.78432,7.507377416
2894,1,1,1,1,1,0.9213205,14.20056582
2895,1,1,1,1,1,151.04318,32.39931404
2896,1,1,1,1,1,110.71829,32.23450784
2897,1,1,1,1,1,86.33721,3.551733421
2898,1,1,1,1,1,55.3249,2.435515807
2899,1,1,1,1,1,57.76396,1.512321534
2900,1,1,1,1,1,97.61207,2.008457316
2901,1,1,1,1,1,297.41376,2.812008202
2902,1,1,1,1,1,318.55847,2.427643531
2903,1,1,1,1,1,219.42853,1.847535493
2904,1,1,1,1,1,258.47412,2.058762981
2905,1,1,1,1,1,186.4807,2.759007978
2906,1,1,1,1,1,124.469604,3.075899147
2907,1,1,1,1,1,170.25148,1.704949159
2908,1,1,1,1,1,141.86707,1.198719907
2909,1,1,1,1,1,124.52663,17.43159935
2910,1,1,1,1,1,158.2724,7.231843171
2911,1,1,1,1,1,114.66244,2.92165971
2912,1,1,1,1,1,122.852806,3.153883516
2913,1,1,1,1,1,175,3.468746189
2914,1,1,1,1,1,1148.1238,1.626774672
2915,1,1,1,1,1,11,12.64324824
2916,1,1,1,1,1,183.20784,11.6907027
2917,1,1,1,1,1,82.842636,7.617452811
2918,1,1,1,1,1,332.1886,8.168507578
2919,1,1,1,1,1,293.5244,1.186773971
2920,1,1,1,1,1,216.8358,1.852364408
2921,1,1,1,1,1,753.0636,1.208446556
2922,1,1,1,1,1,157.54831,1.129638614
2923,1,1,1,1,1,329.57895,2.274274788
2924,1,1,1,1,1,162.60413,2.15979401
2925,1,1,1,1,1,304.93933,1.199791544
2926,1,1,1,1,1,301.25412,1.974029126
2927,1,1,1,1,1,654.45496,2.001542722
2928,1,1,1,1,1,575.049,2.563871234
2929,1,1,1,1,1,321.92654,2.018156283
2930,1,1,1,1,1,700.1151,3.225527712
2931,1,1,1,1,1,607.7617,7.778907168
2932,1,1,1,1,1,469.20163,13.58115259
2933,1,1,1,1,1,180.27661,7.910229723
2934,1,1,1,1,1,221.98938,9.978543113
2935,1,1,1,1,1,131.71756,11.39908243
2936,1,1,1,1,1,252.27182,1.299427338
2937,1,1,1,1,1,190.78671,3.856646783
2938,1,1,1,1,1,219.52927,0
2939,1,1,1,1,1,131.00958,0
2940,1,1,1,1,1,357.2612,9.204787711
2941,1,1,1,1,1,99.361176,11.77606807
2942,1,1,1,1,1,172.75089,14.48580872
2943,1,1,1,1,1,138.71756,10.00927922
2944,1,1,1,1,1,101.747345,3.536210005
2945,1,1,1,1,1,177.9798,1.468468171
2946,1,1,1,1,1,305.3112,1.946796078
2947,1,1,1,1,1,497.48886,2.292511538
2948,1,1,1,1,1,244.15733,1.614429217
2949,1,1,1,1,1,0,10.31429432
2950,1,1,1,1,1,0,10.09781937
2951,1,1,1,1,1,189.48248,5.388622968
2952,1,1,1,1,1,85.287125,4.154257105
2953,1,1,1,1,1,107.43303,13.22799386
2954,1,1,1,1,1,56.871277,10.95708551
2955,1,1,1,1,1,214.4325,6.956932656
2956,1,1,1,1,1,165.3617,14.42408337
2957,1,1,1,1,1,53,18.09552918
2958,1,1,1,1,1,574.3323,5.913941209
2959,1,1,1,1,1,772.0912,7.917519455
2960,1,1,1,1,1,244.9596,7.280471042
2961,1,1,1,1,1,27,3.362322139
2962,1,1,1,1,1,19.143822,0.776821885
2963,1,1,1,1,1,36,0.515630321
2964,1,1,1,1,1,221.5635,1.593827017
2965,1,1,1,1,1,50.714954,1.320442293
2966,1,1,1,1,1,151,1.734656903
2967,1,1,1,1,1,79.42991,1.371495505
2968,1,1,1,1,1,0,1.489773597
2969,1,1,1,1,1,0,2.708524237
2970,1,1,1,1,1,144,579.3630826
2971,1,1,1,1,1,227.73314,91.81179079
2972,1,1,1,1,1,32,24.8785608
2973,1,1,1,1,1,20.286606,11.77960841
2974,1,1,1,1,1,145,10.36364106
2975,1,1,1,1,1,71.84253,87.26264026
2976,1,1,1,1,1,217.41084,480.2701833
2977,1,1,1,1,1,253.52927,49.23803015
2978,1,1,1,1,1,345.69736,135.5573418
2979,1,1,1,1,1,112.36597,156.4053359
2980,1,1,1,1,1,308.35056,1252.357991
2981,1,1,1,1,1,299.2314,525.4860479
2982,1,1,1,1,1,8.286085,11.35822582
2983,1,1,1,1,1,53.806915,6.445612974
2984,1,1,1,1,1,35.42939,684.7817864
2985,1,1,1,1,1,37.857216,9.643851464
2986,1,1,1,1,1,214.44449,37.91401379
2987,1,1,1,1,1,305.6588,64.15470074
2988,1,1,1,1,1,153.2944,8.867770413
2989,1,1,1,1,1,166.43875,26.25860657
2990,1,1,1,1,1,39,7.157653563
2991,1,1,1,1,1,66.28868,13.63241176
2992,1,1,1,1,1,218.43407,68.0397402
2993,1,1,1,1,1,100,147.5393917
2994,1,1,1,1,1,102.286606,456.119912
2995,1,1,1,1,1,119.43355,11.29244964
2996,1,1,1,1,1,181.27182,17.17786191
2997,1,1,1,1,1,290.87274,19.70050795
2998,1,1,1,1,1,74.002594,668.8327543
2999,1,1,1,1,1,139.8165,108.4828141
3000,1,1,1,1,1,216.16891,79.55340706
3001,1,1,1,1,1,250.72377,36.16950216
3002,1,1,1,1,1,192.43355,8.883441112
3003,1,1,1,1,1,370.1526,16.11630374
3004,1,1,1,1,1,205.00882,15.40179803
3005,1,1,1,1,1,10,6.224938541
3006,1,1,1,1,1,4,6.578915549
3007,1,1,1,1,1,1195.2416,8.56787189
3008,1,1,1,1,1,13.429388,8.642638205
3009,1,1,1,1,1,31,13.57726127
3010,1,1,1,1,1,43,8.97375261
3011,1,1,1,1,1,128,6.159970668
3012,1,1,1,1,1,149,7.339861779
3013,1,1,1,1,1,24,5.085021928
3014,1,1,1,1,1,2,7.494847525
3015,1,1,1,1,1,38.143303,1118.87638
3016,1,1,1,1,1,29,233.6602756
3017,1,1,1,1,1,164.14435,101.6614654
3018,1,1,1,1,1,154,1795.859729
3019,1,1,1,1,1,57.858257,210.6183276
3020,1,1,1,1,1,41,7.261093343
3021,1,1,1,1,1,217.29388,75.15764727
3022,1,1,1,1,1,40.858776,11.86779388
3023,1,1,1,1,1,89,16.63464105
3024,1,1,1,1,1,52,7.157029516
3025,1,1,1,1,1,1.7144343,7.830604715
3026,1,1,1,1,1,198.29129,7.251852918
3027,1,1,1,1,1,882.6242,8.512512347
3028,1,1,1,1,1,176.57425,8.093919223
3029,1,1,1,1,1,348.15683,15.72216857
3030,1,1,1,1,1,375.44815,10.95950305
3031,1,1,1,1,1,274.58258,6.97764088
3032,1,1,1,1,1,253.57895,12.60999508
3033,1,1,1,1,1,58.860855,10.29517631
3034,1,1,1,1,1,41,133.374086
3035,1,1,1,1,1,94,23.76712564
3036,1,1,1,1,1,30,5.44162118
3037,1,1,1,1,1,114.71703,24.92921457
3038,1,1,1,1,1,93.434586,10.39145928
3039,1,1,1,1,1,441.92398,8.026974377
3040,1,1,1,1,1,886.0408,9.799042611
3041,1,1,1,1,1,296,10.78709892
3042,1,1,1,1,1,238.5727,17.87171279
3043,1,1,1,1,1,151.14487,11.39193453
3044,1,1,1,1,1,84,2.936347255
3045,1,1,1,1,1,71,1.571237272
3046,1,1,1,1,1,69.00104,2.621601286
3047,1,1,1,1,1,252.5727,1.794112762
3048,1,1,1,1,1,186.08685,10.17626181
3049,1,1,1,1,1,44,0.90630984
3050,1,1,1,1,1,290.00208,1.135980483
3051,1,1,1,1,1,203.57843,1.34255719
3052,1,1,1,1,1,25,1.953943956
3053,1,1,1,1,1,0,10.28046885
3054,1,1,1,1,1,628.7566,15.46361248
3055,1,1,1,1,1,241.58519,4.812860502
3056,1,1,1,1,1,57,5.297943376
3057,1,1,1,1,1,154.8598,11.95857316
3058,1,1,1,1,1,51.57321,3.098760932
3059,1,1,1,1,1,176.8593,3.752134479
3060,1,1,1,1,1,1009.74536,2.503432619
3061,1,1,1,1,1,165.1633,1.599185035
3062,1,1,1,1,1,205.00104,9.152931206
3063,1,1,1,1,1,830.7659,4.948780348
3064,1,1,1,1,1,176,123.3479707
3065,1,1,1,1,1,18,30.1810718
3066,1,1,1,1,1,59,1.347208851
3067,1,1,1,1,1,27,9.57137628
3068,1,1,1,1,1,166.4697,12.68385225
3069,1,1,1,1,1,124.14382,7.962967046
3070,1,1,1,1,1,145.5779,10.84600982
3071,1,1,1,1,1,196.86087,8.009414852
3072,1,1,1,1,1,157.43094,6.862609635
3073,1,1,1,1,1,84.57529,8.990728955
3074,1,1,1,1,1,108.43095,15.88077131
3075,1,1,1,1,1,198.14644,4.704347981
3076,1,1,1,1,1,212.57529,4.556878247
3077,1,1,1,1,1,239.5727,5.559316691
3078,1,1,1,1,1,70.85878,3.610270788
3079,1,1,1,1,1,4,8.399659247
3080,1,1,1,1,1,312,7.070966619
3081,1,1,1,1,1,152,7.505587319
3082,1,1,1,1,1,0,5.417094209
3083,1,1,1,1,1,270.57217,16.89773923
3084,1,1,1,1,1,57.858257,13.32970507
3085,1,1,1,1,1,276.7176,8.628771214
3086,1,1,1,1,1,95,6.894171461
3087,1,1,1,1,1,79,7.078195293
3088,1,1,1,1,1,101,7.252702032
3089,1,1,1,1,1,105.287125,9.608696614
3090,1,1,1,1,1,281.43408,12.65120596
3091,1,1,1,1,1,87.43043,10.66496704
3092,1,1,1,1,1,17,9.123016069
3093,1,1,1,1,1,271.29803,31.18868369
3094,1,1,1,1,1,232.00676,24.64775916
3095,1,1,1,1,1,21,11.15652696
3096,1,1,1,1,1,211,14.90849772
3097,1,1,1,1,1,267.57477,6.775436451
3098,1,1,1,1,1,101.14746,14.92030558
3099,1,1,1,1,1,13,24.45113854
3100,1,1,1,1,1,81.1433,9.075046474
3101,1,1,1,1,1,913.1797,6.404046251
3102,1,1,1,1,1,504.55685,7.218144197
3103,1,1,1,1,1,285.2493,8.661286335
3104,1,1,1,1,1,33,19.03694237
3105,1,1,1,1,1,156,10.40816791
3106,1,1,1,1,1,78,8.008931884
3107,1,1,1,1,1,71,26.34146488
3108,1,1,1,1,1,57,7.318570209
3109,1,1,1,1,1,69,12.64822115
3110,1,1,1,1,1,8,10.33395194
3111,1,1,1,1,1,84,7.880837745
3112,1,1,1,1,1,37,23.38807599
3113,1,1,1,1,1,50.571648,5.321036692
3114,1,1,1,1,1,93.79494,2.041021704
3115,1,1,1,1,1,81,2.242896181
3116,1,1,1,1,1,200.74255,2.017954571
3117,1,1,1,1,1,297,7.52645169
3118,1,1,1,1,1,0,19.07970739
3119,1,1,1,1,1,942.9389,10.46147669
3120,1,1,1,1,1,902.3301,7.199761679
3121,1,1,1,1,1,531.1333,10.56859112
3122,1,1,1,1,1,937.7798,6.466595301
3123,1,1,1,1,1,519.3411,9.553738907
3124,1,1,1,1,1,667.4345,17.4591875
3125,1,1,1,1,1,405.20108,20.98375677
3126,1,1,1,1,1,375.47083,8.51959975
3127,1,1,1,1,1,674.06384,11.5640873
3128,1,1,1,1,1,640.42084,7.937871735
3129,1,1,1,1,1,373.57794,7.076626713
3130,1,1,1,1,1,583.2759,6.913096781
3131,1,1,1,1,1,454.31116,8.287431861
3132,1,1,1,1,1,668.98096,7.536952957
3133,1,1,1,1,1,340.12677,9.922084075
3134,1,1,1,1,1,520.7976,9.07465806
3135,1,1,1,1,1,187.62796,56.81851679
3136,1,1,1,1,1,251.74359,7.64474278
3137,1,1,1,1,1,628.2188,6.446285376
3138,1,1,1,1,1,290.27924,95.31428528
3139,1,1,1,1,1,258.9527,403.0339449
3140,1,1,1,1,1,576.66547,35.72097336
3141,1,1,1,1,1,429.84174,110.5322036
3142,1,1,1,1,1,530.5732,302.2380883
3143,1,1,1,1,1,949.4595,455.4049966
3144,1,1,1,1,1,183.73534,1542.258058
3145,1,1,1,1,1,720.9871,102.4367664
3146,1,1,1,1,1,756.7403,97.62043369
3147,1,1,1,1,1,405.14914,5976.127841
3148,1,1,1,1,1,519.7452,59.61365431
3149,1,1,1,1,1,889.2823,1149.818856
3150,1,1,1,1,1,198.75682,122.0343969
3151,1,1,1,1,1,433.89886,83.48334432
3152,1,1,1,1,1,175.01456,92.8984228
3153,1,1,1,1,1,250.97414,46.21469324
3154,1,1,1,1,1,224.77182,846.6831665
3155,1,1,1,1,1,713.0319,455.2423765
3156,1,1,1,1,1,264.7334,9.606005826
3157,1,1,1,1,1,540.48486,75.39781593
3158,1,1,1,1,1,561.0362,3622.99461
3159,1,1,1,1,1,234.048,568.3672658
3160,1,1,1,1,1,357.66846,222.7799549
3161,1,1,1,1,1,196.06816,2585.579903
3162,1,1,1,1,1,544.25,428.3602042
3163,1,1,1,1,1,298.56137,66.54968931
3164,1,1,1,1,1,233.60164,47.62495003
3165,1,1,1,1,1,161.95387,110.5911903
3166,1,1,1,1,1,388.45944,10.14145497
3167,1,1,1,1,1,210.14131,160.4060752
3168,1,1,1,1,1,524.1086,793.3419144
3169,1,1,1,1,1,372.26132,115.6038919
3170,1,1,1,1,1,265.69046,615.5954261
3171,1,1,1,1,1,418.18497,251.2270062
3172,1,1,1,1,1,141.30151,246.7063008
3173,1,1,1,1,1,662.05457,3988.869198
3174,1,1,1,1,1,187.82864,392.7115477
3175,1,1,1,1,1,194.61417,4189.598784
3176,1,1,1,1,1,190.15594,3034.441374
3177,1,1,1,1,1,494.8937,301.9000178
3178,1,1,1,1,1,532.74817,100.3747976
3179,1,1,1,1,1,783.5309,10.55875985
3180,1,1,1,1,1,1159.1252,7.311233196
3181,1,1,1,1,1,341.04147,6.745717903
3182,1,1,1,1,1,210.5668,139.2292097
3183,1,1,1,1,1,331.33444,168.1662703
3184,1,1,1,1,1,133.6288,9.811697277
3185,1,1,1,1,1,254.60925,229.0428189
3186,1,1,1,1,1,192.73047,171.3292726
3187,1,1,1,1,1,314.14172,363.9610201
3188,1,1,1,1,1,246.62248,210.2516308
3190,1,1,1,1,1,287.1121,1197.358888
3191,1,1,1,1,1,239.40315,815.5413148
3192,1,1,1,1,1,212.63226,252.1276492
3193,1,1,1,1,1,138.77435,869.3534338
3194,1,1,1,1,1,103.47978,956.4129119
3195,1,1,1,1,1,152.70256,3651.277275
3196,1,1,1,1,1,349.4976,73.56666377
3197,1,1,1,1,1,401.45502,1103.134783
3198,1,1,1,1,1,371.3578,2323.623037
3199,1,1,1,1,1,293.8144,809.1978301
3200,1,1,1,1,1,278.428,296.8331123
3201,1,1,1,1,1,137.84671,2320.982844
3202,1,1,1,1,1,4,13.635856
3203,1,1,1,1,1,775.6716,26.7471065
3204,1,1,1,1,1,496.00677,0.33908682
3205,1,1,1,1,1,512.69385,3.701180141
3206,1,1,1,1,1,96,4.13607211
3207,1,1,1,1,1,81.52733,2.250382488
3208,1,1,1,1,1,543.3558,19.55169769
3209,1,1,1,1,1,66.232574,48.78689792
3210,1,1,1,1,1,283.44766,9.936795251
3211,1,1,1,1,1,1753.8977,7.839243029
3212,1,1,1,1,1,400.04004,5.913267204
3213,1,1,1,1,1,280.8446,4.323741833
3214,1,1,1,1,1,1222.3912,1.306956691
3215,1,1,1,1,1,41.541523,3.493319099
3216,1,1,1,1,1,85.207954,3.235938521
3217,1,1,1,1,1,30.638754,0.055276446
3218,1,1,1,1,1,990.6581,1.425528769
3219,1,1,1,1,1,1156.6443,0.92395932
3220,1,1,1,1,1,11,0.944832288
3221,1,1,1,1,1,297.10867,3.66864031
3222,1,1,1,1,1,237.52596,1.913143951
3223,1,1,1,1,1,446.57925,7.144485797
3224,1,1,1,1,1,76,15.01464719
3225,1,1,1,1,1,474.16425,15.51864508
3226,1,1,1,1,1,230.05775,2.558442865
3227,1,1,1,1,1,1405.5,4.767866482
3228,1,1,1,1,1,597.96747,13.67078208
3229,1,1,1,1,1,460.9,6.431549102
3230,1,1,1,1,1,580.5516,2.918487189
3231,1,1,1,1,1,795.9134,1.966893789
3232,1,1,1,1,1,194.34636,3.522890398
3233,1,1,1,1,1,231.08235,1.476322583
3234,1,1,1,1,1,69.47197,8.770843917
3235,1,1,1,1,1,216.23494,8.198957655
3236,1,1,1,1,1,280.7758,2.401494303
3237,1,1,1,1,1,0,2.745629112
3238,1,1,1,1,1,0,2.283673905
3239,1,1,1,1,1,472.00372,1.494807117
3240,1,1,1,1,1,377.65482,17.87632963
3241,1,1,1,1,1,338.04504,1.908045879
3242,1,1,1,1,1,221.62119,1.928841105
3243,1,1,1,1,1,354.79547,1.294067741
3244,1,1,1,1,1,194.63426,1.379103396
3245,1,1,1,1,1,270.10712,3.311711467
3246,1,1,1,1,1,311.07773,3.462347326
3247,1,1,1,1,1,744.0633,2.68526057
3248,1,1,1,1,1,771.9944,1.978069106
3249,1,1,1,1,1,100.91185,8.8752325
3250,1,1,1,1,1,347.2266,2.911402817
3251,1,1,1,1,1,231.73676,2.220734355
3252,1,1,1,1,1,419.77243,3.044694906
3253,1,1,1,1,1,147.89032,2.79615204
3254,1,1,1,1,1,62.12672,2.494490363
3255,1,1,1,1,1,314.48166,2.322306456
3256,1,1,1,1,1,226.92766,3.17546456
3257,1,1,1,1,1,92.912254,2.981667387
3258,1,1,1,1,1,355.56778,8.93305034
3259,1,1,1,1,1,530.5377,3.463948285
3260,1,1,1,1,1,149.20795,2.075547347
3261,1,1,1,1,1,771.4637,4.346010036
3262,1,1,1,1,1,48.903015,3.263439987
3263,1,1,1,1,1,9,1.276555116
3264,1,1,1,1,1,634.52563,2.509170536
3265,1,1,1,1,1,1297.7391,3.036244136
3266,1,1,1,1,1,376.45795,2.496257886
3267,1,1,1,1,1,323.83304,4.296746537
3268,1,1,1,1,1,231.37163,1.855440781
3269,1,1,1,1,1,123.37341,4.3885359
3270,1,1,1,1,1,62.297318,2.87745971
3271,1,1,1,1,1,37.361496,3.577938418
3272,1,1,1,1,1,11,4.472309649
3273,1,1,1,1,1,0,3.217023987
3274,1,1,1,1,1,59,5.33892624
3275,1,1,1,1,1,50.0203,16.48503598
3276,1,1,1,1,1,45.062546,3.211930913
3277,1,1,1,1,1,159.7636,1.764339439
3278,1,1,1,1,1,28.722988,0.627105146
3279,1,1,1,1,1,35.297318,0.51140406
3280,1,1,1,1,1,16.04224,2.536456341
3281,1,1,1,1,1,23,0.815455631
3282,1,1,1,1,1,147.16733,1.615673875
3283,1,1,1,1,1,610.17126,3.02623862
3284,1,1,1,1,1,337.01215,3.104491928
3285,1,1,1,1,1,85.0406,2.725286663
3286,1,1,1,1,1,1,3.769320923
3287,1,1,1,1,1,136.31598,3.499060115
3288,1,1,1,1,1,14.255075,4.39676557
3289,1,1,1,1,1,36.978065,2.084748581
3290,1,1,1,1,1,2,3.935557397
3291,1,1,1,1,1,3,2.090237055
3292,1,1,1,1,1,311.3517,3.038995721
3293,1,1,1,1,1,140.78226,3.281509797
3294,1,1,1,1,1,149.33792,2.731043104
3295,1,1,1,1,1,720.0868,4.671562263
3296,1,1,1,1,1,223.86838,2.578447403
3297,1,1,1,1,1,99.444336,2.249391413
3298,1,1,1,1,1,538.7303,1.667982277
3299,1,1,1,1,1,2376.6787,1.900508806
3300,1,1,1,1,1,565.54095,5.98129981
3301,1,1,1,1,1,264.3769,7.266843638
3302,1,1,1,1,1,0,2.327352166
3303,1,1,1,1,1,179.59135,1.738410116
3304,1,1,1,1,1,1490.5221,2.338207603
3305,1,1,1,1,1,272.97156,1.665901919
3306,1,1,1,1,1,824.93,1.717727902
3307,1,1,1,1,1,97,1.551119755
3308,1,1,1,1,1,544.688,2.485293477
3309,1,1,1,1,1,1956.097,2.356182082
3310,1,1,1,1,1,349.48004,16.42088307
3311,1,1,1,1,1,229.75706,4.459768218
3312,1,1,1,1,1,415.41425,3.964993632
3313,1,1,1,1,1,51.55239,0.818581317
3314,1,1,1,1,1,104,4.201524261
3315,1,1,1,1,1,53,6.389826231
3316,1,1,1,1,1,45.19023,2.653852774
3317,1,1,1,1,1,162.90009,2.991088705
3318,1,1,1,1,1,525.44934,2.216644581
3319,1,1,1,1,1,24,2.459717764
3320,1,1,1,1,1,119.0533,2.795916105
3321,1,1,1,1,1,486.5189,3.890710288
3322,1,1,1,1,1,98,2.662314086
3323,1,1,1,1,1,188.50555,3.49047906
3324,1,1,1,1,1,138.53813,2.099967475
3325,1,1,1,1,1,48,2.634507686
3326,1,1,1,1,1,37,3.165616408
3327,1,1,1,1,1,15,2.374721989
3328,1,1,1,1,1,842,4.117577841
3329,1,1,1,1,1,9,3.4942402
3330,1,1,1,1,1,10,2.588957884
3331,1,1,1,1,1,1238.2251,3.49553086
3332,1,1,1,1,1,24,2.775866503
3333,1,1,1,1,1,39,3.296813359
3334,1,1,1,1,1,85.08809,3.173751887
3335,1,1,1,1,1,10,2.102913642
3336,1,1,1,1,1,71,3.124490122
3337,1,1,1,1,1,56,0.796142324
3338,1,1,1,1,1,1993,2.055816216
3339,1,1,1,1,1,86,1.662249971
3340,1,1,1,1,1,67,2.261774282
3341,1,1,1,1,1,266,2.218659639
3342,1,1,1,1,1,1,1.607643559
3343,1,1,1,1,1,44,2.080779185
3344,1,1,1,1,1,62,1.234418044
3345,1,1,1,1,1,225.98697,3.263104607
3346,1,1,1,1,1,229.27177,1.710432764
3347,1,1,1,1,1,147.19029,2.219852194
3348,1,1,1,1,1,76.79349,1.843491265
3349,1,1,1,1,1,200.99567,0.83433003
3350,1,1,1,1,1,272.95782,2.777325028
3351,1,1,1,1,1,157.00446,2.481321046
3352,1,1,1,1,1,173.8185,3.088532843
3353,1,1,1,1,1,91.70763,3.915075207
3354,1,1,1,1,1,1354.5175,2.205802746
3355,1,1,1,1,1,247.81644,2.470929567
3356,1,1,1,1,1,97.67284,8.115048062
3357,1,1,1,1,1,1938.1548,3.222585369
3358,1,1,1,1,1,74,3.946458619
3359,1,1,1,1,1,26,2.765152916
3360,1,1,1,1,1,478.56775,2.588625025
3361,1,1,1,1,1,841.75946,2.46026566
3362,1,1,1,1,1,59,2.245256067
3363,1,1,1,1,1,123.17617,1.652987784
3364,1,1,1,1,1,895.4308,2.15191343
3365,1,1,1,1,1,22,1.855351729
3366,1,1,1,1,1,37,3.094886766
3367,1,1,1,1,1,93.31311,1.538330095
3368,1,1,1,1,1,85,3.795828368
3369,1,1,1,1,1,608,8.374024947
3370,1,1,1,1,1,42.294598,8.281300926
3371,1,1,1,1,1,25,9.86623676
3372,1,1,1,1,1,50.656555,2.824834213
3373,1,1,1,1,1,19,2.469831865
3374,1,1,1,1,1,15,5.055954705
3375,1,1,1,1,1,33,2.825569757
3376,1,1,1,1,1,118,17.81015405
3377,1,1,1,1,1,456.84607,18.0549159
3378,1,1,1,1,1,13,9.641841309
3379,1,1,1,1,1,63.98372,1.537463523
3380,1,1,1,1,1,11,1.898457175
3381,1,1,1,1,1,19,2.704440773
3382,1,1,1,1,1,11,4.000977443
3383,1,1,1,1,1,98.38046,1.718469694
3384,1,1,1,1,1,88,2.856495034
3385,1,1,1,1,1,87.98372,2.993726824
3386,1,1,1,1,1,184,2.206927696
3387,1,1,1,1,1,93,2.345398322
3388,1,1,1,1,1,102.605484,2.407433001
3389,1,1,1,1,1,180.95116,3.072025431
3390,1,1,1,1,1,1425.8075,3.083868685
3391,1,1,1,1,1,116.538124,2.030482803
3392,1,1,1,1,1,100.91637,3.19424006
3393,1,1,1,1,1,259.097,2.454746556
3394,1,1,1,1,1,1868.57,3.089229264
3395,1,1,1,1,1,490.9297,2.603100151
3396,1,1,1,1,1,181.812,2.482703891
3397,1,1,1,1,1,78,3.056198338
3398,1,1,1,1,1,350.9001,2.801927217
3399,1,1,1,1,1,62.43917,9.636835788
3400,1,1,1,1,1,56.03479,4.530297781
3401,1,1,1,1,1,22,2.744493885
3402,1,1,1,1,1,41,4.017184697
3403,1,1,1,1,1,52.364178,3.125888694
3404,1,1,1,1,1,18,7.063135502
3405,1,1,1,1,1,151.79349,23.38062413
3406,1,1,1,1,1,102.19023,33.05991753
3407,1,1,1,1,1,225.00223,13.7330909
3408,1,1,1,1,1,302.81433,12.10258339
3409,1,1,1,1,1,163.29462,14.55467531
3410,1,1,1,1,1,221.67296,10.46231814
3411,1,1,1,1,1,236.49573,7.14610344
3412,1,1,1,1,1,147.50444,7.928849185
3413,1,1,1,1,1,207.32939,3.717523521
3414,1,1,1,1,1,688.19904,45.53704191
3415,1,1,1,1,1,73.174706,2.562050717
3416,1,1,1,1,1,79.43484,2.858431933
3417,1,1,1,1,1,225.82196,3.71609978
3418,1,1,1,1,1,427.713,2.563052039
3419,1,1,1,1,1,453.4078,2.20915799
3420,1,1,1,1,1,417.79794,1.775892552
3421,1,1,1,1,1,313.9925,2.724996083
3422,1,1,1,1,1,489.70453,1.913528283
3423,1,1,1,1,1,1153.4191,3.453892541
3424,1,1,1,1,1,1113.5137,2.397207872
3425,1,1,1,1,1,572,3.251620981
3426,1,1,1,1,1,4098.7725,2.642716425
3427,1,1,1,1,1,266.98816,8.584643632
3428,1,1,1,1,1,221.05775,10.98859961
3429,1,1,1,1,1,1887.51,14.46665774
3430,1,1,1,1,1,503.00888,8.851121478
3431,1,1,1,1,1,642.50256,4.248485978
3432,1,1,1,1,1,173.60548,2.822950144
3433,1,1,1,1,1,688.3317,1.966236216
3434,1,1,1,1,1,494.84918,2.15574044
3435,1,1,1,1,1,585.3331,2.886298366
3436,1,1,1,1,1,522.2591,9.574256569
3437,1,1,1,1,1,1890.6538,2.02012605
3438,1,1,1,1,1,65.52614,1.293323369
3439,1,1,1,1,1,1651.1156,1.624581247
3440,1,1,1,1,1,5432.878,1.191227271
3441,1,1,1,1,1,424.4663,10.62534782
3442,1,1,1,1,1,284.1742,5.806000912
3443,1,1,1,1,1,555.00244,5.809355705
3444,1,1,1,1,1,99.28809,2.427834454
3445,1,1,1,1,1,158.29465,8.349160619
3446,1,1,1,1,1,581.41016,40.96246557
3447,1,1,1,1,1,544.0307,12.85753094
3448,1,1,1,1,1,558.3277,7.520947204
3449,1,1,1,1,1,512.3871,9.405820198
3450,1,1,1,1,1,30.845667,7.405127
3451,1,1,1,1,1,115.70012,10.40778356
3452,1,1,1,1,1,353.9708,13.72903521
3453,1,1,1,1,1,78.51314,20.32645851
3454,1,1,1,1,1,675.6839,10.73408623
3455,1,1,1,1,1,154.25552,9.644372852
3456,1,1,1,1,1,171.50229,14.83647269
3457,1,1,1,1,1,91.152275,12.56831699
3458,1,1,1,1,1,64.978325,10.61151595
3459,1,1,1,1,1,96.72835,13.37592983
3460,1,1,1,1,1,9739.849,2.724796558
3461,1,1,1,1,1,194.45018,2.040025615
3462,1,1,1,1,1,65.70873,5.587613098
3463,1,1,1,1,1,248.31313,5.01703778
3464,1,1,1,1,1,4542.147,27.6492028
3465,1,1,1,1,1,1205.2324,27.81255943
3466,1,1,1,1,1,251.42305,13.40371176
3467,1,1,1,1,1,381.7121,10.00758625
3468,1,1,1,1,1,264.08383,24.96756417
3469,1,1,1,1,1,213.86092,20.99728712
3470,1,1,1,1,1,805.596,4.076440924
3471,1,1,1,1,1,157.24791,3.506231017
3472,1,1,1,1,1,35,1.820102723
3473,1,1,1,1,1,328.4549,3.104375212
3474,1,1,1,1,1,29.311703,2.811490579
3475,1,1,1,1,1,22,2.444346214
3476,1,1,1,1,1,20.805214,2.740034827
3477,1,1,1,1,1,36,2.568049655
3478,1,1,1,1,1,30,3.143967798
3479,1,1,1,1,1,10,3.119420899
3480,1,1,1,1,1,43.610428,4.094659386
3481,1,1,1,1,1,34.467552,3.126963226
3482,1,1,1,1,1,824.88446,2.929417071
3483,1,1,1,1,1,58,2.568860206
3484,1,1,1,1,1,254.28609,3.669275531
3485,1,1,1,1,1,88,3.776085167
3486,1,1,1,1,1,86,1.723000161
3487,1,1,1,1,1,137,1.936394888
3488,1,1,1,1,1,39,1.677851099
3489,1,1,1,1,1,68,2.104161764
3490,1,1,1,1,1,48,10.72029642
3491,1,1,1,1,1,124.62351,1.993025951
3492,1,1,1,1,1,141,2.160015828
3493,1,1,1,1,1,8,3.222853842
3494,1,1,1,1,1,11,3.268591395
3495,1,1,1,1,1,395.31213,29.59930634
3496,1,1,1,1,1,111.753296,7.28727351
3497,1,1,1,1,1,25,11.38326133
3498,1,1,1,1,1,19,23.3220427
3499,1,1,1,1,1,30,14.16967367
3500,1,1,1,1,1,143,11.69393113
3501,1,1,1,1,1,249.28598,10.17422278
3502,1,1,1,1,1,170.53256,11.43658334
3503,1,1,1,1,1,259.84436,13.69119727
3504,1,1,1,1,1,96,15.61179485
3505,1,1,1,1,1,87,13.83173814
3506,1,1,1,1,1,141,9.351400505
3507,1,1,1,1,1,13,6.897409443
3508,1,1,1,1,1,428.8966,16.32560539
3509,1,1,1,1,1,40,11.60659184
3510,1,1,1,1,1,182,14.85232715
3511,1,1,1,1,1,295.7665,13.24146117
3512,1,1,1,1,1,84,17.39049281
3513,1,1,1,1,1,2165.0684,11.76966991
3514,1,1,1,1,1,348.9746,12.20140936
3515,1,1,1,1,1,49.93511,5.514346599
3516,1,1,1,1,1,242.93544,1.607208551
3517,1,1,1,1,1,1098.8716,3.722314343
3518,1,1,1,1,1,515.7538,3.810375456
3519,1,1,1,1,1,139,15.66667234
3520,1,1,1,1,1,311.80533,38.74407204
3521,1,1,1,1,1,470.2213,21.27729734
3522,1,1,1,1,1,1351.249,24.75826347
3523,1,1,1,1,1,125,3.225372412
3524,1,1,1,1,1,20,3.119083664
3525,1,1,1,1,1,275.79236,6.063771171
3526,1,1,1,1,1,45,3.379408836
3527,1,1,1,1,1,4,3.988675204
3528,1,1,1,1,1,86,4.704475933
3529,1,1,1,1,1,267.208,2.95290272
3530,1,1,1,1,1,27,2.023240956
3531,1,1,1,1,1,79.07799,1.877695654
3532,1,1,1,1,1,540.8578,2.879250562
3533,1,1,1,1,1,749.5592,1.88207741
3534,1,1,1,1,1,53.792236,3.844805265
3535,1,1,1,1,1,87.701385,1.818425052
3536,1,1,1,1,1,16,3.056859626
3537,1,1,1,1,1,143.68842,3.438313313
3538,1,1,1,1,1,153,2.998179284
3539,1,1,1,1,1,73.974045,1.911650378
3540,1,1,1,1,1,357.22107,2.277824892
3541,1,1,1,1,1,66,1.938745045
3542,1,1,1,1,1,57.09096,2.194721678
3543,1,1,1,1,1,176.77925,3.826542474
3544,1,1,1,1,1,1032.8174,1.706024143
3545,1,1,1,1,1,0,4.047540926
3546,1,1,1,1,1,6,5.390010857
3547,1,1,1,1,1,5,3.095623883
3548,1,1,1,1,1,0,2.49943154
3549,1,1,1,1,1,403.3379,1.868630903
3550,1,1,1,1,1,777.18695,2.708280609
3551,1,1,1,1,1,120.89617,18.69803477
3552,1,1,1,1,1,93.59745,13.67223409
3553,1,1,1,1,1,490.1819,8.078419133
3554,1,1,1,1,1,409.6759,2.606315426
3555,1,1,1,1,1,124.974045,3.125763952
3556,1,1,1,1,1,3424.7852,2.111422888
3557,1,1,1,1,1,1313.6904,2.439910559
3558,1,1,1,1,1,207.18214,1.548830327
3559,1,1,1,1,1,174.3248,2.778299037
3560,1,1,1,1,1,95.54553,1.415111101
3561,1,1,1,1,1,2744.0105,3.114229742
3562,1,1,1,1,1,13799.245,3.205622208
3563,1,1,1,1,1,130.18192,4.596323302
3564,1,1,1,1,1,568.98737,4.120893036
3565,1,1,1,1,1,1259.784,2.525038281
3566,1,1,1,1,1,106.53256,3.150251303
3567,1,1,1,1,1,411.46933,3.070190614
3568,1,1,1,1,1,685.89825,2.760939608
3569,1,1,1,1,1,815.45557,1.516560757
3570,1,1,1,1,1,103.103935,19.71750264
3571,1,1,1,1,1,302.3767,2.908007883
3572,1,1,1,1,1,716.7931,1.406567913
3573,1,1,1,1,1,311.11597,2.084881161
3574,1,1,1,1,1,316.94818,4.110602428
3575,1,1,1,1,1,956.4166,2.446974886
3576,1,1,1,1,1,2194.133,1.495119787
3577,1,1,1,1,1,472.40442,3.022366575
3578,1,1,1,1,1,375.97162,1.637348661
3579,1,1,1,1,1,58.740326,2.103960891
3580,1,1,1,1,1,610.5985,6.634130159
3581,1,1,1,1,1,200,1.737395134
3582,1,1,1,1,1,4321.696,1.060031617
3583,1,1,1,1,1,297.6757,13.88933721
3584,1,1,1,1,1,226.76642,1.95104496
3585,1,1,1,1,1,523.6238,5.704154002
3586,1,1,1,1,1,161.83118,4.298267746
3587,1,1,1,1,1,196.33777,7.740489386
3588,1,1,1,1,1,155.28575,4.158775594
3589,1,1,1,1,1,19,2.413759073
3590,1,1,1,1,1,176.76102,2.720769046
3591,1,1,1,1,1,94.85696,6.929672652
3592,1,1,1,1,1,112.10405,17.1626023
3593,1,1,1,1,1,93.402664,19.44460654
3594,1,1,1,1,1,1400.0525,2.402330971
3595,1,1,1,1,1,35.441597,2.386566429
3596,1,1,1,1,1,2037.4341,3.117458612
3597,1,1,1,1,1,131.88295,2.830444667
3598,1,1,1,1,1,703.76013,13.34713564
3599,1,1,1,1,1,198.20305,6.362354345
3600,1,1,1,1,1,405.4265,11.54758484
3601,1,1,1,1,1,393.48874,11.46054689
3602,1,1,1,1,1,102.27026,3.668391295
3603,1,1,1,1,1,236.09418,2.243619931
3604,1,1,1,1,1,192.38979,3.712570672
3605,1,1,1,1,1,136.72734,2.056148741
3606,1,1,1,1,1,446.29892,3.89036644
3607,1,1,1,1,1,1208.209,3.234344282
3608,1,1,1,1,1,878.6082,3.438690445
3609,1,1,1,1,1,259.98224,2.531442561
3610,1,1,1,1,1,796.028,2.572996448
3611,1,1,1,1,1,1660.9338,17.1592956
3612,1,1,1,1,1,923.1747,15.15190569
3613,1,1,1,1,1,529.9951,15.46501289
3614,1,1,1,1,1,2967.89,2.792715921
3615,1,1,1,1,1,775.5719,2.864036709
3616,1,1,1,1,1,244.3854,2.584730453
3617,1,1,1,1,1,501.8401,3.246786954
3618,1,1,1,1,1,472.50873,3.13956293
3619,1,1,1,1,1,495.58386,4.227818804
3620,1,1,1,1,1,283.4549,4.792686279
3621,1,1,1,1,1,420.89618,3.366506776
3622,1,1,1,1,1,2204.5793,2.768026655
3623,1,1,1,1,1,105.070656,3.085418593
3624,1,1,1,1,1,279.33054,5.217353622
3625,1,1,1,1,1,184.87921,4.862698752
3626,1,1,1,1,1,1327.5635,15.97772392
3627,1,1,1,1,1,2525.2566,19.03998611
3628,1,1,1,1,1,1559.1573,11.30258372
3629,1,1,1,1,1,1350.7975,10.40969411
3630,1,1,1,1,1,2607.355,9.897802099
3631,1,1,1,1,1,506.17023,12.07691232
3632,1,1,1,1,1,235.45192,9.242197196
3633,1,1,1,1,1,2003.5173,8.46221483
3634,1,1,1,1,1,502.68506,8.402729139
3635,1,1,1,1,1,1613.5813,9.691562156
3636,1,1,1,1,1,812.58105,10.09052256
3637,1,1,1,1,1,1392.7152,6.721393536
3638,1,1,1,1,1,897.59656,10.81786564
3639,1,1,1,1,1,394.18677,3.540214478
3640,1,1,1,1,1,127.92803,2.114922169
3641,1,1,1,1,1,298.378,3.223392
3642,1,1,1,1,1,612.5885,1.46394292
3643,1,1,1,1,1,697.42145,3.370853158
3644,1,1,1,1,1,298.25903,2.858588597
3645,1,1,1,1,1,162.0697,3.566937363
3646,1,1,1,1,1,459.6617,3.872748191
3647,1,1,1,1,1,259.61667,3.778394489
3648,1,1,1,1,1,863.01324,1.801508229
3649,1,1,1,1,1,489.64258,2.982295145
3650,1,1,1,1,1,1392.5712,3.595546421
3651,1,1,1,1,1,905.4273,3.051649603
3652,1,1,1,1,1,613.2076,2.344448562
3653,1,1,1,1,1,1448.1245,3.744130131
3654,1,1,1,1,1,1310.5477,2.699325204
3655,1,1,1,1,1,1734.3572,3.585626573
3656,1,1,1,1,1,1722.599,3.655337788
3657,1,1,1,1,1,581.47516,1.992050087
3658,1,1,1,1,1,1351.8234,1.970668601
3659,1,1,1,1,1,815.24097,21.65477145
3660,1,1,1,1,1,2126.4917,3.089537977
3661,1,1,1,1,1,2402.0027,2.028774795
3662,1,1,1,1,1,3394.8599,1.689381344
3663,1,1,1,1,1,725.3448,1.385120884
3664,1,1,1,1,1,1009.6595,15.94437044
3665,1,1,1,1,1,7063.2104,3.224423264
3666,1,1,1,1,1,1305.9858,7.020886302
3667,1,1,1,1,1,339.14594,8.170133475
3668,1,1,1,1,1,2894.9788,5.380516931
3669,1,1,1,1,1,259.76248,19.79778941
3670,1,1,1,1,1,3712.795,19.29297529
3671,1,1,1,1,1,630.9708,2.753649736
3672,1,1,1,1,1,286.83,2.67093804
3673,1,1,1,1,1,749.1591,1.527373254
3674,1,1,1,1,1,1469.1161,2.371645527
3675,1,1,1,1,1,475.5224,3.454385813
3676,1,1,1,1,1,1088.0212,0.898376979
3677,1,1,1,1,1,1242.9183,2.072454632
3678,1,1,1,1,1,707.3168,1.400581363
3679,1,1,1,1,1,719.74963,2.726120966
3680,1,1,1,1,1,709.92944,3.484041468
3681,1,1,1,1,1,1519.8176,2.438419955
3682,1,1,1,1,1,1197.4543,2.800492575
3683,1,1,1,1,1,633.5531,1.628462709
3684,1,1,1,1,1,1519.1531,2.797898854
3685,1,1,1,1,1,923.49426,3.280962407
3686,1,1,1,1,1,1055.7942,3.240124815
3687,1,1,1,1,1,828.5449,14.76590747
3688,1,1,1,1,1,3071.974,1.910902379
3689,1,1,1,1,1,3723.8599,2.342820609
3690,1,1,1,1,1,852.81647,4.273432177
3691,1,1,1,1,1,1656.6777,2.667220505
3692,1,1,1,1,1,1929.9558,14.33990997
3693,1,1,1,1,1,5363.146,2.257422126
3694,1,1,1,1,1,1,2.727666856
3695,1,1,1,1,1,3911.5056,2.543668943
3696,1,1,1,1,1,1691.7703,3.027633924
3697,1,1,1,1,1,2139.815,2.273614709
3698,1,1,1,1,1,5064.3706,1.849747492
3699,1,1,1,1,1,572.6072,2.634469392
3700,1,1,1,1,1,1609.24,2.238293224
3701,1,1,1,1,1,1971.1244,26.92880082
3702,1,1,1,1,1,4352.1255,33.13282533
3703,1,1,1,1,1,1431.7979,3.874653275
3704,1,1,1,1,1,1876.7139,2.461413744
3705,1,1,1,1,1,7153.169,2.299252618
3706,1,1,1,1,1,7427.4614,2.438141001
3707,1,1,1,1,1,2291.0693,0.661825684
3708,1,1,1,1,1,928.26086,2.673628455
3709,1,1,1,1,1,1942.6028,0.998822059
3710,1,1,1,1,1,3379.4707,2.833698883
3711,1,1,1,1,1,3640.9644,2.317338135
3712,1,1,1,1,1,3841.853,2.785046703
3713,1,1,1,1,1,669.68384,2.530901245
3714,1,1,1,1,1,4823.801,1.577274479
3715,1,1,1,1,1,678.1803,3.702883207
3716,1,1,1,1,1,1381.6332,3.736403927
3717,1,1,1,1,1,802.10724,3.630114009
3718,1,1,1,1,1,474.1581,8.313839178
3719,1,1,1,1,1,373.05115,1.91056747
3720,1,1,1,1,1,692.30206,6.757451921
3721,1,1,1,1,1,872.4358,4.133602873
3722,1,1,1,1,1,865.7588,6.592264407
3723,1,1,1,1,1,2104.3062,14.79658377
3724,1,1,1,1,1,94.784,16.31108213
3725,1,1,1,1,1,776.2792,14.18409908
3726,1,1,1,1,1,399.20807,11.82750481
3727,1,1,1,1,1,819.6821,13.70469252
3728,1,1,1,1,1,682.1562,8.428126806
3729,1,1,1,1,1,246.47305,8.046028786
3730,1,1,1,1,1,460.533,3.243764975
3731,1,1,1,1,1,770.9886,3.023419198
3732,1,1,1,1,1,533.7012,1.291656119
3733,1,1,1,1,1,364.67905,2.768604399
3734,1,1,1,1,1,1181.5068,1.341479636
3735,1,1,1,1,1,845.115,8.85786707
3736,1,1,1,1,1,3701.8691,11.51672334
3737,1,1,1,1,1,6474.0186,124.3736339
3738,1,1,1,1,1,6580.513,16.82917081
3739,1,1,1,1,1,10826.31,11.63468317
3740,1,1,1,1,1,10758.834,13.63206897
3741,1,1,1,1,1,6335.9917,9.075129155
3742,1,1,1,1,1,10217.129,14.65248927
3743,1,1,1,1,1,6007.963,9.080128618
3744,1,1,1,1,1,5037.087,10.56684219
3745,1,1,1,1,1,10494.98,16.35725367
3746,1,1,1,1,1,4607.358,6.102436755
3747,1,1,1,1,1,1708.487,9.22107817
3748,1,1,1,1,1,5747.5596,16.06805848
3749,1,1,1,1,1,20483.422,4.223785214
3750,1,1,1,1,1,145.11829,1.966288689
3751,1,1,1,1,1,465.12558,2.05758687
3752,1,1,1,1,1,205.06096,0.042753476
3753,1,1,1,1,1,1093.862,28.14470626
3754,1,1,1,1,1,352.9585,20.25887326
3755,1,1,1,1,1,389.25482,4.232900817
3756,1,1,1,1,1,932.6247,17.28239249
3757,1,1,1,1,1,1882.2476,9.928167762
3758,1,1,1,1,1,729.55066,13.09554492
3759,1,1,1,1,1,1698.8303,4.92823337
3760,1,1,1,1,1,1465.0804,14.73083727
3761,1,1,1,1,1,2222.6099,199.8673381
3762,1,1,1,1,1,1016.875,12.58129198
3763,1,1,1,1,1,825.99243,7.414289498
3764,1,1,1,1,1,1765.6987,4.668879289
3765,1,1,1,1,1,1093.3896,8.470662694
3766,1,1,1,1,1,1547.8834,2.739876422
3767,1,1,1,1,1,860.60895,20.96384167
3768,1,1,1,1,1,1138.2438,18.36483907
3769,1,1,1,1,1,2548.7764,8.482958452
3770,1,1,1,1,1,1997.2295,7.122312118
3771,1,1,1,1,1,2772.0872,10.11563564
3772,1,1,1,1,1,961.57776,5.982267048
3773,1,1,1,1,1,1220.5793,6.462623204
3774,1,1,1,1,1,584.87354,4.913225502
3775,1,1,1,1,1,740.2122,9.739344373
3776,1,1,1,1,1,1735.0502,6.734871271
3777,1,1,1,1,1,733.6937,10.19623401
3778,1,1,1,1,1,703.3787,8.225647947
3779,1,1,1,1,1,268.27466,6.883900853
3780,1,1,1,1,1,3364.6738,16.46287907
3781,1,1,1,1,1,3248.608,9.524812197
3782,1,1,1,1,1,4555.675,11.13523071
3783,1,1,1,1,1,3471.76,117.6104917
3784,1,1,1,1,1,2653.2522,5.417292132
3785,1,1,1,1,1,5716.0615,14.95956042
3786,1,1,1,1,1,3166.121,6.438460028
3787,1,1,1,1,1,4825.5923,9.612968864
3788,1,1,1,1,1,2213.2488,28.05057781
3789,1,1,1,1,1,87.98212,24.15627274
3790,1,1,1,1,1,1992.7661,21.39887675
3791,1,1,1,1,1,8939.776,17.51380852
3792,1,1,1,1,1,4103.7085,182.864563
3793,1,1,1,1,1,557.6781,115.2161818
3794,1,1,1,1,1,1980.2362,408.8456341
3795,1,1,1,1,1,1023.9723,1294.514927
3796,1,1,1,1,1,8175.2876,727.4814956
3797,1,1,1,1,1,2377.3005,274.1589355
3798,1,1,1,1,1,4520.136,2.467442982
3799,1,1,1,1,1,1834.7427,6.142067737
3800,1,1,1,1,1,3168.2744,5.037177034
3801,1,1,1,1,1,4809.038,8.881683357
3802,1,1,1,1,1,891.3062,24.15825936
3803,1,1,1,1,1,2893.2703,11.48833711
3804,1,1,1,1,1,5297.4893,18.74111225
3805,1,1,1,1,1,4307.4653,18.69275249
3806,1,1,1,1,1,3279.579,2.688917106
3807,1,1,1,1,1,2786.549,1.142296164
3808,1,1,1,1,1,739.6726,4.558154754
3809,1,1,1,1,1,535.247,2.820912681
3810,1,1,1,1,1,2010.7997,16.21010674
3811,1,1,1,1,1,2538.9844,18.87314216
3812,1,1,1,1,1,2923.8906,28.45570203
3813,1,1,1,1,1,4339.193,90.30051308
3814,1,1,1,1,1,1228.2606,6.525404784
3815,1,1,1,1,1,4735.958,7.196372943
3816,1,1,1,1,1,1665.5996,6.994921766
3817,1,1,1,1,1,1071.0764,8.005607583
3818,1,1,1,1,1,3480.0762,10.76362727
3819,1,1,1,1,1,2510.5698,8.210558584
3820,1,1,1,1,1,1679.7081,24.50736459
3821,1,1,1,1,1,3467.595,4.986744262
3822,1,1,1,1,1,1263.4487,85.84207997
3823,1,1,1,1,1,591.30634,114.5020567
3824,1,1,1,1,1,1714.364,1.636423
3825,1,1,1,1,1,232.6494,1.632735202
3826,1,1,1,1,1,192.63966,2.364219248
3827,1,1,1,1,1,8338.922,2.032893825
3828,1,1,1,1,1,9293.374,12.93872226
3829,1,1,1,1,1,2010.6437,2.614410904
3830,1,1,1,1,1,15609.905,2.200474859
3831,1,1,1,1,1,0,2.327192706
3832,1,1,1,1,1,11880.354,2.949206564
3833,1,1,1,1,1,582.6616,6.890315653
3834,1,1,1,1,1,1174.146,18.17412195
3835,1,1,1,1,1,6362.1006,12.87187444
3836,1,1,1,1,1,561.44495,2.580096467
3837,1,1,1,1,1,1603.4645,1.45062083
3838,1,1,1,1,1,821.8229,1.767243491
3839,1,1,1,1,1,591.3884,2.643400439
3840,1,1,1,1,1,755.8381,10.34501044
3841,1,1,1,1,1,5203.437,9.663957225
3842,1,1,1,1,1,459.09708,5.770233533
3843,1,1,1,1,1,1361.2145,10.9905796
3844,1,1,1,1,1,519.0171,7.992905113
3845,1,1,1,1,1,683.6045,9.907558902
3846,1,1,1,1,1,1094.273,7.792727761
3847,1,1,1,1,1,2598.7424,13.43337496
3848,1,1,1,1,1,621.589,8.985517166
3849,1,1,1,1,1,7116.6445,18.78303332
3850,1,1,1,1,1,2117.2317,25.77627272
3851,1,1,1,1,1,5308.2544,12.87443036
3852,1,1,1,1,1,3417.7517,5.493051116
3853,1,1,1,1,1,4184.331,21.13502005
3854,1,1,1,1,1,5668.622,8.170201967
3855,1,1,1,1,1,364.99786,8.93075227
3856,1,1,1,1,1,4424.559,23.38604704
3857,1,1,1,1,1,627.3784,2.04875005
3858,1,1,1,1,1,645.64966,3.021107667
3859,1,1,1,1,1,324.92346,1.433987974
3860,1,1,1,1,1,335.50864,2.878552814
3861,1,1,1,1,1,1613.6165,10.08597189
3862,1,1,1,1,1,2793.13,6.946341361
3863,1,1,1,1,1,3939.2314,5.978764468
3864,1,1,1,1,1,3145.012,10.33987756
3865,1,1,1,1,1,2763.1729,9.238102006
3866,1,1,1,1,1,0,6.003842488
3867,1,1,1,1,1,0,6.315860348
3868,1,1,1,1,1,0,6.900894388
3869,1,1,1,1,1,0,0.757307053
3870,1,1,1,1,1,0,14.61161913
3871,1,1,1,1,1,0,22.62717264
3872,1,1,1,1,1,0,20.00371427
3873,1,1,1,1,1,0,16.96308939
3874,1,1,1,1,1,0,20.95093542
3875,1,1,1,1,1,0,21.86214757
3876,1,1,1,1,1,0,6.532783602
3877,1,1,1,1,1,0,8.824058662
3878,1,1,1,1,1,0,75.3137553
3879,1,1,1,1,1,0,20.99425409
3880,1,1,1,1,1,0,293.0274964
3881,1,1,1,1,1,0,88.19236091
3882,1,1,1,1,1,0,5.535177358
3883,1,1,1,1,1,0,3.129214607
3884,1,1,1,1,1,0,0
3885,1,1,1,1,1,0,0
3886,1,1,1,1,1,0,4.846150074
3887,1,1,1,1,1,0,8.464312893
3888,1,1,1,1,1,0,21.36922867
3889,1,1,1,1,1,42,10.16005374
3890,1,1,1,1,1,7,8.323048511
3891,1,1,1,1,1,185,23.33200016
3892,1,1,1,1,1,48,5.963323599
3893,1,1,1,1,1,28,25.27445171
3894,1,1,1,1,1,15,14.64160884
3895,1,1,1,1,1,41,14.68034894
3896,1,1,1,1,1,2,11.17584959
3897,1,1,1,1,1,61,15.97154608
3898,1,1,1,1,1,2,14.47897441
3899,1,1,1,1,1,0,33.4083699
3900,1,1,1,1,1,0,13.99983047
3901,1,1,1,1,1,12,21.45989463
3902,1,1,1,1,1,0,17.84372157
3903,1,1,1,1,1,0,3.94186616
3904,1,1,1,1,1,31,6.116426059
3905,1,1,1,1,1,0,1.93450048
3906,1,1,1,1,1,0,2.972017004
3907,1,1,1,1,1,0,8.142350942
3908,1,1,1,1,1,0,3.855610499
3909,1,1,1,1,1,0,5.967329058
3910,1,1,1,1,1,0,6.026046145
3911,1,1,1,1,1,0,1.904535398
3912,1,1,1,1,1,0,1.850210614
3913,1,1,1,1,1,0,5.43304363
3914,1,1,1,1,1,0,6.646247202
3915,1,1,1,1,1,0,69.2934527
3916,1,1,1,1,1,0,1.825006767
3917,1,1,1,1,1,0,5.42054141
3918,1,1,1,1,1,57,25.8234558
3919,1,1,1,1,1,56,26.73466475
3920,1,1,1,1,1,3,26.97802872
3921,1,1,1,1,1,2,1.938594676
3922,1,1,1,1,1,2,3.64814028
3923,1,1,1,1,1,8,3.198872596
3924,1,1,1,1,1,46,6.13439674
3925,1,1,1,1,1,15,2.736540917
3926,1,1,1,1,1,56,3.226226943
3927,1,1,1,1,1,17,3.407395052
3928,1,1,1,1,1,0,2.228866706
3929,1,1,1,1,1,0,1.702991817
3930,1,1,1,1,1,3,3.632052743
3931,1,1,1,1,1,3,2.332494873
3932,1,1,1,1,1,0,3.157721548
3933,1,1,1,1,1,77,9.635862285
3934,1,1,1,1,1,6,2.595166066
3935,1,1,1,1,1,22,2.914897397
3936,1,1,1,1,1,2,2.316317273
3937,1,1,1,1,1,71,2.476020377
3938,1,1,1,1,1,0,3.000935859
3939,1,1,1,1,1,4,3.957755344
3940,1,1,1,1,1,45,3.094247283
3941,1,1,1,1,1,15,2.14073461
3942,1,1,1,1,1,42,1.312101193
3943,1,1,1,1,1,70,2.108806619
3944,1,1,1,1,1,11,2.053461751
3945,1,1,1,1,1,92,3.142988522
3946,1,1,1,1,1,77,3.388378579
3947,1,1,1,1,1,81,1.684015862
3948,1,1,1,1,1,56,4.277241418
3949,1,1,1,1,1,0,2.367596052
3950,1,1,1,1,1,0,19.76846165
3951,1,1,1,1,1,168,12.52317689
3952,1,1,1,1,1,0,15.24929995
3953,1,1,1,1,1,0,7.019686667
3954,1,1,1,1,1,0,11.94277204
3955,1,1,1,1,1,248,2.599525226
3956,1,1,1,1,1,787,2.419325969
3957,1,1,1,1,1,0,1.8848686
3958,1,1,1,1,1,21,3.701600238
3959,1,1,1,1,1,74,9.670654978
3960,1,1,1,1,1,0,15.97596294
3961,1,1,1,1,1,66,52.83543611
3962,1,1,1,1,1,439,9.439666324
3963,1,1,1,1,1,825,2.819602801
3964,1,1,1,1,1,479,4.410910414
3965,1,1,1,1,1,97,4.27105305
3966,1,1,1,1,1,192,2.990628231
3967,1,1,1,1,1,81,10.05823566
3968,1,1,1,1,1,431,2.867318331
3969,1,1,1,1,1,249,2.680894262
3970,1,1,1,1,1,1221,4.159629918
3971,1,1,1,1,1,0,3.702419113
3972,1,1,1,1,1,0,2.366267672
3973,1,1,1,1,1,896,13.11262272
3974,1,1,1,1,1,398,22.52268394
3975,1,1,1,1,1,339,6.162943943
3976,1,1,1,1,1,250,9.729846985
3977,1,1,1,1,1,191,20.3311931
3978,1,1,1,1,1,1605,14.33232591
3979,1,1,1,1,1,2003,2.801479341
3980,1,1,1,1,1,621,2.992515336
3981,1,1,1,1,1,1239,3.126021888
3982,1,1,1,1,1,1660,2.485608558
3983,1,1,1,1,1,97,7.005080175
3984,1,1,1,1,1,1193,9.865052466
3985,1,1,1,1,1,3100,12.01172445
3986,1,1,1,1,1,1288,9.714035193
3987,1,1,1,1,1,918,1.846832963
3988,1,1,1,1,1,1465,3.302422164
3989,1,1,1,1,1,531,1.404638208
3990,1,1,1,1,1,1749,3.55922535
3991,1,1,1,1,1,1799,25.6540439
3992,1,1,1,1,1,1048,9.603885695
3993,1,1,1,1,1,1486,22.77671218
3994,1,1,1,1,1,431,16.63398245
3995,1,1,1,1,1,6,2.894731447
3996,1,1,1,1,1,2224,2.693483501
3997,1,1,1,1,1,1720,1.568261342
3998,1,1,1,1,1,234,5.714893983
3999,1,1,1,1,1,1114,9.720389329
4000,1,1,1,1,1,1993,14.47261886
4001,1,1,1,1,1,1882,80.66083723
4002,1,1,1,1,1,1766,5.353422959
4003,1,1,1,1,1,952,8.264811038
4004,1,1,1,1,1,1354,5.767637781
4005,1,1,1,1,1,1411,11.18835383
4006,1,1,1,1,1,1161,9.15804243
4007,1,1,1,1,1,1554,7.983701082
4008,1,1,1,1,1,320,8.944407026
4009,1,1,1,1,1,819,5.91235307
4010,1,1,1,1,1,456,5.2711063
4011,1,1,1,1,1,603,12.083275
4012,1,1,1,1,1,1108,7.958190001
4013,1,1,1,1,1,842,10.51346197
4014,1,1,1,1,1,364,8.484397351
4015,1,1,1,1,1,1221,10.43871577
4016,1,1,1,1,1,54,41.75432823
4017,1,1,1,1,1,390,36.60553911
4018,1,1,1,1,1,227,15.33316291
4019,1,1,1,1,1,670,2.90373429
4020,1,1,1,1,1,5547,3.639437606
4021,1,1,1,1,1,1008,3.689634223
4022,1,1,1,1,1,0,2.360950906
4023,1,1,1,1,1,504,3.092081394
4024,1,1,1,1,1,1588,2.885139359
4025,1,1,1,1,1,23,4.414200785
4026,1,1,1,1,1,7149,2.140958786
4027,1,1,1,1,1,843,3.708583435
4028,1,1,1,1,1,3030,4.437774384
4029,1,1,1,1,1,1429,2.836452952
4030,1,1,1,1,1,4399,2.669628824
4031,1,1,1,1,1,5330,23.69413609
4032,1,1,1,1,1,10903,8.453500922
4033,1,1,1,1,1,5681,5.554784622
4034,1,1,1,1,1,963,2.962055141
4035,1,1,1,1,1,1415,3.040847919
4036,1,1,1,1,1,520,3.564402896
4037,1,1,1,1,1,0,2.489601702
4038,1,1,1,1,1,4857,3.48737769
4039,1,1,1,1,1,2057,1.227245444
4040,1,1,1,1,1,2188,10.93261778
4041,1,1,1,1,1,3066,4.498271592
4042,1,1,1,1,1,1127,3.515136558
4043,1,1,1,1,1,1671,2.794912828
4044,1,1,1,1,1,1703,3.547289556
4045,1,1,1,1,1,892,6.950459029
4046,1,1,1,1,1,337,2.763226287
4047,1,1,1,1,1,2762,3.503365734
4048,1,1,1,1,1,1989,2.173413926
4049,1,1,1,1,1,3366,1.975528375
4050,1,1,1,1,1,2593,1.255044216
4051,1,1,1,1,1,3591,1.917970502
4052,1,1,1,1,1,1354,4.308247133
4053,1,1,1,1,1,2112,1.975433804
4054,1,1,1,1,1,1680,3.287707125
4055,1,1,1,1,1,556,1.716983738
4056,1,1,1,1,1,737,0.821713112
4057,1,1,1,1,1,10747,1.678729022
4058,1,1,1,1,1,5099,1.678439078
4059,1,1,1,1,1,1372,5.764647493
4060,1,1,1,1,1,393,1.522545922
4061,1,1,1,1,1,1860,2.457070346
4062,1,1,1,1,1,3976,7.800234615
4063,1,1,1,1,1,1636,2.038845744
4064,1,1,1,1,1,884,3.354703834
4065,1,1,1,1,1,2510,2.891565236
4066,1,1,1,1,1,1675,1.227316623
4067,1,1,1,1,1,1634,5.871701836
4068,1,1,1,1,1,481,7.4017855
4069,1,1,1,1,1,1301,8.987057814
4070,1,1,1,1,1,1376,6.141021626
4071,1,1,1,1,1,796,3.053643634
4072,1,1,1,1,1,894,4.275158456
4073,1,1,1,1,1,290,1.095829233
4074,1,1,1,1,1,83,2.374434509
4075,1,1,1,1,1,76,2.458095027
4076,1,1,1,1,1,287,1.219548978
4077,1,1,1,1,1,571,3.998649318
4078,1,1,1,1,1,57,1.061132584
4079,1,1,1,1,1,111,5.782989419
4080,1,1,1,1,1,459,15.52821351
4081,1,1,1,1,1,216,8.902084212
4082,1,1,1,1,1,273,8.636793699
4083,1,1,1,1,1,135,16.82838488
4084,1,1,1,1,1,96,6.440686862
4085,1,1,1,1,1,342,6.031705173
4086,1,1,1,1,1,136,11.42437196
4087,1,1,1,1,1,74,8.767717898
4088,1,1,1,1,1,260,25.58901077
4089,1,1,1,1,1,523,6.526555711
4090,1,1,1,1,1,1134,11.37489998
4091,1,1,1,1,1,125,6.35400207
4092,1,1,1,1,1,400,11.47617308
4093,1,1,1,1,1,101,7.274000407
4094,1,1,1,1,1,348,1.902057858
4095,1,1,1,1,1,492,1.470257845
4096,1,1,1,1,1,357,2.462933763
4097,1,1,1,1,1,474,6.866689776
4098,1,1,1,1,1,317,9.326984432
4099,1,1,1,1,1,722,17.58517934
4100,1,1,1,1,1,210,8.483424452
4101,1,1,1,1,1,48,60.02939529
4102,1,1,1,1,1,130,17.72106553
4103,1,1,1,1,1,634,83.48322435
4104,1,1,1,1,1,241,16.88865533
4105,1,1,1,1,1,602,6.180076375
4106,1,1,1,1,1,602,26.68858206
4107,1,1,1,1,1,3824,5.149216892
4108,1,1,1,1,1,71,4.618718102
4109,1,1,1,1,1,376,3.453599613
4110,1,1,1,1,1,1105,11.02016594
4111,1,1,1,1,1,14,7.858648536
4112,1,1,1,1,1,177,4.949960203
4113,1,1,1,1,1,282,91.53324329
4114,1,1,1,1,1,79,12.10924638
4115,1,1,1,1,1,515,6.916281719
4116,1,1,1,1,1,196,84.45659853
4117,1,1,1,1,1,116,77.1178518
4118,1,1,1,1,1,742,132.0417388
4119,1,1,1,1,1,1056,101.7132412
4120,1,1,1,1,1,285,15.01085442
4121,1,1,1,1,1,184,14.74331587
4124,1,1,1,1,1,675,7.849332757
4125,1,1,1,1,1,786,36.99537937
4126,1,1,1,1,1,496,15.94297207
4127,1,1,1,1,1,279,172.7639189
4128,1,1,1,1,1,204,122.4572075
4129,1,1,1,1,1,0,8.719582774
4130,1,1,1,1,1,1684,563.7794172
4131,1,1,1,1,1,8,7.177631554
4132,1,1,1,1,1,440,20.46155349
4133,1,1,1,1,1,1205,20.93927056
4134,1,1,1,1,1,20,13.23004706
4135,1,1,1,1,1,1028,11.75668458
4136,1,1,1,1,1,440,13.56235405
4137,1,1,1,1,1,367,6.704399011
4138,1,1,1,1,1,611,8.985362188
4139,1,1,1,1,1,550,9.239192441
4140,1,1,1,1,1,54,8.535072592
4141,1,1,1,1,1,143,6.433035422
4142,1,1,1,1,1,127,10.44842388
4143,1,1,1,1,1,29,8.953903545
4144,1,1,1,1,1,141,3.618333607
4145,1,1,1,1,1,63,7.898575156
4146,1,1,1,1,1,165,19.38054037
4147,1,1,1,1,1,276,9.610976371
4148,1,1,1,1,1,64,13.51850617
4149,1,1,1,1,1,643,14.41088128
4150,1,1,1,1,1,553,5.25629992
4151,1,1,1,1,1,32,0.546568814
4152,1,1,1,1,1,132,0.441336497
4153,1,1,1,1,1,959,2.864463042
4154,1,1,1,1,1,91,2.448378675
4155,1,1,1,1,1,173,13.04787995
4156,1,1,1,1,1,18,17.20352601
4157,1,1,1,1,1,41,7.935595648
4158,1,1,1,1,1,221,4.840647595
4159,1,1,1,1,1,793,3.414737903
4160,1,1,1,1,1,54,9.639497055
4161,1,1,1,1,1,19,6.861507918
4162,1,1,1,1,1,121,6.997263626
4163,1,1,1,1,1,668,5.632491458
4164,1,1,1,1,1,146,6.218398669
4165,1,1,1,1,1,348,3.471932672
4166,1,1,1,1,1,5,10.66295846
4167,1,1,1,1,1,0,9.027123363
4168,1,1,1,1,1,112,20.24528825
4169,1,1,1,1,1,0,5.292284641
4170,1,1,1,1,1,60,5.586524041
4171,1,1,1,1,1,13,0.618322877
4172,1,1,1,1,1,48,1.155618422
4173,1,1,1,1,1,1040,4.950562799
4174,1,1,1,1,1,289,0.733607194
4175,1,1,1,1,1,190,1.544381948
4176,1,1,1,1,1,508,0.969911213
4177,1,1,1,1,1,0,0.997525775
4178,1,1,1,1,1,19,2.453937457
4179,1,1,1,1,1,728.76556,20.4710232
4180,1,1,1,1,1,64,12.85684151
4181,1,1,1,1,1,544.3491,254.7561427
4182,1,1,1,1,1,43,19.54140662
4183,1,1,1,1,1,103,6.362772251
4184,1,1,1,1,1,164.10652,3.427534685
4185,1,1,1,1,1,36.875656,2.60335259
4186,1,1,1,1,1,5.9213204,1.931909664
4187,1,1,1,1,1,22.217457,1.257778876
4188,1,1,1,1,1,0,8.047073756
4189,1,1,1,1,1,184.84541,9.926990606
4190,1,1,1,1,1,98,212.9771137
4191,1,1,1,1,1,97,7.68078074
4192,1,1,1,1,1,343.52737,14.23486711
4193,1,1,1,1,1,19.681213,8.555212812
4194,1,1,1,1,1,61,9.02706732
4195,1,1,1,1,1,45.526627,16.04507105
4196,1,1,1,1,1,144.21745,14.23525487
4197,1,1,1,1,1,0,2.142945011
4198,1,1,1,1,1,37,1.897573579
4199,1,1,1,1,1,315.6839,0.543574279
4200,1,1,1,1,1,5237.2686,0.71738004
4201,1,1,1,1,1,642.49335,17.55668717
4202,1,1,1,1,1,215.2759,10.44674759
4203,1,1,1,1,1,13,20.16571926
4204,1,1,1,1,1,330.20258,13.2634117
4205,1,1,1,1,1,221.814,13.55858703
4206,1,1,1,1,1,366.47015,1.492736443
4207,1,1,1,1,1,47.08886,1.571281637
4208,1,1,1,1,1,386.0784,1.435144858
4209,1,1,1,1,1,21,0.981433498
4210,1,1,1,1,1,44.526627,1.26746997
4211,1,1,1,1,1,281.68036,5.303258554
4212,1,1,1,1,1,234.4253,2.578078763
4213,1,1,1,1,1,653.9602,1.393379389
4214,1,1,1,1,1,235.59024,0.590003024
4215,1,1,1,1,1,332.11682,3.05782933
4216,1,1,1,1,1,110.08173,1.655242329
4217,1,1,1,1,1,193.34422,2.183664673
4218,1,1,1,1,1,172.88582,11.2298415
4219,1,1,1,1,1,325.37723,9.955339031
4220,1,1,1,1,1,240.05325,149.4535099
4221,1,1,1,1,1,167.2707,0.783225219
4222,1,1,1,1,1,290.31396,1.590911294
4223,1,1,1,1,1,821.6114,3.151167657
4224,1,1,1,1,1,419.4468,2.41977716
4225,1,1,1,1,1,105,2.516018682
4226,1,1,1,1,1,89,0.895912495
4227,1,1,1,1,1,172.81573,0.522221788
4228,1,1,1,1,1,221.16754,1.085303214
4229,1,1,1,1,1,290.43658,10.33999993
4230,1,1,1,1,1,59,14.02744549
4231,1,1,1,1,1,476.92413,10.70659638
4232,1,1,1,1,1,155.26524,9.641850989
4233,1,1,1,1,1,46,12.00891331
4234,1,1,1,1,1,2.5362427,5.718860138
4235,1,1,1,1,1,2,6.376927646
4236,1,1,1,1,1,329.42438,7.502672718
4237,1,1,1,1,1,745.4764,6.38295872
4238,1,1,1,1,1,314.60974,5.064158396
4239,1,1,1,1,1,171.5838,6.980898755
4240,1,1,1,1,1,61.639618,5.06195755
4241,1,1,1,1,1,242.64276,6.164914325
4242,1,1,1,1,1,248.18417,7.5694289
4243,1,1,1,1,1,2178.7334,5.081178442
4244,1,1,1,1,1,291.73257,12.67913041
4245,1,1,1,1,1,27,17.89373614
4246,1,1,1,1,1,116.1879,36.04423806
4247,1,1,1,1,1,76.16754,10.58231791
4248,1,1,1,1,1,169.78432,32.86567449
4249,1,1,1,1,1,0.9213205,5.637079787
4250,1,1,1,1,1,151.04318,5.824010723
4251,1,1,1,1,1,110.71829,7.630109096
4252,1,1,1,1,1,86.33721,11.58604485
4253,1,1,1,1,1,55.3249,101.9309162
4254,1,1,1,1,1,57.76396,106.1666229
4255,1,1,1,1,1,97.61207,4.890583447
4256,1,1,1,1,1,297.41376,5.316199449
4257,1,1,1,1,1,318.55847,7.834853271
4258,1,1,1,1,1,219.42853,5.127508208
4259,1,1,1,1,1,258.47412,100.9112269
4260,1,1,1,1,1,186.4807,113.8414718
4261,1,1,1,1,1,124.469604,138.1975702
4262,1,1,1,1,1,170.25148,390.260753
4263,1,1,1,1,1,141.86707,223.8137459
4264,1,1,1,1,1,124.52663,8.335998269
4265,1,1,1,1,1,158.2724,8.373089463
4266,1,1,1,1,1,114.66244,313.1242956
4267,1,1,1,1,1,122.852806,12.19270698
4268,1,1,1,1,1,175,8.745043265
4269,1,1,1,1,1,1148.1238,16.12168327
4270,1,1,1,1,1,11,44.54224904
4271,1,1,1,1,1,183.20784,59.73292057
4272,1,1,1,1,1,82.842636,138.0014258
4273,1,1,1,1,1,332.1886,12.90103438
4274,1,1,1,1,1,293.5244,16.57012832
4275,1,1,1,1,1,216.8358,7.354536645
4276,1,1,1,1,1,753.0636,11.29232936
4277,1,1,1,1,1,157.54831,779.3623743
4278,1,1,1,1,1,329.57895,100.4269054
4279,1,1,1,1,1,162.60413,54.90074224
4280,1,1,1,1,1,304.93933,7.224831339
4281,1,1,1,1,1,301.25412,5.190709514
4282,1,1,1,1,1,654.45496,31.07507784
4283,1,1,1,1,1,575.049,18.55108582
4284,1,1,1,1,1,321.92654,22.39461965
4285,1,1,1,1,1,700.1151,49.71194559
4286,1,1,1,1,1,607.7617,5.821216124
4287,1,1,1,1,1,469.20163,57.54846432
4288,1,1,1,1,1,180.27661,15.42371658
4289,1,1,1,1,1,221.98938,35.34119047
4290,1,1,1,1,1,131.71756,28.63268704
4291,1,1,1,1,1,252.27182,49.51530778
4292,1,1,1,1,1,190.78671,27.41083548
4293,1,1,1,1,1,219.52927,76.48478537
4294,1,1,1,1,1,131.00958,10.61784823
4295,1,1,1,1,1,357.2612,15.15702806
4296,1,1,1,1,1,99.361176,88.68462381
4297,1,1,1,1,1,172.75089,19.88681932
4298,1,1,1,1,1,138.71756,16.5327688
4299,1,1,1,1,1,101.747345,22.50905217
4300,1,1,1,1,1,177.9798,13.35918375
4301,1,1,1,1,1,305.3112,16.75081806
4302,1,1,1,1,1,497.48886,243.1212977
4303,1,1,1,1,1,244.15733,39.11380413
4304,1,1,1,1,1,0,112.4344885
4305,1,1,1,1,1,0,8.603914694
4306,1,1,1,1,1,189.48248,16.43975821
4307,1,1,1,1,1,85.287125,8.482413436
4308,1,1,1,1,1,107.43303,13.47225549
4309,1,1,1,1,1,56.871277,853.6305654
4310,1,1,1,1,1,214.4325,83.35240262
4311,1,1,1,1,1,165.3617,104.9121123
4312,1,1,1,1,1,53,27.98672239
4313,1,1,1,1,1,574.3323,9.772422709
4314,1,1,1,1,1,772.0912,9.702659633
4315,1,1,1,1,1,244.9596,1964.299283
4316,1,1,1,1,1,27,30.70995015
4317,1,1,1,1,1,19.143822,90.5673427
4318,1,1,1,1,1,36,24.79274824
4319,1,1,1,1,1,221.5635,14.79148035
4320,1,1,1,1,1,50.714954,17.79377462
4321,1,1,1,1,1,151,6.456108413
4322,1,1,1,1,1,79.42991,381.8624625
4323,1,1,1,1,1,0,53.75629521
4324,1,1,1,1,1,0,259.3042073
4325,1,1,1,1,1,144,243.0864978
4326,1,1,1,1,1,227.73314,88.52892322
4327,1,1,1,1,1,32,8.530467558
4328,1,1,1,1,1,20.286606,10.1038909
4329,1,1,1,1,1,145,399.4669683
4330,1,1,1,1,1,71.84253,449.1353894
4331,1,1,1,1,1,217.41084,625.7936544
4332,1,1,1,1,1,253.52927,17.50583783
4333,1,1,1,1,1,345.69736,48.63535849
4334,1,1,1,1,1,112.36597,220.3637794
4335,1,1,1,1,1,308.35056,1347.374149
4336,1,1,1,1,1,299.2314,3749.437854
4337,1,1,1,1,1,8.286085,673.9213462
4338,1,1,1,1,1,53.806915,19.27304687
4339,1,1,1,1,1,35.42939,5.232022803
4340,1,1,1,1,1,37.857216,1332.530907
4341,1,1,1,1,1,214.44449,7.481006576
4342,1,1,1,1,1,305.6588,9.680920418
4343,1,1,1,1,1,153.2944,9.904146306
4344,1,1,1,1,1,166.43875,16.70717641
4345,1,1,1,1,1,39,113.1784155
4346,1,1,1,1,1,66.28868,88.94350121
4347,1,1,1,1,1,218.43407,6.628670811
4348,1,1,1,1,1,100,8.182889883
4349,1,1,1,1,1,102.286606,207.3632432
4350,1,1,1,1,1,119.43355,388.3182509
4351,1,1,1,1,1,181.27182,2153.588946
4352,1,1,1,1,1,290.87274,753.7962114
4353,1,1,1,1,1,74.002594,258.2407177
4354,1,1,1,1,1,139.8165,740.3330589
4356,1,1,1,1,1,216.16891,12.19280946
4357,1,1,1,1,1,250.72377,9.356648754
4358,1,1,1,1,1,192.43355,20.52307711
4359,1,1,1,1,1,370.1526,8.661907379
4360,1,1,1,1,1,205.00882,8.613571544
4361,1,1,1,1,1,10,10.95816542
4362,1,1,1,1,1,4,9.140201317
4363,1,1,1,1,1,1195.2416,831.4920675
4364,1,1,1,1,1,13.429388,18.64360407
4365,1,1,1,1,1,31,274.7529346
4366,1,1,1,1,1,43,9.947901542
4367,1,1,1,1,1,128,55.63282814
4368,1,1,1,1,1,149,11.92837379
4369,1,1,1,1,1,24,24.03057767
4370,1,1,1,1,1,2,10.47454506
4371,1,1,1,1,1,38.143303,251.694579
4372,1,1,1,1,1,29,78.86605927
4373,1,1,1,1,1,164.14435,1285.691711
4374,1,1,1,1,1,154,19.30683229
4375,1,1,1,1,1,57.858257,11.43462561
4376,1,1,1,1,1,41,817.7620552
4377,1,1,1,1,1,217.29388,11.77736292
4378,1,1,1,1,1,40.858776,8.282886579
4379,1,1,1,1,1,89,22.20315796
4380,1,1,1,1,1,52,17.76321393
4381,1,1,1,1,1,1.7144343,74.36946982
4382,1,1,1,1,1,198.29129,478.8110077
4383,1,1,1,1,1,882.6242,30.39907046
4384,1,1,1,1,1,176.57425,19.05989713
4385,1,1,1,1,1,348.15683,8.720481754
4386,1,1,1,1,1,375.44815,8.120713582
4387,1,1,1,1,1,274.58258,107.6292763
4388,1,1,1,1,1,253.57895,5.766689751
4389,1,1,1,1,1,58.860855,6.206980679
4390,1,1,1,1,1,41,191.305658
4391,1,1,1,1,1,94,12.23802104
4392,1,1,1,1,1,30,687.993363
4393,1,1,1,1,1,114.71703,394.5282035
4394,1,1,1,1,1,93.434586,3888.194359
4395,1,1,1,1,1,441.92398,114.9776098
4396,1,1,1,1,1,886.0408,87.51466784
4397,1,1,1,1,1,296,931.988846
4398,1,1,1,1,1,238.5727,563.8673873
4399,1,1,1,1,1,151.14487,9.037203602
4400,1,1,1,1,1,84,12.1215687
4401,1,1,1,1,1,71,3698.501281
4402,1,1,1,1,1,69.00104,8.900951591
4403,1,1,1,1,1,252.5727,311.4526603
4404,1,1,1,1,1,186.08685,305.2598265
4406,1,1,1,1,1,44,21.42679774
4407,1,1,1,1,1,290.00208,196.3206165
4409,1,1,1,1,1,203.57843,107.1716218
4410,1,1,1,1,1,25,242.3496103
4411,1,1,1,1,1,0,382.2746673
4412,1,1,1,1,1,628.7566,0.667848103
4413,1,1,1,1,1,241.58519,2.145793629
4414,1,1,1,1,1,57,47.72907175
4415,1,1,1,1,1,154.8598,7.023243832
4416,1,1,1,1,1,51.57321,6.177014363
4417,1,1,1,1,1,176.8593,91.96458904
4418,1,1,1,1,1,1009.74536,13.31246626
4419,1,1,1,1,1,165.1633,90.26864664
4420,1,1,1,1,1,205.00104,495.2495491
4421,1,1,1,1,1,830.7659,67.87652988
4422,1,1,1,1,1,176,103.1583853
4423,1,1,1,1,1,18,74.68343617
4424,1,1,1,1,1,59,49.25234511
4425,1,1,1,1,1,27,77.26515223
4426,1,1,1,1,1,166.4697,105.1780429
4427,1,1,1,1,1,124.14382,65.69178987
4428,1,1,1,1,1,145.5779,1224.150226
4429,1,1,1,1,1,196.86087,99.35017845
4430,1,1,1,1,1,157.43094,7.6969251
4431,1,1,1,1,1,84.57529,20.04659576
4432,1,1,1,1,1,108.43095,211.9344523
4433,1,1,1,1,1,198.14644,6.701710206
4434,1,1,1,1,1,212.57529,7.682840474
4435,1,1,1,1,1,239.5727,118.7104474
4436,1,1,1,1,1,70.85878,48.309693
4437,1,1,1,1,1,4,601.4418417
4438,1,1,1,1,1,312,11.42127964
4439,1,1,1,1,1,152,15.02801848
4440,1,1,1,1,1,0,10.25851431
4441,1,1,1,1,1,270.57217,12.29885586
4442,1,1,1,1,1,57.858257,5.900642323
4443,1,1,1,1,1,276.7176,5.190328152
4444,1,1,1,1,1,95,22.10351943
4445,1,1,1,1,1,79,3709.952656
4446,1,1,1,1,1,101,0.07036524
4447,1,1,1,1,1,105.287125,8.253012712
4448,1,1,1,1,1,281.43408,301.3689461
4449,1,1,1,1,1,87.43043,4.037216969
4450,1,1,1,1,1,17,281.1076594
4451,1,1,1,1,1,271.29803,1070.712813
4452,1,1,1,1,1,232.00676,387.4567138
4453,1,1,1,1,1,21,704.3433424
4454,1,1,1,1,1,211,5078.906673
4455,1,1,1,1,1,267.57477,4333.852211
4456,1,1,1,1,1,101.14746,90.62360282
4457,1,1,1,1,1,13,61.69586057
4458,1,1,1,1,1,81.1433,3412.506532
4459,1,1,1,1,1,913.1797,3748.496014
4460,1,1,1,1,1,504.55685,6326.808152
4461,1,1,1,1,1,285.2493,6172.666677
4462,1,1,1,1,1,33,2090.495087
4463,1,1,1,1,1,156,424.2506279
4464,1,1,1,1,1,78,23.17393196
4465,1,1,1,1,1,71,22.5058629
4466,1,1,1,1,1,57,11.47675927
4467,1,1,1,1,1,69,9.474221693
4468,1,1,1,1,1,8,502.2130679
4469,1,1,1,1,1,84,402.3260982
4470,1,1,1,1,1,37,101.6604841
4471,1,1,1,1,1,50.571648,4519.630075
4472,1,1,1,1,1,93.79494,2253.831623
4473,1,1,1,1,1,81,2837.942648
4474,1,1,1,1,1,200.74255,1615.384681
4475,1,1,1,1,1,297,2059.450045
4476,1,1,1,1,1,0,492.6459709
4477,1,1,1,1,1,942.9389,4607.876016
4478,1,1,1,1,1,902.3301,105.9669274
4479,1,1,1,1,1,531.1333,2280.684275
4480,1,1,1,1,1,937.7798,4864.150831
4481,1,1,1,1,1,519.3411,4781.913608
4482,1,1,1,1,1,667.4345,8457.865691
4483,1,1,1,1,1,405.20108,919.0338454
4484,1,1,1,1,1,375.47083,5494.199571
4485,1,1,1,1,1,674.06384,2097.773507
4486,1,1,1,1,1,640.42084,69.67508439
4487,1,1,1,1,1,373.57794,226.940779
4488,1,1,1,1,1,583.2759,981.9084985
4489,1,1,1,1,1,454.31116,1713.345218
4490,1,1,1,1,1,668.98096,315.9294265
4491,1,1,1,1,1,340.12677,4.114380521
4493,1,1,1,1,1,520.7976,35.57865305
4495,1,1,1,1,1,187.62796,173.781905
4496,1,1,1,1,1,251.74359,3016.321005
4497,1,1,1,1,1,628.2188,4032.00018
4498,1,1,1,1,1,290.27924,3425.896549
4499,1,1,1,1,1,258.9527,2599.094217
4500,1,1,1,1,1,576.66547,19.02719147
4501,1,1,1,1,1,429.84174,7.077390956
4502,1,1,1,1,1,530.5732,14.8025954
4503,1,1,1,1,1,949.4595,8.957275975
4504,1,1,1,1,1,183.73534,204.1658783
4505,1,1,1,1,1,720.9871,233.6419739
4506,1,1,1,1,1,756.7403,2338.757221
4507,1,1,1,1,1,405.14914,271.8519198
4508,1,1,1,1,1,519.7452,14.67372795
4509,1,1,1,1,1,889.2823,7.407628554
4510,1,1,1,1,1,198.75682,4.794923418
4511,1,1,1,1,1,433.89886,9.285209197
4512,1,1,1,1,1,175.01456,8.867897239
4513,1,1,1,1,1,250.97414,4.242471026
4514,1,1,1,1,1,224.77182,13.35673626
4515,1,1,1,1,1,713.0319,93.75351074
4516,1,1,1,1,1,264.7334,12.94027295
4517,1,1,1,1,1,540.48486,79.9631585
4518,1,1,1,1,1,561.0362,107.8405868
4519,1,1,1,1,1,234.048,426.4429456
4520,1,1,1,1,1,357.66846,373.2090583
4521,1,1,1,1,1,196.06816,4804.612897
4524,1,1,1,1,1,544.25,5770.441664
4525,1,1,1,1,1,298.56137,1494.476195
4526,1,1,1,1,1,233.60164,0.341080323
4527,1,1,1,1,1,161.95387,3842.481644
4528,1,1,1,1,1,388.45944,48.55661168
4529,1,1,1,1,1,210.14131,690.6679836
4530,1,1,1,1,1,524.1086,19.90675466
4531,1,1,1,1,1,372.26132,43.13150588
4532,1,1,1,1,1,265.69046,2593.293978
4533,1,1,1,1,1,418.18497,7.827491717
4534,1,1,1,1,1,141.30151,15.88192849
4536,1,1,1,1,1,662.05457,73.79949248
4537,1,1,1,1,1,187.82864,186.3176765
4538,1,1,1,1,1,194.61417,21.67521251
4539,1,1,1,1,1,190.15594,6.155361619
4540,1,1,1,1,1,494.8937,714.4794733
4541,1,1,1,1,1,532.74817,8.567428159
4542,1,1,1,1,1,783.5309,20.12740152
4543,1,1,1,1,1,1159.1252,41.05256347
4544,1,1,1,1,1,341.04147,7563.618226
4545,1,1,1,1,1,210.5668,10.94933426
4546,1,1,1,1,1,331.33444,3609.344959
4547,1,1,1,1,1,133.6288,4064.445219
4548,1,1,1,1,1,254.60925,254.5124238
4549,1,1,1,1,1,192.73047,6774.197475
4550,1,1,1,1,1,314.14172,6317.714082
4551,1,1,1,1,1,246.62248,1050.986847
4552,1,1,1,1,1,287.1121,743.8377861
4553,1,1,1,1,1,239.40315,8.162925851
4554,1,1,1,1,1,212.63226,6.155236306
4555,1,1,1,1,1,138.77435,1819.680092
4556,1,1,1,1,1,103.47978,436.7789333
4557,1,1,1,1,1,152.70256,6048.546064
4558,1,1,1,1,1,349.4976,3721.187218
4559,1,1,1,1,1,401.45502,2922.041959
4560,1,1,1,1,1,371.3578,7832.022347
4561,1,1,1,1,1,293.8144,106.2029572
4562,1,1,1,1,1,278.428,24.44013539
4563,1,1,1,1,1,137.84671,22.85695771
4564,1,1,1,1,1,4,11.93495463
4565,1,1,1,1,1,775.6716,18.09052093
4566,1,1,1,1,1,496.00677,85.42945705
4567,1,1,1,1,1,512.69385,23.84290008
4568,1,1,1,1,1,96,15.58925263
4569,1,1,1,1,1,81.52733,18.46768281
4570,1,1,1,1,1,543.3558,8.010344924
4571,1,1,1,1,1,66.232574,13.06911698
4572,1,1,1,1,1,283.44766,1889.38664
4573,1,1,1,1,1,1753.8977,10.24551003
4574,1,1,1,1,1,400.04004,12.49307875
4575,1,1,1,1,1,280.8446,11.40521974
4576,1,1,1,1,1,1222.3912,10.65791424
4577,1,1,1,1,1,41.541523,20.0533239
4578,1,1,1,1,1,85.207954,11.62213965
4579,1,1,1,1,1,30.638754,7.244168328
4580,1,1,1,1,1,990.6581,10.2862093
4581,1,1,1,1,1,1156.6443,12.61750789
4582,1,1,1,1,1,11,471.9127193
4583,1,1,1,1,1,297.10867,3983.103113
4584,1,1,1,1,1,237.52596,2281.465663
4585,1,1,1,1,1,446.57925,2674.075258
4586,1,1,1,1,1,76,81.18771138
4587,1,1,1,1,1,474.16425,11706.86084
4588,1,1,1,1,1,230.05775,70.13478452
4589,1,1,1,1,1,1405.5,12.96431812
4590,1,1,1,1,1,597.96747,6.38661166
4591,1,1,1,1,1,460.9,16.27352023
4592,1,1,1,1,1,580.5516,357.1828995
4593,1,1,1,1,1,795.9134,85.95496495
4594,1,1,1,1,1,194.34636,6.229861782
4595,1,1,1,1,1,231.08235,12.57411834
4596,1,1,1,1,1,69.47197,7.306937259
4597,1,1,1,1,1,216.23494,9.257018298
4598,1,1,1,1,1,280.7758,2570.195856
4599,1,1,1,1,1,0,3165.867006
4600,1,1,1,1,1,0,4465.510438
4601,1,1,1,1,1,472.00372,1913.923098
4602,1,1,1,1,1,377.65482,534.8804894
4603,1,1,1,1,1,338.04504,6988.428777
4604,1,1,1,1,1,221.62119,403.4235603
4605,1,1,1,1,1,354.79547,134.9318765
4606,1,1,1,1,1,194.63426,100.0741023
4607,1,1,1,1,1,270.10712,68.25619025
4608,1,1,1,1,1,311.07773,87.80733822
4609,1,1,1,1,1,744.0633,597.2726126
4610,1,1,1,1,1,771.9944,508.4934216
4611,1,1,1,1,1,100.91185,567.4254199
4612,1,1,1,1,1,347.2266,129.4306199
4613,1,1,1,1,1,231.73676,245.7297429
4614,1,1,1,1,1,419.77243,2505.448965
4615,1,1,1,1,1,147.89032,2449.072917
4616,1,1,1,1,1,62.12672,5185.867743
4617,1,1,1,1,1,314.48166,2411.721692
4618,1,1,1,1,1,226.92766,6094.367669
4619,1,1,1,1,1,92.912254,9735.688885
4620,1,1,1,1,1,355.56778,104.9101868
4621,1,1,1,1,1,530.5377,20.05477635
4622,1,1,1,1,1,149.20795,10.32460701
4623,1,1,1,1,1,771.4637,20.43051853
4624,1,1,1,1,1,48.903015,12.17434493
4625,1,1,1,1,1,9,123.0577433
4626,1,1,1,1,1,634.52563,127.4087736
4627,1,1,1,1,1,1297.7391,3897.545822
4628,1,1,1,1,1,376.45795,55.90133173
4629,1,1,1,1,1,323.83304,140.0269396
4630,1,1,1,1,1,231.37163,64.50781302
4631,1,1,1,1,1,123.37341,2935.970961
4632,1,1,1,1,1,62.297318,5153.254396
4633,1,1,1,1,1,37.361496,2553.142881
4634,1,1,1,1,1,11,367.0025744
4636,1,1,1,1,1,0,2345.622075
4637,1,1,1,1,1,59,1750.855215
4638,1,1,1,1,1,50.0203,8197.009284
4639,1,1,1,1,1,45.062546,129.5909361
4640,1,1,1,1,1,159.7636,2316.534337
4641,1,1,1,1,1,28.722988,90.32033889
4642,1,1,1,1,1,35.297318,57.08384787
4643,1,1,1,1,1,16.04224,1105.499808
4644,1,1,1,1,1,23,15.60268258
4645,1,1,1,1,1,147.16733,8.749043703
4646,1,1,1,1,1,610.17126,1930.771387
4647,1,1,1,1,1,337.01215,12.12004361
4648,1,1,1,1,1,85.0406,117.7591504
4649,1,1,1,1,1,1,4198.207201
4650,1,1,1,1,1,136.31598,21.33246827
4651,1,1,1,1,1,14.255075,9.829232136
4652,1,1,1,1,1,36.978065,5.093040218
4653,1,1,1,1,1,2,7.039037927
4654,1,1,1,1,1,3,125.7569223
4655,1,1,1,1,1,311.3517,8.738295402
4656,1,1,1,1,1,140.78226,15.94029215
4657,1,1,1,1,1,149.33792,3203.443545
4658,1,1,1,1,1,720.0868,1093.026312
4659,1,1,1,1,1,223.86838,152.3611738
4660,1,1,1,1,1,99.444336,472.2916891
4661,1,1,1,1,1,538.7303,7335.304665
4662,1,1,1,1,1,2376.6787,2929.529087
4663,1,1,1,1,1,565.54095,369.1497022
4664,1,1,1,1,1,264.3769,509.6521879
4665,1,1,1,1,1,0,1777.244931
4666,1,1,1,1,1,179.59135,538.4892443
4667,1,1,1,1,1,1490.5221,5870.02211
4668,1,1,1,1,1,272.97156,2698.309646
4669,1,1,1,1,1,824.93,4269.676473
4670,1,1,1,1,1,97,1609.467194
4671,1,1,1,1,1,544.688,1792.892625
4672,1,1,1,1,1,1956.097,2730.736219
4673,1,1,1,1,1,349.48004,747.1621276
4674,1,1,1,1,1,229.75706,287.7763852
4675,1,1,1,1,1,415.41425,4281.591168
4676,1,1,1,1,1,51.55239,75.23443343
4677,1,1,1,1,1,104,484.9835029
4678,1,1,1,1,1,53,821.0421056
4679,1,1,1,1,1,45.19023,4377.834643
4680,1,1,1,1,1,162.90009,9.320523604
4681,1,1,1,1,1,525.44934,8.873490215
4682,1,1,1,1,1,24,12.10441235
4683,1,1,1,1,1,119.0533,10.48837755
4684,1,1,1,1,1,486.5189,108.6477932
4685,1,1,1,1,1,98,114.4244165
4686,1,1,1,1,1,188.50555,4068.087234
4687,1,1,1,1,1,138.53813,4731.283584
4688,1,1,1,1,1,48,5342.092157
4689,1,1,1,1,1,37,3060.67164
4690,1,1,1,1,1,15,566.6608953
4691,1,1,1,1,1,842,2566.106298
4692,1,1,1,1,1,9,3712.556777
4693,1,1,1,1,1,10,483.8390916
4694,1,1,1,1,1,1238.2251,5061.77526
4695,1,1,1,1,1,24,4228.644389
4696,1,1,1,1,1,39,2836.848722
4697,1,1,1,1,1,85.08809,84.65310142
4698,1,1,1,1,1,10,1900.592364
4699,1,1,1,1,1,71,1049.396235
4700,1,1,1,1,1,56,2009.719584
4701,1,1,1,1,1,1993,75.37866665
4702,1,1,1,1,1,86,92.11798186
4703,1,1,1,1,1,67,847.365133
4704,1,1,1,1,1,266,111.8628866
4705,1,1,1,1,1,1,5229.986084
4706,1,1,1,1,1,44,363.9808176
4707,1,1,1,1,1,62,4445.734608
4708,1,1,1,1,1,225.98697,79.60561232
4709,1,1,1,1,1,229.27177,1766.234132
4711,1,1,1,1,1,147.19029,5595.730288
4712,1,1,1,1,1,76.79349,4739.810554
4713,1,1,1,1,1,200.99567,3325.258423
4714,1,1,1,1,1,272.95782,3485.200535
4715,1,1,1,1,1,157.00446,2757.872735
4716,1,1,1,1,1,173.8185,11806.73925
4717,1,1,1,1,1,91.70763,137.7334323
4718,1,1,1,1,1,1354.5175,292.9220573
4719,1,1,1,1,1,247.81644,10.60645983
4720,1,1,1,1,1,97.67284,8.133277653
4721,1,1,1,1,1,1938.1548,3268.216162
4722,1,1,1,1,1,74,337.9423763
4723,1,1,1,1,1,26,3069.070359
4724,1,1,1,1,1,478.56775,2410.330143
4725,1,1,1,1,1,841.75946,2405.231895
4726,1,1,1,1,1,59,7298.175366
4727,1,1,1,1,1,123.17617,329.7871346
4728,1,1,1,1,1,895.4308,3690.92412
4729,1,1,1,1,1,22,4800.47557
4730,1,1,1,1,1,37,2194.403369
4731,1,1,1,1,1,93.31311,2109.445578
4732,1,1,1,1,1,85,95.02646149
4733,1,1,1,1,1,608,1237.034861
4734,1,1,1,1,1,42.294598,74.41911184
4735,1,1,1,1,1,25,127.8414719
4736,1,1,1,1,1,50.656555,6613.76454
4737,1,1,1,1,1,19,72.04052401
4738,1,1,1,1,1,15,80.5037286
4739,1,1,1,1,1,33,498.2719724
4740,1,1,1,1,1,118,61.88995875
4741,1,1,1,1,1,456.84607,73.77262369
4742,1,1,1,1,1,13,84.11638818
4743,1,1,1,1,1,63.98372,846.7628349
4744,1,1,1,1,1,11,5607.028833
4745,1,1,1,1,1,19,3115.608296
4746,1,1,1,1,1,11,128.5040951
4747,1,1,1,1,1,98.38046,107.096605
4748,1,1,1,1,1,88,4209.163947
4749,1,1,1,1,1,87.98372,6.832197687
4750,1,1,1,1,1,184,11.55745567
4751,1,1,1,1,1,93,11.90791049
4752,1,1,1,1,1,102.605484,63.37944902
4753,1,1,1,1,1,180.95116,827.5415521
4754,1,1,1,1,1,1425.8075,7.890047714
4755,1,1,1,1,1,116.538124,7.19517436
4756,1,1,1,1,1,100.91637,11.82665752
4757,1,1,1,1,1,259.097,146.7668317
4758,1,1,1,1,1,1868.57,79.20349202
4759,1,1,1,1,1,490.9297,92.40473455
4760,1,1,1,1,1,181.812,68.92976743
4761,1,1,1,1,1,78,1718.507868
4762,1,1,1,1,1,350.9001,159.8731635
4763,1,1,1,1,1,62.43917,1495.166629
4764,1,1,1,1,1,56.03479,319.2048509
4765,1,1,1,1,1,22,532.4273296
4767,1,1,1,1,1,41,405.1290956
4768,1,1,1,1,1,52.364178,4326.838128
4769,1,1,1,1,1,18,4360.33408
4770,1,1,1,1,1,151.79349,3282.397625
4771,1,1,1,1,1,102.19023,4031.296931
4772,1,1,1,1,1,225.00223,2681.30877
4773,1,1,1,1,1,302.81433,96.42809591
4774,1,1,1,1,1,163.29462,1995.150552
4775,1,1,1,1,1,221.67296,436.8875776
4776,1,1,1,1,1,236.49573,2967.0753
4777,1,1,1,1,1,147.50444,15.38294781
4778,1,1,1,1,1,207.32939,12.83226043
4779,1,1,1,1,1,688.19904,14.20606561
4780,1,1,1,1,1,73.174706,8.610306219
4781,1,1,1,1,1,79.43484,9.303387095
4782,1,1,1,1,1,225.82196,7.408614817
4783,1,1,1,1,1,427.713,303.4715976
4784,1,1,1,1,1,453.4078,17.72328889
4785,1,1,1,1,1,417.79794,5.31353757
4786,1,1,1,1,1,313.9925,6.123129391
4787,1,1,1,1,1,489.70453,31.39469521
4788,1,1,1,1,1,1153.4191,25.33030879
4789,1,1,1,1,1,1113.5137,6.836924139
4790,1,1,1,1,1,572,12.54901667
4791,1,1,1,1,1,4098.7725,8.114586221
4792,1,1,1,1,1,266.98816,7.231884205
4793,1,1,1,1,1,221.05775,6.648924547
4794,1,1,1,1,1,1887.51,14.85598193
4795,1,1,1,1,1,503.00888,8.678356831
4796,1,1,1,1,1,642.50256,11.46613842
4797,1,1,1,1,1,173.60548,9.926937077
4798,1,1,1,1,1,688.3317,10.47110821
4799,1,1,1,1,1,494.84918,237.7604242
4800,1,1,1,1,1,585.3331,84.46096246
4801,1,1,1,1,1,522.2591,11.80790673
4802,1,1,1,1,1,1890.6538,11.82012452
4803,1,1,1,1,1,65.52614,18.00676028
4804,1,1,1,1,1,1651.1156,16.58568535
4805,1,1,1,1,1,5432.878,1383.662358
4806,1,1,1,1,1,424.4663,7.583798047
4807,1,1,1,1,1,284.1742,10.42240432
4808,1,1,1,1,1,555.00244,7.379312991
4809,1,1,1,1,1,99.28809,14.13714531
4810,1,1,1,1,1,158.29465,72.96656719
4811,1,1,1,1,1,581.41016,100.1455222
4812,1,1,1,1,1,544.0307,245.787495
4813,1,1,1,1,1,558.3277,1242.65657
4814,1,1,1,1,1,512.3871,10.30017432
4815,1,1,1,1,1,30.845667,7.023101352
4816,1,1,1,1,1,115.70012,11.27472602
4817,1,1,1,1,1,353.9708,789.8260929
4818,1,1,1,1,1,78.51314,11.17572854
4819,1,1,1,1,1,675.6839,13.909745
4820,1,1,1,1,1,154.25552,19.022594
4821,1,1,1,1,1,171.50229,5.627583518
4822,1,1,1,1,1,91.152275,12.7586448
4823,1,1,1,1,1,64.978325,23.00383394
4824,1,1,1,1,1,96.72835,25.68251408
4825,1,1,1,1,1,9739.849,6.341127213
4826,1,1,1,1,1,194.45018,11.65082303
4827,1,1,1,1,1,65.70873,6.596871089
4828,1,1,1,1,1,248.31313,7.052117052
4829,1,1,1,1,1,4542.147,17.02879329
4830,1,1,1,1,1,1205.2324,7.566643292
4831,1,1,1,1,1,251.42305,11.16240557
4832,1,1,1,1,1,381.7121,10.84196275
4833,1,1,1,1,1,264.08383,87.32789507
4834,1,1,1,1,1,213.86092,11.91279429
4835,1,1,1,1,1,805.596,9.815384054
4836,1,1,1,1,1,157.24791,18.191378
4837,1,1,1,1,1,35,17.710046
4838,1,1,1,1,1,328.4549,103.9995103
4839,1,1,1,1,1,29.311703,92.95775129
4840,1,1,1,1,1,22,149.9038103
4841,1,1,1,1,1,20.805214,123.7098638
4842,1,1,1,1,1,36,120.5031547
4843,1,1,1,1,1,30,15.62991016
4844,1,1,1,1,1,10,14.83622693
4845,1,1,1,1,1,43.610428,9.988476536
4846,1,1,1,1,1,34.467552,9.636131711
4847,1,1,1,1,1,824.88446,94.16133601
4848,1,1,1,1,1,58,93.3184295
4849,1,1,1,1,1,254.28609,312.1734013
4850,1,1,1,1,1,88,1249.822982
4851,1,1,1,1,1,86,486.1583432
4852,1,1,1,1,1,137,143.6133252
4853,1,1,1,1,1,39,1143.804345
4854,1,1,1,1,1,68,13.51501173
4855,1,1,1,1,1,48,12.19093265
4856,1,1,1,1,1,124.62351,18.69536009
4857,1,1,1,1,1,141,9.602947691
4858,1,1,1,1,1,8,14.03794524
4859,1,1,1,1,1,11,80.59153374
4860,1,1,1,1,1,395.31213,941.7676833
4861,1,1,1,1,1,111.753296,707.7182087
4862,1,1,1,1,1,25,1150.994511
4863,1,1,1,1,1,19,7330.430837
4864,1,1,1,1,1,30,810.2655529
4865,1,1,1,1,1,143,1084.072619
4866,1,1,1,1,1,249.28598,7226.217276
4867,1,1,1,1,1,170.53256,2509.772761
4868,1,1,1,1,1,259.84436,1969.598184
4869,1,1,1,1,1,96,6416.291997
4870,1,1,1,1,1,87,113.0385216
4871,1,1,1,1,1,141,78.85472013
4872,1,1,1,1,1,13,483.3924712
4873,1,1,1,1,1,428.8966,602.4013453
4874,1,1,1,1,1,40,987.7287333
4875,1,1,1,1,1,182,509.2069556
4876,1,1,1,1,1,295.7665,49.75518794
4877,1,1,1,1,1,84,4796.799649
4878,1,1,1,1,1,2165.0684,92.73321395
4879,1,1,1,1,1,348.9746,1946.790463
4880,1,1,1,1,1,49.93511,107.6333636
4881,1,1,1,1,1,242.93544,1961.729105
4882,1,1,1,1,1,1098.8716,759.1790749
4883,1,1,1,1,1,515.7538,1507.16248
4884,1,1,1,1,1,139,2379.482315
4885,1,1,1,1,1,311.80533,1119.791366
4886,1,1,1,1,1,470.2213,421.8249635
4887,1,1,1,1,1,1351.249,469.5267655
4888,1,1,1,1,1,125,1203.946369
4889,1,1,1,1,1,20,2810.672755
4890,1,1,1,1,1,275.79236,106.2924238
4891,1,1,1,1,1,45,1406.678103
4892,1,1,1,1,1,4,90.17388493
4893,1,1,1,1,1,86,63.4135267
4894,1,1,1,1,1,267.208,1956.878404
4895,1,1,1,1,1,27,5607.216271
4896,1,1,1,1,1,79.07799,4652.582869
4897,1,1,1,1,1,540.8578,1551.464097
4898,1,1,1,1,1,749.5592,781.1463362
4899,1,1,1,1,1,53.792236,4370.601907
4900,1,1,1,1,1,87.701385,129.9261491
4901,1,1,1,1,1,16,17.42563475
4902,1,1,1,1,1,143.68842,11.25304021
4903,1,1,1,1,1,153,18.10731102
4904,1,1,1,1,1,73.974045,12.49715372
4905,1,1,1,1,1,357.22107,1687.995295
4906,1,1,1,1,1,66,680.3711616
4907,1,1,1,1,1,57.09096,5167.592842
4908,1,1,1,1,1,176.77925,3191.715173
4909,1,1,1,1,1,1032.8174,2394.145159
4910,1,1,1,1,1,0,4133.419198
4911,1,1,1,1,1,6,2694.61516
4912,1,1,1,1,1,5,2998.795873
4913,1,1,1,1,1,0,1202.261175
4914,1,1,1,1,1,403.3379,283.5786106
4915,1,1,1,1,1,777.18695,1996.768162
4917,1,1,1,1,1,120.89617,96.87693798
4918,1,1,1,1,1,93.59745,91.37821688
4919,1,1,1,1,1,490.1819,185.5601253
4920,1,1,1,1,1,409.6759,2178.937575
4921,1,1,1,1,1,124.974045,3509.15483
4922,1,1,1,1,1,3424.7852,196.5774276
4923,1,1,1,1,1,1313.6904,66.21216872
4924,1,1,1,1,1,207.18214,1433.76614
4925,1,1,1,1,1,174.3248,552.0542668
4926,1,1,1,1,1,95.54553,8.473059038
4927,1,1,1,1,1,2744.0105,13.2571942
4928,1,1,1,1,1,13799.245,2441.092947
4934,1,1,1,1,1,130.18192,1025.320402
4935,1,1,1,1,1,568.98737,572.5750545
4936,1,1,1,1,1,1259.784,75.02409531
4937,1,1,1,1,1,106.53256,1987.626781
4938,1,1,1,1,1,411.46933,3691.804984
4939,1,1,1,1,1,685.89825,1820.014794
4940,1,1,1,1,1,815.45557,3526.973036
4941,1,1,1,1,1,103.103935,4685.984814
4942,1,1,1,1,1,302.3767,12673.05624
4943,1,1,1,1,1,716.7931,4651.850049
4944,1,1,1,1,1,311.11597,7079.661386
4945,1,1,1,1,1,316.94818,1510.673435
4946,1,1,1,1,1,956.4166,12976.66567
4947,1,1,1,1,1,2194.133,1013.370111
4948,1,1,1,1,1,472.40442,379.0642591
4949,1,1,1,1,1,375.97162,7215.391264
4950,1,1,1,1,1,58.740326,703.6961719
4951,1,1,1,1,1,610.5985,266.4858055
4952,1,1,1,1,1,200,100.1591564
4953,1,1,1,1,1,100,478.3062572
