id,Region,distanceToTransit,BBSR_Type,Pop+Emp,Population,Employment,Area,AGS,Housing,Special,Mixed Use,Industrial,Sport+Rec,remainder,x,y
1,1,500,10,5143,3714,1428,178559362.513184368610382,12070173,0.003212765,0.000213184,0.005219462,0.00487423,0.002995967,0.983484393,4477751.238,5892353.507
2,1,500,10,3614,2573,1040,74825272.382574185729027,12070173,0.010474303,0.000729843,0.012881236,0.014228922,0.011706936,0.949978761,4486155.836,5892995.298
3,1,500,10,875,692,183,26572720.672391656786203,12070028,0.000480471,4.46068E-05,0.000336744,9.83497E-05,0.000312234,0.998727595,4491130.337,5901158.289
4,1,500,10,703,561,142,37764010.142366856336594,12070300,8.79366E-05,0,0.000344825,0.000122073,6.05632E-05,0.999384603,4493638.156,5898406.524
5,1,500,10,3755,2896,859,119659514.173862248659134,12070325,0.00264587,7.9269E-05,0.005457469,0.001029021,0.003851049,0.986937322,4502194.942,5902624.632
6,1,500,10,478,408,70,24329860.553674429655075,12070145,0.008509692,0.000401406,0.014682185,0.00038164,0.013983421,0.962041655,4494736.466,5895230.905
7,1,500,10,3173,2490,683,96076443.303134113550186,12070244,0.003538881,0.000356813,0.001971031,0.000541627,0.003807943,0.989783704,4465929.841,5886295.4
8,1,500,10,696,547,149,41723011.262927070260048,12070246,5.76083E-05,0,0.000655053,5.14399E-05,0,0.999235899,4456032.361,5884197.505
9,1,500,10,716,656,60,39381258.716347351670265,12070153,0.007124959,0.003205024,0.002303913,0.003314966,0.000760543,0.983290595,4519478.077,5901144.623
10,1,500,10,691,521,170,23042087.799510080367327,12070096,0.000954896,0.000948969,0.003286945,0.005293744,0.001020148,0.988495297,4514816.593,5900786.904
11,1,500,10,5114,2516,2598,38139681.088309243321419,12070316,0.000276927,0,6.33917E-05,0.001377444,0.00140036,0.996881877,4512151.385,5895232.555
12,1,500,10,4359,3982,376,2560000.000000000000000,12070316,0.193946723,0.019948976,0.00780483,0.06641935,0.098217389,0.613662732,4511250,5891800
13,1,500,10,3870,1895,1975,54340248.378009282052517,12070316,0.007595181,0.001274968,0.000915562,0.003994467,0.004715699,0.981504123,4510375.912,5888544.318
14,1,500,10,4994,3514,1480,10240000.000000000000000,12070316,0.051054174,0.008938563,0.027511004,0.063636677,0.05824725,0.790612332,4513650,5891000
15,1,500,10,5243,4008,1234,227872926.776875823736191,12070125,0,0,0,0,0,1.000000000000000,4503355.06,5887058.91
16,1,500,10,667,582,85,31839317.798515535891056,12070393,0.002014749,0.000210216,0.004229239,0.000515419,0.002455115,0.990575261,4507687.508,5900604.784
17,1,500,10,4897,3237,1659,120986534.784377709031105,12068181,0.007946501,0.000668148,0.004852808,0.014316527,0.004581915,0.967634102,4525681.741,5892430.578
18,1,500,10,3934,2163,1770,62649218.166340924799442,12070316,0.009387085,0.000407668,0.010531161,0.008598733,0.009259363,0.96181599,4518030.085,5892081.851
19,1,500,10,966,816,150,77756877.786182507872581,12070266,0.004273229,0.000337119,0.009466932,0.00884373,0.005078295,0.972000695,4509016.162,5910083.751
20,1,500,10,368,337,31,20336894.080637749284506,12070222,0.011830063,0.000281417,0.0144059,0.001461661,0.011922809,0.96009815,4511058.521,5900886.483
21,1,500,10,5014,4191,822,22717526.298778664320707,12068468,0.009043534,0.000105026,0.002602912,0.004562998,0.004051557,0.979633972,4532101.362,5896477.611
22,1,500,10,3373,3231,141,2560000.000000000000000,12068468,0.163116777,0.019604763,0.016392097,0.028972174,0.094476511,0.677437678,4532050,5893400
23,1,500,10,1038,870,167,2560000.000000000000000,12068468,0.14641766,0.025056121,0.004911279,0.050319615,0.134092903,0.639202422,4533650,5893400
24,1,500,10,4604,2536,2068,144618881.941866695880890,12068468,0.002537354,0.000125079,0.00397681,0.008904844,0.00125037,0.983205542,4531645.529,5900730.759
25,1,500,10,4589,2932,1657,66198946.413750462234020,12068468,0.01734895,0.003186661,0.007757399,0.022777845,0.013115549,0.935813597,4535593.304,5889596.877
26,1,500,10,2800,1555,1244,181853975.714405417442322,12068468,0.002069755,0.000781311,0.003077165,0.000533297,0.002516144,0.991022328,4541013.819,5888086.465
27,1,500,10,2442,1853,589,110977672.701576009392738,12068353,0.005191867,0.000505943,0.002858344,0.000872694,0.004506361,0.98606479,4550368.118,5891959.261
28,1,500,10,3834,2720,1114,50776497.215440779924393,12070280,0.013951112,0.000856226,0.011016145,0.011553971,0.008266086,0.95435646,4517221.595,5907727.803
29,1,500,10,3490,2605,885,2560000.000000000000000,12070424,0.270452517,0.028614909,0.015154909,0.091093066,0.221084757,0.373599843,4482450,5874200
30,1,500,10,4945,3997,947,2548908.769776249770075,12070424,0.177659328,0.012911046,0.015871637,0.129495006,0.366256652,0.297806332,4482453.354,5875796.89
31,1,500,10,922,812,110,22157990.919545501470566,12070060,0.014652261,0.000568253,0.009205505,0.005438053,0.006523854,0.963612073,4478067.059,5877128.604
32,1,500,10,3218,2794,424,1326749.114448401844129,12070424,0.238499959,0.033249564,0.011382637,0.088843385,0.139322592,0.488701864,4484086.026,5875418.575
33,1,500,10,1400,1144,256,15516400.137102181091905,12070416,0.00169869,0,0.000221219,0.000699978,0.002622656,0.994757456,4485250.244,5878645.625
34,1,500,10,5499,3795,1704,16911851.115638475865126,12070424,0.00929207,0.001560551,0.002471236,0.005984,0.010831991,0.969860151,4481971.817,5878614.058
35,1,500,10,4194,3507,686,1140150.568789469776675,12070424,0.229758895,0.062322145,0.011168313,0.223360997,0.165559329,0.307830321,4483962.938,5874603.934
36,1,500,10,4999,1181,3817,25933314.061541404575109,12070424,0.013654773,0.001528831,0.001380905,0.009834145,0.004548794,0.969052552,4484047.13,5872452.161
37,1,500,10,1031,895,136,60671135.598484046757221,12070236,0,0,0,0,0,1.000000000000000,4473833.544,5882115.599
38,1,500,10,5414,2621,2793,66334493.485868893563747,12070296,0.000332655,0,1.70215E-05,0.000487541,0.000261039,0.998901743,4488006.409,5885564.309
39,1,500,10,672,467,204,640000.000000000000000,12070296,0.00325942,0,0.005465777,0.1796784,0.006832429,0.804763973,4490050,5884200
40,1,500,10,1180,1070,110,640000.000000000000000,12070296,0.018902249,0,0.04028219,0.041717652,0.05540213,0.843695778,4490850,5884200
41,1,500,10,1976,1605,370,640000.000000000000000,12070296,0.117030467,0.007472798,0.083726686,0.202418437,0.201014593,0.388337019,4490050,5883400
42,1,500,10,2078,1798,279,640000.000000000000000,12070296,0.24807121,0.03830595,0.023089915,0.158152998,0.217997649,0.314382278,4490850,5883400
43,1,500,10,3137,2063,1073,2560000.000000000000000,12070296,0.264607437,0.063101126,0.020221018,0.111928519,0.25662226,0.28351964,4490450,5882200
44,1,500,10,3293,73,3220,37150424.321244493126869,12070296,0.002091587,0,2.28584E-05,0.002209212,0.007729409,0.987946934,4489705.394,5879010.421
45,1,500,10,5012,2996,2015,30069691.661329954862595,12070296,0.009595989,0.004653765,0.000821433,0.005965871,0.008035686,0.970927254,4493660.065,5883180.074
46,1,500,10,5059,3761,1298,201499398.195254683494568,12070302,7.52451E-06,0,0,0,1.13702E-05,0.999981105,4503211.689,5872304.962
47,1,500,10,729,671,58,41946741.576978698372841,12070241,0.006402758,0.001366746,0.012137538,0.0012117,0.003644875,0.975236383,4498921.139,5864492.147
48,1,500,10,4492,2641,1851,79762741.084735706448555,12070008,0.01048601,0.001931753,0.002516925,0.004361365,0.010576326,0.970127621,4495510.622,5871206.252
49,1,500,10,689,541,148,28930716.153837647289038,12070348,0.007458945,0.000518861,0.008436481,0.001896674,0.007403426,0.974285613,4492114.719,5865296.571
50,1,500,10,1593,1447,146,23687061.020390767604113,12070052,0.028994377,0.000673477,0.003934721,0.003590458,0.012025204,0.950781762,4488184.564,5874317.567
51,1,500,10,2991,2836,155,2560000.000000000000000,12068264,0.07160224,0.009778847,0.002646123,0.043096942,0.024057949,0.848817899,4525650,5869400
52,1,500,10,5165,3442,1723,87278536.741970509290695,12068264,0.001182469,0.000386814,0.000295441,0.00437643,0.000861931,0.992896915,4529616.563,5873991.159
53,1,500,10,3816,2094,1722,65153765.135151006281376,12068264,0.00368784,0.000713352,0.000131133,0.002187288,0.003101845,0.990178542,4522647.14,5866044.182
54,1,500,10,2490,1955,534,2560000.000000000000000,12068264,0.262438107,0.033330263,0.015563281,0.141590038,0.061428064,0.485650247,4527250,5867800
55,1,500,10,4481,3703,778,213224529.890415966510773,12070149,0,0,1.50468E-05,1.19152E-05,2.04468E-05,0.999952591,4515900.384,5873847.606
56,1,500,10,611,474,137,44949483.860738560557365,12068052,0.00227941,3.28557E-05,0.002961625,0.000244981,0.001111922,0.993369207,4514199.875,5859213.667
57,1,500,10,802,699,103,37543573.718916863203049,12068501,0.006539107,0.000313523,0.002250308,0.001058986,0.002817023,0.987021052,4522588.139,5859290.758
58,1,500,10,865,636,228,24383290.404593583196402,12068417,0.00940742,0.000386425,0.013229193,0.005357187,0.001831047,0.969788728,4519962.228,5862497.538
59,1,500,10,308,229,79,23011731.601844608783722,12070125,0.004461465,0.00012817,0.009636612,0.001368246,0.001131269,0.983274237,4518869.565,5884862.435
60,1,500,10,5384,4250,1134,71282602.174776569008827,12068477,0.01758738,0.001339772,0.010405177,0.00726577,0.013877376,0.949524526,4535105.672,5863725.864
61,1,500,10,203,194,9,640000.000000000000000,12068320,0.004734029,0,0.00348823,6.37481E-06,0,0.991771366,4552450,5866600
62,1,500,10,1717,1151,566,640000.000000000000000,12068320,0.066380144,0.013322413,0.02493334,0.21228903,0.047272973,0.635802101,4553250,5866600
63,1,500,10,378,284,93,640000.000000000000000,12068320,0.14274061,0.000487407,0.000987016,0.03951856,0.014883895,0.801382513,4552450,5865800
64,1,500,10,4362,3913,449,640000.000000000000000,12068320,0.24164756,0.124093313,0.002393894,0.12613971,0.064320775,0.441404748,4553250,5865800
65,1,500,10,5454,2008,3446,28098904.882963247597218,12068320,0.012825434,0.007929344,0.00663462,0.007508315,0.022747418,0.942354869,4551669.508,5862123.723
66,1,500,10,506,375,131,12470912.563464866951108,12068072,0,0,0,0,0,1.000000000000000,4549028.579,5862943.1
67,1,500,10,4144,4144,0,1204438.789064656477422,12068320,0,0,0,0,0,1.000000000000000,4549796.174,5861010.263
68,1,500,10,811,751,60,65788546.511232390999794,12068425,0.001189584,2.5729E-05,0.001161553,0.000152975,0.000265378,0.997204781,4541739.44,5875019.618
69,1,500,10,2025,1221,804,44333996.277858860790730,12068306,0.008869479,0.000369724,0.011579964,0.01452863,0.002713883,0.961938319,4547225.026,5867087.518
70,1,500,10,591,518,73,42359058.920684501528740,12068413,0.001629357,4.63791E-05,0.001881814,0.00113063,0.001334796,0.993977023,4549393.31,5873808.375
71,1,500,10,1152,871,281,31852216.864602133631706,12068452,0.008525795,0.000768947,0.007629693,0.008630039,0.002123408,0.972322117,4542860.446,5868582.623
72,1,500,10,1803,1032,770,65502128.664811685681343,12068477,0.005247494,0.000259406,0.009100722,0.006188838,0.001911201,0.97729234,4535387.516,5870063.512
73,1,500,10,2226,1594,632,86480261.828371629118919,12068181,0.003352998,0.000107337,0.001741408,0.000268416,0.002802059,0.991727783,4526215.549,5881830.511
74,1,500,10,5356,4755,600,4100280.178748907521367,12063252,0.065002799,0.000553293,0.032898238,0.004772075,0.068567924,0.828205671,4526166.394,5835727.942
75,1,500,10,1018,934,84,51213486.865896351635456,12063293,0,0,0,0,0.001990742,0.998009258,4530308.429,5835391.561
76,1,500,10,1338,1193,145,48383965.181373231112957,12063274,0.000706922,2.53933E-05,0.000836529,0,0.001475733,0.996955422,4524961.854,5839578.477
77,1,500,10,875,831,43,352885.260500611562748,12063252,0,0,0.025367504,0.008301954,0.049099337,0.917231206,4525480.706,5836746.786
78,1,500,10,2216,1816,400,31852457.982544932514429,12063260,0.014070967,0.000826581,0.008252445,0.010985765,0.015798027,0.950066215,4521720.78,5846857.771
79,1,500,10,408,315,93,20172706.310643378645182,12063112,0.008523989,0.000543247,0.016266455,0.000258915,0.019279797,0.955127597,4523937.804,5850421.603
80,1,500,10,0,0,0,65614.481212122831494,12068052,0.199023884,0,0,0,0,0.800976116,4514886.02,5858847.868
81,1,500,10,1387,983,404,74792984.923832997679710,12063134,0.006846975,0.000303807,0.009133423,0.000148661,0.006811772,0.976755361,4517699.887,5843970.599
82,1,500,10,5396,3895,1501,75611750.599844530224800,12068324,0.002469627,3.49185E-05,0.006529806,0.000368279,0.001556061,0.989041308,4526632.915,5857015.197
83,1,500,10,1233,1089,143,64699201.015291333198547,12068109,0.010764034,0.00022202,0.006837651,0.002460071,0.007472631,0.972243593,4531863.374,5850434.315
84,1,500,10,1617,962,655,59555659.357889883220196,12068477,0.008013625,0.000226712,0.010273559,0.004719802,0.004994665,0.971771636,4537424.54,5856401.46
85,1,500,10,3524,2386,1137,69910531.924866870045662,12063088,0.001669832,1.14956E-05,0.004593748,0.001206322,0.00237715,0.990141452,4539768.534,5847489.748
86,1,500,10,703,576,126,20085667.685104250907898,12068409,0.003724703,0,0.001071701,0.001165262,0.00033523,0.993703105,4525574.48,5854046.121
87,1,500,10,2336,2032,303,41900962.638266645371914,12068117,0.009288872,0.000461585,0.008970371,0.001316757,0.004305264,0.975657151,4548915.233,5856427.702
88,1,500,10,4371,2928,1443,56764259.617463223636150,12068117,0.021623781,0.000694908,0.006617507,0.02393799,0.006132723,0.940993091,4549170.268,5851165.612
89,1,500,10,1866,1559,307,52153682.340858943760395,12068426,0.006785851,0.00014866,0.004303407,0.001061662,0.004165906,0.983534515,4543178.35,5859112.654
90,1,500,10,817,691,126,39802890.981556490063667,12063202,0.011097904,0.000465189,0.008224285,0.002357996,0.007473385,0.970381241,4541158.874,5837934.219
91,1,500,10,459,446,14,42077479.868365719914436,12063161,0.004075977,8.46276E-05,0.00518876,6.99383E-05,0.005527107,0.98505359,4533446.447,5843580.19
92,1,500,10,713,643,70,45982615.791733548045158,12063142,0.009928743,0.000275296,0.007121777,0.000168653,0.008639255,0.973866276,4545259.358,5842961.439
93,1,500,10,0,0,0,716183.607881714240648,12063142,0,0,0,0,0,1.000000000000000,4542509.272,5846028.941
94,1,500,10,112,29,83,14570759.308839572593570,12063088,0.001653339,0,0.008444676,0.001364732,0.003157403,0.98537985,4543667.078,5846499.701
95,1,500,10,432,418,13,30280103.922706890851259,12063094,0.00277654,0,0.001320848,0,0.00346537,0.992437242,4527121.738,5844846.086
96,1,500,10,709,558,151,14767994.283428732305765,12063256,0,0,0,0,0,1.000000000000000,4546997.62,5832539.962
97,1,500,10,3215,2630,584,53041344.718125797808170,12068353,0,0,0,0.002478077,0,0.997521923,4562961.404,5891366.662
98,1,500,10,1389,1239,150,84565642.625172644853592,12065310,0.005401874,0.000771296,0.001040824,0.000558958,0.005040237,0.987186811,4568935.58,5887884.595
99,1,500,10,5147,4405,741,66234236.518587999045849,12065084,0.021488477,0.007468763,0.002807944,0.011313761,0.010984281,0.945936774,4574985.846,5894974.891
100,1,500,10,2888,2484,403,147996798.933099925518036,12065084,0.000734751,1.94525E-05,9.0162E-06,4.53685E-05,0,0.999191411,4583295.338,5891083.617
101,1,500,10,4510,2979,1530,151355063.528528004884720,12073572,0.000200549,1.96719E-05,0.000250117,0.000127137,0.000222915,0.99917961,4594901.175,5888733.698
102,1,500,10,1251,1171,80,2560000.000000000000000,12073572,0.004167807,0.000979351,0.007141002,0.025129444,0.004902059,0.957680337,4599250,5890200
103,1,500,10,4086,4079,7,2560000.000000000000000,12073572,0.077209582,0.000448432,0.001279611,0.001051418,0.013941309,0.906069648,4600850,5890200
104,1,500,10,4191,3672,519,2560000.000000000000000,12073572,0.252063263,0.067215417,0.055660531,0.051197131,0.193119006,0.380744653,4600850,5888600
105,1,500,10,5129,2185,2943,125041174.790936514735222,12073572,0.001028459,1.02335E-05,0.000873503,0.003613428,0.000848787,0.993625591,4603973.126,5879989.499
106,1,500,10,5095,3259,1836,94945856.295993953943253,12073572,0.001056224,0.001155866,0.001707653,0.002162777,0.003038175,0.990879304,4604627.522,5892757.943
107,1,500,10,4754,3766,988,217964196.981802821159363,12073069,0.000533738,1.49395E-05,0.000774065,0.000121783,0.000270401,0.998285073,4603738.244,5903504.445
108,1,500,10,3728,3181,547,111969437.786559209227562,12073384,0,0,1.36164E-06,0,0,0.999998638,4588642.012,5898975.273
109,1,500,10,1519,635,883,7170693.951670399866998,12073452,0.022959672,0.001929905,0.013261418,0.046303328,0.009519976,0.906025701,4619706.363,5916482.432
110,1,500,10,894,499,395,640000.000000000000000,12073452,0.001260328,0.106412124,0.053851483,0.199490412,0.043921636,0.595064017,4624450,5913000
111,1,500,10,5108,3113,1995,10166617.395147599279881,12073452,0.002393633,4.76544E-05,0.000795446,0.020246643,0.002611514,0.973905108,4626279.283,5913362.156
112,1,500,10,3357,2564,793,640000.000000000000000,12073452,0.043520494,0.012615264,0.059125075,0.622516998,0.016708147,0.245514022,4624450,5912200
113,1,500,10,2817,2296,520,640000.000000000000000,12073452,0.276047225,0.002906826,0.021193998,0.446913019,0.010884685,0.242054247,4625250,5912200
114,1,500,10,812,347,465,30232901.274599194526672,12073490,0.005391343,0.000281562,0.006711515,0.003147149,0.003454287,0.981014145,4631072.56,5915644.93
115,1,500,10,3201,2652,549,166851395.740891039371490,12073579,0.001513188,0.000149132,0.002060695,0.001219278,0.000373484,0.994684224,4618649.675,5925703.597
116,1,500,10,1181,870,311,25512515.063803058117628,12073216,0.015078068,0.001338312,0.008443741,0.005196238,0.006150313,0.963793327,4628162.91,5921024.668
117,1,500,10,845,822,23,2560000.000000000000000,12073452,0.001034776,0.001103596,0.002069558,0.000848454,0.021504617,0.973438999,4621650,5911000
118,1,500,10,2398,1587,810,2560000.000000000000000,12073452,0.139301093,0.026132109,0.032600849,0.109148273,0.09143966,0.601378016,4623250,5911000
119,1,500,10,5482,3281,2200,72462542.291504502296448,12073452,0.001782495,1.67491E-05,0.00135185,0.001507244,0.00130355,0.994038112,4622652.212,5914882.745
120,1,500,10,5214,4383,831,254042326.435744255781174,12073429,0.000923552,1.10539E-05,0.000234553,0.000211825,0.000209215,0.998409802,4612873.532,5911875.662
121,1,500,10,3056,2575,481,640000.000000000000000,12073452,0.138700242,0.126295298,0.040801901,0.294344497,0.05465204,0.345206023,4624450,5911400
122,1,500,10,1058,767,290,640000.000000000000000,12073452,0.193287963,0.275262378,0.009356041,0.089359669,0.012471408,0.420262541,4625250,5911400
123,1,500,10,506,131,374,640000.000000000000000,12073452,0.153021922,0.219490696,0.039064639,0.143923553,0.172130924,0.272368266,4624450,5910600
124,1,500,10,819,381,437,640000.000000000000000,12073452,0.020152394,0.659051673,0,0.014947099,0.090000918,0.215847916,4625250,5910600
125,1,500,10,5251,853,4398,43299569.479451835155487,12073452,0.005090866,0.005086015,0.001124955,0.006757762,0.011825961,0.970114441,4625542.236,5907648.136
126,1,500,10,1239,918,321,34994835.931978024542332,12073261,0.0063938,0.000205279,0.00201598,0.000404795,0.002442464,0.988537681,4631846.653,5910176.525
127,1,500,10,2408,1857,551,85308634.707617580890656,12073430,0.007717816,0.000133576,0.002472746,0.001489436,0.003115286,0.985071141,4626067.185,5898147.567
128,1,500,10,429,378,50,23094692.989265833050013,12073404,0.012498337,0.000967074,0.008107081,0.004922066,0.003610298,0.969895143,4612009.792,5896214.934
129,1,500,10,2559,2238,321,96840973.249261528253555,12073201,0.00713967,0.000553297,0.003325607,0.001429216,0.002192228,0.985359982,4617174.275,5893661.478
130,1,500,10,1147,1012,135,44685746.039535224437714,12073386,0.006966406,5.58545E-06,0.004254394,0.006315006,0.003703833,0.978754775,4641369.921,5886786.91
131,1,500,10,2580,2204,376,66147479.142379924654961,12073225,0.005322954,6.7141E-05,0.002262298,0.001031379,0.001808823,0.989507405,4634679.421,5899142.683
132,1,500,10,659,641,18,32210131.782666649669409,12073645,0.009962207,0.000244342,0.011000907,0.001476373,0.008286412,0.969029759,4636988.674,5895639.064
133,1,500,10,5363,3897,1466,73230608.305921941995621,12073532,0.00321255,9.88198E-05,0.001873809,0.001610789,0.001522508,0.991681525,4653941.384,5890734.974
134,1,500,10,2343,40,2302,10240000.000000000000000,12073532,0,0,0,0.380912013,0.000582467,0.61850552,4651250,5887800
135,1,500,10,2828,1096,1731,10240000.000000000000000,12073532,0.035311862,0.001616193,0.029846644,0.099893313,0.022262135,0.811069854,4654450,5887800
136,1,500,10,3718,799,2918,37097554.339787401258945,12073532,0.007080035,0.000409835,0.006719023,0.091522661,0.00332511,0.890943337,4646651.902,5889655.258
137,1,500,10,1925,1477,448,51808654.903921596705914,12073603,0.004285159,0.000110994,0.002180306,0.000222134,0.00222894,0.990972466,4641865.175,5893905.867
138,1,500,10,2486,1915,571,94308383.215830221772194,12073097,0.00173188,5.97741E-05,0.00205427,0.001645897,0.000496951,0.994011228,4645691.539,5901182.047
139,1,500,10,2984,2684,300,62361327.117426209151745,12073189,0,0,1.88008E-05,0,0,0.999981199,4657599.004,5900752.057
140,1,500,10,1300,1042,258,46550715.421802349388599,12073578,0.008237504,0.000652206,0.003518398,0.005218264,0.002311976,0.980061651,4631688.553,5904444.417
141,1,500,10,1257,892,365,41228136.530271358788013,12073309,0.004697309,0.000999173,0.013976686,0.009445267,0.001706697,0.969174868,4652650.292,5897934.644
142,1,500,10,1366,1273,93,64211046.163077563047409,12073458,0.006372739,0.000359518,0.005898069,0.001351957,0.004661432,0.981356285,4638688.078,5910461.804
143,1,500,10,657,518,139,32181174.777199130505323,12073093,0.005073778,0.000416019,0.010869456,0.003813836,0.002471158,0.977355753,4637345.082,5916507.033
144,1,500,10,820,731,89,29322211.686039883643389,12073520,0.006164555,0.001472918,0.006651658,0.010607836,0.008520667,0.966582365,4633306.723,5921312.913
145,1,500,10,2246,1969,277,101537627.691275015473366,12073085,0.010576824,0.000288626,0.006411296,0.004154849,0.003814833,0.974753572,4643692.908,5919359.491
146,1,500,10,2630,2211,419,2560000.000000000000000,12065100,0.097654744,0.025642813,0.016499743,0.122799595,0.063092209,0.674310896,4578450,5875800
147,1,500,10,5171,4494,677,40451066.921847492456436,12065100,0.012119457,0.002284354,0.002345676,0.006620307,0.004227462,0.972402744,4577777.804,5872030.087
148,1,500,10,683,600,83,11954812.913147723302245,12065276,0.001460868,0,0.002248357,0.000663642,0.000618104,0.99500903,4574676.74,5875346.758
149,1,500,10,1042,937,105,52863510.083205752074718,12065117,0,0,0,0,0,1.000000000000000,4574271.766,5884650.21
150,1,500,10,3873,2644,1228,79082766.693536743521690,12065100,0.00453027,0.000487166,0.003135257,0.000941608,0.001723775,0.989181924,4579424.125,5882187.646
151,1,500,10,5417,3753,1664,164333691.167527496814728,12068353,0,0,0,0,0,1.000000000000000,4558378.264,5883831.649
152,1,500,10,4496,3602,893,65489575.945604428648949,12068280,0.003215643,5.47691E-05,0.002191873,0.000172136,0.005243475,0.989122104,4566011.295,5872497.609
153,1,500,10,5360,1510,3849,148366274.816119432449341,12068320,0.002103778,1.46332E-05,0.000105784,0.001242731,0.002526591,0.994006483,4554958.639,5875939.103
154,1,500,10,2352,805,1546,2560000.000000000000000,12068320,0.004391385,0,0.003326928,0.16638991,0.000455519,0.825436258,4554450,5869400
155,1,500,10,1074,537,537,2560000.000000000000000,12068320,0.056470124,0.020619508,0.036198236,0.002805536,0.06065976,0.823246835,4556050,5869400
156,1,500,10,991,481,509,640000.000000000000000,12068320,0.072919389,0,0.00054352,0.223354831,0,0.70318226,4554050,5868200
157,1,500,10,1176,960,215,640000.000000000000000,12068320,0.226284818,0.002942087,0.017459926,0.072584736,0.168693119,0.512035313,4554850,5868200
158,1,500,10,2270,2199,70,640000.000000000000000,12068320,0.157738862,0.015787567,0.001276893,0.02013378,0.004759228,0.80030367,4554050,5867400
159,1,500,10,1417,1099,318,640000.000000000000000,12068320,0.173293788,0.01605675,0.012831183,0.114745427,0.106675533,0.576397319,4554850,5867400
160,1,500,10,777,593,183,2560000.000000000000000,12068320,0.045129079,0.001314202,0.004011814,0.014361369,0.109757258,0.825426278,4556050,5867800
161,1,500,10,3305,2118,1187,10240000.000000000000000,12068320,0.053634696,0.003303169,0.008855103,0.0200558,0.011985957,0.902165276,4558450,5868600
162,1,500,10,3067,2988,78,640000.000000000000000,12068320,0.408147376,0.038108036,0.004284088,0.008055748,0.156312071,0.385092683,4554050,5866600
163,1,500,10,1583,1236,347,640000.000000000000000,12068320,0.222295406,0.086940051,0.037487941,0.056179827,0.117743673,0.479353101,4554850,5866600
164,1,500,10,2545,2078,467,640000.000000000000000,12068320,0.399347333,0.161562657,0.062994227,0.039357214,0.098483309,0.23825526,4554050,5865800
165,1,500,10,398,258,139,640000.000000000000000,12068320,0.157575674,0.001839837,0.02113827,0.034833744,0.027266428,0.757346047,4554850,5865800
166,1,500,10,5279,3381,1897,38667387.504670262336731,12068320,0.017507064,0.000620698,0.001045319,0.001305007,0.005144885,0.974377027,4557666.752,5862559.723
167,1,500,10,2016,1088,928,2560000.000000000000000,12068320,0.17737443,0.125077394,0.004965152,0.026205391,0.103053122,0.563324511,4554450,5864600
168,1,500,10,4619,1099,3519,10240000.000000000000000,12068320,0.043879151,0.003406455,0.017743144,0.073209446,0.019274646,0.842487157,4555250,5862200
169,1,500,10,561,460,101,22154699.288755040615797,12068437,0.000145901,0,4.20905E-05,0,0,0.999812009,4568922.249,5868312.788
170,1,500,10,3402,2821,581,80453008.332534626126289,12065198,0.018003894,0.000678505,0.005720751,0.002765658,0.006920785,0.965910406,4574598.83,5865098.949
171,1,500,10,1065,985,80,50599075.820887252688408,12065301,0.001505236,5.19274E-05,1.52167E-05,2.37524E-05,0.000947471,0.997456397,4571809.387,5876137.29
172,1,500,10,4485,3938,547,10240000.000000000000000,12065356,0.063703088,0.001568029,0.006284948,0.045234386,0.028461808,0.854747742,4590450,5875000
173,1,500,10,2923,1664,1258,73961353.270445033907890,12065356,0.003415191,4.25289E-05,0.004726993,0.001959308,0.001062068,0.988793911,4585493.518,5872209.015
174,1,500,10,4413,4063,349,2560000.000000000000000,12065356,0.282504939,0.049128667,0.012720614,0.08930923,0.080168553,0.486167998,4589650,5872600
175,1,500,10,5457,3687,1770,136622433.382687091827393,12065356,0.006692942,0.000470443,0.001008925,0.00245549,0.000736775,0.988635423,4592708.012,5875486.732
176,1,500,10,3722,2925,796,84853699.594075664877892,12065198,0.01213479,0.000790989,0.008250608,0.003229153,0.008299209,0.967295252,4584722.543,5864560.868
177,1,500,10,5425,4846,578,24729670.900935102254152,12060269,0,0,0,0,0,1.000000000000000,4601824.72,5857361.511
178,1,500,10,124,25,98,10828568.737366868183017,12060198,0.001390473,0,0.005752512,0.003555138,0,0.989301876,4596907.927,5868741.793
179,1,500,10,2362,1830,532,39197489.001960955560207,12060198,0.025886039,0.000691734,0.007193361,0.007133684,0.007190635,0.951904546,4601329.069,5864333.649
180,1,500,10,0,0,0,68709.953280464629643,12065193,0,0,0,0,0,1.000000000000000,4594702.835,5868079.825
181,1,500,10,3847,947,2899,51301509.596502199769020,12068320,0.00064795,0,0.00125672,0.000593018,0.000203397,0.997298915,4562330.334,5860314.319
182,1,500,10,782,579,203,18718741.742486808449030,12068188,0,0,0.000280983,0,0,0.999719017,4565653.237,5863440.791
183,1,500,10,206,119,86,5913979.262679125182331,12068117,0.018669656,0.000445246,0.017900055,0.003609312,0.114974636,0.844401095,4564684.949,5854802.061
184,1,500,10,5061,3938,1122,79363657.526876464486122,12065165,0.019633724,0.002319075,0.008509857,0.00409579,0.007921704,0.957519849,4572935.213,5850999.601
185,1,500,10,563,513,50,17671668.782758459448814,12068372,0.000457162,0,0.000431894,0,0.001601438,0.997509506,4567541.655,5860724.75
186,1,500,10,1524,1309,215,48718644.316936261951923,12065165,0.004223412,8.03373E-05,0.004339136,0.000989721,0.000841401,0.989525993,4570443.068,5857609.308
187,1,500,10,3762,2791,971,79952572.770285084843636,12065198,0.005687411,9.02003E-05,0.002133453,0.001659983,0.002544429,0.987884524,4579323.287,5856999.314
188,1,500,10,4289,2832,1456,165021620.132494091987610,12068117,0.002303607,0.000521296,0.00288093,0.000505032,0.001688503,0.992100632,4556194.522,5848995.644
189,1,500,10,4275,2720,1554,81673867.465682342648506,12065165,0.003947731,0.000134822,0.005806447,0.000336711,0.001255531,0.988518758,4565528.276,5846611.582
190,1,500,10,5395,3819,1576,47874193.530894264578819,12065251,0.021767553,0.001532022,0.007658978,0.017166081,0.010226519,0.941648846,4572316.78,5842769.576
191,1,500,10,1667,1105,562,12812299.030812410637736,12065251,0.047020907,0.000323885,0.004683099,0.038475031,0.028162016,0.881335062,4577400.797,5843973.671
192,1,500,10,5051,4334,716,33409691.532916639000177,12065251,0.054127889,0.001222159,0.008698796,0.007611406,0.022462119,0.905877631,4577325.939,5836874.612
193,1,500,10,618,377,240,9275013.162027541548014,12065251,0.023498317,0.001074891,0.004855091,0.0228626,0.014233378,0.933475723,4574548.914,5839926.378
194,1,500,10,4738,2214,2523,84003079.456944286823273,12063208,0,0,0,0,0.006341263,0.993658737,4558915.83,5838832.159
195,1,500,10,1643,1322,321,2560000.000000000000000,12065256,0.217529201,0.017946497,0.008978205,0.016186572,0.031234079,0.708125446,4583250,5850200
196,1,500,10,2026,1098,927,2560000.000000000000000,12065256,0.083412392,0.011348373,0.001895773,0.164380519,0.027643069,0.711319874,4584850,5850200
197,1,500,10,4090,3461,629,2560000.000000000000000,12065256,0.223948065,0.01048811,0.004476442,0.09826838,0.233231249,0.429587755,4583250,5848600
198,1,500,10,2496,2053,442,640000.000000000000000,12065256,0.399071074,0,0.003573153,0.330156048,0.048294422,0.218905303,4584450,5849000
199,1,500,10,1976,1291,684,640000.000000000000000,12065256,0.075100848,0.656499834,0,0.068801597,0.023846105,0.175751615,4585250,5849000
200,1,500,10,3234,2799,435,640000.000000000000000,12065256,0.512192697,0.056048546,0.046137114,0.126508431,0.004788205,0.254325007,4584450,5848200
201,1,500,10,1340,1061,279,640000.000000000000000,12065256,0.420647935,0.213873446,0.015828518,0.007473079,0.027826588,0.314350434,4585250,5848200
202,1,500,10,4338,3853,484,17705846.582515578716993,12065256,0.017180767,0.002243402,0.001246956,0.000975399,0.016344972,0.962008504,4579538.52,5848007.385
203,1,500,10,0,0,0,93999.734084939002059,12065198,0,0,0,0,0,1.000000000000000,4581212.391,5852239.7
204,1,500,10,5416,4000,1416,32915492.830126959830523,12065256,0.030178697,0.011841922,0.00089082,0.008215412,0.010973046,0.937900103,4585856.685,5851533.472
205,1,500,10,3009,1800,1208,10240000.000000000000000,12065256,0.074497701,0.001187707,0.011758297,0.014228974,0.022287734,0.876039587,4590450,5849400
206,1,500,10,5,5,0,141955.279526132333558,12065193,0,0,0,0,0,1.000000000000000,4585613.428,5854159.778
207,1,500,10,5493,1498,3995,34407060.630869038403034,12065256,0.00421049,4.37908E-05,0.000955626,0.001489563,0.007669003,0.985631527,4590464.886,5853758.972
208,1,500,10,5165,4337,828,140992245.119476646184921,12065193,0.002215487,7.73102E-06,0.002706799,0.00287007,0.002132903,0.99006701,4594277.874,5859462.268
209,1,500,10,3478,1143,2334,15145263.023506352677941,12065256,0.031603048,0,0.01693124,0.004958655,0.009555569,0.936951488,4593501.921,5848488.564
210,1,500,10,3888,3321,567,21117709.587779220193624,12060269,0.022932292,0.000220328,0.005744395,0.005610398,0.001172266,0.96432032,4597496.118,5850893.997
211,1,500,10,3710,3482,227,10240000.000000000000000,12060269,0.113698124,0.001293649,0.006178654,0.012066639,0.013038491,0.853724443,4600050,5849400
212,1,500,10,2083,1753,330,40208753.494728013873100,12060154,0.001190741,0,0.001180403,0.001119929,0.002121206,0.994387721,4606869.063,5857494.788
213,1,500,10,4220,3327,893,6277749.540464736521244,12065180,0.094676794,0.001935743,0.000483454,0.000870245,0.009925148,0.892108616,4580838.583,5843637.328
214,1,500,10,3056,806,2249,1851529.036981339799240,12065256,0.007025372,0,0.069256918,0.34670923,0,0.57700848,4581842.028,5845491.036
215,1,500,10,3134,1461,1672,3183504.459265331737697,12065256,0.075161257,0.002190318,0.001447963,0.029219577,0.037269813,0.854711072,4581895.096,5847084.22
216,1,500,10,4351,3903,448,640000.000000000000000,12065256,0.197595909,0.122837193,0.054057333,0.061381482,0.259767281,0.304360802,4583650,5847400
217,1,500,10,4522,2063,2459,8044417.999882533214986,12065256,0.036771788,0.003096958,0.000233796,0.025126556,0.002036835,0.932734067,4583230.244,5844501.289
218,1,500,10,2909,2618,290,640000.000000000000000,12065256,0.496767538,0.176251634,0.010570888,0.064334372,0.036896273,0.215179294,4583650,5846600
219,1,500,10,4987,3842,1145,2560000.000000000000000,12065256,0.234869659,0.068183082,0.009897856,0.137481932,0.091755314,0.457812156,4584850,5847000
220,1,500,10,5254,4284,970,4349174.772123082540929,12065332,0.003679636,0,0.001041869,0.000433779,0.000621981,0.994222735,4578948.042,5841186.806
221,1,500,10,4430,2916,1513,4946787.412631823681295,12065256,0.001298972,0.002349769,0.000408685,0.005926297,0.000142182,0.989874096,4580015.655,5846140.066
222,1,500,10,4955,4503,452,6326528.367898984812200,12065144,0.165595425,0.008771249,0.002648957,0.009834774,0.011684771,0.801464824,4586984.249,5843507.864
223,1,500,10,5312,5010,302,10185318.661064933985472,12065144,0,0,0,0,0,1.000000000000000,4589985.708,5839935.994
224,1,500,10,5026,4023,1002,31962938.213695365935564,12065225,0,0,0,0,0,1.000000000000000,4593422.226,5841787.406
225,1,500,10,4438,3841,597,21997873.098110813647509,12065256,0.032346597,0.000710066,0.001356335,0.003267867,0.008454713,0.953864422,4588749.496,5846090.669
226,1,500,10,2822,2550,272,2078601.592912200605497,12065332,0.004145746,0.001205426,0.003619234,0.000921173,0.032993003,0.957115419,4580076.155,5841636.904
227,1,500,10,2484,1572,911,640000.000000000000000,12065332,0.397050342,0.131156099,0.116980163,0.091288629,0.028359816,0.235164951,4579650,5840200
228,1,500,10,4399,2891,1507,3481220.921798460185528,12065332,0.02980855,0.002445367,0.008322498,0.018535667,0.014137917,0.92675,4580180.974,5839120.728
229,1,500,10,3683,2196,1487,12178896.654992081224918,12065144,0.037303021,0,0,0.001197419,0.013211301,0.948288258,4584679.384,5842360.052
230,1,500,10,4945,2890,2054,12997201.481662539765239,12065332,0,0,0,0.000865711,0,0.999134289,4582242.407,5839679.852
231,1,500,10,4541,3686,854,640000.000000000000000,12065136,0.293405751,0.115217457,0.030229369,0.092303242,0.163686393,0.305157787,4581250,5836200
232,1,500,10,1542,69,1472,640000.000000000000000,12065136,0,0.019710172,0.003247485,0.905497943,0.018672532,0.052871869,4582050,5836200
233,1,500,10,681,609,71,160000.000000000000000,12065136,0.712163464,0,0.017783324,0,0.059082474,0.210970738,4581050,5835600
234,1,500,10,966,827,138,160000.000000000000000,12065136,0.430079291,0,0.022181231,0.118230108,0.038281599,0.391227771,4581450,5835600
235,1,500,10,1376,1079,297,160000.000000000000000,12065136,0.66061944,0.026442813,0.072217954,0,0.041488062,0.199231732,4581050,5835200
236,1,500,10,2024,1893,130,160000.000000000000000,12065136,0.35902535,0.050809096,0.023143292,0.024334335,0.086761069,0.455926858,4581450,5835200
237,1,500,10,3289,1760,1528,640000.000000000000000,12065136,0.054780389,0.039710439,0.025684443,0.663563157,0.07143719,0.144824381,4582050,5835400
238,1,500,10,5372,4518,853,4784105.423029946163297,12065136,0.059717771,0.029796196,0.000792016,0.00259861,0.005787389,0.901308019,4580253.351,5835181.783
239,1,500,10,1131,937,193,640000.000000000000000,12065036,0.408670862,0.01250705,0.008191806,0.025411127,0.051816976,0.493402179,4586850,5841000
240,1,500,10,5493,5364,129,1664741.378561600344256,12065144,0.218823294,0.013426658,0.002144106,0.003211124,0.010483867,0.75191095,4585563.651,5838748.824
241,1,500,10,5095,3829,1266,3861147.375381832011044,12065036,0.01025159,0,0,0,0.00155562,0.98819279,4585697.671,5840494.17
242,1,500,10,4253,4236,17,680079.240160088404082,12065144,0.585945734,0,0,0.005806967,0.100519136,0.307728163,4586064.615,5839436.277
243,1,500,10,5415,4801,614,1923553.038276972947642,12065144,0.206213019,0.000580131,0.004270025,0.000279725,0.008091185,0.780565916,4587113.445,5838869.635
244,1,500,10,4758,4678,79,260852.310005394305335,1000000012,0.337082341,0.010411246,0.030345618,0.009727316,0.011125924,0.601307554,4587086.58,5835391.52
245,1,500,10,3794,3419,374,2559657.126639411319047,1000000012,0.045721602,0.016323615,0.007549244,0.003621173,0.070690175,0.856094192,4587642.973,5836210.109
246,1,500,10,2122,2073,49,208727.773579067841638,1000000012,0.670138018,0,0.010689614,0.014729582,0.049106193,0.255336593,4588325.314,5835177.67
247,1,500,10,4385,4385,0,50933.941683602133708,1000000012,0.860310958,0,0,0,0,0.139689042,4588579.027,5835295.169
248,1,500,10,4958,4888,70,193602.760696261189878,1000000012,0.491919828,0.131259336,0,0,0,0.376820836,4588295.571,5835585.985
249,1,500,10,5364,4760,603,3760299.303372174967080,12065144,0.101860773,0.007175569,0.00199191,0.029907912,0.003455843,0.855607993,4588127.392,5838385.795
250,1,500,10,5416,4990,425,7627332.350411854684353,12065225,0.000614602,0,0,0,0.000472703,0.998912695,4590140.163,5836222.791
251,1,500,10,384,384,0,143562.614621854503639,12065096,0.753437842,0.005099135,0,0,0.001597498,0.239865525,4589081.365,5835136.13
252,1,500,10,4671,2680,1991,13047101.149688281118870,12065036,0.045549634,0.002899528,0.001369681,0.000971737,0.007478111,0.94173131,4589255.246,5842246.043
253,1,500,10,4001,3467,533,16147613.135201632976532,12060269,0.042525535,0.001215995,0.005507646,0.011067655,0.012833169,0.92685,4598063.493,5846425.441
254,1,500,10,4193,3779,413,9335952.861850505694747,12060269,0.138840858,0.008150739,0.005917671,0.029335282,0.011766749,0.805988701,4596959.79,5842974.215
255,1,500,10,1744,1103,641,6411619.293625161983073,12060020,0.011106462,0.022061536,0.006355624,0.015001457,0.006112543,0.939362378,4601384.823,5845515.458
256,1,500,10,2988,1986,1001,5183347.002052598632872,12065225,0.103582202,0.023906751,0.020065354,0.046147291,0.08042949,0.725868912,4593681.364,5837436.504
257,1,500,10,4064,3892,171,4322305.470224517397583,12065225,0.351484867,0.000824406,0.007075179,0.008164053,0.058985407,0.573466087,4593394.27,5835821.012
258,1,500,10,187,122,65,2534885.881243532523513,12060269,0.037256502,0,0.002556363,0.023720715,0.001495644,0.934970777,4598154.272,5836352.958
259,1,500,10,1840,1534,305,2560000.000000000000000,12060020,0.017472826,0,0.012794617,0.017903192,0.002622309,0.949207057,4604050,5840600
260,1,500,10,5379,3344,2034,34585611.065707132220268,12060020,2.2456E-05,0,5.53868E-06,0,0,0.999972005,4605479.81,5842638.076
261,1,500,10,5366,5059,307,2710150.068579027429223,12060020,0.584786305,0.012477428,0.009078502,0.014887755,0.023114448,0.355655561,4604074.061,5838950.371
262,1,500,10,5304,1156,4147,11291280.976906534284353,1000000003,0,0,0.003124657,0,0,0.996875343,4599341.219,5835860.287
263,1,500,10,3475,2865,609,201965.461302387062460,1000000003,0,0,0.381475922,0,0,0.618524078,4601315.302,5836376.087
264,1,500,10,2820,2597,223,40000.000000000000000,1000000003,0.056895636,0,0.701473465,0,0,0.241630899,4600950,5836300
265,1,500,10,2577,2532,45,160000.000000000000000,1000000003,0.081780179,0,0.035443523,0,0.006824534,0.875951764,4601050,5836000
266,1,500,10,4290,4290,0,160000.000000000000000,1000000003,0.10194567,0,0,0,0.022745461,0.875308869,4601450,5836000
267,1,500,10,5050,4360,690,1356619.279145684326068,1000000003,0.313317006,0.028156765,0.027792492,0.004338571,0.039024365,0.587370801,4601680.761,5835429.246
268,1,500,10,4888,3645,1243,33610259.624396376311779,12060269,3.75651E-05,0,0,0,0,0.999962435,4598086.772,5839773.408
269,1,500,10,3166,2814,352,6407903.130589263513684,12060181,0.002069417,0,0,0,0.00947619,0.988454393,4601728.061,5837772.204
270,1,500,10,4927,4927,0,71999.355471823670086,1000000003,0.158554649,0,0,0,0.032991701,0.80845365,4601757.938,5836171.266
271,1,500,10,5339,5329,9,118921.701395357260481,1000000003,0.75266139,0,0.005216496,0.005515419,0.039802972,0.196803723,4601881.974,5835964.681
272,1,500,10,5463,5463,0,187826.159216433123220,1000000003,0.124307947,0,0,0,0.004696682,0.870995371,4602677.612,5835722.802
273,1,500,10,2868,2110,758,448370.634731421829201,1000000003,0.057298926,0,0,0,0.006038159,0.936662915,4602856.183,5835345.395
274,1,500,10,4443,3899,543,3203803.206052144989371,12060181,0.020984374,0.000462498,0.000224319,0,0.001421958,0.976906851,4603818.102,5835868.148
275,1,500,10,552,546,6,2254699.438514942768961,12060020,0,0,0,0,0,1.000000000000000,4602497.745,5839078.482
276,1,500,10,865,770,95,44935861.034296229481697,12060068,0.005208073,4.38422E-05,0.003100785,0.000439794,0.001158635,0.99004887,4619453.457,5879164.799
277,1,500,10,5008,4318,690,122570121.000592172145844,12060100,0.002122543,0.000111704,0.000388114,0.000230927,0.000221736,0.996924977,4615670.297,5871808.494
278,1,500,10,1102,968,134,63110931.864317387342453,12073569,0.003219475,0.000198138,0.002074684,0.000478964,0.003510094,0.990518646,4615361.659,5882536.803
279,1,500,10,2844,2261,583,15545363.500842122361064,12060036,0.042144153,0.001981296,0.004401814,0.039149953,0.00855271,0.903770074,4622045.033,5862616.29
280,1,500,10,5188,4119,1069,159750616.585285067558289,12060198,0.000699297,0.000202222,0.00034062,0.001093506,0.000254373,0.997409982,4608495.16,5866631.11
281,1,500,10,276,51,225,19207866.129685606807470,12060012,0.013554648,0.000250536,0.008587221,0.004824971,0.006192083,0.966590542,4622496.899,5871141.693
282,1,500,10,737,616,121,24062808.637929961085320,12060296,0.005532085,0.000168619,0.011412386,0.004368469,0.000316345,0.978202096,4627253.198,5871337.109
283,1,500,10,534,441,93,46458807.822668276727200,12073157,0,0,0,0,0,1.000000000000000,4622679.543,5890783.53
284,1,500,10,1763,1325,438,64099836.781577289104462,12073396,0.003092512,0.000230508,0.002301051,0.005892488,0.003758703,0.984724738,4610849.609,5886826.572
285,1,500,10,5167,3408,1759,201005972.650638431310654,12073008,0.003574213,0.000152043,0.002514682,0.001143641,0.004168832,0.988446589,4629494.823,5883673.86
286,1,500,10,2933,2557,375,10240000.000000000000000,12073008,0.035385182,0.008524112,0.004058259,0.022702578,0.022010403,0.907319465,4632050,5878200
287,1,500,10,4683,4308,375,2560000.000000000000000,12073008,0.054007498,0.014365692,0.025685939,0.103749189,0.028526661,0.773665021,4634450,5879000
288,1,500,10,700,657,43,2560000.000000000000000,12073008,0.041117436,0.002784484,0.006624323,0.008496946,0.066550942,0.874425869,4636050,5879000
289,1,500,10,795,344,450,2560000.000000000000000,12073008,0.146622148,0.037854545,0.028890397,0.105672757,0.046237712,0.634722441,4634450,5877400
290,1,500,10,286,97,188,2560000.000000000000000,12073008,0.053434692,0.008179014,0.025574002,0.043580146,0.014745488,0.854486658,4636050,5877400
291,1,500,10,931,450,480,10240000.000000000000000,12073008,0.028766378,0.001345385,0.029546837,0.023345555,0.009436544,0.9075593,4632050,5875000
292,1,500,10,1973,932,1040,12886480.723770175129175,12073440,0.021432762,0.00446133,0.01338317,0.126007376,0.016848059,0.817867303,4640391.785,5882927.807
293,1,500,10,2926,1920,1006,2560000.000000000000000,12073532,0.001062581,0.003119836,0.01030342,0.591239765,0.009928382,0.384346017,4650450,5885400
294,1,500,10,4315,3420,894,2560000.000000000000000,12073532,0.01090508,0.013487076,0.041171909,0.286057003,0.079548224,0.568830707,4652050,5885400
295,1,500,10,1868,1498,369,640000.000000000000000,12073532,0.091506389,0.037490013,0.064249074,0.429794142,0.089510657,0.287449726,4651650,5884200
296,1,500,10,2576,2285,291,640000.000000000000000,12073532,0.028275415,0.003500276,0.061859281,0.385415011,0.098841437,0.422108581,4652450,5884200
297,1,500,10,5017,2896,2121,14558895.129632685333490,12073532,0.007467941,0.00266633,0.00267861,0.011819011,0.00878487,0.966583239,4648543.13,5884520.137
298,1,500,10,5079,3321,1757,20968011.890995748341084,12073532,0.010107079,0.001777961,8.22521E-05,0.003339858,0.008388087,0.976304763,4653842.775,5882321.433
299,1,500,10,4956,4706,249,2560000.000000000000000,12073532,0.014607917,0.008508483,0.005930089,0.092923542,0.095514958,0.782515011,4653650,5885400
300,1,500,10,4890,4641,249,640000.000000000000000,12073532,0.237935932,0.012111183,0.092167531,0.050199921,0.077453408,0.530132025,4653250,5884200
301,1,500,10,2874,2547,327,640000.000000000000000,12073532,0.260468182,0.078426865,0.070023502,0.105781581,0.158315603,0.326984267,4654050,5884200
302,1,500,10,3274,3040,233,640000.000000000000000,12073532,0.239906984,0.072909454,0.024316946,0.150318904,0.265223447,0.247324265,4653250,5883400
303,1,500,10,3206,3205,0,747781.617248956812546,12073532,0.010824224,0,5.19086E-05,0.001765189,0.000143856,0.987214823,4650027.525,5880271.8
304,1,500,10,495,204,291,11912679.091314662247896,12073032,0.018727774,0,0.009218332,0.01046123,0.00533913,0.956253534,4648459.64,5882222.012
305,1,500,10,1014,929,85,46701338.036476641893387,12073505,0.004595046,0.00041846,0.00342373,0.002817529,0.003005624,0.985739611,4644277.498,5878322.123
306,1,500,10,4096,3238,858,27269859.785188253968954,12073532,0.010476333,0.002135892,0.006527227,0.004882946,0.003276529,0.972701073,4649600.366,5878287.452
307,1,500,10,456,370,86,10994691.805521499365568,12060128,0.010387199,0.000113283,0.004484271,0.003167578,0.008265783,0.973581886,4633039.629,5860438.745
308,1,500,10,3548,3355,192,23346160.596228130161762,12064044,0.001435964,0.00129721,0.000644209,0.003374663,0.000517759,0.992730195,4642251.845,5862995.941
309,1,500,10,802,621,181,17246384.729694005101919,12060185,0.010172395,0.000320628,0.014989258,0.002054043,0.006397737,0.966065938,4637811.37,5868680.312
310,1,500,10,5214,4026,1187,92993756.571431547403336,12073008,0.002952868,0.000104174,0.002483867,0.000603834,0.002216235,0.991639022,4637879.7,5875609.038
311,1,500,10,1274,1138,136,33695237.318173728883266,12060149,0.014594828,0.000598736,0.010730944,0.004054997,0.002706013,0.967314482,4642161.989,5868324.391
312,1,500,10,4289,3138,1150,5591734.790462621487677,12060052,0.053708715,0.000773008,0.010237201,0.04116464,0.021446032,0.872670404,4616146.098,5859051.709
313,1,500,10,2348,1166,1182,640000.000000000000000,12060052,0.06528219,0.00664597,0.061486172,0.670636117,0.012450226,0.183499325,4617250,5858600
314,1,500,10,2463,2083,379,640000.000000000000000,12060052,0.333793135,0.081416446,0.022070286,0.108904017,0.070690971,0.383125144,4617250,5857800
315,1,500,10,119,119,0,75478.632853907285607,12060269,0,0,0,0,0,1.000000000000000,4604924.933,5858483.101
316,1,500,10,3042,1928,1113,7079488.093221152201295,12060020,0,0,0,0,0,1.000000000000000,4606719.271,5845675.025
317,1,500,10,5305,4433,872,14861630.719873003661633,12060198,0.107098398,0.005518626,0.019616563,0.053104354,0.067331947,0.747330111,4612916.262,5859032.083
318,1,500,10,1003,0,1003,13378068.966015491634607,12060198,0.00804638,0.013376604,0.000176632,0.114464147,1.6333E-06,0.863934603,4612882.277,5855790.161
319,1,500,10,1249,585,663,640000.000000000000000,12060052,0.022328448,0.017839489,0.018686826,0.405988,0.046576407,0.48858083,4618050,5858600
320,1,500,10,5096,1194,3902,4480703.003514388576150,12060052,0.008324956,0,8.16328E-05,0.084258237,0.00221377,0.905121404,4619661.708,5859737.712
321,1,500,10,2905,2446,458,640000.000000000000000,12060052,0.085932128,0.018648506,0.054801833,0.156709768,0.056226382,0.627681384,4618050,5857800
322,1,500,10,3703,3084,618,640000.000000000000000,12060052,0.072666366,0.035708166,0.07985638,0.174059319,0.078707064,0.559002704,4618850,5857800
323,1,500,10,1019,422,596,640000.000000000000000,12060052,0.005850668,0,0.001492111,0.427495091,0.160770342,0.404391789,4619650,5858600
324,1,500,10,1741,1289,451,640000.000000000000000,12060052,0.026316952,0,0.039639611,0.21567196,0.015117385,0.703254092,4620450,5858600
325,1,500,10,1796,1028,767,640000.000000000000000,12060052,0.032458048,0.009225893,0.051854782,0.396474404,0.122137308,0.387849564,4619650,5857800
326,1,500,10,2545,2043,502,640000.000000000000000,12060052,0.304053269,0.029785284,0.024894922,0.254755021,0.045224883,0.341286621,4620450,5857800
327,1,500,10,4846,3763,1082,4087797.063913777936250,12060052,0.063706818,0.004187319,0.017477263,0.045614074,0.017205048,0.851809478,4621579.221,5859048.644
328,1,500,10,3996,3550,446,640000.000000000000000,12060052,0.141659934,0.078792401,0.017592794,0.176453806,0.032731376,0.552769689,4622050,5857800
329,1,500,10,2234,1863,370,640000.000000000000000,12060052,0.419390669,0.138862359,0.003098322,0.088492763,0.071732053,0.278423835,4622850,5858600
330,1,500,10,5188,3327,1860,5546784.296370451338589,12060052,0.00379651,0.013929101,2.06764E-05,0.009572668,0.00655113,0.966129915,4623789.894,5860360.142
331,1,500,10,2859,2403,456,640000.000000000000000,12060052,0.253034319,0.030108171,0.053521862,0.141689161,0.009288447,0.512358041,4622850,5857800
332,1,500,10,1677,1250,426,640000.000000000000000,12060052,0.1686408,0.002271695,0.054758487,0.150128661,0.074952244,0.549248114,4623650,5857800
333,1,500,10,5410,1307,4103,23526502.552839476615191,12060052,0.01448568,0.000940474,0.020443193,0.007797478,0.000797648,0.955535527,4615906.307,5854320.968
334,1,500,10,1190,410,780,2560000.000000000000000,12060052,0.116784763,0.027872604,0.02499142,0.036139302,0.081185905,0.713026006,4620050,5856600
335,1,500,10,779,724,55,13285559.492206677794456,12060172,0.013319693,0.00039002,0.004047053,0.005571033,0.003431146,0.973241055,4630170.115,5858441.971
336,1,500,10,3015,2677,338,121480405.774240940809250,12060045,5.88015E-06,0,0,0.000778626,0.000161519,0.999053975,4627923.315,5865559.52
337,1,500,10,1123,814,309,35132191.247470855712891,12060034,0,0,0,0,0,1.000000000000000,4622672.352,5850559.47
338,1,500,10,4990,2982,2008,14798073.573515864089131,12060052,0.063595327,0.000670897,0.008120243,0.038993704,0.016089419,0.87253041,4626020.255,5857277.281
339,1,500,10,255,149,106,16602838.985023716464639,12060161,0.003622736,2.73777E-05,0.000168308,7.21785E-05,0,0.9961094,4616553.395,5850540.214
340,1,500,10,5270,1976,3294,24988459.400299720466137,12060052,0.044268896,0.016291317,0.00833447,0.017077473,0.014753346,0.899274498,4620770.537,5854580.689
341,1,500,10,2186,1967,219,14134972.201045561581850,12060192,0.034314429,0.003137633,0.002874162,0.009711401,0.008251549,0.941710826,4610373.336,5844270.482
342,1,500,10,2850,2102,747,46193476.738462813198566,12060269,0.000104182,0,0,1.93545E-05,0.00016855,0.999707914,4604472.018,5849825.503
343,1,500,10,3430,2297,1132,35580727.022309124469757,12060024,0.002603246,0,8.38523E-05,0.001001791,0.001042229,0.995268882,4609218.112,5851423.265
344,1,500,10,3128,1056,2072,2560000.000000000000000,12060020,0.051706925,0.00174474,0.049761497,0.234668114,0.026644105,0.635474619,4605650,5840600
345,1,500,10,668,660,7,640000.000000000000000,12060020,0.173629612,0.00016754,0.001591782,0,0.062295834,0.762315232,4606850,5841000
346,1,500,10,2380,2287,93,640000.000000000000000,12060020,0.313709341,0.00440218,0.003887733,0.055209121,0.033567715,0.58922391,4607650,5841000
347,1,500,10,3069,2889,180,640000.000000000000000,12060020,0.339568231,0.112077142,0.008875439,0.040337724,0.130205487,0.368935976,4606850,5840200
348,1,500,10,3874,3599,275,640000.000000000000000,12060020,0.403359942,0.114589484,0.025746983,0.0576736,0.093649923,0.304980068,4607650,5840200
349,1,500,10,4167,3450,716,2560000.000000000000000,12060020,0.365185853,0.014902901,0.021862324,0.058479875,0.016602035,0.522967012,4605650,5839000
350,1,500,10,3282,2875,406,640000.000000000000000,12060020,0.467425424,0.054234018,0.043983939,0.137199888,0.082451402,0.214705329,4606850,5839400
351,1,500,10,809,309,499,640000.000000000000000,12060020,0.233803844,0.061260914,0.065234626,0.13477557,0.058027506,0.446897541,4607650,5839400
352,1,500,10,942,135,806,640000.000000000000000,12060020,0.16652653,0,0.061182183,0.422905353,0.072819995,0.276565939,4606850,5838600
353,1,500,10,5082,3095,1986,23581749.150512300431728,12060020,0.000778699,0,0.000186187,0.004470324,0.000231258,0.994333533,4610098.574,5837875.73
354,1,500,10,4408,2428,1979,2560000.000000000000000,12060020,0.094010553,0.005959972,0.032840384,0.270323699,0.004249811,0.592615582,4608850,5840600
355,1,500,10,4320,3430,890,2560000.000000000000000,12060020,0.27854843,0.019472337,0.024059381,0.082444516,0.012440349,0.583034987,4608850,5839000
356,1,500,10,4731,4275,455,3368452.996070926077664,12060181,0.205887577,0.000471775,0.002346751,0.001774119,0.014925132,0.774594646,4604374.217,5837292.551
357,1,500,10,3727,3299,428,38919302.827099822461605,12060280,0.000452543,0,0.000363937,0.0006982,0.000572509,0.997912811,4620241.24,5838310.508
358,1,500,10,2612,1571,1041,32649483.139295727014542,12060280,0.016319923,4.07375E-05,0.008491152,0.077218943,0.00079018,0.897139064,4615057.547,5838047.644
359,1,500,10,3957,2968,989,25302450.480597294867039,12060024,0.015912163,0.000607621,0.000520427,0.00581542,0.003402656,0.973741712,4612520.498,5848166.155
360,1,500,10,784,685,99,35878567.515790976583958,12064205,0.013049103,0.001348998,0.006109429,0.00634127,0.005902065,0.967249134,4623353.668,5845816.493
361,1,500,10,879,775,104,32270567.575782924890518,12060250,0.000274656,0,0.000170048,5.9683E-05,2.27648E-05,0.999472848,4616118.798,5845582.637
362,1,500,10,710,591,119,25325178.096720937639475,12064053,0.010471689,0.000208041,0.006743535,0.0069079,0.008726833,0.966942003,4622045.13,5842114.132
363,1,500,10,3405,3367,37,6155956.299963244237006,12060280,0.017178174,0.000331138,0.004008868,0.002632833,0.016722576,0.959126412,4624619.671,5838933.514
364,1,500,10,2893,2593,299,2560000.000000000000000,12064044,0.017790535,0.000112112,0.003604356,0.114777241,0.045402175,0.818313581,4637650,5853400
365,1,500,10,4769,3234,1534,55982234.637002378702164,12064044,0,0,8.90153E-05,0.000849488,0,0.999061497,4638958.796,5857078.902
366,1,500,10,3522,2964,558,2560000.000000000000000,12064044,0.248210017,0.047246144,0.03881699,0.064251817,0.125808099,0.475666933,4637650,5851800
367,1,500,10,4781,2937,1844,46788054.199686534702778,12064044,0.005348146,0.0003329,0.0007889,0.00233621,0.002881259,0.988312585,4638226.019,5850371.641
368,1,500,10,1472,1055,417,54171359.571224398910999,12064222,0,0,0,0.000298061,0,0.999701939,4630003.175,5843794.694
369,1,500,10,486,423,63,21551248.447492685168982,12060092,0.000752552,0,0.000348994,0.000109505,0,0.998788949,4627981,5854801.57
370,1,500,10,3340,3053,287,59995557.598031379282475,12064125,0.014404259,0.000666492,0.001523776,0.003875424,0.003517469,0.976012579,4630892.97,5851290.803
371,1,500,10,2697,2293,404,36383394.213191844522953,12060176,0.001289978,0,0.001369201,0.000587276,0.001115586,0.99563796,4637059.122,5862928.216
372,1,500,10,4418,4040,377,5038934.758115336298943,12064512,0.114309234,0.02165312,0.03488552,0.050490221,0.087935863,0.690726041,4644826.222,5845389.506
373,1,500,10,2015,1692,323,65300492.777358114719391,12064371,0.000449147,0,0.00065698,0,0.00018638,0.998707493,4646767.7,5852222.358
374,1,500,10,1896,1589,307,37282209.255262248218060,12064365,0,0,0,0.004668416,0,0.995331584,4651986.315,5840772.979
375,1,500,10,5265,3713,1551,89793758.115133747458458,12064512,0.007892458,0.000795931,0.002125569,0.010643121,0.010573866,0.967969055,4642168.604,5844817.647
376,1,500,10,4983,4078,905,142263462.807374745607376,12064274,0.002255307,2.9968E-05,0.001595857,0.000227181,0.001426555,0.994465133,4660050.954,5839899.705
377,1,500,10,1019,836,183,34904857.741184152662754,12064061,0.018112052,0.000249408,0.003640604,0.023162076,0.009713814,0.945122046,4646473.044,5840887.708
378,1,500,10,1255,1089,166,86168685.227853000164032,12064393,0.006101777,0.000368087,0.004339211,0.00285142,0.005418976,0.980920529,4632976.438,5837658.331
379,1,500,10,1203,957,246,41110247.000598892569542,12064349,0.018859946,0.000416503,0.009042869,0.005640986,0.013097687,0.95294201,4653505.923,5848472.809
380,1,500,10,495,434,61,22807060.133846227079630,12064417,0.020577447,0.001317367,0.004153984,0.008443162,0.008108424,0.957399616,4640101.331,5837681.63
381,1,500,10,4558,3941,617,161010933.779567420482635,12063189,0.001686015,0.000434242,0.000971369,0.000385679,0.00140863,0.995114065,4518975.168,5821804.717
382,1,500,10,5264,3599,1664,16128751.237507386133075,12063252,0.044733057,0.00079817,0.003482272,0.023658508,0.019379941,0.907948052,4523192.87,5834336.231
383,1,500,10,327,176,151,640000.000000000000000,12063252,0.016214783,0,0.024721245,0.052985318,0.021375544,0.884703111,4522050,5831400
384,1,500,10,2771,2446,325,640000.000000000000000,12063252,0.313544538,0.012856214,0.055538825,0.098150912,0.299724362,0.220185148,4522850,5831400
385,1,500,10,5482,3310,2171,43108155.814358942210674,12063252,0.001463592,1.69647E-05,0.000751352,0.001179,0.003003892,0.9935852,4519048.252,5833229.572
386,1,500,10,2533,1778,755,640000.000000000000000,12063252,0.279526384,0.073562329,0.178919289,0.093564999,0.06118026,0.313246739,4522850,5830600
387,1,500,10,3273,2934,338,640000.000000000000000,12063252,0.484535512,0.009213129,0.045990614,0.12380569,0.096460446,0.23999461,4523650,5831400
388,1,500,10,4794,2775,2018,23517095.094470206648111,12063252,0.008049864,0.000513168,9.58324E-05,0.002071332,0.003202865,0.986066938,4526170.946,5831303.752
389,1,500,10,4313,3533,779,640000.000000000000000,12063252,0.35332936,0.247907731,0.090971611,0.032074,0.052174688,0.22354261,4523650,5830600
390,1,500,10,2139,1744,394,640000.000000000000000,12063252,0.360407152,0.067870113,0.032787488,0.105846465,0.124090913,0.308997869,4524450,5830600
391,1,500,10,2048,995,1052,2560000.000000000000000,12063252,0.136253151,0.014507627,0.036937677,0.085570295,0.21518757,0.511543679,4522450,5829400
392,1,500,10,2413,2071,342,89646635.569730088114738,12063212,0,0,0,0,0,1.000000000000000,4534216.179,5828577.953
393,1,500,10,4188,3687,500,18586857.137265838682652,12063244,0.041868177,0.002038997,0.002209415,0.006691515,0.009017498,0.938174398,4523587.705,5825178.983
394,1,500,10,1794,1153,640,2560000.000000000000000,12063244,0.094299193,0.010685431,0.019321115,0.319126273,0.140829311,0.415738678,4524050,5823000
395,1,500,10,4567,1331,3236,19794705.253445584326982,12063252,0.026742195,0,0.007913219,0.031411007,0.003247812,0.930685768,4520691.384,5826416.607
396,1,500,10,4886,3379,1506,25028923.325320366770029,12063244,0.038738045,0.002395094,0.009505719,0.053314329,0.018181731,0.877865082,4526401.067,5822255.467
397,1,500,10,2056,1811,245,34430578.637422688305378,12069028,0.0069215,0.00020879,0.000744191,0.003584633,0.001924383,0.986616504,4523127.134,5809311.061
398,1,500,10,1639,1461,178,31735204.711777187883854,12063228,0.002784283,5.82038E-05,0.004604947,0.001746811,0.002133946,0.988671809,4549356.768,5837195.797
399,1,500,10,5268,2891,2376,96734188.250422835350037,12063208,0.007871765,0.000362449,0.002153841,0.001500915,0.00691025,0.98120078,4552768.463,5825979.518
400,1,500,10,824,698,126,20372687.356767363846302,12063240,0.017570424,0.000767672,0.006457214,0.005631548,0.006241013,0.963332129,4545255.343,5835272.196
401,1,500,10,2236,970,1266,2560000.000000000000000,12051000,0.032985951,0.279214444,0.000633029,0.018644155,0.009566018,0.658956403,4532050,5810200
402,1,500,10,3575,2583,991,2560000.000000000000000,12051000,0.18880712,0.083553035,0.013920875,0.068556646,0.055446181,0.589716143,4533650,5810200
403,1,500,10,3744,3418,326,82074088.907719120383263,12069270,0.003424231,9.03137E-05,0.000705694,0.014595551,0.005693271,0.975490939,4532587.776,5819020.231
404,1,500,10,3915,3387,528,21328695.343648955225945,12069018,0.022768664,0.000285167,0.003960246,0.008931665,0.022327325,0.941726934,4537475.567,5816070.582
405,1,500,10,4589,4588,1,40000.000000000000000,12051000,0.141669223,0,0,0.018508436,0.057705182,0.782117158,4535550,5812500
406,1,500,10,5439,5192,247,11935950.202271191403270,12051000,1.08391E-05,0,0,0,0.006601615,0.993387546,4533910.793,5813067.302
407,1,500,10,487,474,13,40000.000000000000000,12051000,0.31916106,0,0,0.224077579,0.154339408,0.302421952,4535550,5812300
408,1,500,10,5456,2565,2891,3053605.475613260176033,12051000,0.001956752,0,0,0.158711842,0.006611213,0.832720193,4536818.822,5812207.189
409,1,500,10,732,695,36,160000.000000000000000,12051000,0.212868402,0.126038984,0,0.012690048,0.376602084,0.271800483,4535450,5812000
410,1,500,10,4596,4416,180,640000.000000000000000,12051000,0.21995888,0.108347543,0.000769336,0.066387352,0.341221195,0.263315694,4535650,5811400
411,1,500,10,2237,1520,717,640000.000000000000000,12051000,0.060914384,0.049991909,0,0.711705356,0.084126216,0.093262135,4536450,5811400
412,1,500,10,2480,2277,202,640000.000000000000000,12051000,0.571273598,0.004793435,0.024332947,0.022157039,0.20747506,0.16996792,4534850,5810600
413,1,500,10,2741,2548,193,640000.000000000000000,12051000,0.452233231,0.103796372,0.005508946,0.046804439,0.230375479,0.161281533,4535650,5810600
414,1,500,10,294,13,281,640000.000000000000000,12051000,0.286228252,0.018154815,0.00713831,0.229175289,0.059918664,0.399384669,4534850,5809800
415,1,500,10,625,20,605,640000.000000000000000,12051000,0.129909793,0.040720369,0.004058362,0.572367235,0.050420542,0.202523698,4535650,5809800
416,1,500,10,1974,1629,344,640000.000000000000000,12051000,0.087332119,0.035334917,0,0.32966304,0.188983535,0.358686389,4536450,5810600
417,1,500,10,3787,3087,700,640000.000000000000000,12051000,0.040558718,0.046918776,0,0.696908803,0.022671601,0.192942101,4537250,5810600
418,1,500,10,2837,2466,370,640000.000000000000000,12051000,0.172284866,0.109076057,0,0.271371141,0.197953567,0.249314368,4536450,5809800
419,1,500,10,1511,1259,251,640000.000000000000000,12051000,0.377403439,0.077035098,0.017078855,0.056325506,0.223972767,0.248184335,4537250,5809800
420,1,500,10,5367,5140,226,8001202.133176022209227,12051000,0.023299562,0.000228322,0.001802076,0.000438623,0.052952384,0.921279033,4539179.017,5812559.068
421,1,500,10,2191,2009,181,640000.000000000000000,12051000,0.273033475,0.02392166,0.002301634,0.151032669,0.254271969,0.295438593,4538050,5810600
422,1,500,10,306,175,130,640000.000000000000000,12051000,0.168669184,0,0.015248196,0.026878882,0.118561907,0.670641831,4538850,5810600
423,1,500,10,2461,2232,228,640000.000000000000000,12051000,0.357325133,0.04926863,0.019280173,0.044191253,0.291466055,0.238468756,4538050,5809800
424,1,500,10,961,589,371,640000.000000000000000,12051000,0.141949701,0.005743764,0.051631925,0.011774222,0.159164415,0.629735974,4538850,5809800
425,1,500,10,812,406,406,2560000.000000000000000,12051000,0.085557209,0,0.006268845,0.062574423,0.083912379,0.761687144,4540050,5810200
426,1,500,10,1557,1423,134,71583466.732660129666328,12063186,0,0,0,0,0,1.000000000000000,4541342.301,5826421.593
427,1,500,10,0,0,0,863995.882964423857629,12051000,0,0,0,0,0.005495957,0.994504043,4539696.77,5816210.37
428,1,500,10,111,26,85,8529152.961526272818446,12069019,0.001704727,1.66571E-06,0,0.009913129,0.015222478,0.973158001,4540546.723,5814653.4
429,1,500,10,750,639,111,29067763.643562570214272,12069019,0.002277351,7.92876E-05,0.000520842,0.000179709,0.002390287,0.994552523,4542222.632,5819974.757
430,1,500,10,5433,5433,0,41148.398846265779866,12051000,0,0,0,0,0,1.000000000000000,4542135.761,5817546.938
431,1,500,10,2553,2490,62,1993712.972877320833504,12051000,0,0,0,0,0,1.000000000000000,4542293.305,5817297.222
432,1,500,10,1697,1697,0,10000.000000000000000,12051000,0,0,0,0,0,1.000000000000000,4545100,5817950
433,1,500,10,3169,3169,0,10000.000000000000000,12051000,0,0,0,0,0,1.000000000000000,4545200,5817950
434,1,500,10,4302,4301,0,437398.987872864294332,12051000,0,0,0,0,0,1.000000000000000,4544785.604,5817683.229
435,1,500,10,4413,4402,10,2474640.586100479587913,12051000,0,0,0,0,0,1.000000000000000,4546348.403,5818807.592
436,1,500,10,1270,1105,165,39286161.627541080117226,12069541,0.001041884,7.97056E-05,0.000245551,8.81164E-05,0.000616466,0.997928276,4546766.339,5815612.826
437,1,500,10,575,501,74,23719158.759237326681614,12069460,0.001221569,3.57261E-05,0.000911099,0.00345605,0.004663736,0.989711819,4547391.454,5820956.06
438,1,500,10,4154,4058,95,3570579.060748635791242,12051000,0.006688737,0,0.002445885,0,0.010655149,0.98021023,4542366.421,5813191.874
439,1,500,10,2676,1630,1046,7405221.579808066599071,12051000,0.012803987,0.000996998,0.012302778,0.002968589,0.005394928,0.965532719,4545300.991,5811030
440,1,500,10,4302,4237,64,2058680.555244827875867,12051000,0.001638951,0,0.001087175,0.013612787,0,0.983661088,4545166.264,5813030.83
441,1,500,10,743,654,89,14561766.290101272985339,12063148,0.015569313,0.000407594,0.003502366,0.00185444,0.018172565,0.960493722,4552217.465,5817267.187
442,1,500,10,0,0,0,1131652.505195443984121,12051000,0,0,0,0,0.006467043,0.993532957,4548541.378,5822056.721
443,1,500,10,609,569,40,42675927.442103020846844,12063165,0.004215074,4.6855E-05,0.002876846,0.001199622,0.003042914,0.988618689,4536135.518,5835601.327
444,1,500,10,4984,4626,358,23709574.420135546475649,12069688,0.006229687,0.00019008,0.0002059,0.001180929,0.000150871,0.992042531,4524637.414,5804418.397
445,1,500,10,1091,895,196,49873489.173220030963421,12069537,0.001336888,3.37763E-05,0.000363267,8.57982E-05,0.000668792,0.997511478,4523558.562,5800235.286
446,1,500,10,840,554,286,20711313.079400923103094,12069648,0.000736594,0,8.08511E-05,0,0.000966049,0.998216506,4530029.925,5796430.686
447,1,500,10,3508,2601,907,67912472.995354264974594,12069696,0,0,0,0,0,1.000000000000000,4522563.819,5793382.43
448,1,500,10,444,366,77,39519010.584765464067459,12069089,0.004629017,0.000908947,0.008721548,0.004700668,0.002797417,0.978242404,4522236.035,5788358.539
449,1,500,10,0,0,0,339153.342140782158822,12069089,0,0,0,0.001882002,0,0.998117998,4518924.268,5789115.703
450,1,500,10,0,0,0,82507.156525718251942,12069089,0,0,0,0,0,1.000000000000000,4519318.693,5788326.641
451,1,500,10,0,0,0,118722.528235383040737,12069696,0,0,0,0,0,1.000000000000000,4518554.018,5788577.283
452,1,500,10,1642,1354,288,75441874.873535603284836,12069224,7.32271E-08,0.001459009,0,0,0,0.998540918,4522829.203,5781901.455
453,1,500,10,5039,1338,3701,8947797.782028812915087,12051000,0.006783065,2.57822E-05,0.010046148,0.007414573,0.004141404,0.971589027,4531024.384,5810641.328
454,1,500,10,4201,2189,2011,7165957.296870599500835,12051000,0.00359719,0.002512505,0.005956582,0.117623843,0.029768376,0.840541504,4529009.859,5806997.464
455,1,500,10,5216,3499,1717,18618421.053320065140724,12051000,0.02003936,0.001774542,0.003406645,0.004531068,0.016918352,0.953330033,4527613.189,5810668.827
456,1,500,10,3758,1066,2691,10240000.000000000000000,12051000,0.029869129,0.003351011,0.000392908,0.173610254,0.025527904,0.767248794,4532850,5807800
457,1,500,10,4246,1832,2413,13134252.063384102657437,12051000,0.042349366,0.001774776,0.009559095,0.018021377,0.03270362,0.895591767,4529194.703,5804622.504
458,1,500,10,1643,1241,402,640000.000000000000000,12051000,0.339213292,0.030383649,0.003939015,0.36593171,0.121483909,0.139048425,4534850,5809000
459,1,500,10,2945,2535,410,640000.000000000000000,12051000,0.321584471,0.062970979,0.005356135,0.326280717,0.036417489,0.247390209,4535650,5809000
460,1,500,10,711,0,711,640000.000000000000000,12051000,0.092602984,1.3508E-05,0,0.764484407,0.087790705,0.055108396,4534850,5808200
461,1,500,10,793,158,634,640000.000000000000000,12051000,0.203422877,0.029879751,0.001984684,0.631944895,0.089844038,0.042923756,4535650,5808200
462,1,500,10,1881,1481,399,640000.000000000000000,12051000,0.183241564,0.205306314,0.015555421,0.078101132,0.00772479,0.510070778,4536450,5809000
463,1,500,10,3396,2762,633,640000.000000000000000,12051000,0.177972085,0.287311358,0.042643781,0.032052856,0.2834087,0.17661122,4537250,5809000
464,1,500,10,658,239,419,640000.000000000000000,12051000,0.181907537,0.047044179,0.020389094,0.243720758,0.180023034,0.326915397,4536450,5808200
465,1,500,10,2147,1746,401,640000.000000000000000,12051000,0.20522243,0.057840742,0.02962242,0.14292429,0.240073447,0.32431667,4537250,5808200
466,1,500,10,1329,399,930,2560000.000000000000000,12051000,0.058758835,0.005124799,0.001810635,0.230160635,0.026184024,0.677961072,4535250,5807000
467,1,500,10,3105,2396,708,2560000.000000000000000,12051000,0.166405346,0.014214264,0.010460267,0.097419965,0.186481591,0.525018567,4536850,5807000
468,1,500,10,3980,3075,905,640000.000000000000000,12051000,0.208245829,0.06915258,0.112945555,0.047958111,0.262749086,0.298948839,4538050,5809000
469,1,500,10,1744,1486,257,640000.000000000000000,12051000,0.144892878,0.070270415,0.024985072,0.011170676,0.081168493,0.667512466,4538850,5809000
470,1,500,10,900,774,126,160000.000000000000000,12051000,0.273873842,0.099229537,0.055267081,0.004556961,0.199961031,0.367111547,4537850,5808400
471,1,500,10,1883,1355,528,160000.000000000000000,12051000,0.212809695,0.135171275,0.278620517,0.076438623,0.016092451,0.280867439,4538250,5808400
472,1,500,10,2045,1825,220,160000.000000000000000,12051000,0.342301482,0.192975408,0.076972444,0.140779622,0.012720106,0.234250939,4537850,5808000
473,1,500,10,1007,896,111,160000.000000000000000,12051000,0.52966566,0.069778964,0.050671537,0.020262372,0.067718543,0.261902923,4538250,5808000
474,1,500,10,1466,825,640,640000.000000000000000,12051000,0.130781552,0.057796702,0.051358126,0.229397515,0.061909597,0.468756508,4538850,5808200
475,1,500,10,5412,2644,2767,26510873.947719823569059,12051000,0.003989207,0.001177334,0.000947785,0.002205312,0.00477084,0.986909522,4542493.2,5809149.58
476,1,500,10,5290,1363,3927,64403033.504193902015686,12051000,0.002662033,0.000274372,0.000736938,0.000471008,0.002904718,0.992950931,4534163.613,5802660.29
477,1,500,10,1356,781,575,2560000.000000000000000,12051000,0.102119306,0.002646218,0.019181667,0.008205493,0.01569484,0.852152476,4540050,5807000
478,1,500,10,2752,2253,498,2560000.000000000000000,12051000,0.248386673,0.000379695,0.015761556,0.014187034,0.242079432,0.479205608,4535250,5805400
479,1,500,10,1841,1439,402,2560000.000000000000000,12051000,0.219946372,0.000136782,0.014012919,0.004710075,0.282099041,0.479094812,4536850,5805400
480,1,500,10,1349,1126,223,27778633.703916713595390,12069680,0,0,6.80507E-05,0,0,0.999931949,4532782.209,5794201.253
481,1,500,10,3577,3070,507,18016110.576900072395802,12069249,0.074515034,0.004660289,0.020133524,0.015747567,0.007522656,0.877420931,4547774.609,5807483.643
482,1,500,10,5305,3636,1668,98509517.197434827685356,12069306,0.003630438,9.17998E-05,0.000330708,0.00090004,0.004429143,0.990617871,4542495.762,5800859.373
483,1,500,10,4532,3165,1366,48321063.320098213851452,12069306,0.004397392,4.5391E-05,0.00490742,0.004168064,0.002349174,0.984132559,4552703.096,5801837.847
484,1,500,10,1889,1437,451,10240000.000000000000000,12069306,0.05911898,0.004759657,0.009853322,0.024923886,0.037500931,0.863843224,4548850,5798200
485,1,500,10,3617,2890,727,43749960.687918163836002,12069306,0.015896149,0.002205507,0.002115169,0.004602855,0.014092375,0.961087946,4550808,5794804.48
486,1,500,10,5098,3796,1302,86131135.394387185573578,12069076,0.005407599,0.000716236,0.001580473,0.001909389,0.004186144,0.986200158,4552154.365,5784990.765
487,1,500,10,1634,1319,315,40206558.317045934498310,12069216,0.010791734,0.000540468,0.009782692,0.006348137,0.001093688,0.97144328,4540097.285,5794437.827
488,1,500,10,460,402,58,40407903.925927311182022,12069232,0.003371859,0.000712624,0.001503155,0.000221855,0.004180936,0.99000957,4527698.531,5787432.249
489,1,500,10,5163,2874,2289,152348678.397124260663986,12069020,0.000139683,0.000989468,4.04271E-05,0.000375004,6.97433E-05,0.998385675,4538118.832,5786199.657
490,1,500,10,4761,3684,1076,10240000.000000000000000,12069020,0.073352461,0.019500235,0.017439434,0.020737851,0.05169625,0.817273768,4539250,5779000
491,1,500,10,1582,574,1007,41237204.647978305816650,12069020,0.005844522,0.000155029,0.002567177,0.012307952,0.004873398,0.974251922,4536999.764,5775899.278
492,1,500,10,1007,805,202,42548146.965082265436649,12069474,0,0,0,0,0,1.000000000000000,4545783.964,5775640.074
493,1,500,10,172,121,51,6486106.697695051319897,12069020,0.001212379,0,0.00012186,0,0.001174218,0.997491542,4547989.972,5781073.47
494,1,500,10,3684,2465,1219,45325558.590312011539936,12069448,0.008034423,0.001325916,0.000976073,0.0211282,0.009569596,0.958965792,4548140.376,5770720.254
495,1,500,10,5474,4260,1214,25839701.070787373930216,12069020,0.02413036,0.003681694,0.007284691,0.015281945,0.020841679,0.928779631,4543457.189,5778313.128
496,1,500,10,1076,874,202,79384454.125202447175980,12069485,0.000249787,8.88862E-06,6.49103E-05,2.59288E-05,4.34641E-05,0.999607021,4542165.266,5766477.757
497,1,500,10,3639,2966,673,138423242.152249217033386,12069665,0.008013263,0.001015038,0.002656512,0.005239495,0.007509828,0.975565865,4532719.321,5772098.987
498,1,500,10,2474,1821,652,81966517.110005110502243,12069665,0.006838025,0.000383159,0.004401949,0.010662197,0.002911189,0.97480348,4524130.332,5774523.751
499,1,500,10,4963,2948,2015,72315818.099060297012329,12063208,0.003198405,2.68748E-05,0.003723963,0.008941836,0.004432094,0.979676827,4556825.361,5832494.111
500,1,500,10,1206,1029,176,2560000.000000000000000,12063208,0.064751075,0.003835512,0.017391049,0.019858784,0.071929213,0.822234367,4557650,5831000
501,1,500,10,1576,1564,11,640000.000000000000000,12063208,0.154632133,0,0.001915395,0.012989542,0.30489905,0.525563879,4558850,5831400
502,1,500,10,3320,3184,136,640000.000000000000000,12063208,0.209055363,0.032248143,0.021896894,0.086096873,0.377420132,0.273282595,4559650,5831400
503,1,500,10,805,673,132,640000.000000000000000,12063208,0.43465705,0.030846517,0.02442632,0.07774396,0.136025475,0.296300677,4558850,5830600
504,1,500,10,5178,2507,2671,11211184.477290658280253,12063208,0.052148991,0.012699247,0.009796757,0.045222938,0.015892833,0.864239234,4559800.236,5830032.826
505,1,500,10,4336,2665,1671,28594668.690971158444881,12063036,0.01057802,0.001127354,0.006381856,0.021736731,0.010021738,0.950154302,4564197.714,5828919.392
506,1,500,10,5164,2846,2318,25332230.755688201636076,12063357,0.039396346,0.002008753,0.011735292,0.049910581,0.031403133,0.865545895,4563245.247,5824303.426
507,1,500,10,1090,705,384,13933891.210061296820641,12063148,0.010042029,0,0.003713464,0.077383525,0.002764621,0.906096361,4556712.727,5823560.117
508,1,500,10,3650,2557,1092,32874894.171123702079058,12063273,0.009824233,0.000213534,0.003597797,0.0001504,0.003705611,0.982508425,4573653.726,5832634.431
509,1,500,10,4458,4241,216,2560000.000000000000000,12063036,0.598607769,0.015104838,0.022490653,0.00421192,0.110221992,0.249362829,4567250,5829400
510,1,500,10,5010,4401,609,13900958.238653082400560,12063036,0.021060674,3.83349E-06,0.001243602,0.001206312,0.007310864,0.969174714,4568823.336,5828792.649
511,1,500,10,3267,2307,960,9703469.427721664309502,12063080,0.000457593,0,0.00032936,0.000503915,7.15747E-05,0.998637557,4572533.457,5829676.779
512,1,500,10,3110,2357,753,58183471.292547695338726,12063273,8.0381E-05,0,0.00012684,0,8.89307E-05,0.999703848,4568024.352,5836565.852
513,1,500,10,3677,3533,143,6064655.026486900635064,12063273,0.310649724,0.006156895,0.003242012,0.007520464,0.028040009,0.644390896,4577151.757,5830376.324
514,1,500,10,2389,2318,71,980025.227926624240354,12063080,0.562593018,0.018352676,0.007034006,0,0.053710244,0.358310057,4570609.286,5826564.748
515,1,500,10,4458,4088,369,3638044.643781160470098,12063080,0.225571618,0.00098058,0.00174903,0.002983244,0.043127967,0.725587561,4569700.299,5825922.574
516,1,500,10,5112,4852,260,5040141.332141091115773,12063080,0.03174369,0.001932385,0.001998686,0.003037587,0.004083212,0.95720444,4571494.788,5827658.074
517,1,500,10,1893,1872,21,640000.000000000000000,12063080,0.565408251,0.002218621,0.001421094,0.006251658,0.066189159,0.358511217,4572450,5826600
518,1,500,10,3933,3507,426,2285252.715077176690102,12063080,0.362328158,0.010272387,0.004031997,0.009576107,0.063208557,0.550582794,4572066.776,5825479.074
519,1,500,10,3355,2637,718,10960664.716861106455326,12063056,0.184448181,0.009108913,0.011631777,0.027275523,0.064232737,0.70330287,4570810.669,5823647.168
520,1,500,10,5139,3309,1829,10472466.752277180552483,12063357,0.102670513,0.009390822,0.049263281,0.044541591,0.147986338,0.646147455,4567645.264,5824287.023
521,1,500,10,4755,4334,421,2560000.000000000000000,12063080,0.621533072,0.03907857,0.006264369,0.016223306,0.048280804,0.268619879,4573650,5827800
522,1,500,10,4115,3840,275,5627808.356193490326405,12063080,0.097582641,0.001041637,0.002301054,0.00750031,0.005430558,0.8861438,4576226.432,5827769.74
523,1,500,10,1870,1829,41,640000.000000000000000,12063080,0.569689548,0.006167018,0.009400409,0.000991179,0.171178388,0.242573457,4573250,5826600
524,1,500,10,1182,1060,121,640000.000000000000000,12063080,0.6006106,0.032703116,0.009491097,0.022715767,0.110485434,0.223993986,4574050,5826600
525,1,500,10,2568,2195,373,640000.000000000000000,12063080,0.51204001,0.03250225,0.021927116,0.115374983,0.061238041,0.256917599,4573250,5825800
526,1,500,10,4586,3638,947,2216237.012657037936151,12063080,0.111733667,0.025935096,0.031079003,0.042011274,0.014825486,0.774415474,4573777.459,5825163.266
527,1,500,10,3557,2870,687,2560000.000000000000000,12063080,0.385149955,0.02405862,0.027294453,0.022815376,0.069988199,0.470693397,4575250,5826200
528,1,500,10,3190,1981,1208,1279948.340295826783404,12063080,0.104124459,0.013047039,0.125508864,0.075083415,0.02689237,0.655343854,4576449.986,5826200.032
529,1,500,10,4341,4341,0,40000.000000000000000,1000000005,0.884745164,0,0,0,0.038226107,0.077028729,4578150,5825700
530,1,500,10,5339,5312,26,433258.005044657795224,1000000005,0.168257512,0,0,0,0.025354326,0.806388161,4578338.427,5825223.849
531,1,500,10,4848,4785,63,394304.992108827864286,1000000005,0.218821198,0,0,0.004130581,0.223663392,0.553384829,4578153.779,5825841.536
532,1,500,10,131,131,0,81449.834515948066837,12063080,0.112827086,0,0,0,0.053402179,0.833770735,4577753.216,5826013.482
533,1,500,10,2880,1871,1009,640000.000000000000000,1000000005,0.145862932,0.183793006,0,0.223846029,0.011812933,0.4346851,4578850,5825800
534,1,500,10,2517,1097,1420,48968373.289478100836277,12063056,0.003053107,0.000753246,0.003773555,0.015439998,0.00351145,0.973468645,4572714.995,5819823.531
535,1,500,10,4673,4664,8,203449.172848430636805,1000000005,0.682868697,0.003159208,0,0,0.064829229,0.249142866,4577030.388,5824862.301
536,1,500,10,4381,4381,0,156825.221242546627764,1000000005,0.76541362,0.004213067,0,0,0.096653507,0.133719806,4577446.116,5824796.277
537,1,500,10,4469,4361,108,160000.000000000000000,1000000005,0.74149341,0,0.018051539,0,0.019001987,0.221453063,4577050,5824400
538,1,500,10,3707,3514,193,160000.000000000000000,1000000005,0.595727983,0,0.003992362,0.194412924,0.007676756,0.198189974,4577450,5824400
539,1,500,10,4908,4803,104,452054.037506778608076,1000000005,0.401522894,0,0.005871059,0,0.025118291,0.567487756,4576800.364,5824107.603
540,1,500,10,5382,1934,3448,1213736.979186864104122,1000000005,0.195240211,0,0,0.006930098,0.018806994,0.779022697,4577050.788,5823470.532
541,1,500,10,3399,3325,74,132128.644907185574993,1000000005,0.339547859,0,0.001860938,0.040870183,0.085916243,0.531804776,4576754.629,5824912.467
542,1,500,10,4317,768,3549,2400788.721229804214090,12063080,0.058565658,0.002850011,0.053538749,0.006579463,0.027976225,0.850489894,4575590.683,5824859.952
543,1,500,10,5438,4776,662,1957388.556156392674893,12063080,0.032296845,0.067501709,0.001315069,0,0.001370554,0.897515824,4577374.601,5826104.159
544,1,500,10,188,181,7,90319.372345581374248,12063080,0.572483105,0,0.000181697,0.023963355,0.018646437,0.384725406,4577759.36,5825209.721
545,1,500,10,1871,1834,37,160000.000000000000000,1000000005,0.319244391,0.07651734,0,0.016394107,0.144208571,0.44363559,4579050,5825200
546,1,500,10,555,504,51,160000.000000000000000,1000000005,0.755729022,0.055519951,0.004669368,0.000170572,0,0.183911087,4578650,5824800
547,1,500,10,334,167,167,160000.000000000000000,1000000005,0.478563748,0.054652846,0.011383377,0.097512901,0.138062335,0.219824793,4579050,5824800
548,1,500,10,4190,4184,6,160000.000000000000000,1000000005,0.455220226,0,0,0.008127232,0.223134576,0.313517966,4577850,5824400
549,1,500,10,5224,5185,38,476422.492606157495175,1000000005,0.284913493,0.001291033,0.001152744,0,0.166961744,0.545680986,4578119.869,5824664.318
550,1,500,10,2421,2398,23,160000.000000000000000,1000000005,0.538326263,0,0.004618194,0,0.136127422,0.320928122,4577850,5824000
551,1,500,10,1069,1062,7,160000.000000000000000,1000000005,0.651471701,0.011386899,0.001485625,0,0.080359946,0.255295828,4578250,5824000
552,1,500,10,2128,1986,142,640000.000000000000000,1000000005,0.332586472,0.069030297,0.001872506,0.003235848,0.384331576,0.208943301,4578850,5824200
553,1,500,10,5123,4130,992,276797.228075598133728,1000000005,0,0,0,0.680137371,0.289070827,0.030791802,4576503.064,5822793.983
554,1,500,10,3572,2863,708,640000.000000000000000,1000000005,0.572874291,0.05145856,0.020807498,0.03381889,0.177588778,0.143451984,4577250,5822600
555,1,500,10,968,878,89,160000.000000000000000,1000000005,0.620761805,0.02590268,0.01260258,0,0.11372984,0.227003096,4577850,5823600
556,1,500,10,1766,1704,62,160000.000000000000000,1000000005,0.760183495,0.015404807,0.008684111,0,0.07463418,0.141093407,4578250,5823600
557,1,500,10,2307,2214,92,160000.000000000000000,1000000005,0.486511429,0,0.016034026,0,0.337357602,0.160096943,4577850,5823200
558,1,500,10,3046,3004,42,160000.000000000000000,1000000005,0.540854132,0.139894027,0,0,0.100985528,0.218266313,4578250,5823200
559,1,500,10,735,735,0,160000.000000000000000,1000000005,0.366024652,0,0,0,0.47248728,0.161488067,4578650,5823600
560,1,500,10,639,525,114,160000.000000000000000,1000000005,0.344458252,0,7.94724E-05,0.130154176,0.238869802,0.286438297,4579050,5823600
561,1,500,10,2406,2201,205,160000.000000000000000,1000000005,0.429883849,0.000260206,0.019069699,0.097649469,0.17944291,0.273693867,4578650,5823200
562,1,500,10,2419,2150,268,160000.000000000000000,1000000005,0.419562091,0,0,0.307989921,0.108817999,0.16362999,4579050,5823200
563,1,500,10,1319,1297,22,160000.000000000000000,1000000005,0.715055972,0.018003106,0,0.019512403,0.123315998,0.12411252,4577850,5822800
564,1,500,10,3512,1761,1750,160000.000000000000000,1000000005,0.452471435,0.05309889,0.279386033,0,0.05870514,0.156338502,4578250,5822800
565,1,500,10,4692,2283,2408,3095711.915917175821960,1000000005,0.044829778,0,0.002054267,0,0.027924379,0.925191576,4577193.872,5821764.409
566,1,500,10,2077,1736,340,160000.000000000000000,1000000005,0.362417155,0.012160567,0.053663904,0.000920967,0.427212514,0.143624894,4578250,5822400
567,1,500,10,3043,1273,1769,160000.000000000000000,1000000005,0.369753309,0.041111768,0.2768855,0.076640163,0.003503302,0.232105958,4578650,5822800
568,1,500,10,828,704,124,160000.000000000000000,1000000005,0.579345885,0,0.020043032,0.015020821,0.216880917,0.168709345,4579050,5822800
569,1,500,10,1537,1431,105,160000.000000000000000,1000000005,0.539921441,0.124787274,0.00913323,0.007400879,0.18099004,0.137767136,4578650,5822400
570,1,500,10,1550,1550,0,160000.000000000000000,1000000005,0.601743685,0,0,0,0.220716113,0.177540202,4579050,5822400
571,1,500,10,5001,2941,2059,17524743.158264026045799,12054000,0.009310176,0.000165646,0.001405741,0.006505905,0.003950673,0.978661859,4565984.314,5818144.999
572,1,500,10,2755,40,2714,2560000.000000000000000,12054000,0.003241834,0,0.00042205,0.128756896,0.006376142,0.861203079,4565650,5816600
573,1,500,10,5290,4080,1210,49275024.776467412710190,12063148,0.001463156,3.02266E-05,8.31479E-05,0.000761344,0.000832633,0.996829492,4557463.322,5819134.71
574,1,500,10,1198,925,273,15851063.176672007888556,12063148,0.018787348,0.000469438,0.005351731,0.009625586,0.019213953,0.946551944,4560626.741,5816527.057
575,1,500,10,1946,1577,369,16989430.118755411356688,12063357,0.030927036,0.000648912,0.003366396,0.001060191,0.020207151,0.943790315,4564836.414,5820947.53
576,1,500,10,5056,1190,3866,12125015.463698163628578,12054000,0.032579052,0.006097336,0.00546234,0.020668866,0.02409895,0.911093456,4564226.46,5814536.417
577,1,500,10,4328,3157,1171,58924067.492379583418369,12069249,0.006280656,3.22439E-05,0.005979967,0.02718684,0.002489525,0.958030768,4553007.325,5811897.337
578,1,500,10,2588,643,1944,2560000.000000000000000,12054000,0.071495162,0.001637704,0.015747752,0.045455158,0.014025016,0.851639208,4567250,5816600
579,1,500,10,4125,3573,551,4082453.490267319604754,12054000,0.05651939,0.002750033,0.003741688,0.003940464,0.026402557,0.906645868,4569363.36,5816528.474
580,1,500,10,1596,1423,173,160000.000000000000000,1000000005,0.718818115,0,0.027395798,0,0.093795614,0.159990473,4578650,5822000
581,1,500,10,4131,4032,99,160000.000000000000000,1000000005,0.762553961,0,0.014188227,0.012383915,0.020173097,0.1907008,4579050,5822000
582,1,500,10,5376,4473,903,1463862.933022394776344,1000000005,0.095541061,0.007962811,0,0,0.034339413,0.862156716,4579195.132,5821053.722
583,1,500,10,1403,1218,184,160000.000000000000000,1000000005,0.652727627,0.014878311,0.014164169,0.104568693,0,0.2136612,4579050,5821600
584,1,500,10,316,49,267,5763013.779583635739982,12063056,0.031150999,0.001601367,0.015343883,0.012196876,0.026384118,0.913322757,4577273.753,5820017.085
585,1,500,10,468,218,249,359714.080341024964582,12054000,0.294487809,0,0.006484267,0.066293912,0.016465527,0.616268485,4576376.044,5817148.324
586,1,500,10,5432,3731,1700,5786933.010377202183008,12054000,0.001117585,0,0,0.000208308,0.001180259,0.997493848,4575990.166,5817556.755
587,1,500,10,3894,2340,1554,3837836.258691983763129,1000000005,0.050166035,0.2149405,0,4.00246E-06,0.197537199,0.537352264,4578050.666,5816599.563
588,1,500,10,3843,3581,261,963526.752760444534943,1000000005,0.391029858,0.017407263,0.004517191,0.012073857,0.19838164,0.376590191,4576457.088,5816368.333
589,1,500,10,3825,251,3573,10240000.000000000000000,12054000,0.027877144,0.001305735,0.004420905,0.029101851,0.006874196,0.930420169,4568050,5814200
590,1,500,10,5131,41,5089,2520679.250317610800266,12054000,0.179760719,0,0.034134005,0.144751923,0.018966693,0.62238666,4570438.478,5814989.775
591,1,500,10,5264,3143,2120,6408057.634640343487263,12054000,0.111968318,0.004475059,0.00968028,0.010337459,0.028696288,0.834842596,4571383.59,5813649.571
592,1,500,10,1144,133,1010,2560000.000000000000000,12054000,0.001548002,0,0.006522529,0.028936939,0,0.96299253,4567250,5811800
593,1,500,10,2046,844,1201,2560000.000000000000000,12054000,0.032403329,0.053078892,0.000761323,0.040745989,0.018153751,0.854856716,4568850,5811800
594,1,500,10,4991,2532,2458,10279282.843006638810039,12054000,0.027787522,0.008051892,0.000162961,0.005692416,0.009464435,0.948840773,4565724.477,5810709.167
595,1,500,10,2948,1352,1596,2560000.000000000000000,12054000,0.222854067,0.010344713,0.006085814,0.055175677,0.044547434,0.660992294,4568850,5810200
596,1,500,10,1917,209,1707,2560000.000000000000000,12054000,0.047913534,0.00040723,0.010309119,0.050944897,0.065613101,0.824812119,4570450,5811800
597,1,500,10,5096,2402,2693,12516613.097479598596692,12054000,0.018083967,0.002329947,0.004543285,0.003478694,0.034189457,0.93737465,4573927.624,5811759.235
598,1,500,10,727,465,262,640000.000000000000000,12054000,0.083881438,0,0.005843453,0.033106694,0.075053785,0.802114629,4570050,5810600
599,1,500,10,1832,1654,178,640000.000000000000000,12054000,0.350708826,0,0.010104805,0.003657517,0.090750057,0.544778795,4570850,5810600
600,1,500,10,3051,2216,835,640000.000000000000000,12054000,0.425079603,0.015043175,0.037500424,0.043701127,0.23445867,0.244217002,4570050,5809800
601,1,500,10,1877,1593,283,640000.000000000000000,12054000,0.381588675,0.026194461,0,0.046625232,0.34717856,0.198413072,4570850,5809800
602,1,500,10,1046,355,690,640000.000000000000000,12054000,0.439063076,0.066793348,0.011143682,0.080845368,0.211981218,0.190173308,4571650,5810600
603,1,500,10,1152,842,310,640000.000000000000000,12054000,0.257945121,0.004263032,0.01060812,0.024744506,0.561978747,0.140460474,4572450,5810600
604,1,500,10,1787,1507,280,640000.000000000000000,12054000,0.239696767,0.118355255,0.00513048,0.00671661,0.404941464,0.225159425,4571650,5809800
605,1,500,10,1926,1414,511,640000.000000000000000,12054000,0.276533788,0.054078673,0.027388633,0,0.510509506,0.131489399,4572450,5809800
606,1,500,10,4807,2073,2733,6231403.962995882146060,12054000,0.117693326,0.001805525,0.011628623,0.017861574,0.012748753,0.838262199,4574126.957,5814279.763
607,1,500,10,5051,3991,1060,2318584.840285155456513,1000000005,0.208874,0,0,0,0.051551063,0.739574937,4576350.988,5813783.42
608,1,500,10,2131,1511,619,640000.000000000000000,1000000005,0.422779432,0.023658421,0.02191056,0.015226337,0.145410388,0.371014862,4577250,5814600
609,1,500,10,5484,3713,1771,2515278.752143677789718,1000000005,0.003239421,0.157772224,0.003868177,0,0.217935283,0.617184896,4576920.353,5815301.232
610,1,500,10,4826,2672,2153,2869068.996400731150061,1000000005,0.112522947,0.149727696,0,0.013282163,0.113699507,0.610767688,4578529.89,5814237.907
611,1,500,10,3310,1957,1353,640000.000000000000000,1000000005,0.236958693,0,0.043516376,0.074343515,0.135340312,0.509841104,4578050,5814600
612,1,500,10,5137,2832,2305,11623769.812234094366431,1000000006,0.012897765,0.000584134,0.000845611,0.001586113,0.022288623,0.961797754,4576873.343,5809254.881
613,1,500,10,4630,3476,1154,2560000.000000000000000,1000000006,0.393024225,0.031913112,0.016117859,0.012069225,0.047777352,0.499098228,4578450,5810200
614,1,500,10,3632,2875,756,1205709.158949428237975,1000000005,0,0,0,0,0,1.000000000000000,4577240.665,5813445.086
615,1,500,10,1118,1101,17,160000.000000000000000,12065136,0.76245624,0.019212709,0.001058266,0.007655328,0.004381046,0.205236411,4581050,5834800
616,1,500,10,1310,1247,62,160000.000000000000000,12065136,0.577951166,0.035737585,0.010388912,0.0129509,0.076380174,0.286591263,4581450,5834800
617,1,500,10,937,815,122,160000.000000000000000,12065136,0.491670249,0.134083674,0.013842183,0.007301297,0.031231819,0.321870778,4581050,5834400
618,1,500,10,1825,1404,421,160000.000000000000000,12065136,0.333739793,0.225476922,0.06666195,0.073117798,0.057849809,0.243153728,4581450,5834400
619,1,500,10,1957,858,1098,640000.000000000000000,12065136,0.149746596,0.082106123,0.043074434,0.155642931,0.172989373,0.396440542,4582050,5834600
620,1,500,10,1769,894,874,640000.000000000000000,12065136,0.50724242,0.066736688,0.046561827,0.00611626,0.180031763,0.193311041,4581250,5833800
621,1,500,10,5081,2397,2684,3032101.118851298931986,12065136,0.009307145,0.00485311,0.002638731,0.172910426,0.011475141,0.798815446,4582478.756,5833355.544
622,1,500,10,5234,3410,1823,11400235.901751693338156,12065136,0.034680731,0.000380948,0.000846913,0.006963912,0.021372598,0.935754897,4580410.261,5831285.459
623,1,500,10,4391,2571,1820,6325540.417174382135272,12065136,0,0.001049426,0,0.001820271,0.00053851,0.996591793,4583090.606,5836107.269
624,1,500,10,1538,1371,166,40000.000000000000000,1000000012,0.113187131,0,0,0.431493854,0.030145861,0.425173155,4583150,5833300
625,1,500,10,4052,3574,478,172418.918763557885541,1000000012,0.224873551,0,0.042388098,0.252757701,0.029996346,0.449984304,4582904.115,5833248.06
626,1,500,10,1477,1477,0,40000.000000000000000,1000000012,0.795720462,0,0.001536149,0,0.000818237,0.201925153,4583150,5833100
627,1,500,10,2262,2242,20,40000.000000000000000,1000000012,0.64789052,0.076762221,0.010028538,0.021988923,0.074959388,0.168370409,4583150,5832900
628,1,500,10,4842,4718,123,222400.597738254815340,1000000012,0.392981918,0,0.068742817,0,0.075281631,0.462993634,4582879.432,5832773.365
629,1,500,10,4979,4893,86,160000.000000000000000,1000000012,0.341857194,0,0.00971092,0.047262083,0.050358245,0.550811558,4583450,5833200
630,1,500,10,4566,4537,29,81987.405394804314710,1000000012,0.234231631,0.110112397,0.005616507,0,0.011190104,0.638849361,4583736.75,5833366.427
631,1,500,10,1986,1952,34,40000.000000000000000,1000000012,0.50491809,0.306591537,0,0,0.030474918,0.158015456,4583950,5833300
632,1,500,10,1464,1464,0,40000.000000000000000,1000000012,0.590777297,0,0,0,0.276919365,0.132303337,4583750,5833100
633,1,500,10,1560,1556,4,40000.000000000000000,1000000012,0.661023762,0,0.011199824,0,0.210926427,0.116849986,4583950,5833100
634,1,500,10,1128,1121,7,40000.000000000000000,1000000012,0.78166181,0,0.0252391,0,0.042050836,0.151048254,4583350,5832900
635,1,500,10,1631,1622,9,40000.000000000000000,1000000012,0.556174477,0,0.026705892,0,0.049454627,0.367665005,4583550,5832900
636,1,500,10,1170,1170,0,40000.000000000000000,1000000012,0.246104173,0,0,0,0.589086236,0.164809591,4583350,5832700
637,1,500,10,2110,2110,0,40000.000000000000000,1000000012,0.737779359,0,0,0,0.092345061,0.16987558,4583550,5832700
638,1,500,10,1940,1938,1,40000.000000000000000,1000000012,0.751233793,0,0,0.00439557,0.083055438,0.161315199,4583750,5832900
639,1,500,10,2342,2321,20,40000.000000000000000,1000000012,0.820775623,0,0.06025138,0,0,0.118972997,4583950,5832900
640,1,500,10,1531,1464,67,40000.000000000000000,1000000012,0.348011931,0,0.04787096,0.136554571,0.058494543,0.409067995,4583750,5832700
641,1,500,10,994,966,28,40000.000000000000000,1000000012,0.698219798,0,0.034857714,0.043869109,0.075020182,0.148033198,4583950,5832700
642,1,500,10,1681,1652,28,160000.000000000000000,1000000012,0.662764281,0.058755138,0.002972521,0,0.108881279,0.166626781,4583050,5832400
643,1,500,10,3998,3950,47,484421.953109445632435,1000000012,0.347846285,0.006353275,0.008259597,0.001006965,0.148889987,0.487643891,4582669.288,5832025.864
644,1,500,10,4704,4643,61,158688.509293630748289,1000000012,0.314651118,0,0.036804759,0.009346062,0.179668561,0.4595295,4582651.459,5832398.45
645,1,500,10,2241,2054,187,640000.000000000000000,1000000012,0.740534612,0.019065986,0.015874803,0.010993146,0.033628595,0.179902857,4583650,5832200
646,1,500,10,1874,1871,2,40000.000000000000000,1000000012,0.769002208,0,0.005809559,0,0,0.225188233,4584150,5833300
647,1,500,10,1720,1720,0,40000.000000000000000,1000000012,0.182265974,0,0,0,0,0.817734026,4584350,5833300
648,1,500,10,1801,1801,0,40000.000000000000000,1000000012,0.906005287,0,0,0,0,0.093994713,4584150,5833100
649,1,500,10,5206,4996,210,1767981.308315731119365,1000000012,0.032678536,0,0.002408007,0,0,0.964913457,4585090.802,5832744.748
650,1,500,10,4339,4312,26,160000.000000000000000,1000000012,0.83184207,0.058836818,0,0,0,0.109321112,4584250,5832800
651,1,500,10,3840,2914,926,640000.000000000000000,1000000012,0.20071678,0.418829835,0.014049424,0.019091898,0.01075623,0.336555834,4584450,5832200
652,1,500,10,4862,4497,364,353921.519504473777488,1000000012,0.226928527,0.021274471,0.074952437,0.037384426,0.157968622,0.481491517,4582225.164,5831412.219
653,1,500,10,339,338,1,610760.972294141305611,12065136,0.180080933,0,2.50821E-05,0.000681817,0.152016254,0.667195914,4581233.527,5830586.475
654,1,500,10,0,0,0,63998.072146130616602,12065136,0,0,0,0,0,1.000000000000000,4582547.571,5829547.409
655,1,500,10,5324,4767,556,3396508.582386980298907,1000000012,0.229727539,0.023134429,0.004793464,0.002797519,0.140789143,0.598757906,4582954.331,5830920.918
656,1,500,10,4650,4062,587,2560000.000000000000000,1000000012,0.35268724,0.011806133,0.018199073,0.004761655,0.031315316,0.581230583,4584850,5831000
657,1,500,10,1925,1823,102,1208733.225492946337909,1000000012,0.066684217,0.014992222,0.005564151,0,0.02058909,0.892170321,4583290.755,5829814.918
658,1,500,10,4784,4783,0,100849.876742545398884,1000000012,0.831304881,0,0.001219466,0,0,0.167475653,4585918.386,5834380.755
659,1,500,10,4292,4255,37,98255.251398589462042,1000000012,0.395882965,0.126482221,0.004254227,0,0,0.473380586,4586151.272,5834645.757
660,1,500,10,4606,4593,12,105751.932432968169451,1000000012,0.362353381,0.046265421,0,0,0,0.591381198,4586351.181,5834664.491
661,1,500,10,1558,1558,0,40000.000000000000000,1000000012,0.799823101,0,0,0,0.014446078,0.185730821,4586150,5834300
662,1,500,10,1544,1544,0,40000.000000000000000,1000000012,0.778270503,0,0,0,0.007641747,0.21408775,4586350,5834300
664,1,500,10,5399,4448,951,9788129.110077407211065,12065144,0,0,0,0,0,1.000000000000000,4585498.79,5836664.162
665,1,500,10,4634,4619,15,160000.000000000000000,1000000012,0.659199781,0.01073839,0.009052869,0,0.008789287,0.312219673,4587050,5834800
666,1,500,10,5132,5122,9,113248.613467346876860,1000000012,0.517437135,0,0.010366908,0,0,0.472195957,4586551.103,5834683.225
667,1,500,10,4906,4891,14,120745.294501698939712,1000000012,0.37911203,0,0.00430827,0,0,0.6165797,4586751.035,5834701.96
668,1,500,10,3379,3374,4,40000.000000000000000,1000000012,0.698978528,0,0.015514156,0,0,0.285507315,4586550,5834300
669,1,500,10,1072,1070,1,40000.000000000000000,1000000012,0.728506391,0,0.004473559,0,0.000204175,0.266815875,4586750,5834300
670,1,500,10,3226,3214,12,160000.000000000000000,1000000012,0.697373347,0,0.008758146,0,0.019988165,0.273880342,4587050,5834400
671,1,500,10,5471,4893,577,1416772.046478487784043,1000000012,0.364756218,0.021011093,0.013128927,0.000589099,0.008346613,0.592168049,4587344.538,5833780.45
672,1,500,10,5000,4601,398,1255589.678057265235111,1000000012,0.180238016,0.001709895,0.008838128,0,0.001694473,0.807519487,4587977.228,5834487.949
673,1,500,10,1703,1703,0,10000.000000000000000,1000000012,0.877706685,0,0,0,0,0.122293315,4588800,5833450
674,1,500,10,5215,4564,650,6333673.740202912129462,1000000012,0.044761277,0.015131889,0.000650694,0,0.00098581,0.93847033,4586538.757,5832101.919
675,1,500,10,5495,5277,218,532399.215165292844176,1000000012,0.689328793,0.007567998,0.021713996,0.020004879,0.002924522,0.258459813,4588405.27,5833108.113
676,1,500,10,3532,3513,19,40000.000000000000000,1000000012,0.697656859,0.074722614,0.033971685,0,0.045258775,0.148390067,4588550,5832900
677,1,500,10,1984,1977,7,40000.000000000000000,1000000012,0.754264521,0.048496212,0.003294532,0,0,0.193944735,4588750,5832900
678,1,500,10,3321,3264,57,40000.000000000000000,1000000012,0.347944662,0,0.157637366,0.013800689,0,0.480617283,4588550,5832700
679,1,500,10,438,405,32,40000.000000000000000,1000000012,0.629581136,0.138167938,0.052918237,0,0,0.179332689,4588750,5832700
680,1,500,10,1644,1609,35,640000.000000000000000,1000000012,0.255290002,0.013861096,0.002061311,0,0.058083464,0.670704127,4587650,5832200
681,1,500,10,3634,3155,478,640000.000000000000000,1000000012,0.6052627,0.089503577,0.03943288,0.017297004,0.00260667,0.245897169,4588450,5832200
682,1,500,10,4418,3495,922,1308278.823237936943769,12065096,0.102399755,0.008093405,0.030979155,0.004258799,0.010906889,0.843361997,4588998.637,5834393.437
683,1,500,10,5093,4659,433,3333724.275790948886424,12065096,0.05346884,0.012675113,0.000362771,0.005812243,0.004804992,0.92287604,4590567.948,5834021.94
684,1,500,10,4971,4960,10,30361.591060054633999,1000000012,0.677797899,0,0.044088196,0,0,0.278113906,4588866.27,5833517.709
685,1,500,10,4485,4482,3,64037.226760753881535,1000000012,0.654301357,0,0.000962521,0,0,0.344736123,4589086.264,5833507.744
686,1,500,10,2878,2868,9,40000.000000000000000,1000000012,0.783772604,0,0.032002445,0,0.000254326,0.183970625,4588950,5833300
687,1,500,10,3619,3615,4,40000.000000000000000,1000000012,0.620976319,0,0.010247462,0,0.147281472,0.221494747,4589150,5833300
688,1,500,10,1413,1404,9,10000.000000000000000,1000000012,0.844947957,0,0.09342033,0,0,0.061631713,4588900,5833150
689,1,500,10,1137,1135,2,10000.000000000000000,1000000012,0.424202752,0,0.033008883,0,0.193164248,0.349624116,4589000,5833150
690,1,500,10,1437,1434,3,10000.000000000000000,1000000012,0.834606614,0,0.035430311,0,0,0.129963075,4588900,5833050
691,1,500,10,1203,1195,8,10000.000000000000000,1000000012,0.614048682,0.142568684,0,0.031870656,0,0.211511978,4589000,5833050
692,1,500,10,1255,1255,0,10000.000000000000000,1000000012,0.577443173,0,0,0,0.144067227,0.2784896,4589100,5833150
693,1,500,10,1733,1733,0,10000.000000000000000,1000000012,0.444713216,0,0,0,0.282079288,0.273207496,4589200,5833150
694,1,500,10,1195,1195,0,10000.000000000000000,1000000012,0.864473315,0.013436962,0,0,0,0.122089723,4589100,5833050
695,1,500,10,1494,1494,0,10000.000000000000000,1000000012,0.88576203,0,0,0,0.039067391,0.07517058,4589200,5833050
696,1,500,10,4781,4781,0,40000.000000000000000,1000000012,0.548130524,0,0,0,0.182032763,0.269836713,4589350,5833300
697,1,500,10,3316,3316,0,40000.000000000000000,1000000012,0.786007006,0,0,0,0,0.213992994,4589550,5833300
698,1,500,10,3944,3944,0,40000.000000000000000,1000000012,0.116166497,0,0,0,0.300690981,0.583142522,4589350,5833100
699,1,500,10,3624,3615,9,40000.000000000000000,1000000012,0.731257244,0,0.033216472,0,0.014060233,0.221466051,4589550,5833100
700,1,500,10,2719,2719,0,10000.000000000000000,1000000012,0.640933406,0,0,0,0,0.359066594,4588900,5832950
701,1,500,10,1302,1284,17,10000.000000000000000,1000000012,0.395935129,0,0,0.171293499,0,0.432771372,4589000,5832950
702,1,500,10,239,239,0,10000.000000000000000,1000000012,0.879214409,0,0,0,0,0.120785591,4588900,5832850
703,1,500,10,1023,1015,7,10000.000000000000000,1000000012,0.67696025,0,0.005117481,0.085309573,0,0.232612696,4589000,5832850
704,1,500,10,1800,1792,7,10000.000000000000000,1000000012,0.634996487,0,0,0.055213403,0,0.30979011,4589100,5832950
705,1,500,10,89,89,0,10000.000000000000000,1000000012,0.671520726,0,0,0,0,0.328479274,4589200,5832950
706,1,500,10,2100,2091,9,10000.000000000000000,1000000012,0.68275823,0,0.111695007,0,0,0.205546763,4589100,5832850
707,1,500,10,1105,1105,0,10000.000000000000000,1000000012,0.664218577,0,0,0,0,0.335781423,4589200,5832850
708,1,500,10,191,181,10,40000.000000000000000,1000000012,0.685190184,0.085511857,0,0,0.022380823,0.206917137,4588950,5832700
709,1,500,10,223,208,14,40000.000000000000000,1000000012,0.769080089,0.000356273,0.044466542,0,0,0.186097096,4589150,5832700
710,1,500,10,1703,1703,0,10000.000000000000000,1000000012,0.523219286,0,0,0,0.07141382,0.405366894,4589300,5832950
711,1,500,10,1882,1882,0,10000.000000000000000,1000000012,0.633620771,0,0,0,0.023844535,0.342534695,4589400,5832950
712,1,500,10,3346,3346,0,10000.000000000000000,1000000012,0.963025906,0,0,0,0,0.036974094,4589300,5832850
713,1,500,10,1643,1643,0,10000.000000000000000,1000000012,0.80972741,0,0,0,0,0.19027259,4589400,5832850
714,1,500,10,1643,1643,0,40000.000000000000000,1000000012,0.57646365,0,0,0,0.268499958,0.155036392,4589550,5832900
715,1,500,10,294,294,0,40000.000000000000000,1000000012,0.774729794,0,0,0,0,0.225270206,4589350,5832700
716,1,500,10,114,114,0,40000.000000000000000,1000000012,0.261109173,0,0,0,0.679519556,0.059371271,4589550,5832700
717,1,500,10,1553,1553,0,40000.000000000000000,1000000012,0.092512811,0,0,0,0.281931806,0.625555383,4589750,5832900
718,1,500,10,3765,3765,0,40000.000000000000000,1000000012,0.042473908,0,0,0,0.257654726,0.699871366,4589950,5832900
719,1,500,10,1667,1667,0,40000.000000000000000,1000000012,0,0,0,0,0.565764571,0.434235429,4589750,5832700
720,1,500,10,1015,1015,0,10000.000000000000000,1000000012,0,0,0,0,0.024293663,0.975706337,4589900,5832750
721,1,500,10,956,956,0,10000.000000000000000,1000000012,0,0,0,0,0,1.000000000000000,4590000,5832750
722,1,500,10,1882,1882,0,10000.000000000000000,1000000012,0,0,0.001959626,0,0.736045741,0.261994633,4589900,5832650
723,1,500,10,2569,2569,0,10000.000000000000000,1000000012,0,0,0,0,0.46762026,0.53237974,4590000,5832650
724,1,500,10,3406,3406,0,40000.000000000000000,1000000012,0.047886939,0,0,0,0.182405914,0.769707147,4590150,5832900
725,1,500,10,4123,4123,0,40000.000000000000000,1000000012,0,0,0,0,0.226956616,0.773043384,4590150,5832700
726,1,500,10,5097,5049,47,375478.969285718863830,1000000012,0.050950019,0,0,0,0.137110824,0.811939157,4589994.092,5833125.94
727,1,500,10,2873,2383,489,640000.000000000000000,1000000012,0.517433446,0.070594307,0.022567247,0.039497046,0.128077252,0.2218307,4589250,5832200
728,1,500,10,567,503,63,160000.000000000000000,1000000012,0.534823352,0,0.048117389,0,0.200227048,0.216832211,4589850,5832400
729,1,500,10,1347,1346,0,160000.000000000000000,1000000012,0.126752959,0,0.000637535,0,0.545101051,0.327508455,4590250,5832400
730,1,500,10,1490,1441,48,160000.000000000000000,1000000012,0.567017846,0.040344609,0.023332772,0,0.144411621,0.224893151,4589850,5832000
731,1,500,10,2274,2257,16,160000.000000000000000,1000000012,0.573196144,0,0.011089319,0.001300436,0.172999944,0.241414157,4590250,5832000
732,1,500,10,4661,4661,0,132097.396519718458876,1000000012,0.048729076,0,0,0,0.422102982,0.529167943,4590830.481,5833023.018
733,1,500,10,2778,2778,0,40000.000000000000000,1000000012,0.584920397,0,0,0,0.361802602,0.053277001,4590750,5832900
734,1,500,10,4302,4302,0,40000.000000000000000,1000000012,0.091842258,0,0,0,0.887466016,0.020691726,4590550,5832700
735,1,500,10,2972,2958,14,40000.000000000000000,1000000012,0.659995809,0.104989665,0,0.009057781,0.042306249,0.183650495,4590750,5832700
736,1,500,10,4183,4183,0,40000.000000000000000,1000000012,0.211926783,0,0,0,0.020720929,0.767352288,4590950,5832900
737,1,500,10,3496,3496,0,40000.000000000000000,1000000012,0,0,0,0,0.167431703,0.832568297,4591150,5832900
738,1,500,10,328,328,0,40000.000000000000000,1000000012,0.062022781,0,0,0,0,0.937977219,4590950,5832700
739,1,500,10,2450,2450,0,40000.000000000000000,1000000012,0.062863642,0,0,0,0.070441195,0.866695163,4591150,5832700
740,1,500,10,2569,2569,0,40000.000000000000000,1000000012,0,0,0,0,0,1.000000000000000,4591350,5832900
741,1,500,10,4358,4358,0,144673.108288940595230,1000000012,0,0,0,0,0,1.000000000000000,4591473.373,5833067.682
742,1,500,10,4946,4946,0,40000.000000000000000,1000000012,0,0,0,0,0,1.000000000000000,4591350,5832700
743,1,500,10,2324,2324,0,40000.000000000000000,1000000012,0,0,0,0,0,1.000000000000000,4591550,5832700
744,1,500,10,3046,3043,3,40000.000000000000000,1000000012,0,0,0.009752376,0,0.073468053,0.916779571,4591750,5832900
745,1,500,10,4853,4682,171,107406.262495151764597,1000000012,0.00330566,0.0379177,0.18097253,0,0.156620883,0.621183228,4591890.016,5833016.664
746,1,500,10,2034,1917,117,40000.000000000000000,1000000012,0.039141546,0,0.343767559,0.009781909,0.08381852,0.523490466,4591750,5832700
747,1,500,10,2353,2252,100,40000.000000000000000,1000000012,0,0.058496006,0.276991187,0,0.123454141,0.541058666,4591950,5832700
748,1,500,10,3441,3222,218,3382506.152988446876407,12065225,0,0,0,0,0,1.000000000000000,4592163.091,5834265.96
749,1,500,10,4026,3974,52,40000.000000000000000,1000000012,0.000513352,0,0,0.139565243,0.285611329,0.574310076,4590550,5832500
750,1,500,10,123,89,34,40000.000000000000000,1000000012,0.096379006,0.216219209,0,0.023616272,0.388283496,0.275502017,4590750,5832500
751,1,500,10,145,145,0,40000.000000000000000,1000000012,0.6551395,0,0,0,0.068671295,0.276189205,4590550,5832300
752,1,500,10,418,418,0,10000.000000000000000,1000000012,0.876803547,0,0,0,0.001141387,0.122055066,4590700,5832350
753,1,500,10,986,986,0,10000.000000000000000,1000000012,0.916265678,0.003433493,0,0,0,0.080300829,4590800,5832350
754,1,500,10,28,28,0,10000.000000000000000,1000000012,0.948280622,0,0,0,0,0.051719378,4590700,5832250
755,1,500,10,3675,3675,0,10000.000000000000000,1000000012,0.460726169,0,0,0,0,0.539273831,4590800,5832250
756,1,500,10,1020,1015,4,40000.000000000000000,1000000012,0.81770109,0,0.013922612,0,0,0.168376298,4590950,5832500
757,1,500,10,3710,3705,4,40000.000000000000000,1000000012,0.461063053,0,0.012818712,0,0,0.526118235,4591150,5832500
758,1,500,10,2625,2623,1,40000.000000000000000,1000000012,0.644143084,0.015762184,0,0,0.004740757,0.335353975,4590950,5832300
759,1,500,10,868,864,3,40000.000000000000000,1000000012,0.813388441,0.032575136,0,0,0,0.154036423,4591150,5832300
760,1,500,10,4185,4168,16,160000.000000000000000,1000000012,0.291479144,0,0,0.009799742,0.401510481,0.297210633,4590650,5832000
761,1,500,10,524,515,8,160000.000000000000000,1000000012,0.432448186,0.012665684,0.001343464,0,0.069176162,0.484366503,4591050,5832000
762,1,500,10,2928,2928,0,10000.000000000000000,1000000012,0,0,0,0,0,1.000000000000000,4591300,5832550
763,1,500,10,3115,3115,0,10000.000000000000000,1000000012,0.022597715,0,0,0,0,0.977402285,4591400,5832550
764,1,500,10,1792,1792,0,10000.000000000000000,1000000012,0,0,0,0,0,1.000000000000000,4591300,5832450
765,1,500,10,83,83,0,10000.000000000000000,1000000012,0.447073028,0,0,0,0,0.552926972,4591400,5832450
766,1,500,10,2756,2744,11,40000.000000000000000,1000000012,0.405735376,0.0262247,0.022663952,0,0.001023133,0.544352839,4591550,5832500
767,1,500,10,662,662,0,40000.000000000000000,1000000012,0.776975612,0,0,0,0,0.223024388,4591350,5832300
768,1,500,10,1,0,1,40000.000000000000000,1000000012,0.730648628,0,0.004174988,0,0,0.265176384,4591550,5832300
769,1,500,10,4386,4110,275,160000.000000000000000,1000000012,0.481437877,0.003477104,0.116862087,0.076245772,0.042686617,0.279290544,4591850,5832400
770,1,500,10,349,267,81,160000.000000000000000,1000000012,0.642051945,0,0.060532637,0,0.012668464,0.284746954,4591450,5832000
771,1,500,10,824,824,0,160000.000000000000000,1000000012,0.701323142,0,0,0,0.042321766,0.256355092,4591850,5832000
772,1,500,10,1068,952,116,640000.000000000000000,1000000012,0.496075842,0,0.014535255,0.006145531,0.111291879,0.371951494,4587650,5831400
773,1,500,10,2250,2216,33,640000.000000000000000,1000000012,0.533624873,0.000546736,0.005897105,0,0.197833397,0.262097889,4588450,5831400
774,1,500,10,1705,1668,37,640000.000000000000000,1000000012,0.389512438,0.009761582,0.003067613,0.000350791,0.228870215,0.368437361,4587650,5830600
775,1,500,10,3032,2984,47,640000.000000000000000,1000000012,0.483588265,0.004368503,0.005247276,0.001851542,0.326923874,0.17802054,4588450,5830600
776,1,500,10,4807,4358,448,4350411.617962337099016,1000000012,0.018302856,0,0.000340014,6.80398E-05,0.049770224,0.931518866,4584624.32,5829349.867
777,1,500,10,1279,1182,97,160000.000000000000000,1000000012,0.066628308,0.071383212,0,0.043129608,0.454466508,0.364392363,4586650,5830000
778,1,500,10,1963,1801,162,160000.000000000000000,1000000012,0,0.152037671,0,0.059532363,0.372648312,0.415781654,4587050,5830000
779,1,500,10,1504,1424,80,160000.000000000000000,1000000012,0.283891204,0.108691128,0.020521483,0.002586719,0.228569777,0.35573969,4586650,5829600
780,1,500,10,3820,3259,560,160000.000000000000000,1000000012,0.134292185,0.06086449,0.08811401,0.270505422,0.099210581,0.347013312,4587050,5829600
781,1,500,10,2494,870,1623,640000.000000000000000,1000000012,0.371739751,0.051332865,0.08980297,0.169119317,0.064824995,0.253180102,4586850,5829000
782,1,500,10,1469,1381,88,160000.000000000000000,1000000012,0.098164631,0.087595077,0,0.032227713,0.293246117,0.488766462,4587450,5830000
783,1,500,10,2693,2693,0,160000.000000000000000,1000000012,0.44115932,0,0,0,0.337879152,0.220961529,4587850,5830000
784,1,500,10,3569,3449,119,160000.000000000000000,1000000012,0.181876726,0.04091771,0.002954735,0.064771568,0.086908531,0.622570731,4587450,5829600
785,1,500,10,1388,1348,39,160000.000000000000000,1000000012,0.366127545,0.090973503,0,0,0.279044427,0.263854524,4587850,5829600
786,1,500,10,4131,4050,80,640000.000000000000000,1000000012,0.309362792,0.033727254,0.00363035,0,0.515953016,0.137326589,4588450,5829800
787,1,500,10,3095,2113,981,640000.000000000000000,1000000012,0.42107975,0.061329103,0.068316897,0.081901821,0.112380252,0.254992177,4587650,5829000
788,1,500,10,2828,2827,1,160000.000000000000000,1000000012,0.688065037,0.002819145,0,0,0.17088061,0.138235208,4588250,5829200
789,1,500,10,2081,1817,263,160000.000000000000000,1000000012,0.117474408,0.570711863,0,0.007438442,0.258205988,0.046169299,4588650,5829200
790,1,500,10,586,542,44,160000.000000000000000,1000000012,0.63380118,0.057329936,0.004529489,0.007568601,0.083901602,0.212869193,4588250,5828800
791,1,500,10,1855,1538,316,160000.000000000000000,1000000012,0.453925565,0.161804521,0.004579159,0.153985331,0.03928353,0.186421894,4588650,5828800
792,1,500,10,3565,2721,843,640000.000000000000000,1000000012,0.507785979,0.090806277,0.036070109,0.080302757,0.045860729,0.239174148,4589250,5831400
793,1,500,10,4404,3493,910,640000.000000000000000,1000000012,0.584886166,0,0.025173357,0.124140134,0.058071358,0.207728986,4590050,5831400
794,1,500,10,2158,1670,488,640000.000000000000000,1000000012,0.382858773,0.149746791,0.010441541,0.027487847,0.260765374,0.168699674,4589250,5830600
795,1,500,10,4031,2304,1727,640000.000000000000000,1000000012,0.309858769,0.065342554,0.037431333,0.227601486,0.140540849,0.219225011,4590050,5830600
796,1,500,10,3548,2841,707,640000.000000000000000,1000000012,0.389542218,0.057887892,0.011881029,0.087274407,0.296822434,0.156592019,4590850,5831400
797,1,500,10,100,87,13,160000.000000000000000,1000000012,0.10142828,0.020882811,0.00341963,0,0.494378502,0.379890777,4591450,5831600
798,1,500,10,4553,4553,0,160000.000000000000000,1000000012,0.001732974,0,0,0,0.138664906,0.859602121,4591850,5831600
799,1,500,10,493,493,0,160000.000000000000000,1000000012,0.245185413,0,0,0,0.649151861,0.105662726,4591450,5831200
800,1,500,10,2028,1942,86,160000.000000000000000,1000000012,0.604618095,0.132580808,0.008201131,0.011477234,0.18243572,0.060687013,4591850,5831200
801,1,500,10,3061,2023,1038,160000.000000000000000,1000000012,0.11835905,0.002564433,0.02451724,0.646770058,0.047813276,0.159975944,4590650,5830800
802,1,500,10,2811,2463,348,160000.000000000000000,1000000012,0.47605525,0.067161513,0,0.204302903,0.090870075,0.161610259,4591050,5830800
803,1,500,10,1261,894,366,160000.000000000000000,1000000012,0.61198879,0,0.000150785,0.23577905,0.001038803,0.151042571,4590650,5830400
804,1,500,10,1296,1200,95,160000.000000000000000,1000000012,0.65671476,0.152868164,0.0031268,0.016308044,0.004793812,0.166188421,4591050,5830400
805,1,500,10,4162,4096,66,160000.000000000000000,1000000012,0.261509271,0.041033823,0,0.030270472,0.285523378,0.381663056,4591450,5830800
806,1,500,10,1676,1479,197,160000.000000000000000,1000000012,0.345383209,0.442112428,0.00102277,0,0.104270535,0.107211058,4591850,5830800
807,1,500,10,4798,4278,520,1058117.412365812342614,1000000012,0.058035001,0.011397397,0.002039844,0.008946069,0.083714361,0.835867328,4591807.322,5829946.19
808,1,500,10,2241,1636,604,160000.000000000000000,1000000012,0.141261093,0.275733104,0,0.311607666,0.116607032,0.154791105,4591850,5830400
809,1,500,10,2030,1633,397,640000.000000000000000,1000000012,0.52697026,0,0.006656655,0.05849524,0.281256881,0.126620964,4589250,5829800
810,1,500,10,4279,3449,829,640000.000000000000000,1000000012,0.31291616,0.12708849,0.042453926,0.061294136,0.274355728,0.18189156,4590050,5829800
811,1,500,10,4530,775,3755,640000.000000000000000,1000000012,0.103647349,0.024413057,0.009515618,0.589836575,0.13470552,0.137881881,4589250,5829000
812,1,500,10,3451,2872,579,640000.000000000000000,1000000012,0.391550945,0.286765498,0.000912955,0.011572989,0.109068144,0.200129467,4590050,5829000
813,1,500,10,2168,1730,437,160000.000000000000000,1000000012,0.41083238,0,0.073074926,0.218103628,0,0.297989065,4590650,5830000
814,1,500,10,1030,1014,16,160000.000000000000000,1000000012,0.754347663,0,0.005142493,0.004791549,0.01479514,0.220923154,4591050,5830000
815,1,500,10,1775,1637,137,160000.000000000000000,1000000012,0.543844858,0.137808043,0.03608398,0.018159574,0.021645196,0.24245835,4590650,5829600
816,1,500,10,828,828,0,160000.000000000000000,1000000012,0.709603579,0,0,0,0.037809251,0.25258717,4591050,5829600
817,1,500,10,2024,1727,297,160000.000000000000000,1000000012,0.321217713,0.114266975,0.063509572,0.102692979,0.091455247,0.306857515,4590650,5829200
818,1,500,10,1355,1197,157,160000.000000000000000,1000000012,0.222508303,0.031968036,0,0.092242714,0.416994594,0.236286353,4591050,5829200
819,1,500,10,1301,1216,85,160000.000000000000000,1000000012,0.709462083,0.063491532,0.036572351,0.006534926,0,0.183939108,4590650,5828800
820,1,500,10,1379,1290,89,160000.000000000000000,1000000012,0.550387916,0.008203653,0,0.054100228,0.252667463,0.13464074,4591050,5828800
821,1,500,10,5434,4208,1225,11658961.612657422199845,1000000005,0.007912712,0.017812198,0.000116779,0.002796192,0.015247268,0.95611485,4579756.039,5828394.051
822,1,500,10,3922,3366,556,1134690.136507958173752,1000000005,0.12193014,0.016673364,0.010218493,0.00863723,0.064619332,0.777921441,4582367.556,5827376.366
823,1,500,10,5097,3579,1518,2569012.448895853012800,1000000005,0.02761094,0,0.000262915,5.53077E-05,0.078310726,0.893760112,4579468.617,5826518.571
824,1,500,10,2729,2727,1,160000.000000000000000,1000000005,0.000117031,0.005376478,0,0,0.026039829,0.968466663,4579450,5825600
825,1,500,10,1983,1983,0,160000.000000000000000,1000000005,0.001884835,0,0,0,0,0.998115165,4579850,5825600
826,1,500,10,2201,2030,170,640000.000000000000000,1000000005,0.461715435,0.006800297,0.007015862,3.20805E-05,0,0.524436325,4580450,5825800
827,1,500,10,3507,2664,843,640000.000000000000000,1000000005,0.134568492,0.305114796,0.018944767,0.002144739,0.087655687,0.451571519,4581250,5826600
828,1,500,10,2197,2168,28,160000.000000000000000,1000000005,0.455627621,0.093644079,0,0,0.262764979,0.187963321,4581850,5826800
829,1,500,10,2125,2076,48,160000.000000000000000,1000000005,0.281697917,0.107063678,0,0.018947957,0.400610734,0.191679714,4582250,5826800
830,1,500,10,2273,2273,0,160000.000000000000000,1000000005,0.609469838,0,0,0,0.273132821,0.117397341,4581850,5826400
831,1,500,10,3071,3036,34,160000.000000000000000,1000000005,0.756604867,0.037374356,0.003055236,0,0.048911451,0.154054089,4582250,5826400
832,1,500,10,3584,3014,570,640000.000000000000000,1000000005,0.517489666,0.047350128,0.019983607,0.005650962,0.127939843,0.281585794,4581250,5825800
833,1,500,10,2865,2690,174,160000.000000000000000,1000000005,0.729682376,0,0.026147205,0.017292071,0,0.226878348,4581850,5826000
834,1,500,10,1044,794,249,160000.000000000000000,1000000005,0.596295693,0,0.024339199,0.117156766,0.002181222,0.260027121,4582250,5826000
835,1,500,10,102,0,102,160000.000000000000000,1000000005,0.635186136,0,0.01171462,0.032165605,0.018006061,0.302927578,4581850,5825600
836,1,500,10,2070,1680,390,160000.000000000000000,1000000005,0.440520717,0.018571738,0,0.437990356,0.022230217,0.080686972,4582250,5825600
837,1,500,10,4283,3909,373,1915537.103398913284764,1000000012,0.311823059,0.032541102,0.006936289,0.004487904,0.012545019,0.631666626,4583425.835,5827892.303
838,1,500,10,5378,3648,1729,890124.656578368390910,1000000005,0.009529697,0.026911235,0.005800232,0.202724888,0.01541636,0.739617587,4582861.509,5826483.156
839,1,500,10,1356,1138,217,160000.000000000000000,1000000005,0.361526569,0.018788115,0.032719851,0.020216235,0.249235882,0.317513349,4582650,5825600
840,1,500,10,5376,4206,1169,1114979.713966554962099,1000000005,0.056459345,0.000245336,0.011037936,0.02371789,0.0431244,0.865415093,4583448.775,5825595.24
841,1,500,10,4907,4711,196,640000.000000000000000,1000000005,0.54962013,0.046793955,0.002994782,0.018910966,0.098010169,0.283669998,4579650,5825000
842,1,500,10,2723,2672,50,160000.000000000000000,1000000005,0.069426754,0.062520483,0.001337511,0.026268354,0.007429404,0.833017494,4580250,5825200
843,1,500,10,3189,3001,187,160000.000000000000000,1000000005,0.099700039,0.212133888,0.020787072,0,0.214671847,0.452707154,4580650,5825200
844,1,500,10,4154,3906,248,160000.000000000000000,1000000005,0.782847776,0.022593978,0.0358561,0.025715594,0,0.132986551,4580250,5824800
845,1,500,10,2698,2653,44,160000.000000000000000,1000000005,0.543126959,0.114916155,0,0.011446968,0.134045105,0.196464813,4580650,5824800
846,1,500,10,2889,2706,182,640000.000000000000000,1000000005,0.43597131,0.05568473,0.00137539,0.023091629,0.344584344,0.139292597,4579650,5824200
847,1,500,10,2664,2545,118,160000.000000000000000,1000000005,0.744580254,0.032193487,0.015573939,0.012792832,0,0.194859488,4580250,5824400
848,1,500,10,2425,2383,42,160000.000000000000000,1000000005,0.743080118,0,0.005534897,0.013123564,0.02402732,0.214234101,4580650,5824400
849,1,500,10,2698,2698,0,160000.000000000000000,1000000005,0.610734205,0,0,0.000695405,0.191120196,0.197450194,4580250,5824000
850,1,500,10,3591,3554,37,160000.000000000000000,1000000005,0.557761035,0.037082118,0,0.028131089,0.228552517,0.148473242,4580650,5824000
851,1,500,10,1266,1118,148,160000.000000000000000,1000000005,0.03983909,0.490803407,0,0,0.295649492,0.173708011,4581050,5825200
852,1,500,10,4130,3882,247,160000.000000000000000,1000000005,0.245457203,0.136387692,0.009869797,0.168787465,0.17885296,0.260644884,4581450,5825200
853,1,500,10,2022,1970,52,160000.000000000000000,1000000005,0.25726733,0.173220277,0,0,0.277430983,0.292081411,4581050,5824800
854,1,500,10,3413,2996,416,160000.000000000000000,1000000005,0.546798578,0.06916358,0.052067252,0.067773487,0,0.264197102,4581450,5824800
855,1,500,10,2452,1795,656,160000.000000000000000,1000000005,0.005242566,0.078372013,0.010531432,0.636397284,0.120247462,0.149209243,4581850,5825200
856,1,500,10,2128,2063,64,160000.000000000000000,1000000005,0.413679891,0.061480649,2.07181E-05,0.051973877,0.262422868,0.210421997,4582250,5825200
857,1,500,10,4693,4014,678,160000.000000000000000,1000000005,0.120351144,0.242198178,0.025661959,0.508101236,0,0.103687484,4581850,5824800
858,1,500,10,1640,1557,82,40000.000000000000000,1000000005,0.260762141,0.107005543,0,0.333840569,0.036684401,0.261707346,4582150,5824900
859,1,500,10,1428,1344,83,40000.000000000000000,1000000005,0.367074842,0,0,0.376421224,0.080360563,0.176143371,4582350,5824900
860,1,500,10,704,664,39,40000.000000000000000,1000000005,0.352982431,0.286960412,0,0.086034913,0.03867288,0.235349364,4582150,5824700
861,1,500,10,1387,1325,61,40000.000000000000000,1000000005,0.468006486,0,0,0.279125308,0.079689397,0.173178808,4582350,5824700
862,1,500,10,1013,854,158,160000.000000000000000,1000000005,0.283804665,0.058473935,0,0.160066535,0.180561644,0.31709322,4581050,5824400
863,1,500,10,914,733,180,160000.000000000000000,1000000005,0.553943284,0.100639365,0.021633387,0.026668364,0.040223782,0.256891819,4581450,5824400
864,1,500,10,2183,2044,139,160000.000000000000000,1000000005,0.141498778,0.099267513,0,0.122914642,0.459834419,0.176484648,4581050,5824000
865,1,500,10,1306,797,509,160000.000000000000000,1000000005,0.225779569,0.248928506,0.048306553,0.147162351,0.034876468,0.294946553,4581450,5824000
866,1,500,10,3730,3498,231,160000.000000000000000,1000000005,0.422230811,0.084073102,0.033727323,0.005593203,0.21810109,0.23627447,4581850,5824400
867,1,500,10,1813,1252,560,160000.000000000000000,1000000005,0.249769772,0.10336913,0.088456718,0,0.052074003,0.506330377,4582250,5824400
868,1,500,10,1201,1042,158,160000.000000000000000,1000000005,0.460291113,0.051022421,0.02208152,0.00585339,0.146006615,0.314744941,4581850,5824000
869,1,500,10,709,610,98,160000.000000000000000,1000000005,0.069768208,0.162753831,0.007806957,0,0.184297146,0.575373857,4582250,5824000
870,1,500,10,1962,264,1697,640000.000000000000000,1000000005,0.284389237,0,0.001890254,0.465546657,0.063226076,0.184947777,4579650,5823400
871,1,500,10,3262,1979,1283,640000.000000000000000,1000000005,0.371050588,0.018920051,0.025069923,0.183064372,0.141175168,0.260719899,4580450,5823400
872,1,500,10,819,411,407,160000.000000000000000,1000000005,0,0,0,0.46369709,0.414930495,0.121372415,4579450,5822800
873,1,500,10,1617,1053,563,160000.000000000000000,1000000005,0.017591305,0.097498912,0,0.606986265,0.159902392,0.118021126,4579850,5822800
874,1,500,10,2117,1563,553,160000.000000000000000,1000000005,0.407501375,0,0.081301369,0.062596801,0.358685485,0.08991497,4579450,5822400
875,1,500,10,954,920,34,160000.000000000000000,1000000005,0.827015806,0,0.005584171,0,0.011915484,0.155484539,4579850,5822400
876,1,500,10,2548,1900,647,160000.000000000000000,1000000005,0.050282579,0,0.006777711,0.686551998,0.086151856,0.170235856,4580250,5822800
877,1,500,10,785,213,572,160000.000000000000000,1000000005,0.190078798,0.040548407,0.011292873,0.558681726,0.082785487,0.11661271,4580650,5822800
878,1,500,10,1269,1087,182,160000.000000000000000,1000000005,0.509366977,0.012789978,0.001416997,0.190339434,0.178888636,0.107197978,4580250,5822400
879,1,500,10,829,477,351,160000.000000000000000,1000000005,0.076148392,0.052008118,0.008285509,0.325169951,0.471647219,0.06674081,4580650,5822400
880,1,500,10,1531,1474,56,160000.000000000000000,1000000005,0.503233566,0.184956868,0,0,0.216096964,0.095712602,4581050,5823600
881,1,500,10,621,451,170,160000.000000000000000,1000000005,0.181083581,0.385830089,0.003492837,0.039644498,0.059105889,0.330843106,4581450,5823600
882,1,500,10,2237,2044,193,160000.000000000000000,1000000005,0.379192898,0.016766117,0,0.213946474,3.70741E-05,0.390057438,4581050,5823200
883,1,500,10,2922,2814,107,160000.000000000000000,1000000005,0.00717802,0.164197261,0.003452949,0.044639956,0.283756863,0.496774951,4581450,5823200
884,1,500,10,2512,1383,1129,160000.000000000000000,1000000005,0.07483615,0.075053196,0.173591692,0.057728529,0.11348743,0.505303003,4581850,5823600
885,1,500,10,773,551,222,160000.000000000000000,1000000005,0.038752918,0.167464398,0.013737395,0.105333639,0.204750159,0.469961491,4582250,5823600
886,1,500,10,2106,1353,752,160000.000000000000000,1000000005,0.1491437,0.035403156,0.105740215,0.124137511,0.170276576,0.415298843,4581850,5823200
887,1,500,10,1361,931,429,160000.000000000000000,1000000005,0.032194072,0,0,0.489399542,0.09783541,0.380570975,4582250,5823200
888,1,500,10,1817,1604,212,160000.000000000000000,1000000005,0.552817343,0.030704123,0.004398263,0.199560224,0,0.212520047,4581050,5822800
889,1,500,10,2498,2099,399,160000.000000000000000,1000000005,0.22219688,0.015114194,0.034757325,0.202120314,0.076318033,0.449493253,4581450,5822800
890,1,500,10,1136,597,538,160000.000000000000000,1000000005,0.384969166,0.087102893,0.054279007,0.210269779,0.081468506,0.181910648,4581050,5822400
891,1,500,10,1238,1130,108,40000.000000000000000,1000000005,0.259225546,0.042426329,0.049982011,0.13262152,0.215214275,0.300530319,4581350,5822500
892,1,500,10,747,747,0,40000.000000000000000,1000000005,0.094967075,0,0,0,0.338241362,0.566791563,4581550,5822500
893,1,500,10,1785,1563,222,40000.000000000000000,1000000005,0.326513511,0.016885249,0.146911476,0.001505336,0.185478132,0.322706296,4581350,5822300
894,1,500,10,1267,1184,82,40000.000000000000000,1000000005,0.180566315,0,0.041034225,0.067522265,0.380964319,0.329912876,4581550,5822300
895,1,500,10,484,38,446,160000.000000000000000,1000000005,0.328935092,0.065651113,0.060802903,0.050383927,0.087781735,0.406445229,4581850,5822800
896,1,500,10,1754,1386,368,160000.000000000000000,1000000005,0.068940802,0.021080156,0.001211837,0.396060936,0.194656667,0.318049603,4582250,5822800
897,1,500,10,2538,2171,366,160000.000000000000000,1000000005,0,0.044671424,0.017656635,0.266919501,0.507820444,0.162931996,4581850,5822400
898,1,500,10,405,134,271,160000.000000000000000,1000000005,0.240331803,0.09207621,0.018038979,0.144903343,0.218364672,0.286284994,4582250,5822400
899,1,500,10,2276,195,2081,640000.000000000000000,1000000005,0.083565569,0,0.068317508,0.116051389,0.115934675,0.616130859,4582850,5825000
900,1,500,10,3864,3371,493,160000.000000000000000,1000000005,0.235574054,0,0.026462279,0.366362182,0.16932562,0.202275865,4583450,5824800
901,1,500,10,1981,1908,73,160000.000000000000000,1000000005,0.135973644,0,0,0.08289877,0.591331517,0.189796069,4583850,5824800
902,1,500,10,1067,7,1059,640000.000000000000000,1000000005,0.025587307,0.012474545,0.013469484,0.202379484,0.119672327,0.626416853,4582850,5824200
903,1,500,10,2703,1427,1276,640000.000000000000000,1000000005,0.404905383,0.100195662,0.02979253,0.116296326,0.159964126,0.188845972,4583650,5824200
904,1,500,10,4705,3063,1641,367321.353804905025754,1000000005,4.2898E-07,0,0,0.811526359,0.04220604,0.146267172,4584238.496,5825063.739
905,1,500,10,2746,2591,154,160000.000000000000000,1000000005,0.472912045,0.009627518,0,0.174992072,0.06863687,0.273831495,4584250,5824400
906,1,500,10,4951,3861,1089,402081.572635527583770,1000000005,0.254255274,0,0,0.094721799,0.031670632,0.619352295,4584639.557,5824706.713
907,1,500,10,5403,2992,2411,1291718.668590434594080,1000000005,0.188049952,0.016999802,0.009072195,0.16963609,0.006390392,0.609851569,4585108.029,5824285.372
908,1,500,10,2171,19,2152,640000.000000000000000,1000000005,0,0.024433242,0,0.602493363,0.070553556,0.302519839,4582850,5823400
909,1,500,10,964,378,586,160000.000000000000000,1000000005,0,0,0,0.661929631,0.008656962,0.329413407,4582650,5822800
910,1,500,10,2465,1718,746,160000.000000000000000,1000000005,0,0,0,0.844087843,0,0.155912157,4583050,5822800
911,1,500,10,1057,424,632,160000.000000000000000,1000000005,0.062732526,0,0,0.718527135,0.019370777,0.199369561,4582650,5822400
912,1,500,10,1173,964,209,160000.000000000000000,1000000005,0.249053415,0.20462403,0,0.169407212,0.010173751,0.366741592,4583050,5822400
913,1,500,10,2625,0,2625,640000.000000000000000,1000000005,0.057394856,0.064843619,0.003004822,0.701563359,0.013439585,0.159753759,4584450,5823400
914,1,500,10,4928,671,4256,1199208.628983967239037,1000000005,0,0,0,0.645109598,0.069790669,0.285099733,4585248.743,5823050.434
915,1,500,10,2034,1295,739,160000.000000000000000,1000000012,0.002976775,0.002365467,0.003538393,0.473807749,0.178064116,0.3392475,4586650,5828400
916,1,500,10,4356,2973,1383,160000.000000000000000,1000000012,0.035843231,0,0.042881287,0.854182941,0,0.067092541,4587050,5828400
917,1,500,10,1337,1169,168,160000.000000000000000,1000000012,0.474091417,0.032812109,0.017971329,0.083383454,0.168125389,0.223616303,4586650,5828000
918,1,500,10,2018,1502,516,160000.000000000000000,1000000012,0.421509993,0.147412288,0.00293038,0.289588327,0,0.138559013,4587050,5828000
919,1,500,10,1513,228,1285,640000.000000000000000,1000000012,0.249690894,0.014802521,0.026482261,0.178846299,0.000295991,0.529882034,4586050,5827400
920,1,500,10,1127,938,189,640000.000000000000000,1000000012,0.57664811,0.03550159,0.015590767,0.006939507,0.041303872,0.324016153,4586850,5827400
921,1,500,10,2612,2018,594,160000.000000000000000,1000000012,0.299295833,0.037094233,0.048616133,0.329902877,0.016662099,0.268428824,4587450,5828400
922,1,500,10,2856,2049,807,160000.000000000000000,1000000012,0.093147897,0,0.054853263,0.473483255,0.01446977,0.364045815,4587850,5828400
923,1,500,10,963,913,50,160000.000000000000000,1000000012,0.741041379,0.115063305,0,0,0,0.143895317,4587450,5828000
924,1,500,10,1061,422,638,160000.000000000000000,1000000012,0.259099,0,0,0.411632758,0,0.329268242,4587850,5828000
925,1,500,10,439,23,415,160000.000000000000000,1000000012,0.343276254,0.145941128,8.92205E-06,0.228511411,0,0.282262286,4588250,5828400
926,1,500,10,1036,15,1021,160000.000000000000000,1000000012,0.195276494,0,0,0.655946047,0,0.148777459,4588650,5828400
927,1,500,10,2502,1685,817,160000.000000000000000,1000000012,0,0,0,0.523831283,0.033884815,0.442283902,4588250,5828000
928,1,500,10,1748,827,920,160000.000000000000000,1000000012,0.096740171,0,0.00728332,0.58772279,0.080087955,0.228165765,4588650,5828000
929,1,500,10,837,266,571,640000.000000000000000,1000000012,0.262713624,0.238185709,0,0.024495319,0.021593845,0.453011502,4587650,5827400
930,1,500,10,2508,1013,1495,640000.000000000000000,1000000012,0.211014587,0.003519793,0.009093703,0.232265542,0.244872498,0.299233877,4588450,5827400
931,1,500,10,5248,1729,3519,8853595.288526538759470,1000000012,0,0,0.019767199,0,0,0.980232801,4585188.119,5827033.655
932,1,500,10,4208,0,4208,640000.000000000000000,1000000012,0,0,0.791782464,0,0,0.208217536,4586050,5825800
933,1,500,10,1174,0,1174,160000.000000000000000,1000000012,0,0,0.883565259,0,0,0.116434741,4586650,5826000
934,1,500,10,1326,0,1326,160000.000000000000000,1000000012,0,0,0.997949954,0,0,0.002050046,4587050,5826000
935,1,500,10,1379,50,1329,160000.000000000000000,1000000012,0,0,1.000000000000000,0,0,0,4586650,5825600
936,1,500,10,1329,0,1329,160000.000000000000000,1000000012,0,0,1.000000000000000,0,0,0,4587050,5825600
937,1,500,10,1949,0,1949,640000.000000000000000,1000000012,0.079139084,0,0.164827264,0.172089219,0.005873345,0.578071088,4587650,5826600
938,1,500,10,2827,0,2827,640000.000000000000000,1000000012,0.162399471,0,0.531122066,0.00022015,0.069069982,0.237188332,4588450,5826600
939,1,500,10,4812,0,4812,640000.000000000000000,1000000012,0,0,0.905434619,0,0,0.094565381,4587650,5825800
940,1,500,10,3269,625,2643,624994.389455651631579,1000000012,0.20468264,0.002596862,0.506992919,0,0.011264798,0.274462782,4588441.419,5825807.723
941,1,500,10,2030,614,1415,160000.000000000000000,1000000012,0,7.4921E-05,0.015572628,0.897343908,0,0.087008543,4589050,5828400
942,1,500,10,1835,1071,763,160000.000000000000000,1000000012,0.301881976,0.126010415,0.003915458,0.454267184,0,0.113924967,4589450,5828400
943,1,500,10,3306,2398,908,160000.000000000000000,1000000012,0.028367071,0,0.038017076,0.55364425,0.144053577,0.235918024,4589050,5828000
944,1,500,10,2447,2295,151,160000.000000000000000,1000000012,0.514074644,0.029597103,0.019227447,0.071950023,0.059535695,0.305615089,4589450,5828000
945,1,500,10,1549,1257,292,160000.000000000000000,1000000012,0.277920201,0.66602796,0,0,0,0.056051839,4589850,5828400
946,1,500,10,788,363,425,160000.000000000000000,1000000012,0.026289146,0.961866799,0,0.001128644,6.69176E-05,0.010648494,4590250,5828400
947,1,500,10,3244,2538,705,160000.000000000000000,1000000012,0.204808726,0.2659286,0,0.377609717,0,0.151652956,4589850,5828000
948,1,500,10,989,536,452,160000.000000000000000,1000000012,0.22996966,0.316674779,0.011441894,0.192923681,0.054503631,0.194486356,4590250,5828000
949,1,500,10,4339,4189,149,160000.000000000000000,1000000012,0.35920983,0.124568502,0.009993338,0.053024661,0.3138451,0.139358569,4589050,5827600
950,1,500,10,2835,2794,40,160000.000000000000000,1000000012,0.749660734,0.040305329,0.015273454,0,0.045582406,0.149178077,4589450,5827600
951,1,500,10,5382,2004,3378,1037691.164717533160001,1000000012,0.150185748,0.010165697,0.005509142,0.001876863,0.004216181,0.828046369,4589200.986,5826562.703
952,1,500,10,2757,2722,34,160000.000000000000000,1000000012,0.640175737,0.079159853,0,0,0.050354213,0.230310197,4589450,5827200
953,1,500,10,4068,3734,333,160000.000000000000000,1000000012,0.468984538,0.085078838,0.001482871,0.188822365,0.086391216,0.169240171,4589850,5827600
954,1,500,10,1474,741,732,160000.000000000000000,1000000012,0.325129559,0.015627428,0.000619888,0.46599021,0.001013724,0.191619191,4590250,5827600
955,1,500,10,3279,3029,249,160000.000000000000000,1000000012,0.451272659,0.109470891,0,0.130985706,0.183934929,0.124335816,4589850,5827200
956,1,500,10,1941,1149,791,160000.000000000000000,1000000012,0.194151867,0.09904022,0.010456796,0.472293502,0,0.224057616,4590250,5827200
957,1,500,10,1324,1228,95,160000.000000000000000,1000000012,0.641693037,0.130053197,0,0.02524246,0.011462808,0.191548498,4590650,5828400
958,1,500,10,4255,1421,2834,802489.590976158156991,1000000012,0.127629365,0,0,0.056944009,0.101368999,0.714057628,4591450.866,5828716.938
959,1,500,10,2804,2777,26,160000.000000000000000,1000000012,0.243104608,0.002076502,0.003555824,0.01355732,0.551861108,0.185844639,4590650,5828000
960,1,500,10,2446,2185,260,160000.000000000000000,1000000012,0.006832985,0,0,0.161599668,0.649361658,0.182205688,4591050,5828000
961,1,500,10,3826,796,3030,364072.000753633619752,1000000012,0,0,0,0.527900216,0,0.472099784,4592062.039,5828435.975
962,1,500,10,2089,1739,350,160000.000000000000000,1000000012,0.020866507,0.046453465,0.004732565,0.208633876,0.382245181,0.337068406,4591450,5828000
963,1,500,10,2595,1998,597,160000.000000000000000,1000000012,0.245720033,0.02830609,0,0.375970676,0.07305275,0.276950451,4591850,5828000
964,1,500,10,2812,2742,69,640000.000000000000000,1000000012,0.469510703,0.033197926,0,0.0015513,0.047475943,0.448264128,4590850,5827400
965,1,500,10,2545,2470,74,160000.000000000000000,1000000012,0.501444768,0.172838375,0,0.000551885,0.043196341,0.281968631,4591450,5827600
966,1,500,10,2355,2236,118,160000.000000000000000,1000000012,0.384136886,0.138093719,0.032023475,0.011472218,0.138870731,0.295402971,4591850,5827600
967,1,500,10,2075,1943,132,160000.000000000000000,1000000012,0.565370742,0.242000972,0.020018812,0,0,0.172609474,4591450,5827200
968,1,500,10,2430,2384,45,160000.000000000000000,1000000012,0.460631476,0.034308214,0.023398571,0,0.229522737,0.252139002,4591850,5827200
969,1,500,10,4909,2908,2001,803830.709931544493884,1000000012,0.008876061,0,0,0.012627191,0.017858882,0.960637867,4590149.921,5826633.306
970,1,500,10,1694,1684,10,160000.000000000000000,1000000012,0.383991796,0.024413138,0,0,0.152162889,0.439432177,4591050,5826800
971,1,500,10,1224,1204,19,105383.639896714012139,1000000001,0.399026254,0.014017227,0,0.011611457,0.407977641,0.167367421,4591033.98,5826334.265
972,1,500,10,1689,1636,53,67215.083335964882281,1000000012,0.048224249,0,0,0.076262094,0.119156126,0.756357531,4590587.789,5826490.663
973,1,500,10,4669,4029,640,601752.559782009921037,1000000012,0.12451008,0.003389319,0,0,0.000680867,0.871419733,4591606.326,5826645.4
974,1,500,10,4814,4610,204,412784.916664035001304,1000000001,0.441057354,0.02770677,0.007559296,0.001017442,0.027688194,0.494970945,4590815.175,5826075.148
975,1,500,10,5342,624,4717,2591646.949399346485734,1000000001,0.039685852,0.010377916,0,0,0.18878424,0.761151992,4589701.212,5825353.46
976,1,500,10,5444,5143,301,412863.800321275892202,1000000001,0.229420731,0.085378311,0.011501774,0.000221184,0.335960595,0.337517405,4591638.373,5826059.107
977,1,500,10,2295,2093,201,160000.000000000000000,1000000001,0.273285932,0.25867891,0.01424535,0,0.184343618,0.269446189,4591450,5825600
978,1,500,10,1989,1973,15,160000.000000000000000,1000000001,0.022131468,0.029526321,0,0,0.832714266,0.115627945,4591850,5825600
979,1,500,10,5431,5326,104,674016.575410324265249,1000000004,0.043704197,0.028402379,0,0,0.546622018,0.381271407,4586765.932,5824297.726
980,1,500,10,696,696,0,160000.000000000000000,1000000004,0,0,0,0,0.759860292,0.240139708,4587050,5824400
981,1,500,10,4717,4598,119,624097.442638181149960,1000000005,0.039184857,0,0,0,0.255240877,0.705574266,4586042.333,5824183.649
982,1,500,10,3611,3008,602,487020.681776896293741,1000000012,0.211487164,0.012795548,0.139102873,0.005077384,0.581780085,0.049756945,4586050.273,5825095.606
983,1,500,10,5087,4293,794,1322587.970007696654648,1000000004,0.022735927,0,0.00126873,0.01352441,0.226704026,0.735766908,4588031.545,5824379.717
984,1,500,10,2884,2869,14,160000.000000000000000,1000000004,0.238957892,0.025272108,0,0,0.630083517,0.105686483,4588250,5824000
985,1,500,10,1962,1962,0,160000.000000000000000,1000000004,0.051825079,0,0,5.97891E-05,0.919023106,0.029092026,4588650,5824000
986,1,500,10,5393,386,5007,1314292.862560495734215,1000000012,0.005455745,0,0.408995102,0.007386199,0.251651744,0.32651121,4587508.698,5825095.758
987,1,500,10,1887,5,1881,452151.539460953907110,1000000005,0.03164097,0,0.014988355,0.667069569,0.021317606,0.2649835,4586703.41,5822981.632
988,1,500,10,4836,2277,2558,1058786.455418317578733,1000000005,0.149715361,0.033287718,0.002591406,0.407562779,0.046230618,0.360612118,4586041.611,5823136.169
989,1,500,10,5373,4891,482,1524604.083847181405872,1000000004,0.001908493,0,0,0.005633291,0.249324011,0.743134205,4585066.137,5821892.439
990,1,500,10,3658,2990,668,1076586.198517272016034,1000000004,0.335905631,0.063370087,0.005670112,0.004685173,0.060318676,0.530050322,4587358.846,5823436.596
991,1,500,10,4693,2371,2322,1234671.083726667566225,1000000004,0.204642928,0.028381811,0.003491695,0.048315557,0.336767189,0.378400821,4588894.162,5823465.451
992,1,500,10,2895,1299,1596,160000.000000000000000,1000000004,0.020993571,0.014935806,0.038396377,0.546842188,0.040636648,0.338195409,4588250,5822800
993,1,500,10,2964,1921,1043,160000.000000000000000,1000000004,0.229961623,0,0.023531868,0.362363876,0.114458074,0.26968456,4588650,5822800
994,1,500,10,1656,1537,119,160000.000000000000000,1000000004,0.397540021,0.118350165,0.012605626,0.00068156,0.041755331,0.429067298,4588250,5822400
995,1,500,10,3141,2472,669,160000.000000000000000,1000000004,0.26376338,0.043053624,0,0.246724469,0.150230282,0.296228245,4588650,5822400
996,1,500,10,5346,351,4994,864126.128439255524427,1000000004,0,0.124707655,0.038531569,0.265892626,0.393219352,0.177648798,4589404.558,5824162.54
997,1,500,10,3534,3048,486,160000.000000000000000,1000000001,0.408730617,0.024580488,0.016894307,0.101340416,0.080517631,0.367936541,4591450,5825200
998,1,500,10,3526,3265,260,160000.000000000000000,1000000001,0.11866479,0.025539434,0,0.062547173,0.016595299,0.776653303,4591850,5825200
999,1,500,10,4935,3088,1847,2015873.871560744475573,1000000001,0.075800314,0.01492565,0.000762669,0.000130659,0.003964675,0.904416033,4590771.148,5824628.782
1000,1,500,10,1953,1241,712,160000.000000000000000,1000000001,0.411971052,0.046616134,0.036808954,0.127948601,0.019617603,0.357037657,4591850,5824800
1001,1,500,10,4128,3086,1042,640000.000000000000000,1000000001,0.256701945,0.387654718,0,0.015951577,0.061967542,0.277724218,4591650,5824200
1002,1,500,10,3706,8,3698,201137.818845144560328,1000000001,0.000405684,0,0.026047025,0.73161726,0,0.241930031,4589856.7,5823252.269
1003,1,500,10,4646,2573,2073,160000.000000000000000,1000000001,0.077498897,0,0.043852006,0.480762809,0.000590408,0.39729588,4590250,5823200
1004,1,500,10,4559,1046,3513,208546.643891576415626,1000000001,0,0,0,0.63266812,0,0.36733188,4589397.107,5823190.764
1005,1,500,10,3396,1558,1837,254840.144699769647559,1000000001,0.062544398,0.062724494,0.010485064,0.237316752,8.33078E-05,0.626845984,4589496.952,5822205.878
1006,1,500,10,5266,2829,2436,373400.534422701399308,1000000004,0.028116691,0,0.00054118,0.418503851,0.353670574,0.199167705,4589092.823,5822603.875
1007,1,500,10,5390,896,4494,282243.021033057419118,1000000001,0.014330632,0.003315146,0.014021625,0.52332944,0.012776226,0.432226932,4589688.132,5822793.46
1008,1,500,10,2856,2601,254,160000.000000000000000,1000000001,0.650088745,0.069292817,0.031470934,0.011040772,0.025314373,0.212792359,4590250,5822800
1009,1,500,10,2027,1558,469,160000.000000000000000,1000000001,0.568503993,0.022184151,0.022415726,0.091619608,0.00429017,0.290986352,4590250,5822400
1010,1,500,10,4859,1342,3517,282066.640635951713193,1000000001,0,0,0,0.485825585,0.009905806,0.504268608,4590492.334,5823590.323
1011,1,500,10,4263,1393,2869,160000.000000000000000,1000000001,0,0.010919074,0,0.744819071,8.21856E-05,0.244179669,4591050,5823600
1012,1,500,10,4637,2843,1794,160000.000000000000000,1000000001,0.052094,0.015729564,0.002225146,0.461245973,0.064601285,0.404104032,4590650,5823200
1013,1,500,10,4239,3197,1042,160000.000000000000000,1000000001,0.18196901,0.05948578,0.009624207,0.248667757,0.055518807,0.44473444,4591050,5823200
1014,1,500,10,2985,1668,1317,160000.000000000000000,1000000001,0.022648219,0.095229734,0,0.329380573,0.007033609,0.545707865,4591450,5823600
1015,1,500,10,1411,1060,351,40000.000000000000000,1000000001,0.091186331,0,0.187080595,0.102976063,0.065910453,0.552846558,4591750,5823700
1016,1,500,10,1080,608,471,40000.000000000000000,1000000001,0,0.218029321,0.329093508,0,0.042162376,0.410714795,4591950,5823700
1017,1,500,10,1442,887,554,40000.000000000000000,1000000001,0,0,0.16370035,0.352040222,0,0.484259428,4591750,5823500
1018,1,500,10,1142,657,485,40000.000000000000000,1000000001,0,0.076578569,0.110116592,0.350198905,0.005243695,0.457862239,4591950,5823500
1019,1,500,10,3188,2218,969,160000.000000000000000,1000000001,0.306809052,0.071578247,0.032301137,0.195782867,0.029835359,0.363693339,4591450,5823200
1020,1,500,10,3115,2276,838,160000.000000000000000,1000000001,0.329219155,0.249135406,0.053916123,0.106308041,0.013273305,0.248147971,4591850,5823200
1021,1,500,10,3162,2946,216,160000.000000000000000,1000000001,0.605749272,0.074350098,0.014503306,0.025445125,0.073752351,0.206199847,4590650,5822800
1022,1,500,10,2073,1748,324,160000.000000000000000,1000000001,0.528898769,0.063400612,0.048815096,0.008308242,0.099785609,0.250791672,4591050,5822800
1023,1,500,10,3171,2419,751,160000.000000000000000,1000000001,0.3952908,0.168009524,0.087376578,0.052338894,0.054821645,0.242162559,4590650,5822400
1024,1,500,10,3640,3034,606,160000.000000000000000,1000000001,0.306619582,0.06521485,0.04873148,0.081269621,0.116790666,0.381373802,4591050,5822400
1025,1,500,10,1732,1175,556,160000.000000000000000,1000000001,0.34834981,0.249560711,0.017385356,0.089921161,0.007022182,0.28776078,4591450,5822800
1026,1,500,10,1951,1806,145,160000.000000000000000,1000000001,0.410551366,0.228520425,0,0.006520855,0.078909133,0.275498221,4591850,5822800
1027,1,500,10,1786,1070,715,160000.000000000000000,1000000001,0.111028338,0.348820787,0.000308062,0.140440558,0.211195058,0.188207197,4591450,5822400
1028,1,500,10,2447,2279,167,160000.000000000000000,1000000001,0.40400193,0.321313405,0,0,0.02686581,0.247818855,4591850,5822400
1029,1,500,10,5198,5198,0,262887.236085801152512,1000000003,0.050176299,0,0,0,0,0.949823701,4594098.598,5834440.44
1030,1,500,10,6418,6418,0,10000.000000000000000,1000000003,0.172780141,0,0.018067072,0,0,0.809152787,4593800,5834250
1031,1,500,10,5316,2290,3025,5448265.695261269807816,1000000003,0.011139067,0,0.003164152,0,0,0.985696781,4595261.115,5834349.092
1032,1,500,10,3290,3259,30,40000.000000000000000,1000000012,0,0,0.091413655,0,0,0.908586345,4592150,5832700
1033,1,500,10,3964,3858,105,521720.401521452411544,1000000012,0,0.002412693,0.023772209,0,0.001091988,0.97272311,4592519.276,5832931.758
1034,1,500,10,4902,3202,1699,4910441.643371178768575,1000000003,0,0,0,0,0,1.000000000000000,4593917.926,5832482.743
1035,1,500,10,5317,3882,1435,1283385.408692928496748,1000000012,0.084864111,0,0.028559395,0.032789421,0.153414746,0.700372327,4592755.403,5831974.26
1036,1,500,10,861,0,861,640000.000000000000000,1000000003,0,0,0,0.186823379,0,0.813176621,4598050,5833800
1037,1,500,10,4609,4321,287,2560000.000000000000000,1000000003,0.15484697,0.000840412,0.01011855,0.003979381,0.317559439,0.512655248,4596050,5832600
1038,1,500,10,5281,873,4408,2502564.253732296638191,1000000003,0.018428045,0,0.001125055,0.012159984,0.045333025,0.922953891,4597460.285,5833570.023
1039,1,500,10,3006,1605,1400,640000.000000000000000,1000000003,0.334502768,0.0067931,0.091249883,0.199345449,0.087428291,0.280680509,4597250,5832200
1040,1,500,10,1209,929,280,640000.000000000000000,1000000003,0.103692956,0,0.040073928,0.016086741,0.092865958,0.747280416,4598050,5832200
1041,1,500,10,2805,2794,10,160000.000000000000000,1000000012,0.120315103,0,0.007462094,0,0.114428517,0.757794285,4592250,5831600
1042,1,500,10,3736,3713,23,160000.000000000000000,1000000012,0,0.052017038,0,0,0.462140908,0.485842053,4592650,5831600
1043,1,500,10,2585,2453,131,160000.000000000000000,1000000012,0.640587395,0.067123848,0.077786534,0.000171816,0.097470628,0.116859779,4592250,5831200
1044,1,500,10,3315,2677,638,160000.000000000000000,1000000012,0.210419975,0.039291507,0.043222513,0.362952559,0.102268158,0.241845287,4592650,5831200
1045,1,500,10,1811,1737,74,40000.000000000000000,1000000012,0.176038619,0.465701988,0.066066895,0,0.135170712,0.157021786,4592150,5830900
1046,1,500,10,1327,1278,48,40000.000000000000000,1000000012,0.450357416,0.443583811,0,0,0.000304579,0.105754195,4592150,5830700
1047,1,500,10,5034,4093,940,362399.143703655339777,1000000012,0.312477996,0.016868769,0,0.006449444,0.049423771,0.61478002,4592689.012,5830784.992
1048,1,500,10,2269,2253,15,160000.000000000000000,1000000012,0.8327882,0.03450637,0.000454786,0,0.015527794,0.11672285,4592250,5830400
1049,1,500,10,4128,2624,1503,544837.481548741343431,1000000003,3.03565E-05,0,0,0.004381283,0.003373161,0.992215199,4592295.523,5829529.927
1050,1,500,10,3460,3337,123,154555.515109288244275,1000000012,0.065642018,0.184264912,0.0049592,0.025863345,0.569696683,0.149573843,4592644.029,5830405.647
1051,1,500,10,4233,3727,505,2560000.000000000000000,1000000003,0.084244335,0.000403798,0.015880454,0.009814622,0.402632661,0.48702413,4594450,5831000
1052,1,500,10,4742,4523,218,640000.000000000000000,1000000003,0.52959891,0.036388647,0.005715353,0.02825256,0.229049231,0.1709953,4593250,5829800
1053,1,500,10,4999,3689,1310,1324082.796360753476620,1000000003,0.556085855,0.025479279,0.077407212,0.039421991,0.078908982,0.222696683,4592863.363,5828974.695
1054,1,500,10,1514,1182,332,640000.000000000000000,1000000003,0.432372168,0,0.027542873,0.041435339,0.350032853,0.148616767,4594050,5829800
1055,1,500,10,4167,3861,305,640000.000000000000000,1000000003,0.627051375,0.030291721,0.014349342,0.040046969,0.061257818,0.227002774,4594850,5829800
1056,1,500,10,2028,1830,197,640000.000000000000000,1000000003,0.427172228,0.011117379,0.026895073,0.009017977,0.222298825,0.303498517,4594050,5829000
1057,1,500,10,3973,3496,476,640000.000000000000000,1000000003,0.644654248,0.066161527,0.042747797,0.032992982,0.047630125,0.165813322,4594850,5829000
1058,1,500,10,220,119,100,640000.000000000000000,1000000003,0.131281884,0.062381846,0,0.000275499,0.108221429,0.697839342,4595650,5831400
1059,1,500,10,3501,3074,426,640000.000000000000000,1000000003,0.540778836,0.049132578,0.057622084,0.010965073,0.120825555,0.220675873,4596450,5831400
1060,1,500,10,590,562,27,640000.000000000000000,1000000003,0.100345024,0,0,0.006013937,0.628519008,0.265122031,4595650,5830600
1061,1,500,10,716,630,85,640000.000000000000000,1000000003,0.707038878,0,0.002963625,0.015308429,0.092822764,0.181866304,4596450,5830600
1062,1,500,10,3133,1990,1142,640000.000000000000000,1000000003,0.404895257,0.078187892,0.104542928,0.105289326,0.08291724,0.224167357,4597250,5831400
1063,1,500,10,830,656,174,640000.000000000000000,1000000003,0.372755204,0.000787206,0.032851014,0.001889463,0.366381942,0.225335171,4598050,5831400
1064,1,500,10,2383,1712,670,640000.000000000000000,1000000003,0.581963161,0.030637514,0.055784884,0.074518567,0.035868534,0.221227339,4597250,5830600
1065,1,500,10,1351,743,607,640000.000000000000000,1000000003,0.405030012,0,0.114021622,0.006818523,0.19082437,0.283305473,4598050,5830600
1066,1,500,10,1641,1641,0,160000.000000000000000,1000000003,0.104016177,0,0,0,0.099719156,0.796264667,4595450,5830000
1067,1,500,10,1039,912,127,160000.000000000000000,1000000003,0.230605339,0,0,0.108762681,0.232696864,0.427935115,4595850,5830000
1068,1,500,10,1129,1029,99,160000.000000000000000,1000000003,0.567676524,0.042983277,0.067640341,0,0.137980771,0.183719088,4595450,5829600
1069,1,500,10,2025,1427,598,160000.000000000000000,1000000003,0.302022558,0.0706147,0.003440998,0.48876898,0.010995528,0.124157236,4595850,5829600
1070,1,500,10,2566,1179,1387,640000.000000000000000,1000000003,0.440153683,0.02559495,0.036224173,0.252499105,0.089010277,0.156517813,4596450,5829800
1071,1,500,10,3641,2935,705,640000.000000000000000,1000000003,0.553624058,0.034114766,0.029664325,0.108196313,0.087839066,0.186561473,4595650,5829000
1072,1,500,10,1517,685,831,160000.000000000000000,1000000003,0.154638689,0.022946781,0.011399892,0.696803679,0.021557634,0.092653324,4596250,5829200
1073,1,500,10,1603,1329,273,160000.000000000000000,1000000003,0.497547728,0.025355012,0.007579148,0.21558574,0.116659916,0.137272457,4596650,5829200
1074,1,500,10,889,421,468,160000.000000000000000,1000000003,0.341982411,0.087272183,0.014548565,0.358052446,0.044201063,0.153943332,4596250,5828800
1075,1,500,10,1049,1016,33,160000.000000000000000,1000000003,0.610581234,0.072428591,0,0.003718566,0.140558731,0.172712878,4596650,5828800
1076,1,500,10,2653,1618,1034,640000.000000000000000,1000000003,0.412488897,0.007889463,0.029183656,0.188834232,0.140789622,0.220814129,4597250,5829800
1077,1,500,10,1077,375,702,640000.000000000000000,1000000003,0.157301518,0.088712768,0,0.12096479,0.345817892,0.287203032,4598050,5829800
1078,1,500,10,3114,2491,622,640000.000000000000000,1000000003,0.16401106,0.004176307,0.047637647,0.081669671,0.338147424,0.36435789,4597250,5829000
1079,1,500,10,926,833,92,640000.000000000000000,1000000003,0.206036823,0,0.01405027,0.004322841,0.581158099,0.194431967,4598050,5829000
1080,1,500,10,2029,0,2029,640000.000000000000000,1000000003,0.051259648,0.020348691,0.391536183,0.002574254,0.095893231,0.438387994,4600450,5834600
1081,1,500,10,4385,3547,837,640000.000000000000000,1000000003,0.121566994,0.075679753,0.070577252,0.078555237,0.385504346,0.268116418,4601250,5834600
1082,1,500,10,4206,2738,1468,640000.000000000000000,1000000003,0.010436721,0.000225972,0.277739449,0.013629732,0.077173435,0.620794691,4600450,5833800
1083,1,500,10,5020,3399,1620,1488878.142988242674619,1000000003,0.101917427,0.244520125,0.010569036,0.012103516,0.111248071,0.519641827,4601635.378,5833630.949
1084,1,500,10,3877,3064,813,2560000.000000000000000,1000000003,0.252044512,0.003982653,0.029032048,0.010839032,0.182068793,0.522032963,4599250,5832600
1085,1,500,10,1824,1566,257,640000.000000000000000,1000000003,0.438908744,0.048641782,0.028557919,0.008021382,0.172564167,0.303306005,4600450,5833000
1086,1,500,10,5437,4966,471,1272242.006006396142766,1000000003,0.508963601,0.056430359,0.021743751,0.007052101,0.168984512,0.236825676,4601247.687,5832604.37
1087,1,500,10,1536,1149,386,640000.000000000000000,1000000003,0.529157821,0.024390202,0.037762345,0.034221891,0.102843804,0.271623937,4600450,5832200
1088,1,500,10,4576,2458,2117,1194312.432330869371071,1000000003,0.121562368,0.257286733,0.027257766,0.124924555,0.073430564,0.395538014,4602356.828,5834559.711
1089,1,500,10,68,24,44,1935477.163860405562446,12060181,0.218749749,0.002501497,0.001348687,0.003238127,0.023516583,0.750645356,4602630.958,5833155.025
1090,1,500,10,4543,3250,1292,2560000.000000000000000,1000000003,0.440969947,0.000564954,0.032189106,0.034684279,0.033937802,0.457653912,4599250,5831000
1091,1,500,10,5047,2747,2300,6798763.645217861048877,1000000003,0.186441455,0.011772801,0.033454699,0.005751259,0.122091507,0.64048828,4600226.426,5830077.535
1092,1,500,10,3706,2692,1014,10688650.342643901705742,12060005,0.051528882,0.004482287,0.011087434,0.042912995,0.006718131,0.883270273,4603881.345,5831176.018
1093,1,500,10,5294,2274,3020,4030737.250993300694972,1000000011,0,0,0,0,0,1.000000000000000,4601934.532,5829143.782
1094,1,500,10,5465,4174,1291,167138.363751139811939,1000000011,0.122018075,0,0.3181473,0.004571421,0.006487318,0.548775886,4603839.939,5829610.509
1095,1,500,10,561,507,54,160000.000000000000000,1000000011,0.024317693,0,0,0.028265007,0,0.9474173,4603450,5829200
1096,1,500,10,3590,3590,0,160000.000000000000000,1000000011,0.564654454,0,0,0,0.047200886,0.38814466,4603850,5829200
1097,1,500,10,846,48,798,160000.000000000000000,1000000011,0.022910529,0,0,0.409455546,9.11548E-05,0.56754277,4603450,5828800
1098,1,500,10,5477,4746,730,2188277.585368497297168,1000000011,0.039300721,0.000613412,0.001092957,2.70283E-05,0.040731683,0.9182342,4604843.979,5828771.315
1099,1,500,10,3381,2654,727,160000.000000000000000,1000000012,0.054519696,0.039541279,0.009308469,0.449348099,0.243430909,0.203851548,4592250,5828000
1100,1,500,10,2709,2543,166,160000.000000000000000,1000000012,0.543096611,0.017984974,0.083130831,0.030090978,0.070565255,0.255131352,4592250,5827600
1101,1,500,10,5390,3935,1455,391845.202885612612590,1000000012,0.207403151,0.058839585,0,0.012486662,0.10378699,0.617483612,4592638.641,5827894.594
1102,1,500,10,1630,1424,206,160000.000000000000000,1000000012,0.512716191,0.06441394,0.10665927,0.025578543,0.055493627,0.235138428,4592250,5827200
1103,1,500,10,2729,2435,294,160000.000000000000000,1000000012,0.406814711,0.279481263,0.064243146,0.055389104,0.02143006,0.172641717,4592650,5827200
1104,1,500,10,4881,4476,405,381715.457760956371203,1000000012,0.442012933,0.061343294,0.006434539,2.7786E-07,0.05284384,0.437365116,4593158.305,5827676.507
1105,1,500,10,2297,2209,87,160000.000000000000000,1000000012,0.621961667,0.112637267,0.004212338,0.020063406,0.026266763,0.21485856,4593050,5827200
1106,1,500,10,4249,3104,1144,439480.187602844729554,1000000012,0.208709477,0.027109816,0.019029213,0.177205102,0.004568999,0.563377392,4593732.941,5827170.129
1107,1,500,10,3983,3687,296,1178217.102248566225171,1000000003,0.187260713,0.004775032,0.002830719,0.012735462,0.363714976,0.428683098,4593703.854,5828223.479
1108,1,500,10,3119,2383,736,640000.000000000000000,1000000003,0.506755456,0.122448162,0.048079192,0.064154729,0.091175563,0.167386897,4594850,5828200
1109,1,500,10,4424,3977,446,772961.504999527125619,1000000003,0.274611444,0.060560929,0.004366229,0.013285622,0.037848861,0.609326915,4594398.295,5827556.538
1110,1,500,10,2155,1883,271,160000.000000000000000,1000000003,0.303973541,0.155637319,0.1046513,0.067764712,0.131757076,0.236216051,4595050,5827200
1111,1,500,10,2197,1963,234,160000.000000000000000,1000000012,0.177004859,0.125723939,0.020303304,0.09891648,0.35240128,0.225650138,4592250,5826800
1112,1,500,10,2049,1681,368,160000.000000000000000,1000000012,0.421237726,0.014591356,0.114575534,0.134936543,0.01519355,0.299465291,4592650,5826800
1113,1,500,10,4572,3969,603,341522.572205604810733,1000000001,0.149611388,0,0,0,0,0.850388612,4592242.49,5825829.501
1114,1,500,10,1033,610,422,102634.933598509029252,1000000001,0.024700692,0,0,0,0,0.975299308,4592596.016,5825968.002
1115,1,500,10,5448,4735,713,299363.367275450320449,1000000012,0.228686736,0.018100585,0.138458759,0.128125353,0.149439103,0.337189465,4592472.697,5826408.808
1116,1,500,10,5010,4795,214,303552.599622249312233,1000000012,0.586614142,0.014528986,0.004101423,0.065706183,0.118962874,0.210086391,4593230.58,5826805.764
1117,1,500,10,4711,4058,652,372264.451061028579716,1000000012,0.376345191,0.127454393,0.026383132,0.028175461,0.025876066,0.415765757,4593101.718,5826316.982
1118,1,500,10,4977,4423,553,160000.000000000000000,1000000001,0.019457796,0.480097584,0.051882081,0.007298044,0.150290369,0.290974126,4592650,5825600
1119,1,500,10,4603,4068,534,160000.000000000000000,1000000001,0.166744783,0.396765646,0.059685895,0,0.092857629,0.283946047,4593050,5825600
1120,1,500,10,2235,1822,413,160000.000000000000000,1000000001,0.440168709,0.131082023,0.033221983,0.039227444,0.028767138,0.327532704,4593450,5825600
1121,1,500,10,1637,921,716,120497.223155916231917,1000000001,0.215214317,0.172535638,0.030618824,0.173457564,0.204698044,0.203475613,4593075.885,5825959.247
1122,1,500,10,4975,4014,961,153912.105404385103611,1000000001,0.42664661,0.135584502,0.018111306,0.215380721,0.034884556,0.169392305,4593453.463,5825992.588
1123,1,500,10,4530,3525,1005,160000.000000000000000,1000000001,0.144885876,0.01951863,0.055770417,0.179132687,0.446061363,0.154631027,4593850,5826400
1124,1,500,10,4821,4685,136,268103.079636693059001,1000000001,0.303552938,0.005511073,0,0.019288971,0.069374896,0.602272122,4594387.97,5826389.449
1125,1,500,10,5384,3124,2259,314242.782345595362131,1000000001,0.199098816,0.045861142,0.017192259,0.159923386,0.271158979,0.306765418,4593970.887,5826689.527
1126,1,500,10,1294,1122,172,160000.000000000000000,1000000003,0.557062265,0.120978484,0.0781147,0.017581342,0.011401076,0.214862133,4595050,5826800
1127,1,500,10,5483,5122,360,551532.633082674350590,1000000003,0.272717713,0.041353824,0.027985669,0.031808299,0.119946191,0.506188303,4594764.817,5826776.774
1128,1,500,10,2219,1839,380,160000.000000000000000,1000000001,0.39337919,0.189906126,0.030342651,0.029583034,0.189924636,0.166864362,4593850,5826000
1129,1,500,10,3149,2730,418,160000.000000000000000,1000000001,0.522856132,0.031231122,0.058396396,0.022170197,0.002679972,0.362666181,4594250,5826000
1130,1,500,10,4148,3127,1020,160000.000000000000000,1000000001,0.25130793,0.106276523,0.083124824,0.137856249,0.131537542,0.289896932,4593850,5825600
1131,1,500,10,3408,2666,742,160000.000000000000000,1000000001,0.467366335,0.022350333,0.077600703,0.075665383,0.0549767,0.302040547,4594250,5825600
1132,1,500,10,4359,3795,563,329392.138321219361387,1000000001,0.235826093,0.022971345,0.031963824,0.020783536,0.265459565,0.422995637,4594656.879,5825784.08
1133,1,500,10,4720,4458,262,640000.000000000000000,1000000003,0.238790374,0.053196661,0.02639048,0.010001846,0.574373684,0.097246955,4595650,5828200
1134,1,500,10,4886,4495,390,640000.000000000000000,1000000003,0.440821757,0.129692209,0.027251853,0.009594041,0.208055699,0.184584441,4596450,5828200
1135,1,500,10,1314,1221,93,160000.000000000000000,1000000003,0.569288262,0.077098053,0.049133544,0,0.119561053,0.184919089,4595450,5827600
1136,1,500,10,1156,925,230,160000.000000000000000,1000000003,0.46930817,0.105033393,0.091647577,0.062440925,0.076150795,0.19541914,4595850,5827600
1137,1,500,10,2746,2389,357,160000.000000000000000,1000000003,0.316663358,0.057121693,0.137684944,0.140588991,0.101259588,0.246681425,4595450,5827200
1138,1,500,10,1448,971,477,160000.000000000000000,1000000003,0.140161168,0.346733973,0.156612494,0.117936175,0.01290825,0.22564794,4595850,5827200
1139,1,500,10,969,760,208,160000.000000000000000,1000000003,0.557439821,0.110994159,0.010607042,0.129361229,0,0.191597748,4596250,5827600
1140,1,500,10,1824,1594,230,160000.000000000000000,1000000003,0.42629143,0,0,0.199141656,0.013633006,0.360933908,4596650,5827600
1141,1,500,10,2078,1790,287,160000.000000000000000,1000000003,0.512707011,0.021935113,0.018804127,0.223302822,0.006265408,0.21698552,4596250,5827200
1142,1,500,10,1136,1121,14,160000.000000000000000,1000000003,0.642885585,0.037440901,0,0,0.080473663,0.23919985,4596650,5827200
1143,1,500,10,2467,1444,1022,640000.000000000000000,1000000003,0.122970063,0.018565091,0.125614655,0.077180626,0.319364421,0.336305144,4597250,5828200
1144,1,500,10,1791,972,818,640000.000000000000000,1000000003,0.315510692,0,0.007219626,0.16891307,0.303064432,0.205292179,4598050,5828200
1145,1,500,10,3096,2231,865,640000.000000000000000,1000000003,0.426035528,0.014629453,0.029147933,0.150256933,0.183397425,0.196532728,4597250,5827400
1146,1,500,10,3408,1369,2039,640000.000000000000000,1000000003,0.3762237,0.002845794,0.147551098,0.277690064,0.050162,0.145527344,4598050,5827400
1147,1,500,10,1753,1462,290,160000.000000000000000,1000000003,0.406026224,0.123853352,0.15934561,0.032766697,0.060758767,0.21724935,4595450,5826800
1148,1,500,10,1941,1449,491,160000.000000000000000,1000000003,0.211150617,0.030671259,0.211838917,0.18516113,0.019385318,0.341792759,4595850,5826800
1149,1,500,10,4138,3865,273,484332.374111531069502,1000000003,0.165790061,0.032494012,0.007273869,0.026842365,0.016912157,0.750687536,4595312.323,5826133.743
1150,1,500,10,1677,1402,274,160000.000000000000000,1000000003,0.377063349,0.022162776,0.06938906,0.155797069,0.120028731,0.255559014,4595850,5826400
1151,1,500,10,2436,2319,117,160000.000000000000000,1000000003,0.356266149,0.184061942,0.011307285,0.0270035,0.163595828,0.257765295,4596250,5826800
1152,1,500,10,1288,1273,14,160000.000000000000000,1000000003,0.338995692,5.57041E-05,0.009390498,0.00258925,0.425212298,0.223756557,4596650,5826800
1153,1,500,10,2674,2560,114,160000.000000000000000,1000000003,0.574554074,0.010562044,0.088312696,0,0.068375601,0.258195584,4596250,5826400
1154,1,500,10,1970,1684,285,160000.000000000000000,1000000003,0.383844939,0.043179327,0.102934068,0.119422001,0.025383715,0.32523595,4596650,5826400
1155,1,500,10,2038,1843,194,160000.000000000000000,1000000003,0.461581474,0.037987543,0.104042205,0.037743088,0.030845488,0.327800203,4595850,5826000
1156,1,500,10,3245,2868,377,306275.487567249510903,1000000003,0.067218684,0.030112599,0.104759811,0,0.226639032,0.571269873,4595266.926,5825602.797
1157,1,500,10,3219,2829,390,160000.000000000000000,1000000003,0.203876527,0.204983171,0.186806157,0.063306014,0.011320937,0.329707193,4595850,5825600
1158,1,500,10,2791,2738,53,160000.000000000000000,1000000003,0.642293732,0.019114751,0.036862001,0,0.04935055,0.252378966,4596250,5826000
1159,1,500,10,2145,1987,157,160000.000000000000000,1000000003,0.417010777,0.301282932,0.007188508,0.02597903,0.03655638,0.211982373,4596650,5826000
1160,1,500,10,4307,4119,187,160000.000000000000000,1000000003,0.490457058,0.017457388,0.078413586,0.073464931,0.004331755,0.335875282,4596250,5825600
1161,1,500,10,2543,2363,180,160000.000000000000000,1000000003,0.444700604,0.118244979,0.065229918,0.043413567,0.036770747,0.291640184,4596650,5825600
1162,1,500,10,3875,3301,573,640000.000000000000000,1000000003,0.172162593,0.039861404,0.035646739,0.072121602,0.547747494,0.132460167,4597250,5826600
1163,1,500,10,3825,2813,1011,640000.000000000000000,1000000003,0.41201808,0.021860548,0.031807659,0.175609595,0.22278565,0.135918468,4598050,5826600
1164,1,500,10,2737,2107,629,160000.000000000000000,1000000003,0.241177062,2.79004E-05,0.000463358,0.543732796,0.040910314,0.17368857,4597050,5826000
1165,1,500,10,2105,1952,153,160000.000000000000000,1000000003,0.405611885,0.047429186,0.006959184,0.108917186,0.188825999,0.242256561,4597450,5826000
1166,1,500,10,2725,2528,197,160000.000000000000000,1000000003,0.551158568,0.002480239,0.114254711,0.045464773,0.024296205,0.262345504,4597050,5825600
1167,1,500,10,2011,1724,286,160000.000000000000000,1000000003,0.500586564,0.040498639,0.109661219,0.119105211,0.01724617,0.212902196,4597450,5825600
1168,1,500,10,1733,1297,435,160000.000000000000000,1000000003,0.204611519,0.12978443,0.059621738,0.268081581,0.11613428,0.221766452,4597850,5826000
1169,1,500,10,1358,1191,167,160000.000000000000000,1000000003,0.14630619,0.271718834,0,0.050459262,0.252755123,0.278760591,4598250,5826000
1170,1,500,10,1553,1280,273,160000.000000000000000,1000000003,0.292366578,0,0.108637703,0.113020298,0.004588041,0.48138738,4597850,5825600
1171,1,500,10,1530,1274,255,160000.000000000000000,1000000003,0.190771558,0.125343998,0.114502022,0.053862568,0.07222709,0.443292764,4598250,5825600
1172,1,500,10,2888,2023,864,160000.000000000000000,1000000001,0.37707063,0.049917293,0.027589933,0.181825813,0.006697642,0.356898689,4592250,5825200
1173,1,500,10,2952,2765,186,160000.000000000000000,1000000001,0.556780221,0.058085678,0.010963851,0.023410695,0.075088588,0.275670967,4592650,5825200
1174,1,500,10,1776,1334,442,160000.000000000000000,1000000001,0.379014163,0.095353516,0.055710593,0.024197412,0.113299049,0.332425267,4592250,5824800
1175,1,500,10,2627,2369,257,160000.000000000000000,1000000001,0.440068623,0.142544073,0.011413348,0.03329838,0.099208436,0.27346714,4592650,5824800
1176,1,500,10,4414,3743,671,160000.000000000000000,1000000001,0.478951942,0.147281953,0.079940851,0.044572632,0.029333503,0.21991912,4593050,5825200
1177,1,500,10,1694,851,843,160000.000000000000000,1000000001,0.282974536,0.035866096,0.037894798,0.168496018,0.210983872,0.263784681,4593450,5825200
1178,1,500,10,2103,1515,587,160000.000000000000000,1000000001,0.495845171,0.037241921,0.051908687,0.076753964,0.06774345,0.270506807,4593050,5824800
1179,1,500,10,2944,1890,1054,160000.000000000000000,1000000001,0.126838432,0.380579172,0.002288623,0.227859134,0.048144482,0.214290157,4593450,5824800
1180,1,500,10,4092,3366,725,160000.000000000000000,1000000001,0.345532725,0.091971036,0.06316133,0.08880233,0.095622311,0.314910267,4592250,5824400
1181,1,500,10,2945,1933,1012,160000.000000000000000,1000000001,0.183702571,0.119424402,0.130822736,0.066892617,0.130515763,0.368641911,4592650,5824400
1182,1,500,10,609,455,153,160000.000000000000000,1000000001,0.523022931,0.13467119,0.000137769,0.022531483,0.064116347,0.25552028,4592250,5824000
1183,1,500,10,1872,140,1731,160000.000000000000000,1000000001,0.214244566,0,0.025615344,0.409968868,0.00820913,0.341962091,4592650,5824000
1184,1,500,10,1650,547,1103,160000.000000000000000,1000000001,0.281440896,0.076829653,0.133850275,0.091926984,0.012480353,0.403471838,4593050,5824400
1185,1,500,10,3052,2238,814,160000.000000000000000,1000000001,0.452093086,0.061179165,0.102504946,0.063931552,0.051021517,0.269269734,4593450,5824400
1186,1,500,10,1220,0,1220,160000.000000000000000,1000000001,0.287366217,0.026504235,0.055301921,0.228377472,0.042677569,0.359772585,4593050,5824000
1187,1,500,10,1228,958,270,160000.000000000000000,1000000001,0.314704335,0.035180353,0.020691664,0.039473905,0.152423421,0.437526322,4593450,5824000
1188,1,500,10,4779,2129,2650,640000.000000000000000,1000000001,0.294154012,0.051342482,0.018003063,0.139635755,0.164744431,0.332120256,4594050,5825000
1189,1,500,10,5250,4459,790,354938.439847369561903,1000000001,0.228698897,0.065348899,0,0.084709896,0.258329804,0.362912505,4594675.055,5825016.868
1190,1,500,10,4666,3797,869,329324.962596416473389,1000000001,0.183414677,0.021443025,0,0,0.005288072,0.789854227,4594808.384,5824488.64
1191,1,500,10,663,513,149,160000.000000000000000,1000000001,0.035255212,0.030624634,0.006598575,0.025827997,0.705821234,0.195872347,4593850,5824400
1192,1,500,10,1886,1050,835,160000.000000000000000,1000000001,0.015181555,0,0.009076303,0.205288807,0.663431344,0.107021991,4594250,5824400
1193,1,500,10,3036,1169,1867,160000.000000000000000,1000000001,0.045023036,0.130034339,0.048646374,0.399456854,0.059073072,0.317766326,4593850,5824000
1194,1,500,10,2701,1727,973,160000.000000000000000,1000000001,0.227357664,0.256280559,0.003990218,0.213001822,0.004874419,0.294495317,4594250,5824000
1195,1,500,10,4917,4122,794,299353.882575999246910,1000000001,0.403546969,0.059431418,0.034825753,0.054720397,0.083691114,0.363784348,4594825.466,5823993.396
1196,1,500,10,467,464,2,20646.117424000727624,1000000003,0,0,0,0,1.000000000000000,0,4595205.722,5824095.756
1197,1,500,10,2656,1384,1271,160000.000000000000000,1000000001,0.058853935,0.037021689,0.163167956,0.093682134,0.092678621,0.554595665,4592250,5823600
1198,1,500,10,1780,148,1632,160000.000000000000000,1000000001,0.017375386,0,0.042665071,0.367712964,0.160842852,0.411403727,4592650,5823600
1199,1,500,10,711,8,702,160000.000000000000000,1000000001,0.257266392,0.314032641,0.045450858,0.080909375,0.046378107,0.255962627,4592250,5823200
1200,1,500,10,2832,273,2558,160000.000000000000000,1000000001,0.078063481,0,0.450856802,0.03216418,0.00309929,0.435816247,4592650,5823200
1201,1,500,10,3939,937,3002,640000.000000000000000,1000000001,0.185454465,0.280668957,0.053505928,0.083639345,0.139201686,0.257529619,4593250,5823400
1202,1,500,10,815,674,140,160000.000000000000000,1000000001,0.000235068,0.03974941,0.016159772,0.00773597,0.914923877,0.021195903,4592250,5822800
1203,1,500,10,2974,1525,1448,160000.000000000000000,1000000001,0.211198629,0.036645197,0.232281361,0.048815025,0.135111973,0.335947814,4592650,5822800
1204,1,500,10,1425,1255,170,160000.000000000000000,1000000001,0.215627343,0.082730836,0.006959524,0.023843218,0.546804834,0.124034245,4592250,5822400
1205,1,500,10,1381,1156,224,160000.000000000000000,1000000001,0.250898431,0.251050037,0.005725812,0.017217724,0.290291498,0.184816497,4592650,5822400
1206,1,500,10,4354,53,4301,640000.000000000000000,1000000001,0.069101176,0.313821561,0.09385158,0.110796969,0.055216307,0.357212408,4593250,5822600
1207,1,500,10,1113,981,131,160000.000000000000000,1000000001,0.226145428,0.125433067,0.010040123,0.00424949,0.140073398,0.494058494,4593850,5823600
1208,1,500,10,491,422,68,160000.000000000000000,1000000001,0.598010775,0.131555974,0,0,0.012593279,0.257839972,4594250,5823600
1209,1,500,10,2013,513,1500,160000.000000000000000,1000000001,0.258439983,0.109298991,0.119264583,0.206005534,0.102966805,0.204024104,4593850,5823200
1210,1,500,10,2504,1661,843,160000.000000000000000,1000000001,0.066161609,0.206113825,0.089701325,0.067797914,0.205624714,0.364600614,4594250,5823200
1211,1,500,10,1783,845,937,160000.000000000000000,1000000001,0.353634385,0.22929586,0.134934299,0.018701982,0.00140684,0.262026634,4594650,5823600
1212,1,500,10,4318,3511,807,293723.847082238295116,1000000001,0.306603168,0.030077995,0.037205248,0,0.032518996,0.593594593,4595198.671,5823619.122
1213,1,500,10,2538,2357,180,160000.000000000000000,1000000001,0.222030128,0.067983071,0.026693704,0,0.041760619,0.641532478,4594650,5823200
1214,1,500,10,4611,4059,552,297918.283257665578276,1000000001,0.285785632,0.035916634,0.012643179,0.028928614,0.122326551,0.51439939,4595223.455,5823204.432
1215,1,500,10,1557,91,1466,160000.000000000000000,1000000001,0.135602054,0.380193622,0.158609121,0.107225807,0.000899853,0.217469543,4593850,5822800
1216,1,500,10,1721,786,934,160000.000000000000000,1000000001,0.373173737,0.01160914,0.049757679,0.16835323,0.089269449,0.307836765,4594250,5822800
1217,1,500,10,1236,627,608,160000.000000000000000,1000000001,0.021566167,0.727729661,0.042293189,0.001452982,0.000354084,0.206603916,4593850,5822400
1218,1,500,10,2286,836,1449,160000.000000000000000,1000000001,0.296418811,0.152953121,0.21679061,0.050994379,0.016249642,0.266593437,4594250,5822400
1219,1,500,10,2136,1723,412,160000.000000000000000,1000000001,0.525807008,0.136536174,0.047806713,0.020875156,0.086406292,0.182568657,4594650,5822800
1220,1,500,10,1999,1326,672,160000.000000000000000,1000000001,0.507601889,0.075566763,0.08806052,0.039528674,0.055402981,0.233839172,4595050,5822800
1221,1,500,10,1325,318,1007,160000.000000000000000,1000000001,0.381579858,0.154998254,0.156998769,0.022779248,0.053675098,0.229968773,4594650,5822400
1222,1,500,10,4609,2571,2038,445570.018574608024210,1000000001,0.184923407,0.104311921,0.04240442,0.015292804,0.034406126,0.618661322,4595296.05,5822507.528
1223,1,500,10,4799,4048,751,285061.560152630612720,1000000003,0.09301517,0.05254799,0.182622885,0.086956503,0.0164961,0.568361353,4595292.342,5825203.51
1224,1,500,10,3868,3304,563,160000.000000000000000,1000000003,0.076004677,0.021561054,0.38033956,0.063859107,0.106608119,0.351627484,4595850,5825200
1225,1,500,10,3527,2557,969,402076.291764856432565,1000000003,0.174248307,0.048665133,0.234871621,0.044089093,0.048566665,0.449559181,4595547.054,5824802.104
1226,1,500,10,3132,2579,552,160000.000000000000000,1000000003,0.200179613,0.065991972,0.396183987,0.024972961,0.000462846,0.312208622,4596250,5825200
1227,1,500,10,1507,1326,180,160000.000000000000000,1000000003,0.347364551,0.065645517,0.121254245,0,0.029913032,0.435822656,4596650,5825200
1228,1,500,10,3834,3294,539,160000.000000000000000,1000000003,0.12206538,0.138925336,0.338485728,0.046414758,0.003802532,0.350306266,4596250,5824800
1229,1,500,10,4810,4531,279,160000.000000000000000,1000000003,0.125715938,0.233705167,0.142224333,0.005996511,0.164360488,0.327997562,4596650,5824800
1230,1,500,10,5116,4977,138,361444.504942644562107,1000000003,0.047187398,0.026862345,0.027927395,0.010063311,0.748145739,0.139813813,4595403.759,5824265.634
1231,1,500,10,2212,1913,298,160000.000000000000000,1000000003,0.085861954,0.019999987,0.195131451,0.035217487,0.427307063,0.236482058,4595850,5824400
1232,1,500,10,3309,2757,551,160000.000000000000000,1000000003,0.139741514,0.17328588,0.363776352,0.016535635,0.030765805,0.275894814,4595850,5824000
1233,1,500,10,3782,3291,491,160000.000000000000000,1000000003,0.195782992,0.049370084,0.359480896,0.009435137,0.088766574,0.297164317,4596250,5824400
1234,1,500,10,4156,3644,512,160000.000000000000000,1000000003,0.214128138,0.022056947,0.395845598,0.005829457,0.042416611,0.31972325,4596650,5824400
1235,1,500,10,2497,1927,569,160000.000000000000000,1000000003,0.195375846,0.060947019,0.436813096,0,0.019418179,0.287445861,4596250,5824000
1236,1,500,10,4256,3708,548,160000.000000000000000,1000000003,0.0948998,0.059564849,0.409464791,0,0.037169071,0.398901489,4596650,5824000
1237,1,500,10,3129,2663,466,160000.000000000000000,1000000003,0.135281495,0.011635005,0.29541998,0.076883069,0.066820868,0.413959583,4597050,5825200
1238,1,500,10,2383,2053,330,160000.000000000000000,1000000003,0.458469483,0,0.093724179,0.18611387,0.006269436,0.255423032,4597450,5825200
1239,1,500,10,2472,2158,314,160000.000000000000000,1000000003,0.360241709,0.072859961,0.113045398,0.122282126,0.009007555,0.322563252,4597050,5824800
1240,1,500,10,1521,1460,60,160000.000000000000000,1000000003,0.539991794,0.147294787,0,0.001288312,0.030880579,0.280544528,4597450,5824800
1241,1,500,10,1979,1551,427,160000.000000000000000,1000000003,0.34311659,0.084523512,0.106212483,0.224536797,0.005698173,0.235912446,4597850,5825200
1242,1,500,10,1632,1230,402,160000.000000000000000,1000000003,0.371264351,0.125824263,0.127131975,0.163910649,0,0.211868763,4598250,5825200
1243,1,500,10,3242,3040,202,160000.000000000000000,1000000003,0.403848681,0.037959503,0.004826434,0.160502249,0.096447971,0.296415163,4597850,5824800
1244,1,500,10,2923,2652,270,160000.000000000000000,1000000003,0.447085914,0,0.059436358,0.172441954,0.04188609,0.279149684,4598250,5824800
1245,1,500,10,1291,1081,209,160000.000000000000000,1000000003,0.254008634,0.064161362,0.101910884,0.048759594,0.191649221,0.339510306,4597050,5824400
1246,1,500,10,1829,1640,189,160000.000000000000000,1000000003,0.386521749,0.220925348,0.08050966,1.19259E-06,0.028605651,0.283436399,4597450,5824400
1247,1,500,10,4052,3797,254,160000.000000000000000,1000000003,0.159822119,0.479159653,0.035945365,0.014651195,0.112390837,0.198030831,4597050,5824000
1248,1,500,10,2751,2524,227,160000.000000000000000,1000000003,0.144931616,0.049357163,0.117848427,0.050748319,0.357868366,0.279246109,4597450,5824000
1249,1,500,10,1241,681,560,160000.000000000000000,1000000003,0.141275906,0.071069553,0.308762475,0.120217783,0.037631866,0.321042417,4597850,5824400
1250,1,500,10,1532,1499,33,160000.000000000000000,1000000003,0.394517493,0.07025451,1.80716E-07,0.005601963,0.160602415,0.369023439,4598250,5824400
1251,1,500,10,2345,2071,273,160000.000000000000000,1000000003,0.301526102,0,0.030245625,0.205299513,0.105481278,0.357447481,4597850,5824000
1252,1,500,10,1025,891,133,160000.000000000000000,1000000003,0.408172408,0.269771872,0,0.021512851,0.161357036,0.139185833,4598250,5824000
1253,1,500,10,3439,2878,561,213430.393613844411448,1000000003,0.287014785,0.135968827,0.27707595,0.022957521,0.02693763,0.250045286,4595781.778,5823608.457
1254,1,500,10,2173,1810,362,160000.000000000000000,1000000003,0.200514238,0.12200081,0.252376306,0,0.055670169,0.369438478,4596250,5823600
1255,1,500,10,4240,3721,518,160000.000000000000000,1000000003,0.158634047,0.034154235,0.397141131,0,0.067144876,0.342925712,4596650,5823600
1256,1,500,10,4593,3921,672,342081.716742334421724,1000000003,0.115920267,0.041557071,0.075909109,0.001198736,0.06233462,0.703080197,4596021.477,5823196.14
1257,1,500,10,4658,3836,821,357568.122983618231956,1000000003,0.105654367,0.028535031,0.197661399,0.03202859,0.004217359,0.631903253,4596637.919,5822947.927
1258,1,500,10,4571,3716,854,381253.982114404265303,1000000003,0.160775094,0.015313843,0.050352549,0.130468492,0.030297277,0.612792745,4596062.24,5822777.255
1259,1,500,10,3595,3361,233,160000.000000000000000,1000000003,0.261356567,0.073575371,0.159204635,0.00258167,0.133155081,0.370126676,4597050,5823600
1260,1,500,10,4066,3813,252,160000.000000000000000,1000000003,0.206740557,0.003746637,0.198738866,0,0.21346413,0.377309809,4597450,5823600
1261,1,500,10,3057,2699,357,291964.973878223856445,1000000003,0.359126722,0.040537639,0.02148637,0.058323223,0.000251469,0.520274576,4597046.125,5823034.633
1262,1,500,10,5449,4931,518,644814.850839982507750,1000000003,0.22381949,0.048466153,0.009677338,0.053653276,0.075835026,0.588548717,4597683.043,5823218.618
1263,1,500,10,4557,4105,451,475722.829853249771986,1000000003,0.147464897,0.082664798,0.000164225,0.059930014,0.238564603,0.471211463,4598261.203,5823198.82
1264,1,500,10,5008,3266,1742,305721.187585732375737,1000000002,0.137798191,0.082702918,0.006437043,0.011672115,0.395900661,0.365489073,4597068.074,5822281.652
1265,1,500,10,5100,2670,2430,499150.469640556664672,1000000002,0.012181403,0.197614226,0.001615848,0.00108945,0.342290464,0.445208608,4597693.536,5822510.275
1266,1,500,10,4813,3925,887,1272593.317442950792611,1000000011,0.121689433,0.061224138,0.006144822,0.021681194,0.326743886,0.462516527,4601251.76,5827802.082
1267,1,500,10,3460,2448,1011,640000.000000000000000,1000000003,0.26291921,0.026670823,0.017160109,0.18961096,0.351451543,0.152187355,4598850,5826600
1268,1,500,10,5033,3088,1945,3557460.431524584069848,1000000003,0.002269931,0.006573843,0.00033804,0.032968155,0.004940841,0.95290919,4599517.502,5827720.227
1269,1,500,10,948,77,871,160000.000000000000000,1000000003,0.014765139,0.049942652,0.027430607,0.70823771,0.008154696,0.191469196,4599850,5826800
1270,1,500,10,2443,1596,847,160000.000000000000000,1000000003,0.03871887,0.010306092,0.003489122,0.731106141,0.003976422,0.212403353,4599450,5826400
1271,1,500,10,2503,1569,934,160000.000000000000000,1000000003,0.023009555,0.077473105,0.129100272,0.639109929,0,0.13130714,4599850,5826400
1272,1,500,10,860,800,59,160000.000000000000000,1000000003,0.25020612,0.150513519,0,0,0.041951902,0.557328459,4598650,5826000
1273,1,500,10,818,762,56,160000.000000000000000,1000000003,0.657535335,0.081658593,0.009087617,0.009542242,0.036391821,0.205784393,4599050,5826000
1274,1,500,10,1930,1762,167,160000.000000000000000,1000000003,0.22763744,0.311976521,0.028085883,0.005843178,0.142650628,0.283806349,4598650,5825600
1275,1,500,10,1727,1605,122,160000.000000000000000,1000000003,0.248385464,0.174796589,0.002422776,0.043499152,0.361479818,0.1694162,4599050,5825600
1276,1,500,10,4769,4276,492,640000.000000000000000,1000000003,0.400767534,0.095039864,0.027743141,0.043094342,0.105406143,0.327948976,4599650,5825800
1277,1,500,10,1585,1565,19,160000.000000000000000,1000000003,0.495471794,0.048782689,0,0,0.021498,0.434247516,4600250,5826000
1278,1,500,10,5146,3278,1868,765912.623511362704448,1000000003,0.075602109,0.010917756,0.008512132,0.003604875,0.034932243,0.866430885,4600476.729,5826463.791
1279,1,500,10,2615,1837,778,752135.571138307685032,1000000003,0.047715673,0.001328855,0.039545711,0.024796645,0.20939251,0.677220606,4601048.847,5825750.07
1280,1,500,10,3329,890,2439,613736.248774013249204,1000000011,0.289762432,0.07017851,0.11804344,0.083190644,0.173130312,0.265694663,4601248.1,5826644.494
1281,1,500,10,5165,3353,1811,1025314.648209605598822,1000000011,0.002603114,0.000945292,0,0,0.00066198,0.995789614,4600872.969,5824905.533
1282,1,500,10,1172,1166,6,160000.000000000000000,1000000011,0.009834617,0.0089923,0,0,0.080952232,0.900220851,4601850,5828400
1283,1,500,10,2485,2476,9,160000.000000000000000,1000000011,0.152957222,0.012560451,0,0,0.18231933,0.652162997,4602250,5828400
1284,1,500,10,4370,4244,125,160000.000000000000000,1000000011,0.07157507,0.066458012,0.014963011,0.010262956,0.232935215,0.603805737,4601850,5828000
1285,1,500,10,1393,1186,207,160000.000000000000000,1000000011,0.6495758,0.056652338,0.008926537,0.064390601,0.001594503,0.218860222,4602250,5828000
1286,1,500,10,3157,3012,144,160000.000000000000000,1000000011,0.071891397,0.000171958,0.038336712,0,0.378767378,0.510832554,4602650,5828400
1287,1,500,10,2132,529,1602,160000.000000000000000,1000000011,0.160614355,0,0.342753139,0.150027236,0.046848013,0.299757257,4603050,5828400
1288,1,500,10,2696,2305,390,160000.000000000000000,1000000011,0.483733022,0.053578102,0.081824162,0.022308627,0.125882285,0.232673802,4602650,5828000
1289,1,500,10,2868,2332,535,160000.000000000000000,1000000011,0.48852417,0.033112427,0.072736127,0.120001689,0.063987941,0.221637646,4603050,5828000
1290,1,500,10,4688,4447,241,160000.000000000000000,1000000011,0.327843469,0.086956868,0.045948348,0.002357102,0.146141258,0.390752954,4601850,5827600
1291,1,500,10,4743,4377,366,160000.000000000000000,1000000011,0.19096122,0.04301319,0,0.171144769,0.280838364,0.314042457,4602250,5827600
1292,1,500,10,3126,3081,44,160000.000000000000000,1000000011,0.407079799,0.059173729,0,0.000435451,0.074076561,0.459234459,4601850,5827200
1293,1,500,10,3104,2581,522,160000.000000000000000,1000000011,0.248022196,0.248987545,0.07128353,0.03593682,0.147411096,0.248358813,4602250,5827200
1294,1,500,10,785,601,183,160000.000000000000000,1000000011,0.420400877,0.085001994,0.030668777,0.001536615,0.177776542,0.284615195,4602650,5827600
1295,1,500,10,2583,2334,248,160000.000000000000000,1000000011,0.545836408,0.056826884,0.045401969,0.016968782,0.093285849,0.241680108,4603050,5827600
1296,1,500,10,2835,2228,607,160000.000000000000000,1000000011,0.25312747,0.084335086,0.090613257,0.099873205,0.15196765,0.320083333,4602650,5827200
1297,1,500,10,3353,1963,1389,160000.000000000000000,1000000011,0.059366514,0.046576039,0.327409613,0.056650433,0.200400093,0.309597308,4603050,5827200
1298,1,500,10,883,659,224,640000.000000000000000,1000000011,0.038721145,0.007820077,0.013103248,0,0.205268662,0.735086868,4603650,5828200
1299,1,500,10,4698,2270,2427,1268811.255980418296531,1000000011,0.078808315,0.110029857,0.030379578,0.055384268,0.263299639,0.462098343,4604447.081,5827806.733
1300,1,500,10,2600,2389,210,160000.000000000000000,1000000011,0.048911278,0.187885765,0.016748718,0.002791744,0.44985867,0.293803825,4603450,5827600
1301,1,500,10,3561,3257,304,160000.000000000000000,1000000011,0.061284069,0.026631218,0.075629802,0,0.413544984,0.422909927,4603850,5827600
1302,1,500,10,4656,4515,140,160000.000000000000000,1000000011,0.339190214,0.17169855,0.001523262,0.006066266,0.088266779,0.39325493,4603450,5827200
1303,1,500,10,3024,2622,401,160000.000000000000000,1000000011,0.340957676,0.217523955,0.03388157,0.053955879,0.055053203,0.298627717,4603850,5827200
1304,1,500,10,4737,3043,1694,640000.000000000000000,1000000011,0.344009145,0.06152693,0.053634566,0.090736982,0.097614494,0.352477883,4602050,5826600
1305,1,500,10,2548,2058,489,160000.000000000000000,1000000011,0.140422063,0.220929414,0.086150572,9.96301E-05,0.092052192,0.46034613,4602650,5826800
1306,1,500,10,1027,510,517,160000.000000000000000,1000000011,0.281968268,0.141780848,0.091104405,0.03220012,0.060782804,0.392163555,4603050,5826800
1307,1,500,10,5177,3017,2160,1111215.845173330046237,1000000011,0.052606239,0.021281585,0.041318492,0.002143644,0.217159545,0.665490495,4602988.117,5825885.518
1308,1,500,10,1361,491,869,160000.000000000000000,1000000011,0.072933085,0.167188769,0.129629008,0.130652473,0.0874258,0.412170865,4603050,5826400
1309,1,500,10,4954,4106,848,631877.230955987586640,1000000011,0.587970887,0.012373038,0.010711591,0.020500734,0.09257533,0.275868421,4601875.268,5825874.656
1310,1,500,10,1435,1199,236,160000.000000000000000,1000000011,0.288649289,0.201415812,0.003979947,0.039874764,0.345641417,0.120438771,4602250,5825600
1311,1,500,10,5478,0,5478,265681.746701081632636,1000000010,0,0.006781047,0.552903599,0.149739154,0,0.2905762,4604109.268,5825981.531
1312,1,500,10,544,0,544,160000.000000000000000,1000000010,0,0,0.007673435,0.276010834,0.21049478,0.50582095,4604650,5826000
1313,1,500,10,2261,0,2261,328784.154826670303009,1000000010,0,0.018592052,0.019099456,0.313983724,0.165521433,0.482803335,4604037.778,5825608.296
1314,1,500,10,5277,0,5277,1000558.481674388283864,1000000010,0,0.000180491,0.0133324,0.134564093,0.092007855,0.75991516,4604375.409,5825106.344
1315,1,500,10,4594,785,3809,896348.135721102589741,1000000011,0.176102103,0.043805478,0.088879849,0.150353573,0.378342524,0.162516473,4603789.314,5826605.633
1316,1,500,10,2058,1750,308,160000.000000000000000,1000000003,0.366256184,0.080431166,0.145291149,0.077962921,0.071579965,0.258478615,4598650,5825200
1317,1,500,10,2116,1846,269,160000.000000000000000,1000000003,0.395743045,0.182841221,0.139192289,0.017658132,0.084256365,0.180308948,4599050,5825200
1318,1,500,10,2278,1948,330,160000.000000000000000,1000000003,0.341880154,0.057237294,0.203181782,0.044061944,0.044659098,0.308979729,4598650,5824800
1319,1,500,10,5269,4512,756,1171023.677410723641515,1000000003,0.078341182,0.026585223,0.002367284,0.002749068,0.035230608,0.854726634,4599829.193,5825124.342
1320,1,500,10,2817,2168,649,640000.000000000000000,1000000003,0.226260446,0.074635009,0.000424345,0.114098518,0.205063206,0.379518476,4598850,5824200
1321,1,500,10,3544,2672,871,640000.000000000000000,1000000011,0.044158609,0.017029344,0.036666756,0.034156949,0.541113817,0.326874525,4600450,5824200
1322,1,500,10,1401,915,485,160000.000000000000000,1000000011,0.243017414,0.093918458,0.08861125,0.03657952,0.080080252,0.457793106,4601050,5824400
1323,1,500,10,2930,2397,532,160000.000000000000000,1000000011,0.477332643,0.078697229,0.114620687,0.019808914,0.038209616,0.271330911,4601450,5824400
1324,1,500,10,4050,3466,584,160000.000000000000000,1000000011,0.400477755,0.082335395,0.104008114,0.066464909,0.082384095,0.264329732,4601050,5824000
1325,1,500,10,4049,3868,180,160000.000000000000000,1000000011,0.52298607,0.113673381,0.017778019,0.013972791,0.126431288,0.205158452,4601450,5824000
1326,1,500,10,3854,2500,1354,640000.000000000000000,1000000003,0.181623263,0.105956498,0.012410904,0.241246082,0.216858012,0.241905241,4598850,5823400
1327,1,500,10,4827,2530,2296,387021.758829771773890,1000000011,0.069587989,0.01082994,0.063344154,0.010295762,0.223412489,0.622529667,4599883.542,5823977.367
1328,1,500,10,2916,2468,448,665624.698316003428772,1000000003,0.0220648,0,8.963E-11,0,0.452897911,0.525037289,4599479.545,5823910.375
1329,1,500,10,5331,5048,283,282326.762920680339448,1000000003,0.049233625,0.006052822,0,0.027734179,0,0.916979374,4598807.956,5822819.289
1330,1,500,10,5063,1961,3102,189110.713110312441131,1000000002,0.129869234,0,0.037337643,0,0.012609474,0.820183649,4598328.04,5822407.318
1331,1,500,10,3807,3452,354,153729.773535966844065,1000000003,0.217422159,0.012582356,0.139361411,0.143104742,0.085527907,0.402001426,4598959.243,5822386.964
1332,1,500,10,3407,2577,830,160000.000000000000000,1000000011,0.176219197,0.05885674,0.120788811,0.166968347,0.114637883,0.362529023,4599850,5822800
1333,1,500,10,3841,2261,1580,160000.000000000000000,1000000011,0.106853177,0.015624649,0.255944154,0.304215445,0.097354905,0.22000767,4600250,5823600
1334,1,500,10,2913,2620,292,160000.000000000000000,1000000011,0.274744962,0.180738346,0.0283789,0.024860722,0.251821133,0.239455937,4600650,5823600
1335,1,500,10,5065,4299,765,387353.542854224855546,1000000011,0.170372704,0.057111933,0.009209288,0.054183367,0.067076588,0.642046119,4599957.402,5823185.282
1336,1,500,10,3396,2973,423,160000.000000000000000,1000000011,0.322849907,0.105117042,0.056892499,0.06033791,0.209514281,0.245288361,4600650,5823200
1337,1,500,10,1753,1207,546,160000.000000000000000,1000000011,0.497675989,0.05523182,0.128146507,0.005664472,0.11976988,0.193511333,4601050,5823600
1338,1,500,10,166,0,166,160000.000000000000000,1000000011,0.340599336,0.079135576,0,0.056349321,0.213022634,0.310893133,4601450,5823600
1339,1,500,10,2884,1467,1416,160000.000000000000000,1000000011,0.04536364,0,0.029482207,0.667110427,0.000235928,0.257807799,4601050,5823200
1340,1,500,10,1650,0,1650,160000.000000000000000,1000000011,0,0,0.038998947,0.772464452,0.051099117,0.137437483,4601450,5823200
1341,1,500,10,3327,3182,144,160000.000000000000000,1000000011,0.030082892,0.121799538,0.014333013,0,0.531357129,0.302427428,4600250,5822800
1342,1,500,10,3123,2748,375,160000.000000000000000,1000000011,0.465164069,0.192715896,0.029365134,0.059767239,0.065749605,0.187238056,4600650,5822800
1343,1,500,10,5331,3939,1391,707056.831998640904203,1000000011,0.073811897,0.053051985,0.003317406,0.00041738,0.086120983,0.783280349,4599688.66,5822514.393
1344,1,500,10,2830,2511,318,160000.000000000000000,1000000011,0.493186909,0.073898683,0.01020064,0.119131295,0.02884148,0.274740994,4600650,5822400
1345,1,500,10,2757,1113,1643,160000.000000000000000,1000000011,0.002986774,0,0.020721827,0.80112126,0,0.175170139,4601050,5822800
1346,1,500,10,2021,81,1939,160000.000000000000000,1000000011,0,0,0.007656787,0.97902031,0,0.013322902,4601450,5822800
1347,1,500,10,2957,1477,1479,160000.000000000000000,1000000011,0.079582669,0.022537498,0.082304011,0.586462032,0.036246711,0.19286708,4601050,5822400
1348,1,500,10,1941,234,1707,160000.000000000000000,1000000011,0.011329192,0.073236192,0.09726099,0.667577798,0,0.150595828,4601450,5822400
1349,1,500,10,2322,2076,246,160000.000000000000000,1000000011,0.64242564,0.045793703,0.053754902,0.007323776,0.035208154,0.215493824,4601850,5825200
1350,1,500,10,1797,1660,136,160000.000000000000000,1000000011,0.535426295,0.069886232,0.003442966,0.040868841,0.009476582,0.340899085,4602250,5825200
1351,1,500,10,2209,1260,949,160000.000000000000000,1000000011,0.346453229,0.153462123,0.175267228,0.088239664,0.031334248,0.205243507,4601850,5824800
1352,1,500,10,1195,104,1091,160000.000000000000000,1000000011,0.097600447,0.09197214,0.057472249,0.411412721,0.018041766,0.323500677,4602250,5824800
1353,1,500,10,2294,532,1761,160000.000000000000000,1000000011,0.124012418,0,0.2684378,0.376327478,0,0.231222304,4602650,5825200
1354,1,500,10,1817,0,1817,160000.000000000000000,1000000011,0.029816459,0,0.003898563,0.9199384,0,0.046346578,4603050,5825200
1355,1,500,10,1654,163,1490,160000.000000000000000,1000000011,0.088889981,0,0.16223926,0.458541447,0.029139617,0.261189695,4602650,5824800
1356,1,500,10,5315,97,5217,599441.518325611483306,1000000011,0.017575447,0,0,0.437216026,0,0.545208527,4603400.076,5824929.262
1357,1,500,10,2797,1109,1687,160000.000000000000000,1000000011,0.110655211,0.110300026,0.187198618,0.458983697,0.000143522,0.132718926,4601850,5824400
1358,1,500,10,3810,1813,1996,160000.000000000000000,1000000011,0.000946037,0.001418234,0.060674109,0.900360574,0,0.036601046,4602250,5824400
1359,1,500,10,3487,2953,534,160000.000000000000000,1000000011,0.484039018,0.115548516,0.038960412,0.15677856,0.035962529,0.168710965,4601850,5824000
1360,1,500,10,2630,2339,290,160000.000000000000000,1000000011,0.626445549,0.077531854,0.036483201,0.0513891,0.044219115,0.16393118,4602250,5824000
1361,1,500,10,2670,2042,628,160000.000000000000000,1000000011,0.361478874,0,0,0.321851381,0.03528741,0.281382334,4602650,5824400
1362,1,500,10,2062,277,1785,160000.000000000000000,1000000011,0.011655707,0,0.016536099,0.886732755,0,0.085075439,4603050,5824400
1363,1,500,10,3570,565,3004,444737.626516268355772,1000000011,0.168489941,0.025542696,0.06000799,0.030714828,0.072279051,0.642965493,4602753.204,5823751.348
1364,1,500,10,5253,742,4511,771972.190220957389101,1000000011,0.086335934,0,0.015354248,0.089196672,0.049755035,0.759358111,4603478.369,5824130.839
1365,1,500,10,1638,1539,98,160000.000000000000000,1000000010,0.068335025,0.107875261,0,0.014642046,0.203046872,0.606100797,4604650,5824000
1366,1,500,10,4243,446,3797,640000.000000000000000,1000000011,0.134408405,0.032334215,0.12194662,0.239251505,0.241141739,0.230917518,4602050,5823400
1367,1,500,10,4323,845,3477,283025.867339398013428,1000000011,0.083308506,0.004563277,0.247650525,0.529330143,0.051993675,0.083153874,4602803.969,5823197.493
1368,1,500,10,4734,293,4440,640000.000000000000000,1000000011,0.007357677,0.191539095,0.050715396,0.399916257,0.229158448,0.121313128,4602050,5822600
1369,1,500,10,5060,0,5060,510632.906077102874406,1000000010,0,0.001225495,0.068346512,0.675504121,0.027877563,0.22704631,4603729.749,5823364.94
1370,1,500,10,1875,441,1433,183971.835763412324013,1000000010,0.005151602,0,0,0.517816849,4.38566E-07,0.47703111,4603357.097,5823471.343
1371,1,500,10,4805,509,4296,685659.574082861538045,1000000010,0,0.03567472,0,0.123451074,0.000871577,0.84000263,4604326.641,5824119.96
1372,1,500,10,2547,2116,431,160000.000000000000000,1000000010,0.180866457,0.155642654,0.034184623,0.091241044,0.18202161,0.356043612,4604650,5823600
1373,1,500,10,886,0,886,160000.000000000000000,1000000010,0,0.039289909,0.027906788,0.396549113,0,0.53625419,4604250,5823200
1374,1,500,10,2212,2035,176,160000.000000000000000,1000000010,0.338137724,0.103641991,0,0.057170803,0.30974975,0.191299732,4604650,5823200
1375,1,500,10,1934,50,1883,160000.000000000000000,1000000010,0,0.024097297,0.091046775,0.767455409,0.00226448,0.115136039,4603850,5822800
1376,1,500,10,5088,579,4509,514977.842162369692232,1000000010,0.024967946,0,0.005348068,0.744961873,0.002359036,0.222363077,4603559.003,5822543.594
1377,1,500,10,1339,439,900,160000.000000000000000,1000000010,0.003079819,0.077814168,0.022123564,0.395541322,6.79968E-06,0.501434326,4604250,5822800
1378,1,500,10,1943,1181,762,160000.000000000000000,1000000010,0.054240987,0.146733557,0.104300643,0.075478829,0.246623131,0.372622853,4604650,5822800
1379,1,500,10,1742,661,1081,160000.000000000000000,1000000010,0.090428437,0.042098933,0.058264529,0.421112728,0.038516642,0.349578731,4604250,5822400
1380,1,500,10,587,395,191,160000.000000000000000,1000000010,0.193442327,0.040365286,0.003092421,0.074321483,0.095344049,0.593434435,4604650,5822400
1381,1,500,10,4064,3798,265,160000.000000000000000,1000000005,0.235057589,0.000694731,0.041521639,0.006920875,0.637504859,0.078300307,4579450,5822000
1382,1,500,10,4159,3905,254,160000.000000000000000,1000000005,0.337846274,0.273971398,0.019802392,0.058527369,0.175117794,0.134734773,4579850,5822000
1383,1,500,10,2440,2357,82,160000.000000000000000,1000000005,0.645898238,0.25588877,0,0.006911974,0,0.091301018,4579450,5821600
1384,1,500,10,2206,2183,22,160000.000000000000000,1000000005,0.664203849,0.059952332,0,0.005722628,0.147130476,0.122990714,4579850,5821600
1385,1,500,10,4822,3113,1708,640000.000000000000000,1000000005,0.128829108,0.207820867,0.016649136,0.304450903,0.211718571,0.130531415,4580450,5821800
1386,1,500,10,4018,3304,714,640000.000000000000000,1000000005,0.445106603,0.127908799,0.000740087,0.15451022,0.071733815,0.200000477,4580450,5821000
1387,1,500,10,2713,2295,417,160000.000000000000000,1000000005,0.22643952,0.239342617,0.017329323,0.273417969,0.01517894,0.22829163,4581050,5822000
1388,1,500,10,4502,4220,281,160000.000000000000000,1000000005,0.593775353,0.003720136,0.038922147,0.05313523,0.060104886,0.250342248,4581450,5822000
1389,1,500,10,1577,1285,292,160000.000000000000000,1000000005,0.474079843,0.1313067,0.037138896,0.035344714,0.032042346,0.290087501,4581050,5821600
1390,1,500,10,4000,3165,834,160000.000000000000000,1000000005,0.56666652,0.011525655,0.136152314,0,0.021402231,0.26425328,4581450,5821600
1391,1,500,10,2843,2461,381,160000.000000000000000,1000000005,0.153762643,0,0,0.432018689,0.079908512,0.334310156,4581850,5822000
1392,1,500,10,596,319,277,160000.000000000000000,1000000005,0.040300632,0,0.027342059,0.120900985,0.501828616,0.309627708,4582250,5822000
1393,1,500,10,1469,1201,267,160000.000000000000000,1000000005,0.290897808,0.049363168,0.008785966,0.216438859,0.038518101,0.395996099,4581850,5821600
1394,1,500,10,1334,310,1024,160000.000000000000000,1000000005,0.250268643,0,0.137238941,0.212454731,0.167345233,0.232692451,4582250,5821600
1395,1,500,10,3528,3140,388,640000.000000000000000,1000000005,0.366231221,0.021435231,0.013022992,0.011014335,0.296612135,0.291684086,4581250,5821000
1396,1,500,10,1364,1094,270,640000.000000000000000,1000000005,0.097800726,0.028924596,0.008251148,0.003136974,0.457072492,0.404814065,4582050,5821000
1397,1,500,10,5420,2829,2590,5313173.552654538303614,1000000005,0.148977863,0.018462714,0.009413511,0.011928277,0.107755765,0.70346187,4580479.735,5819807.246
1398,1,500,10,4623,1507,3116,3074003.372826767619699,1000000004,0.021539249,0.020430268,0.003997283,0.002106728,0.00899069,0.942935782,4583033.537,5819698.955
1399,1,500,10,5442,144,5297,2084500.589964070590213,1000000005,0.025363028,0.060058684,0.003601007,0.039197569,0.119102533,0.752677177,4583303.56,5822421.312
1400,1,500,10,4907,2588,2318,1755499.410035928944126,1000000004,0.021964789,0.231678891,0.013200078,0.010974817,0.256961019,0.465220406,4583478.057,5821353.902
1401,1,500,10,1329,1072,256,640000.000000000000000,1000000004,0.029402978,0,0,0.024316958,0.734858004,0.21142206,4584450,5821000
1402,1,500,10,1758,1580,177,640000.000000000000000,1000000004,0.31211134,0.027532491,0.005443891,0.002709771,0.1021901,0.550012407,4585250,5821000
1403,1,500,10,3460,890,2569,696437.000259995576926,1000000005,0,0,0,0.015354172,0.056018714,0.928627113,4584449.545,5822556.805
1404,1,500,10,2953,1501,1452,2560000.000000000000000,1000000004,0.270516913,0.063981298,0.009539131,0.00649681,0.097052453,0.552413395,4584850,5819800
1405,1,500,10,5272,2800,2471,5315858.154350295662880,1000000005,0.064843052,0.007318853,0.011158566,0.003570819,0.062568911,0.850539797,4579154.371,5818156.088
1406,1,500,10,4152,2134,2017,4596834.235760559327900,1000000005,0.112893538,0.015809406,0.006955126,0.002272335,0.040986658,0.821082937,4579983.553,5815926.932
1407,1,500,10,1533,1518,14,160000.000000000000000,1000000004,0.014005528,0.024859526,0,0.000191507,0.925029554,0.035913885,4585850,5822000
1408,1,500,10,844,844,0,160000.000000000000000,1000000004,0,0,0,0,1.000000000000000,0,4586250,5822000
1409,1,500,10,2543,2423,120,160000.000000000000000,1000000004,0.324323537,0.090751077,0.01142303,0.008984573,0.327341497,0.237176286,4585850,5821600
1410,1,500,10,963,759,204,160000.000000000000000,1000000004,0.131368556,0.032947444,0.046002086,0.005160091,0.622252794,0.16226903,4586250,5821600
1411,1,500,10,1115,909,205,160000.000000000000000,1000000004,0,0,0,0.078493086,0.380808928,0.540697986,4586650,5822000
1412,1,500,10,5420,2157,3263,1352226.093512312509120,1000000004,0,0,0,0.065427356,0.0142654,0.920307244,4587392.859,5822422.334
1413,1,500,10,1398,654,743,160000.000000000000000,1000000004,0.096240445,0.379405534,0,0.200517297,0.182283393,0.141553331,4586650,5821600
1414,1,500,10,1972,1096,876,160000.000000000000000,1000000004,0.016509566,0.253670297,0.01062992,0.263557423,0,0.455632794,4587050,5821600
1415,1,500,10,1763,1475,288,160000.000000000000000,1000000004,0.610267009,0.042494437,0.053996634,0.021320099,0,0.27192182,4585850,5821200
1416,1,500,10,1675,1452,222,160000.000000000000000,1000000004,0.548597601,0.144865587,0.02838457,0.016637268,0.058219642,0.203295332,4586250,5821200
1417,1,500,10,784,566,217,160000.000000000000000,1000000004,0.652819582,0.024871961,0.045790835,0.01221684,0.008194097,0.256106686,4585850,5820800
1418,1,500,10,1770,1288,482,160000.000000000000000,1000000004,0.500169408,0.110882428,0.07883823,0.043832176,0,0.266277758,4586250,5820800
1419,1,500,10,1159,625,533,160000.000000000000000,1000000004,0.597264349,0.012278136,0.133854033,0.009410273,0.010845283,0.236347926,4586650,5821200
1420,1,500,10,2371,2084,286,160000.000000000000000,1000000004,0.255836748,0.177512147,0.0316192,0.022074894,0.013815449,0.499141562,4587050,5821200
1421,1,500,10,1456,1039,417,160000.000000000000000,1000000004,0.578015898,0.046738506,0.047218221,0.081823824,0,0.246203551,4586650,5820800
1422,1,500,10,2650,1472,1178,160000.000000000000000,1000000004,0.26018232,0.080553201,0.085079824,0.3084951,0,0.265689555,4587050,5820800
1423,1,500,10,2089,731,1357,160000.000000000000000,1000000004,0.175004684,0.120504984,0.200713347,0.203121492,0.157642367,0.143013127,4587450,5822000
1424,1,500,10,2245,1049,1196,160000.000000000000000,1000000004,0.375611994,0.070547986,0.135527929,0.245798591,0.007866564,0.164646936,4587450,5821600
1425,1,500,10,3418,3230,188,160000.000000000000000,1000000004,0.110790065,0.113551637,0.031644734,0,0.627978589,0.116034976,4587850,5821600
1426,1,500,10,419,370,48,160000.000000000000000,1000000004,0.380816667,0.006478312,0.008030854,0.004536963,0.182316947,0.417820256,4588250,5822000
1427,1,500,10,2446,2240,206,160000.000000000000000,1000000004,0.321832577,0.153659342,0,0.043204067,0.195528118,0.285775896,4588650,5822000
1428,1,500,10,2902,2746,155,160000.000000000000000,1000000004,0.140960203,0.069084398,0.031138481,0,0.401759206,0.357057712,4588250,5821600
1429,1,500,10,3270,3109,160,160000.000000000000000,1000000004,0.396656074,0.013271057,0.004269516,0.049711456,0.14117901,0.394912888,4588650,5821600
1430,1,500,10,1993,1153,840,160000.000000000000000,1000000004,0.31716868,0.006335337,0.108874512,0.165296371,0.005403899,0.3969212,4587450,5821200
1431,1,500,10,3658,3507,151,160000.000000000000000,1000000004,0.605331854,0.024409382,0.013244836,0.036934359,0.07313167,0.246947898,4587850,5821200
1432,1,500,10,2260,1658,601,160000.000000000000000,1000000004,0.27379149,0.056509399,0.060126776,0.128317919,0.025642184,0.455612231,4587450,5820800
1433,1,500,10,1302,1175,127,160000.000000000000000,1000000004,0.573946236,0.178230052,0.004810207,0.002467584,0.018414939,0.222130982,4587850,5820800
1434,1,500,10,3015,2861,153,160000.000000000000000,1000000004,0.389128504,0.099209254,0.013293832,0.015236396,0.145216149,0.337915865,4588250,5821200
1435,1,500,10,3530,3309,220,160000.000000000000000,1000000004,0.48365624,0.075658068,0.044452683,0.006277545,0.006488357,0.383467107,4588650,5821200
1436,1,500,10,2762,2600,161,160000.000000000000000,1000000004,0.561639303,0.012694309,0.034806393,0.011611312,0.094105252,0.285143431,4588250,5820800
1437,1,500,10,3256,2377,879,160000.000000000000000,1000000004,0.345046185,0.083703303,0.163691672,0.074562729,0.007943409,0.325052701,4588650,5820800
1438,1,500,10,4018,1227,2791,640000.000000000000000,1000000004,0.405657719,0.038087463,0.043057058,0.193788196,0.056662906,0.262746658,4586050,5820200
1439,1,500,10,3498,83,3415,640000.000000000000000,1000000004,0.134214353,0.106524059,0.022146303,0.270111518,0.02420603,0.442797737,4586850,5820200
1440,1,500,10,3895,780,3115,640000.000000000000000,1000000004,0.176562041,0.046480693,0,0.286358462,0.265387671,0.225211133,4586050,5819400
1441,1,500,10,3132,118,3014,640000.000000000000000,1000000004,0.003613517,0.013655398,0.019719553,0.255028394,0.021682248,0.68630089,4586850,5819400
1442,1,500,10,954,837,116,160000.000000000000000,1000000004,0.367758541,0.011011918,0.019733396,0.01359414,0.102601367,0.485300638,4587450,5820400
1443,1,500,10,2381,2100,281,160000.000000000000000,1000000004,0.273392399,0.04839847,0.06256662,0.006416741,0.238270686,0.370955084,4587850,5820400
1444,1,500,10,1003,632,371,160000.000000000000000,1000000004,0.170470188,0.024674602,0.01789132,0.112232415,0.230972026,0.443759449,4587450,5820000
1445,1,500,10,1293,1056,237,160000.000000000000000,1000000004,0.427151308,0.159797788,0.030956753,0.007982433,0.045424169,0.328687548,4587850,5820000
1446,1,500,10,3204,2950,253,160000.000000000000000,1000000004,0.455361633,0.048612951,0.034377421,0.03644053,0.016050115,0.409157351,4588250,5820400
1447,1,500,10,3107,2213,894,160000.000000000000000,1000000004,0.36778641,0.02975426,0.203617665,0.047910337,0.010640713,0.340290617,4588650,5820400
1448,1,500,10,2136,1863,272,160000.000000000000000,1000000004,0.538864845,0.000649092,0.051813776,0.030821692,0.027138589,0.350712007,4588250,5820000
1449,1,500,10,3647,2746,900,160000.000000000000000,1000000004,0.200058929,0.002061737,0.180444193,0.09427274,0.060062247,0.463100155,4588650,5820000
1450,1,500,10,552,472,79,160000.000000000000000,1000000004,0.225740441,0.00356958,0.009536382,0.01559132,0.328947778,0.416614499,4587450,5819600
1451,1,500,10,2132,1828,304,160000.000000000000000,1000000004,0.257385892,0,0.013370598,0.100447046,0.008454347,0.620342117,4587850,5819600
1452,1,500,10,1273,1084,188,160000.000000000000000,1000000004,0.117917884,0,0.006670101,0.062437029,0.008652377,0.804322609,4587450,5819200
1453,1,500,10,1905,689,1215,160000.000000000000000,1000000004,0.29523454,0.005793565,0.181869724,0.194449082,0.024458173,0.298194917,4587850,5819200
1454,1,500,10,2816,2653,162,160000.000000000000000,1000000004,0.388610175,0.003320643,0.010119043,0.047854244,0.023985658,0.526110237,4588250,5819600
1455,1,500,10,1993,1792,200,160000.000000000000000,1000000004,0.485010429,0.091041834,0.038968582,0.003377791,0.032363286,0.349238079,4588650,5819600
1456,1,500,10,3955,3059,895,160000.000000000000000,1000000004,0.359682685,0.045469808,0.215906786,0.021567514,0,0.357373206,4588250,5819200
1457,1,500,10,2555,1947,608,160000.000000000000000,1000000004,0.35593866,0.08361199,0.10391242,0.066927221,0.023527342,0.366082367,4588650,5819200
1458,1,500,10,3654,2075,1579,219711.433425451657968,1000000004,0.252688883,0.009697631,0.012945959,0.417445893,0.043456058,0.263765576,4589125.311,5821994.289
1459,1,500,10,2912,1687,1224,160000.000000000000000,1000000004,0.202310767,0.027700299,0.151323079,0.245681003,0.114071974,0.258912878,4589050,5821600
1460,1,500,10,4776,2599,2177,298294.767696605355013,1000000004,0.078794954,0.089070354,0.042634807,0.253400398,0.021392396,0.51470709,4589658.163,5821590.575
1461,1,500,10,4695,818,3877,319762.189841011073440,1000000001,0.106869756,0.028074519,0.046463427,0.083487382,0.012679957,0.722424958,4590002.158,5822234.596
1462,1,500,10,1457,585,871,165325.721782062959392,1000000004,0.197123696,0.119377108,0.017181064,0.293093692,0.193958063,0.179266376,4589936.171,5821929.424
1463,1,500,10,2487,1951,536,160000.000000000000000,1000000004,0.279803528,0.271686592,0.087448566,0.018196542,0.097886682,0.244978089,4589050,5821200
1464,1,500,10,2038,1682,356,160000.000000000000000,1000000004,0.419928347,0.138211933,0.061411517,0.016448833,0.008148829,0.355850542,4589450,5821200
1465,1,500,10,3505,2610,895,160000.000000000000000,1000000004,0.217456463,0.200273334,0.144499648,0.088562692,0.061609379,0.287598483,4589050,5820800
1466,1,500,10,3917,2838,1079,160000.000000000000000,1000000004,0.238955907,0.104474644,0.142545647,0.184427805,0.004279415,0.325316581,4589450,5820800
1467,1,500,10,1061,637,423,160000.000000000000000,1000000004,0.114645482,0.521305526,0.002364165,0.041649414,0.035077193,0.284958219,4589850,5821200
1468,1,500,10,2865,1942,923,160000.000000000000000,1000000004,0.017351096,0.277550498,0.017161642,0.268261943,0,0.419674822,4589850,5820800
1469,1,500,10,2288,1902,385,160000.000000000000000,1000000001,0.564177303,0.076571032,0.040483167,0.031516766,0.026900618,0.260351113,4590650,5822000
1470,1,500,10,1314,1120,194,160000.000000000000000,1000000001,0.449098678,0.085430755,0.00838589,0.027131693,0.062574455,0.367378528,4591050,5822000
1471,1,500,10,4809,2816,1993,1883300.355219882680103,1000000001,0.073927475,0.016328445,0.004789508,0.006976753,0.031666343,0.866311476,4591147.458,5820984.561
1472,1,500,10,3949,2252,1697,640000.000000000000000,1000000001,0.365625606,0.107025619,0.011714946,0.080107496,0.150307314,0.285219019,4591650,5821800
1473,1,500,10,2568,2178,390,160000.000000000000000,1000000004,0.409046975,0.116086879,0.065991175,0.02399635,0.067646962,0.317231659,4589050,5820400
1474,1,500,10,2820,2648,172,160000.000000000000000,1000000004,0.59309318,0.059284913,0.035828674,0,0.008275213,0.303518021,4589450,5820400
1475,1,500,10,3196,2567,629,160000.000000000000000,1000000004,0.447492672,0,0.078487127,0.120721438,0.008401437,0.344897326,4589050,5820000
1476,1,500,10,2264,1787,477,160000.000000000000000,1000000004,0.444262604,0.018811626,0.103783266,0.021861167,0.017146584,0.394134753,4589450,5820000
1477,1,500,10,5103,3672,1430,374874.607095773273613,1000000004,0.155815533,0.39996455,0.013611335,0.117400467,0.013353319,0.299854795,4590127.098,5820385.742
1478,1,500,10,1260,804,456,160000.000000000000000,1000000004,0.374094811,0.046800278,0.062588546,0.07290862,0.044715876,0.398891869,4589850,5820000
1479,1,500,10,4379,2009,2370,293945.209178835735656,1000000004,0.058122904,0.044102722,0.066143748,0.257486205,0.005710721,0.5684337,4590421.369,5819989.319
1480,1,500,10,3374,2567,807,160000.000000000000000,1000000004,0.447456893,0.036122445,0.181545731,0.037447205,0.014473134,0.282954593,4589050,5819600
1481,1,500,10,3159,1861,1297,160000.000000000000000,1000000004,0.249734767,0.001388139,0.275879948,0.092856842,0,0.380140305,4589450,5819600
1482,1,500,10,2420,1657,763,160000.000000000000000,1000000004,0.369545174,0,0.136056434,0.096669298,0.004605258,0.393123836,4589050,5819200
1483,1,500,10,3352,2776,575,160000.000000000000000,1000000004,0.444630743,0,0.133036564,0.025905845,0.048965412,0.347461436,4589450,5819200
1484,1,500,10,3780,2138,1642,160000.000000000000000,1000000004,0.141369635,0.037155998,0.222447503,0.290288424,0,0.308738439,4589850,5819600
1485,1,500,10,4056,2168,1888,160000.000000000000000,1000000004,0.069760623,0.027264408,0.388667157,0.151166147,0,0.363141666,4590250,5819600
1486,1,500,10,2833,2236,597,160000.000000000000000,1000000004,0.407037557,0.084266598,0.077605481,0.095112943,0.008510255,0.327467166,4589850,5819200
1487,1,500,10,2516,2170,345,160000.000000000000000,1000000004,0.363681904,0.156302562,0.056771569,0.019157488,0.073106579,0.330979898,4590250,5819200
1488,1,500,10,5497,1121,4375,577417.549535309779458,1000000004,0,0.039128983,2.23192E-07,0,4.46179E-09,0.960870789,4590324.298,5821101.186
1489,1,500,10,4068,1993,2074,304559.133066771086305,1000000001,0.167992912,0.051943211,0.053556969,0.197090806,0.273643466,0.255772636,4591456.558,5820218.073
1490,1,500,10,1846,1141,704,160000.000000000000000,1000000001,0.113045204,0.185788112,0.066245937,0.065576608,0.322149219,0.24719492,4591850,5820400
1491,1,500,10,4536,2386,2149,203749.717860138800461,1000000001,0.065896792,0.046622936,0.193687221,0.142038088,0.055871328,0.495883635,4591859.396,5819943.625
1492,1,500,10,5332,2987,2345,273874.260390983952675,1000000004,0.165102258,0.007275463,0.095601556,0.300491819,0,0.431528903,4590779.294,5819673.282
1493,1,500,10,3433,2663,769,216248.313647894246969,1000000004,0.364121461,0.0604125,0.084608137,0.081931125,0.02079767,0.388129107,4590721.118,5819205.881
1494,1,500,10,3061,1829,1231,116588.018579213501653,1000000007,0.02623201,0.025912014,0.309245066,0.401087038,0,0.237523872,4591121.928,5819604.98
1495,1,500,10,5353,3929,1423,263751.686352105811238,1000000007,0.162789847,0.088315926,0.126758977,0.054739914,0.003859811,0.563535525,4591319.648,5819195.178
1496,1,500,10,4049,2214,1835,160000.000000000000000,1000000007,0.159469837,0,0.477279764,0.020818552,0.014758955,0.327672891,4591850,5819200
1497,1,500,10,3302,1873,1428,175440.866933229001006,1000000007,0.015708022,0.012950983,0.249541221,0.241925738,0,0.479874036,4591438.615,5819621.433
1498,1,500,10,2514,1660,854,116250.282139861184987,1000000007,0.177019304,0.057476347,0.246812601,0.148285358,0.030825624,0.339580766,4591833.532,5819548.271
1499,1,500,10,3145,1088,2057,640000.000000000000000,1000000004,0.40134752,0.020419983,0.134121248,0,0.093995869,0.350115381,4586050,5818600
1500,1,500,10,3735,1612,2123,640000.000000000000000,1000000004,0.377306252,0.044821747,0.122885489,0.013806101,0.065808632,0.37537178,4586850,5818600
1501,1,500,10,2045,1377,668,640000.000000000000000,1000000004,0.556189119,0.031672519,0.024879978,0.021243486,0.0794242,0.286590699,4586050,5817800
1502,1,500,10,2616,1830,786,640000.000000000000000,1000000004,0.574313553,0.11612925,0.026925336,0.008748674,0.04671094,0.227172247,4586850,5817800
1503,1,500,10,4419,2541,1877,640000.000000000000000,1000000004,0.426956422,0.061927893,0.03605973,0.112653349,0.017464014,0.344938593,4587650,5818600
1504,1,500,10,1326,1175,150,160000.000000000000000,1000000004,0.52669436,0.018342936,0.030790609,0.012674379,0.076534199,0.334963517,4588250,5818800
1505,1,500,10,924,551,373,160000.000000000000000,1000000004,0.429387532,0.092528301,0.050042269,0.050557201,0.065344881,0.312139816,4588650,5818800
1506,1,500,10,2886,1977,908,160000.000000000000000,1000000004,0.182254385,0.111611536,0.007117257,0.310442443,0,0.388574378,4588250,5818400
1507,1,500,10,2731,1312,1419,160000.000000000000000,1000000004,0.17252976,0.096286783,0.045022039,0.461113594,0,0.225047824,4588650,5818400
1508,1,500,10,4044,3268,776,640000.000000000000000,1000000004,0.525081359,0.047927794,0.031784542,0.016100288,0.17055923,0.208546786,4587650,5817800
1509,1,500,10,3243,1716,1526,640000.000000000000000,1000000004,0.22912463,0.037844785,0.016092825,0.113326889,0.280141468,0.323469403,4588450,5817800
1510,1,500,10,4789,3859,930,640000.000000000000000,1000000004,0.559307238,0.075777491,0.03476944,0.021595968,0.064973999,0.243575863,4587650,5817000
1511,1,500,10,1543,1466,77,160000.000000000000000,1000000004,0.340377725,0,0,0.029901273,0.471144159,0.158576843,4588250,5817200
1512,1,500,10,773,0,773,160000.000000000000000,1000000004,0,0.033026218,0,0.284545875,0.595757512,0.086670395,4588650,5817200
1513,1,500,10,1756,1716,39,160000.000000000000000,1000000004,0.386760211,0.067350635,0,0,0.398884819,0.147004335,4588250,5816800
1514,1,500,10,2144,1199,944,504874.605274360801559,1000000004,0.549873122,0.046454916,0.059049247,0.018042546,0.051744492,0.274835678,4587641.24,5816283.033
1515,1,500,10,2966,2090,875,640000.000000000000000,1000000004,0.365472581,0.159594172,0.018128093,0.022279907,0.092564209,0.341961038,4589250,5818600
1516,1,500,10,3340,2745,594,160000.000000000000000,1000000004,0.368608649,0.224747952,0.107870639,0.020794232,0.009386229,0.2685923,4589850,5818800
1517,1,500,10,3925,3534,391,160000.000000000000000,1000000004,0.409674181,0.067475851,0.0473901,0.068038041,0.048824167,0.35859766,4590250,5818800
1518,1,500,10,2797,2356,441,160000.000000000000000,1000000004,0.49109527,0.089648925,0.100642633,0.001643232,0.014540827,0.302429112,4589850,5818400
1519,1,500,10,3172,2828,344,160000.000000000000000,1000000004,0.552725549,0.031879025,0.07282738,0.017752098,0.011915108,0.312900841,4590250,5818400
1520,1,500,10,3186,1982,1203,640000.000000000000000,1000000004,0.216925507,0.085255641,0.029641977,0.05346551,0.12917572,0.485535645,4589250,5817800
1521,1,500,10,1827,1316,510,160000.000000000000000,1000000004,0.358930322,0.127540621,0.063895905,0.083418841,0.029383738,0.336830572,4589850,5818000
1522,1,500,10,2048,1481,567,160000.000000000000000,1000000004,0.496937729,0.035542375,0.078281297,0.090827146,0.01716882,0.281242633,4590250,5818000
1523,1,500,10,2871,2416,454,160000.000000000000000,1000000004,0.190976825,0.120878845,0.068872343,0.045339919,0.236953276,0.336978792,4589850,5817600
1524,1,500,10,4012,3642,370,160000.000000000000000,1000000004,0.268905771,0.082952865,0.082396877,0.005299729,0.396398621,0.164046137,4590250,5817600
1525,1,500,10,4064,3403,660,192760.474044205970131,1000000004,0.396572304,0.028371028,0.098121286,0.041859272,0.01285591,0.4222202,4590690.974,5818800.087
1526,1,500,10,2877,1742,1134,127239.525955793957110,1000000007,0.24635619,0.013577771,0.391133538,0,0.035050376,0.313882124,4591090.915,5818799.868
1527,1,500,10,2711,2019,692,160000.000000000000000,1000000007,0.335827098,0.116254648,0.150267777,0.011498765,0.02301516,0.363136552,4591450,5818800
1528,1,500,10,3541,2532,1008,160000.000000000000000,1000000007,0.311695865,0.133125471,0.236496526,0.000145583,0.028697607,0.289838948,4591850,5818800
1529,1,500,10,5134,4255,878,290560.663903634704184,1000000007,0.261619081,0.03171157,0.062801176,0.016294904,0.017965095,0.609608175,4591286.74,5818399.66
1530,1,500,10,3229,2181,1047,160000.000000000000000,1000000007,0.244258292,0.109443899,0.253351643,0.000993962,0.042833663,0.349118541,4591850,5818400
1531,1,500,10,5015,3828,1187,349439.336096365470439,1000000004,0.260129529,0.008710597,0.044099761,0.031227292,0,0.655832821,4590669.999,5818217.133
1532,1,500,10,3094,2590,503,160000.000000000000000,1000000004,0.183950877,0.236278467,0.0459019,0.069029748,0.161076251,0.303762757,4590650,5817600
1533,1,500,10,3994,3360,633,313788.116752044879831,1000000004,0.066232427,0.022221067,0.02363667,0.009096401,0.253132465,0.62568097,4590730.705,5817281.714
1534,1,500,10,3592,1965,1627,288835.353056124295108,1000000007,0.139682368,0.068720342,0.112267231,0.006744387,0.050534449,0.622051223,4591288.927,5818000.741
1535,1,500,10,2897,1036,1860,160000.000000000000000,1000000007,0.081400399,0.077951045,0.431538524,0.110222252,0.029830514,0.269057266,4591850,5818000
1536,1,500,10,2577,1868,708,284817.594741746317595,1000000007,0.070716685,0.093578464,0.058597418,0.013169389,0.157021734,0.606916309,4591293.972,5817600.447
1537,1,500,10,4041,3042,998,160000.000000000000000,1000000007,0.081673251,0.198670139,0.188032772,0.081651528,0.184828649,0.26514366,4591850,5817600
1538,1,500,10,1813,618,1194,160000.000000000000000,1000000004,0.061647881,0.008509598,0,0.452721987,0.020423992,0.456696542,4589050,5817200
1539,1,500,10,4776,4445,331,420556.781016780762002,1000000004,0.154613729,0.096609358,0,0.011125386,0.031987099,0.705664427,4589685.949,5817114.609
1540,1,500,10,2874,2399,475,160000.000000000000000,1000000004,0.329697736,0.075764444,0.019162976,0.137937345,0.04006595,0.39737155,4589050,5816800
1541,1,500,10,1527,1384,142,160000.000000000000000,1000000004,0.404175334,0.139286537,0.007120914,0.013128503,0.107082738,0.329205974,4589450,5816800
1542,1,500,10,3066,2548,517,216580.259512940247077,1000000004,0.389028882,0.044941904,0.06054384,0.049677795,0,0.455807579,4590249.94,5817129.274
1543,1,500,10,3833,2893,940,162862.959470279020024,1000000007,0.239442728,0.041754554,0.248436539,0,0.048363778,0.422002401,4590134.741,5816728.619
1544,1,500,10,1709,1245,464,160000.000000000000000,1000000004,0.457581763,0.055560217,0.107266895,0.005263915,0.133465796,0.240861414,4589050,5816400
1545,1,500,10,4011,3644,367,225860.954314668546431,1000000004,0.481341522,0.037969163,0.021113897,0.005595802,0.184266926,0.269712691,4589532.327,5816400.179
1546,1,500,10,1758,1100,658,160000.000000000000000,1000000004,0.442697323,0.096165803,0.095526748,0.093422897,0.019265445,0.252921784,4589050,5816000
1547,1,500,10,4858,4040,817,321392.792749601299874,1000000004,0.436439659,0.074425241,0.017713931,0.003290405,0.018486168,0.449644597,4589487.793,5815925.419
1548,1,500,10,3652,2360,1292,160000.000000000000000,1000000007,0.260870629,0.045731277,0.330355197,0.004445488,0.009924153,0.348673256,4590250,5816400
1549,1,500,10,5437,3043,2393,283557.927784071478527,1000000007,0.156575074,0.040681819,0.218746543,0.024836753,0.01496359,0.544196221,4590256.412,5815843.695
1550,1,500,10,4394,2876,1517,224344.131804026314057,1000000007,0.234959004,0.078997311,0.290892333,0.00108282,0.04679717,0.347271361,4589934.343,5816122.009
1551,1,500,10,4479,3459,1020,269698.357035631197505,1000000007,0.336049323,0.074216169,0.129123294,0.02922486,0.079247729,0.352138625,4590886.824,5816773.233
1552,1,500,10,4994,2996,1998,442860.578414453659207,1000000007,0.265875394,0.00980615,0.157329607,0.031606168,0,0.53538268,4591496.419,5817200.273
1553,1,500,10,2018,1690,327,160000.000000000000000,1000000007,0.216693484,0.026420446,0.076442671,0.011951581,0.106295934,0.562195885,4591450,5816800
1554,1,500,10,1008,471,537,160000.000000000000000,1000000007,0.010297567,0.011222011,0.001023076,0.339784188,0.01912935,0.618543807,4591850,5816800
1555,1,500,10,3460,2401,1059,160000.000000000000000,1000000007,0.362679528,0.060715275,0.257454296,0.072097639,0.011994432,0.235058829,4590650,5816400
1556,1,500,10,2773,2169,603,160000.000000000000000,1000000007,0.506067722,0.081252049,0.123810466,0.033237317,0.011360094,0.244272352,4591050,5816400
1557,1,500,10,5187,2980,2207,249044.614433802373242,1000000007,0.164451019,0.070442664,0.267694834,0.011494958,0.009475587,0.476440938,4590642.876,5815887.341
1558,1,500,10,2988,2327,660,235869.989538482332136,1000000007,0.374764294,0.02990752,0.083703186,0.022790678,0.001455425,0.487378898,4591070.216,5815894.561
1559,1,500,10,2009,1779,229,160000.000000000000000,1000000007,0.326012178,0.047234225,0,0.124626779,0.037905751,0.464221068,4591450,5816400
1560,1,500,10,1209,1131,77,160000.000000000000000,1000000007,0.098102426,0.000107831,0,0.052450332,0.174353569,0.674985842,4591850,5816400
1561,1,500,10,2793,2572,221,160000.000000000000000,1000000007,0.501586657,0.209883016,0.011794345,0.006368326,0,0.270367656,4591450,5816000
1562,1,500,10,2566,2343,223,2560000.000000000000000,1000000006,0.152338099,0.007944063,0.001447225,0.003843205,0.075630533,0.758796875,4583250,5813400
1563,1,500,10,1501,1501,0,640000.000000000000000,1000000006,0.390855266,0,0,0,0.422463276,0.186681459,4584450,5813800
1564,1,500,10,2702,2600,102,640000.000000000000000,1000000006,0.687779647,0.015328299,0.001489353,0.007733927,0.061662271,0.226006502,4585250,5813800
1565,1,500,10,1927,1479,448,640000.000000000000000,1000000006,0.563864095,0.106102611,0.030383453,0.00714191,0.050358568,0.242149363,4584450,5813000
1566,1,500,10,1720,1345,374,640000.000000000000000,1000000006,0.309512976,0.13441596,0.021495813,0.004326501,0.33117175,0.199076999,4585250,5813000
1567,1,500,10,4674,2151,2522,5821445.211732810363173,1000000006,0.087972352,0.026528799,0.00638893,0.020499372,0.063545718,0.795064829,4580016.41,5810771.177
1568,1,500,10,5470,3113,2357,20125779.757119134068489,1000000006,0.002863351,0,0.000561881,0.000623315,0.000393364,0.995558089,4580882.593,5813616.675
1569,1,500,10,1614,1485,129,640000.000000000000000,1000000006,0.480816047,0.009409161,0.00510008,0.007566656,0.06926402,0.427844035,4582050,5812200
1570,1,500,10,1907,978,928,640000.000000000000000,1000000006,0.380209085,0.027002479,0.020575053,0.076873668,0.144540198,0.350799517,4581250,5811400
1571,1,500,10,5010,4119,890,3773549.044152330141515,1000000006,0.12195134,0.006827272,0.001872295,0.00131075,0.034240314,0.833798029,4582154.865,5810624.426
1572,1,500,10,2826,2127,699,640000.000000000000000,1000000006,0.683912421,0.017317231,0.031780148,0.04226213,0.028246422,0.196481648,4582850,5812200
1573,1,500,10,2734,2492,242,640000.000000000000000,1000000006,0.695147543,0.0096154,0.021971995,0.003091164,0.004793933,0.265379965,4583650,5812200
1574,1,500,10,2828,2243,584,640000.000000000000000,1000000006,0.444124865,0.18484617,0.005827878,0.035620015,0.113338941,0.21624213,4582850,5811400
1575,1,500,10,3050,2683,366,640000.000000000000000,1000000006,0.634175027,0.073669058,0.007432665,0.023645329,0.041830183,0.219247739,4583650,5811400
1576,1,500,10,5462,2917,2544,1734602.730425672605634,1000000006,0.309030796,0.137941027,0.021000064,0.059804444,0.09761373,0.374609938,4584448.418,5811515.822
1577,1,500,10,2644,1612,1031,640000.000000000000000,1000000006,0.343718055,0.108501976,0.075711107,0.025889613,0.150099633,0.296079616,4585250,5812200
1578,1,500,10,3625,2097,1528,640000.000000000000000,1000000006,0.406457784,0.077780605,0.057020128,0.101242856,0.050776416,0.306722211,4585250,5811400
1579,1,500,10,4634,3981,653,1439374.434545506956056,1000000006,0.51325113,0.052670342,0.003762147,0.000906592,0.110819125,0.318590664,4585308.164,5810011.321
1580,1,500,10,4830,82,4748,15180941.449614930897951,1000000004,0,0,0,0,0.001373893,0.998626107,4583290.385,5817417.533
1581,1,500,10,5084,4576,507,2426661.427947759628296,1000000006,0.289578747,0.072988239,0.003114003,0.002959642,0.040718968,0.590640401,4586474.153,5814960.545
1582,1,500,10,4046,1851,2194,2693338.572052238509059,1000000004,0.033046887,5.31913E-10,0,0,0,0.966953113,4586428.239,5816556.337
1583,1,500,10,4384,2736,1647,2081152.724281656090170,1000000006,0.43444701,0.245507039,0.012425298,0.011202362,0.064835154,0.231583138,4587902.831,5815191.678
1584,1,500,10,1536,592,944,640000.000000000000000,1000000006,0.132137613,0.45048703,0.004750296,0.042899994,0.240500218,0.12922485,4588450,5814600
1585,1,500,10,5352,3108,2244,773972.670443982584402,1000000004,0,0.067498271,0,0,0,0.932501729,4588505.641,5816335.083
1586,1,500,10,2630,2089,541,640000.000000000000000,1000000006,0.572344656,0.006442238,0.053142296,0.007449336,0.090652578,0.269968896,4586050,5813800
1587,1,500,10,1677,1136,541,640000.000000000000000,1000000006,0.476478745,0.184818235,0.002733543,0.033546954,0.082672177,0.219750346,4586850,5813800
1588,1,500,10,3090,2566,524,640000.000000000000000,1000000006,0.699972141,0.003591163,0.031736037,0.026356986,0.03811213,0.200231544,4586050,5813000
1589,1,500,10,3980,3605,375,640000.000000000000000,1000000006,0.583855979,0.125791448,0.020840584,0.006053538,0.073996782,0.189461669,4586850,5813000
1590,1,500,10,1986,1425,561,640000.000000000000000,1000000006,0.399500374,0.316624491,0.016575825,0.007210138,0.069208273,0.190880899,4587650,5813800
1591,1,500,10,4164,3108,1056,640000.000000000000000,1000000006,0.486752597,0.089198163,0.02011589,0.083689625,0.116327941,0.203915783,4588450,5813800
1592,1,500,10,4260,2233,2027,640000.000000000000000,1000000006,0.369698566,0.146968709,0.034195459,0.167334007,0.013635973,0.268167287,4587650,5813000
1593,1,500,10,4028,3039,988,640000.000000000000000,1000000006,0.597438937,0.061489459,0.077474782,0.025731303,0.004022447,0.233843072,4588450,5813000
1594,1,500,10,4780,4273,506,265285.595240259135608,1000000006,0.509882201,0.075104522,0.087742887,0.038758468,0.064026466,0.224485455,4589845.411,5815332.311
1595,1,500,10,5262,4416,846,1203116.525891444645822,1000000006,0.497143082,0.121362112,0.026109847,0.014656876,0.149480989,0.191247094,4589246.946,5814952.172
1596,1,500,10,1137,449,687,160000.000000000000000,1000000006,0.445615896,0.005589566,0.171686492,0.13224977,0.028651869,0.216206408,4589850,5814800
1597,1,500,10,1786,1221,564,160000.000000000000000,1000000006,0.205706449,0.055418552,0.136696236,0.10669129,0.034215195,0.461272279,4590250,5814800
1598,1,500,10,1870,1446,423,160000.000000000000000,1000000006,0.165295896,0.083120145,0.022055425,0.151410916,0.085832233,0.492285385,4589850,5814400
1599,1,500,10,2651,2177,473,160000.000000000000000,1000000006,0.414647961,0.124052143,0.127796715,0.068347733,0.002482289,0.262673159,4590250,5814400
1600,1,500,10,5256,3566,1689,427397.457782126322854,1000000006,0.219717694,0.043184643,0.055947526,0.043819668,0.010210411,0.627120058,4590466.047,5815270.886
1601,1,500,10,1663,1466,197,160000.000000000000000,1000000006,0.518383932,0.042898452,0.047652295,0.032840244,0.042719649,0.315505427,4590650,5814800
1602,1,500,10,4896,4459,437,482260.704865790670738,1000000006,0.186831591,0.005583269,0.009581813,0.028619746,0.035790274,0.733593307,4591092.849,5815115.736
1603,1,500,10,1561,1439,122,160000.000000000000000,1000000006,0.571144777,0.104665135,0.027975668,0.016210387,0.023779805,0.256224228,4590650,5814400
1604,1,500,10,2457,2005,451,160000.000000000000000,1000000006,0.230360392,0.000198676,0.004911263,0.188744639,0.17964732,0.39613771,4591050,5814400
1605,1,500,10,3641,3523,117,602698.549051624606363,1000000006,0.193322912,0.01654844,0.010693579,0,0.231763544,0.547671525,4591677.381,5814519.018
1606,1,500,10,1432,1430,1,160000.000000000000000,1000000006,0.127239164,0,0,0.000598374,0.713118256,0.159044207,4589050,5814000
1607,1,500,10,2067,1362,705,160000.000000000000000,1000000006,0.164169586,0.070837257,0.12399753,0.176121169,0.09647101,0.368403448,4589450,5814000
1608,1,500,10,818,757,61,160000.000000000000000,1000000006,0.633912838,0.010707824,0.020209239,0.007432154,0.007168329,0.320569615,4589050,5813600
1609,1,500,10,1236,1016,220,160000.000000000000000,1000000006,0.567494137,0.032707748,0.09887105,0.006322221,0.007400075,0.287204769,4589450,5813600
1610,1,500,10,1601,1488,112,160000.000000000000000,1000000006,0.448836564,0.011244141,0.028685861,0.019544845,0.111431644,0.380256945,4589850,5814000
1611,1,500,10,1500,1400,100,160000.000000000000000,1000000006,0.749195742,0.004900491,0.023046147,0.019670207,0.023346165,0.179841248,4590250,5814000
1612,1,500,10,2128,2064,64,160000.000000000000000,1000000006,0.33758299,0.130499278,0.011888044,0,0.411497277,0.108532411,4589850,5813600
1613,1,500,10,1191,914,276,160000.000000000000000,1000000006,0.529979528,0,0.04658094,0.073010705,0.141992345,0.208436481,4590250,5813600
1614,1,500,10,4197,3125,1071,640000.000000000000000,1000000006,0.527947566,0.14073704,0.099651199,0.005358501,0.020825258,0.205480436,4589250,5813000
1615,1,500,10,2725,1402,1322,640000.000000000000000,1000000006,0.285562554,0.246292989,0.046486726,0.070001986,0.161335924,0.190319821,4590050,5813000
1616,1,500,10,3704,3302,401,640000.000000000000000,1000000006,0.455732406,0.063872193,0.023642147,0.01360863,0.246941569,0.196203055,4590850,5813800
1617,1,500,10,2888,2797,91,160000.000000000000000,1000000006,0.509847654,0.15642011,0.022634792,0,0.125623485,0.18547396,4591450,5814000
1618,1,500,10,2072,1968,103,160000.000000000000000,1000000006,0.495625611,0.187890216,3.43775E-05,0.021818586,0.043273655,0.251357554,4591850,5814000
1619,1,500,10,5074,4109,964,706139.299072350957431,1000000006,0.350521088,0.018546774,0.037993124,0.007442817,0.010715301,0.574780896,4592005.169,5813686.147
1620,1,500,10,4939,2918,2020,640000.000000000000000,1000000006,0.516294683,0.015817477,0.034201615,0.181456693,0.021508646,0.230720887,4590850,5813000
1621,1,500,10,4335,4020,314,640000.000000000000000,1000000006,0.338765929,0.086577712,0.015577299,0.009274748,0.275847738,0.273956575,4591650,5813000
1622,1,500,10,4790,2802,1987,640000.000000000000000,1000000006,0.472973175,0.064287303,0.135890387,0.077511245,0.0086774,0.240660489,4586050,5812200
1623,1,500,10,4680,3930,750,640000.000000000000000,1000000006,0.547606746,0.031212488,0.022814304,0.054706934,0.101850965,0.241808564,4586850,5812200
1624,1,500,10,2440,1565,874,640000.000000000000000,1000000006,0.531499559,0.066464304,0.076362821,0.013370237,0.128649111,0.183653968,4586050,5811400
1625,1,500,10,2217,1967,249,640000.000000000000000,1000000006,0.691571028,0.003205014,0.023164926,0.004730995,0.118377143,0.158950893,4586850,5811400
1626,1,500,10,2664,2392,272,640000.000000000000000,1000000006,0.72555388,0.017925343,0.014860601,0.011683686,0.001019468,0.228957022,4587650,5812200
1627,1,500,10,2661,2243,418,640000.000000000000000,1000000006,0.739910354,0.042906826,0.033519687,0.008153377,0.007889341,0.167620415,4588450,5812200
1628,1,500,10,1190,929,260,640000.000000000000000,1000000006,0.476990239,0.075810816,0.007933882,0.011269764,0.3125942,0.115401099,4587650,5811400
1629,1,500,10,4167,3399,768,640000.000000000000000,1000000006,0.546872948,0.198997526,0.025043271,0.03493392,0.047223161,0.146929174,4588450,5811400
1630,1,500,10,2606,2304,301,640000.000000000000000,1000000006,0.454585064,0.156049778,0.007519878,0.006434637,0.237378918,0.138031726,4586050,5810600
1631,1,500,10,1948,1885,62,640000.000000000000000,1000000006,0.717428463,0,0.006982115,0,0.115985952,0.159603469,4586850,5810600
1632,1,500,10,5216,3185,2030,1137370.348612746922299,1000000006,0.384471316,0.045939205,0.009810152,0.005963289,0.036748376,0.517067663,4586063.142,5809486.763
1633,1,500,10,4645,1475,3169,797638.205848059384152,1000000006,0.322667333,0.000889724,0,0.185390008,0.209727599,0.281325336,4586968.054,5809760.997
1634,1,500,10,5480,1057,4422,1018921.697118526557460,1000000006,0.077288454,0,0,0.281632456,0.039322338,0.601756752,4587656.874,5810358.942
1635,1,500,10,253,23,230,195979.568867822294123,12069616,0.376685009,0,0.060346803,0.032124869,0.03491544,0.49592788,4588244.305,5809644.514
1636,1,500,10,3157,2722,435,640000.000000000000000,1000000006,0.556136333,0.135248021,0.025281836,0.00675252,0.072645546,0.203935745,4589250,5812200
1637,1,500,10,2677,2498,179,640000.000000000000000,1000000006,0.468809974,0.100524663,0.006263816,0.001386897,0.226237482,0.196777168,4590050,5812200
1638,1,500,10,3224,1482,1742,640000.000000000000000,1000000006,0.388326765,0.042878243,0.037486969,0.146697738,0.115696033,0.268914252,4589250,5811400
1639,1,500,10,3184,2235,949,640000.000000000000000,1000000006,0.543661794,0.072880109,0.060424704,0.034643653,0.021530689,0.266859051,4590050,5811400
1640,1,500,10,3295,2997,297,640000.000000000000000,1000000006,0.602658807,0.047526442,0.00883126,0.01808264,0.027777142,0.295123708,4590850,5812200
1641,1,500,10,1871,1586,284,160000.000000000000000,1000000006,0.460981288,0.029425371,0.100156835,0.025416482,0.118829306,0.265190719,4591450,5812400
1642,1,500,10,1793,1607,186,160000.000000000000000,1000000006,0.581862724,0.073423117,0.067985273,0.005263176,0.019504583,0.251961127,4591850,5812400
1643,1,500,10,2107,1968,139,160000.000000000000000,1000000006,0.574486475,0.113206645,0.034410634,0.012710668,0.041419732,0.223765847,4591450,5812000
1644,1,500,10,5314,4706,607,1055142.147992700804025,1000000006,0.088672223,0,0.000786639,0.001930483,0.048218157,0.860392498,4592376.122,5811566.395
1645,1,500,10,1763,1162,601,160000.000000000000000,1000000006,0.248972604,0.078149199,0.08714271,0.166111596,0.031587778,0.388036113,4590650,5811600
1646,1,500,10,1491,1043,447,160000.000000000000000,1000000006,0.625641208,0.024769022,0.088114193,0.105329407,0,0.156146171,4591050,5811600
1647,1,500,10,1136,895,241,160000.000000000000000,1000000006,0.705770586,0.001012254,0.109928585,0,0.004248989,0.179039586,4590650,5811200
1648,1,500,10,778,740,38,160000.000000000000000,1000000006,0.790027834,0.015219848,0.016590937,0,0,0.178161381,4591050,5811200
1649,1,500,10,2430,2127,303,640000.000000000000000,1000000006,0.460247416,0.227020272,0.004891759,0.001313683,0.159512341,0.14701453,4591650,5811400
1650,1,500,10,5482,3389,2092,1244030.445304368389770,1000000006,0.015636526,0.010873241,0.000646054,0.024953838,0.113679626,0.834210716,4588559.575,5810364.669
1651,1,500,10,1999,953,1045,160000.000000000000000,1000000006,0.148973782,0.051967086,0.147264275,0.301741599,0.208697036,0.141356221,4589450,5810800
1652,1,500,10,1179,648,530,160000.000000000000000,1000000006,0.553406184,0.000895317,0.102212864,0.129790764,0.069924383,0.143770487,4589050,5810400
1653,1,500,10,1416,776,639,160000.000000000000000,1000000006,0.35138447,0.036925972,0.060700863,0.209058964,0.040933926,0.300995805,4589450,5810400
1654,1,500,10,3779,3162,617,640000.000000000000000,1000000006,0.585763656,0.00659115,0.027170979,0.03902567,0.132762999,0.208685545,4590050,5810600
1655,1,500,10,5488,3277,2211,970043.406255262321793,1000000006,0.397081835,0.045767913,0.124846531,0.013138544,0.028165961,0.390999215,4589169.381,5809558.111
1656,1,500,10,3933,3758,175,640000.000000000000000,1000000006,0.632933562,0.072054572,0.009406151,0.001140733,0.101190308,0.183274674,4590050,5809800
1657,1,500,10,2613,2401,212,640000.000000000000000,1000000006,0.70406581,0.025482559,0.019509376,0.001702457,0.02232656,0.226913238,4590850,5810600
1658,1,500,10,5078,4560,517,1120400.610308668576181,1000000006,0.340524352,0.063820118,0.001620728,0,0.150034356,0.444000447,4591980.004,5810646.47
1659,1,500,10,3315,2164,1151,640000.000000000000000,1000000001,0.197196673,0.25750753,0.017207578,0.017007392,0.222945327,0.2881355,4592450,5821800
1660,1,500,10,1732,0,1732,640000.000000000000000,1000000001,0.003692951,0.243872331,0.020674779,0.051004688,0.248631146,0.432124104,4593250,5821800
1661,1,500,10,5194,879,4314,1546688.281122572254390,1000000001,0.002113968,0.035769926,0.015935309,0.024799907,0.657082757,0.264298133,4592949.195,5820870.003
1662,1,500,10,1683,7,1676,160000.000000000000000,1000000001,0.173313952,0.228144047,0.212349121,0.105078553,0.040762118,0.240352208,4593850,5822000
1663,1,500,10,2164,106,2058,160000.000000000000000,1000000001,0.054265829,0.195348545,0.26550922,0.137169142,0.004989362,0.342717901,4594250,5822000
1664,1,500,10,1509,138,1370,160000.000000000000000,1000000001,0,0.389817586,0.112918455,0.142053972,0,0.355209987,4593850,5821600
1665,1,500,10,2110,188,1921,160000.000000000000000,1000000001,0.002132315,0.108019552,0.204800188,0.197242152,0.021013872,0.46679192,4594250,5821600
1666,1,500,10,4347,659,3687,640000.000000000000000,1000000001,0.041128538,0.33096017,0.113553648,0.036070103,0.142922306,0.335365235,4594850,5821800
1667,1,500,10,2386,668,1718,160000.000000000000000,1000000001,0.019489359,0.33220358,0.227852718,0.084004261,0.00194078,0.334509302,4593850,5821200
1668,1,500,10,2763,833,1930,160000.000000000000000,1000000001,0.025270196,0.24572533,0.240842546,0.132973005,0,0.355188923,4594250,5821200
1669,1,500,10,2642,133,2508,160000.000000000000000,1000000001,0.009684551,0.262935937,0.4332859,0.010241092,0.044973504,0.238879015,4593850,5820800
1670,1,500,10,3785,863,2922,294509.753682890092023,1000000001,0.058056601,0.169826529,0.070571525,0.10112527,0,0.600420075,4594247.903,5820631.741
1671,1,500,10,2112,564,1547,160000.000000000000000,1000000001,0.003634102,0.150910511,0.10667828,0.239600788,0.01432562,0.4848507,4594650,5821200
1672,1,500,10,2812,1931,880,160000.000000000000000,1000000001,0.041195242,0.381397324,0.066237213,0.083357727,0.037606966,0.390205528,4595050,5821200
1673,1,500,10,5010,1708,3302,275974.231259768770542,1000000001,0.005881713,0.080537675,0.166723279,0.097160016,0.000512411,0.649184905,4594647.71,5820654.897
1674,1,500,10,5415,1703,3712,398720.909479546826333,1000000001,0.042744255,0.09327478,0.077544537,0.033706907,0.036700536,0.716028984,4595290.791,5820740.79
1675,1,500,10,1907,1072,835,160000.000000000000000,1000000001,0.132496426,0.350728071,0.089822668,0.046324247,0.242513845,0.138114744,4592250,5820400
1676,1,500,10,1886,921,964,160000.000000000000000,1000000001,0.026782887,0.530553113,0.087311619,0.051307689,0.195166452,0.108878239,4592650,5820400
1677,1,500,10,4612,2603,2009,263895.633035903505515,1000000001,0.155646531,0.151215143,0.072018293,0.076314973,0.044232302,0.500572757,4592258.147,5819868.486
1678,1,500,10,2434,1288,1145,160000.000000000000000,1000000001,0.064566637,0.379560265,0.029197081,0.205601543,0.034989866,0.286084607,4592650,5820000
1679,1,500,10,2029,1270,759,160000.000000000000000,1000000001,0,0.644254818,0.066786277,0.015578192,0.021026953,0.25235376,4593050,5820400
1680,1,500,10,5305,2727,2577,318982.882704810122959,1000000001,0.0940388,0.081389811,0.023594603,0.137751432,0.050292363,0.612932992,4593050.497,5819806.59
1681,1,500,10,2396,1533,862,160000.000000000000000,1000000007,0.295597033,0.017588643,0.221932916,0.012508072,0.023797143,0.428576193,4592250,5819200
1682,1,500,10,3886,2406,1480,198104.730291378858965,1000000001,0.287702334,0.126204876,0.073544042,0.113185228,0.012152043,0.387211478,4592712.722,5819552.404
1683,1,500,10,5362,3832,1530,207729.628491562936688,1000000007,0.206776221,0.103315036,0.251897934,0.098893685,0.02339927,0.315717853,4592523.357,5819268.781
1684,1,500,10,5489,0,5489,244913.459010794525966,1000000002,0.004666315,0.050967294,0.048544024,0.112983066,0.11112696,0.67171234,4593446.525,5819497.935
1685,1,500,10,1693,84,1609,40000.000000000000000,1000000002,0,0.011057324,0.36318757,0.14621867,0.027741577,0.451794858,4593350,5819100
1686,1,500,10,824,0,824,40000.000000000000000,1000000002,0,0.877558976,0.020253212,0.048348142,0.038121082,0.015718588,4593550,5819100
1687,1,500,10,5118,1357,3760,131882.166977180284448,1000000002,0,0,0.192158399,0,0.491572129,0.316269473,4593158.764,5818983.993
1688,1,500,10,5282,3637,1645,268623.489224191755056,1000000007,0.084407176,0.01229446,0.032350987,0,0.085952013,0.784995365,4592774.453,5818908.12
1689,1,500,10,4875,278,4596,220641.697697611671174,1000000002,0.234057368,0.228958893,0.027093581,0.15948167,0.041167062,0.309241427,4593790.761,5820006.916
1690,1,500,10,5427,1481,3946,145490.246317109966185,1000000002,0.19213126,0.432897817,0.11952852,0.111943588,0,0.143498815,4594226.752,5820068.362
1691,1,500,10,1016,499,517,40000.000000000000000,1000000002,0.368854443,0.268321758,0.085927375,0.023504174,0.064049592,0.189342658,4594350,5819900
1692,1,500,10,3555,1820,1735,148773.679464212094899,1000000001,0.001522962,0.445070579,0.243204523,0.052394972,0,0.257806964,4593851.206,5820413.426
1693,1,500,10,1813,797,1016,84277.793454571146867,1000000001,0.11688299,0,0.143777594,0.274389129,0.061510408,0.403439879,4595021.769,5820486.369
1694,1,500,10,2670,179,2491,40000.000000000000000,1000000002,0.049778488,0.027028827,0,0.682915567,0.027732291,0.212544827,4594750,5820100
1695,1,500,10,5123,1486,3636,124025.768740231214906,1000000002,0.160077582,0.161448101,0.074071917,0.080835932,0.064471935,0.459094533,4594590.593,5820090.831
1696,1,500,10,1383,862,520,40000.000000000000000,1000000002,0.208044717,0.113721069,0.09633506,0.037119701,0.163852109,0.380927344,4594750,5819900
1697,1,500,10,3545,1991,1554,160000.000000000000000,1000000002,0.411016947,0.276143277,0.008883847,0.049396549,0.020930423,0.233628955,4595050,5820000
1698,1,500,10,4468,443,4024,160000.000000000000000,1000000002,0.03010093,0.240809483,0.053022715,0.189361957,0.346646738,0.140058178,4593850,5819600
1699,1,500,10,1291,193,1098,40000.000000000000000,1000000002,0.318302414,0.061339893,0.198646368,0.133196284,0,0.288515042,4594150,5819700
1700,1,500,10,1016,426,590,40000.000000000000000,1000000002,0.478196563,0.001315267,0.152604972,0.029695611,0.123365081,0.214822507,4594350,5819700
1701,1,500,10,2252,810,1442,40000.000000000000000,1000000002,0.114065619,0.122959896,0.399109935,0.047739636,0.067068879,0.249056035,4594150,5819500
1702,1,500,10,1490,593,897,40000.000000000000000,1000000002,0.270900241,0.04178796,0.079064713,0.181935724,0.042323561,0.383987801,4594350,5819500
1703,1,500,10,3855,1454,2401,160000.000000000000000,1000000002,0.160876901,0.353033745,0.02835392,0.079743599,0.100027039,0.277964796,4593850,5819200
1704,1,500,10,4229,1921,2308,160000.000000000000000,1000000002,0.341323793,0.07473934,0.089590012,0.073915604,7.29665E-05,0.420358285,4594250,5819200
1705,1,500,10,2971,575,2395,160000.000000000000000,1000000002,0.312829148,0.238243603,0.073530224,0.062722263,0.065979498,0.246695265,4594650,5819600
1706,1,500,10,3033,946,2086,160000.000000000000000,1000000002,0.448105308,0.211736011,0.007652878,0.10007742,0.03871015,0.193718233,4595050,5819600
1707,1,500,10,3253,1577,1675,160000.000000000000000,1000000002,0.138842263,0.129870846,0,0.091158355,0.169846054,0.470282481,4594650,5819200
1708,1,500,10,889,518,370,40000.000000000000000,1000000002,0.032792243,0.339991564,0,0.039965773,0.098491495,0.488758924,4594950,5819300
1709,1,500,10,1841,825,1016,40000.000000000000000,1000000002,0.129382208,0.255890304,0.164906866,0.094305037,0.114049701,0.241465884,4595150,5819300
1710,1,500,10,1141,1048,92,40000.000000000000000,1000000002,0.406950193,0.037092421,0.018424247,0,0.15839457,0.37913857,4594950,5819100
1711,1,500,10,1397,1329,67,40000.000000000000000,1000000002,0.187021344,0.064099993,0.003123506,0.006459248,0.344234841,0.395061068,4595150,5819100
1712,1,500,10,2208,257,1951,160000.000000000000000,1000000001,0.106180481,0.05095359,0.215008336,0.192872613,0.074317541,0.360667439,4595450,5822000
1713,1,500,10,4706,2265,2441,345148.322743774799164,1000000001,0.022093571,0.000104249,0.078703798,0.108061013,0.014069246,0.776968123,4595844.729,5822232.343
1714,1,500,10,1256,329,926,160000.000000000000000,1000000001,0,0.09905923,0.07187862,0.127002693,0.389823789,0.312235667,4595450,5821600
1715,1,500,10,2135,1036,1099,160000.000000000000000,1000000001,0,0.116170924,0.111441633,0.109104181,0.171837699,0.491445563,4595850,5821600
1716,1,500,10,5100,2241,2859,475936.142209630226716,1000000001,0.071594885,0.09753067,0.093020453,0.061103022,0.077850878,0.598900093,4596437.053,5822074.091
1717,1,500,10,1379,96,1283,160000.000000000000000,1000000001,0.069434727,0.156602505,0.059846808,0.230468048,0.122729283,0.36091863,4596250,5821600
1718,1,500,10,2678,957,1721,116837.249910008802544,1000000002,0.132502651,0,0,0,0.060090061,0.807407288,4596714.222,5822367.536
1719,1,500,10,2733,1300,1432,160000.000000000000000,1000000001,0.025186788,0.284236477,0.192236386,0.063589081,0.020381047,0.414370221,4595450,5821200
1720,1,500,10,2412,1440,972,160000.000000000000000,1000000001,0.011687183,0.140679211,0.094018364,0.100222594,0.077687163,0.575705485,4595850,5821200
1721,1,500,10,1632,917,714,160000.000000000000000,1000000001,0.222879639,0.209084356,0.025851815,0.119802376,0.107601098,0.314780717,4595850,5820800
1722,1,500,10,5302,3043,2259,529943.093167264829390,1000000001,0.062539068,0.095625255,0.047502418,0.054867943,0.107410325,0.632054992,4596556.35,5821366.425
1723,1,500,10,3379,1925,1453,160000.000000000000000,1000000001,0.233461435,0.098196467,0.130072871,0.184341122,0.103894608,0.250033497,4596250,5820800
1724,1,500,10,5266,2060,3205,190664.034448427497409,1000000001,0.070394891,0.005610561,0.125202649,0.329022605,0.013445214,0.45632408,4596723.801,5820703.076
1725,1,500,10,4374,2016,2358,160000.000000000000000,1000000002,0.24043645,0.145270337,0.127747818,0.035279815,0.162973549,0.288292031,4597450,5822000
1726,1,500,10,2820,2233,586,160000.000000000000000,1000000002,0.372678358,0.157595111,0.007922457,0.003702059,0.115045693,0.343056322,4597450,5821600
1727,1,500,10,3890,1605,2284,160000.000000000000000,1000000002,0.125657999,0.135411596,0.118800503,0.029348296,0.04120251,0.549579096,4597850,5822000
1728,1,500,10,3570,1487,2083,160000.000000000000000,1000000002,0.327792363,0.05704107,0.15774499,0.004320455,0.003078736,0.450022387,4598250,5822000
1729,1,500,10,1130,724,406,40000.000000000000000,1000000002,0.220773846,0.011659092,0.134500848,0,0.011011852,0.622054361,4597750,5821700
1730,1,500,10,782,780,1,40000.000000000000000,1000000002,0,0.002035467,0,0,0,0.997964533,4597950,5821700
1731,1,500,10,1926,1006,920,40000.000000000000000,1000000002,0.162377165,0.065616028,0.260967072,0.02023189,0.097513513,0.393294332,4597750,5821500
1732,1,500,10,1835,1089,746,40000.000000000000000,1000000002,0.033442642,0,0.159469495,0.078828987,0.106769769,0.621489108,4597950,5821500
1733,1,500,10,3314,2277,1036,160000.000000000000000,1000000002,0.378095121,0.062057069,0.067026499,0.003380296,0.189563756,0.299877259,4598250,5821600
1734,1,500,10,2476,806,1670,160000.000000000000000,1000000002,0.471317305,0.193580197,0.068042357,0.024704509,0.054672067,0.187683566,4597450,5821200
1735,1,500,10,4885,712,4172,139219.869952716078842,1000000002,0.094557137,0,0.172877299,0.161726019,0.062443877,0.508395668,4596982.586,5820850.786
1736,1,500,10,1888,310,1577,40000.000000000000000,1000000002,0,0,0.018642786,0.4203387,0.034158745,0.52685977,4597150,5820700
1737,1,500,10,3461,125,3336,160000.000000000000000,1000000002,0.089309317,0.046729932,0.053492355,0.176402884,0.070495331,0.563570181,4597450,5820800
1738,1,500,10,4080,2512,1567,270056.906832735228818,1000000002,0.314267132,0.087264479,0,0.007951461,0.048146073,0.542370855,4597070.76,5821347.393
1739,1,500,10,3702,1385,2316,160000.000000000000000,1000000002,0.326864126,0.280820154,0.088550777,0.035727817,0.066905947,0.20113118,4597850,5821200
1740,1,500,10,954,669,285,160000.000000000000000,1000000002,0.544860189,0.075709869,0.006219904,0,0.09260364,0.280606397,4598250,5821200
1741,1,500,10,446,0,446,40000.000000000000000,1000000002,0.307016946,0.030326229,0,0.126766696,0.239543411,0.296346718,4597750,5820900
1742,1,500,10,2440,0,2440,40000.000000000000000,1000000002,0.136794842,0.031504006,5.52602E-05,0.668920124,0.028073161,0.134652607,4597950,5820900
1743,1,500,10,1574,0,1574,40000.000000000000000,1000000002,0.217212357,0,0.076937146,0.364967323,0.067167241,0.273715933,4597750,5820700
1744,1,500,10,2789,0,2789,40000.000000000000000,1000000002,0,0,0.101597155,0.692123326,0,0.206279519,4597950,5820700
1745,1,500,10,4768,0,4768,160000.000000000000000,1000000002,0.211381034,0.157290978,0.070480992,0.240196015,0.073189496,0.247461486,4598250,5820800
1746,1,500,10,5041,813,4227,79363.401134095052839,1000000002,0,0,0,0.248480426,0,0.751519574,4595090.959,5820309.228
1747,1,500,10,2738,145,2593,37637.895931786908477,1000000002,0.002086412,0,0,0.754722194,0.177726953,0.065464441,4595345.451,5820294.922
1748,1,500,10,3635,2180,1455,236245.736011350731133,1000000002,0.492515216,0.109384063,0.045552696,0.005726423,0.13759815,0.209223451,4595532.242,5820048.361
1749,1,500,10,2807,884,1922,40000.000000000000000,1000000002,0.169218009,0,0,0.535080471,0.010870589,0.28483093,4595750,5819900
1750,1,500,10,5179,4306,873,335667.284907674882561,1000000001,0.218364418,0.039676717,0.031550253,0.019637023,0.086326491,0.604445097,4596027.314,5820397.461
1751,1,500,10,5259,2879,2379,260103.225417879119050,1000000001,0.227673728,0.063615534,0.135414934,0.081079255,0.101644192,0.390572357,4596708.679,5820327.48
1752,1,500,10,2001,1141,860,114240.318063683414948,1000000001,0.367515177,0,0.172574818,0.006226336,0.123214426,0.330469243,4596173.613,5820095.306
1753,1,500,10,2522,1628,893,160000.000000000000000,1000000002,0.334264902,0.176641019,0.007109812,0.022031323,0.308604108,0.151348836,4595450,5819600
1754,1,500,10,2411,913,1498,40000.000000000000000,1000000002,0.294525588,0.00090754,0.01331192,0.405158679,0,0.286096272,4595750,5819700
1755,1,500,10,5308,1894,3414,78900.469248074208735,1000000002,0.018520105,0.033682273,0,0.406635657,0.070040144,0.471121822,4595948.908,5819797.37
1756,1,500,10,712,0,712,40000.000000000000000,1000000002,0.435955454,0.079545077,0.212909682,0.009264377,0,0.26232541,4595750,5819500
1757,1,500,10,664,624,39,40000.000000000000000,1000000002,0.715973645,0.046514348,0,0.003633884,0,0.233878124,4595950,5819500
1758,1,500,10,3068,2118,949,160000.000000000000000,1000000002,0.187129175,0.058879017,0.021313722,0.033811284,0.389720613,0.309146189,4595450,5819200
1759,1,500,10,885,472,412,160000.000000000000000,1000000002,0.383542283,0.07133091,0.011368446,0.006306295,0.208722961,0.318729105,4595850,5819200
1760,1,500,10,5128,2917,2211,154946.696317358670058,1000000002,0.208223848,0.006269999,0.018731258,0.090904349,0.027389964,0.648480583,4596255.154,5819795.157
1761,1,500,10,638,337,300,40000.000000000000000,1000000002,0.417817261,0,0.06818011,0.028547846,0.107177636,0.378277147,4596150,5819500
1762,1,500,10,1255,257,998,40000.000000000000000,1000000002,0.305552859,0.084808602,0.31816363,0.003474429,0.040881064,0.247119415,4596350,5819500
1763,1,500,10,1152,688,464,40000.000000000000000,1000000002,0.576374457,0.061098798,0.045621674,0.083007972,0,0.2338971,4596550,5819700
1764,1,500,10,4770,2997,1773,145987.032553197379457,1000000002,0.200952174,0.356316292,0.011854818,0,0.042009782,0.388866935,4596672.782,5819869.361
1765,1,500,10,2400,425,1974,40000.000000000000000,1000000002,0.251881471,0.037652794,0.377426937,0.226832608,0,0.10620619,4596550,5819500
1766,1,500,10,1067,463,603,40000.000000000000000,1000000002,0.360140027,0,0.119534278,0.071006346,0.142121407,0.307197942,4596750,5819500
1767,1,500,10,5142,3180,1961,198705.458014631585684,1000000002,0.362245541,0.147588317,0.089054665,0.003701165,0.01132571,0.386084603,4596308.059,5819181.104
1768,1,500,10,927,819,108,40000.000000000000000,1000000002,0.47952114,0,0.000758255,0.028069598,0,0.491651007,4596550,5819300
1769,1,500,10,1253,877,375,40000.000000000000000,1000000002,0.498486255,0.039548655,0.016847454,0.084726077,0.01714955,0.343242009,4596750,5819300
1770,1,500,10,5419,1079,4340,104025.333079637915944,1000000002,0,0.009233467,0.129205981,0.311159871,0,0.55040068,4597236.761,5820436.387
1771,1,500,10,1126,532,594,40000.000000000000000,1000000002,0,0.133612564,0.110634798,0.053415619,0.034968525,0.667368495,4597550,5820500
1772,1,500,10,3221,1215,2006,40000.000000000000000,1000000002,0,0,0.024899576,0.537549216,0,0.437551207,4597350,5820300
1773,1,500,10,1298,1088,210,40000.000000000000000,1000000002,0,0,0.010329273,0.047588885,0.421094256,0.520987586,4597550,5820300
1774,1,500,10,1061,742,318,40000.000000000000000,1000000002,0.358039255,0.023669488,0.078074367,0.013472724,0.343250519,0.183493646,4596950,5819900
1775,1,500,10,561,514,47,15989.933299888070906,1000000001,0.099531655,3.10305E-06,0.075482684,0,0.238716536,0.586266022,4596925.262,5820151.997
1776,1,500,10,2271,1058,1213,40000.000000000000000,1000000002,0.289573101,0.00075498,0.083748669,0.270420457,0.040543011,0.314959783,4597350,5820100
1777,1,500,10,2655,688,1967,40000.000000000000000,1000000002,0.022977573,0,0,0.545590457,0.021725095,0.409706875,4597550,5820100
1778,1,500,10,5212,3359,1853,144010.066700111958198,1000000002,0.279740791,0.023003284,0.032999575,0,0.002331938,0.661924413,4597174.953,5819983.123
1779,1,500,10,2592,409,2183,40000.000000000000000,1000000002,0.219647596,0,0.136033569,0.490546718,0.002066173,0.151705944,4597550,5819900
1780,1,500,10,606,47,559,40000.000000000000000,1000000002,0,0.325912056,0.054820205,0.053766292,0,0.565501448,4597750,5820500
1781,1,500,10,1735,0,1735,40000.000000000000000,1000000002,0,0.000612661,0.026137139,0.459969037,0,0.513281163,4597950,5820500
1782,1,500,10,1654,177,1476,40000.000000000000000,1000000002,0.093039303,0.043583763,0.262044574,0.181072698,0.052015741,0.368243921,4597750,5820300
1783,1,500,10,2494,514,1979,40000.000000000000000,1000000002,0,0.01369824,0.158520737,0.414267499,0,0.413513525,4597950,5820300
1784,1,500,10,3056,0,3056,40000.000000000000000,1000000002,0,0,0.004440714,0.845701264,0.035650136,0.114207887,4598150,5820500
1785,1,500,10,1140,0,1140,40000.000000000000000,1000000002,0.244209639,0,0.026162862,0.298783528,0.179481141,0.251362829,4598350,5820500
1786,1,500,10,463,132,331,40000.000000000000000,1000000002,0,0.409432213,0,0.014856991,0,0.575710796,4598150,5820300
1787,1,500,10,1078,0,1078,40000.000000000000000,1000000002,0,0,0.008177699,0.29201098,0.009529009,0.690282312,4598350,5820300
1788,1,500,10,653,0,653,40000.000000000000000,1000000002,0.026684026,0,0.117405633,0.086047524,0.045127686,0.724735132,4597750,5820100
1789,1,500,10,2131,622,1508,40000.000000000000000,1000000002,0,0.034928348,0.157036106,0.281541529,0.086181006,0.440313012,4597950,5820100
1790,1,500,10,2522,931,1591,40000.000000000000000,1000000002,0.117777903,0.085334933,0.219997725,0.242133181,0,0.334756258,4597750,5819900
1791,1,500,10,2459,1501,957,40000.000000000000000,1000000002,0.007015763,0.000416721,0.071606799,0.202768661,0.035053577,0.683138479,4597950,5819900
1792,1,500,10,1987,208,1779,40000.000000000000000,1000000002,0,0.281826927,0,0.43605343,0,0.282119643,4598150,5820100
1793,1,500,10,2722,179,2543,40000.000000000000000,1000000002,0,0.041475144,0.042745278,0.654291273,0,0.261488306,4598350,5820100
1794,1,500,10,1694,909,785,40000.000000000000000,1000000002,0,0,0,0.216193697,0.134898983,0.648907319,4598150,5819900
1795,1,500,10,2197,786,1410,40000.000000000000000,1000000002,0,0,0.055266044,0.34640456,0.077399137,0.52093026,4598350,5819900
1796,1,500,10,4012,2938,1073,160000.000000000000000,1000000002,0.537216618,0.048779243,0.051205028,0.022087919,0.028482352,0.312228839,4597050,5819600
1797,1,500,10,1349,679,669,40000.000000000000000,1000000002,0.485202705,0.020419674,0.072334786,0.120116004,0,0.301926831,4597350,5819700
1798,1,500,10,1724,192,1532,40000.000000000000000,1000000002,0.161451735,0.241166353,0.045078634,0.337246501,0,0.215056778,4597550,5819700
1799,1,500,10,604,433,170,40000.000000000000000,1000000002,0.243021947,0.129863846,0,0.022555596,0.008502096,0.596056514,4597350,5819500
1800,1,500,10,1496,976,519,40000.000000000000000,1000000002,0.291514546,0.274948924,0,0.093584486,0,0.339952044,4597550,5819500
1801,1,500,10,1646,741,905,40000.000000000000000,1000000002,0.214536992,0.327205972,0.191886888,0.024315261,0,0.242054888,4596950,5819300
1802,1,500,10,971,525,446,40000.000000000000000,1000000002,0.428944113,0.108734593,0.126714204,0,0,0.33560709,4597150,5819300
1803,1,500,10,1659,1318,340,40000.000000000000000,1000000002,0.364913474,0.337838727,0.039278044,0,0.012170063,0.245799692,4597150,5819100
1804,1,500,10,4303,3009,1293,160000.000000000000000,1000000002,0.277579071,0.033269195,0.017763753,0.070773812,0.341519365,0.259094804,4597450,5819200
1805,1,500,10,4389,2628,1761,160000.000000000000000,1000000002,0.330904379,0.297175904,0.014000556,0.053557693,0.000612384,0.303749084,4597850,5819600
1806,1,500,10,1266,1167,99,40000.000000000000000,1000000002,0.053518697,0,0.000652294,0.033173499,0.130571122,0.782084388,4598150,5819700
1807,1,500,10,1580,1012,568,40000.000000000000000,1000000002,0.009739077,0,0.000579112,0.156427992,0.007342277,0.825911542,4598350,5819700
1808,1,500,10,1232,598,633,40000.000000000000000,1000000002,0.385573885,0.09391618,0.103723567,0.074283447,0.03296288,0.309540041,4598150,5819500
1809,1,500,10,2549,465,2083,40000.000000000000000,1000000002,0.104635343,0.000391321,0.149357786,0.449554473,0,0.296061077,4598350,5819500
1810,1,500,10,4379,3093,1285,160000.000000000000000,1000000002,0.297703439,0.064157544,0.08906236,0.004314043,0.332718301,0.212044313,4597850,5819200
1811,1,500,10,4302,2542,1759,217815.128922716190573,1000000002,0.293786041,0.087700216,0.045537036,0.02386809,0.219585538,0.329523079,4598231.601,5819119.67
1812,1,500,10,3081,2257,824,160000.000000000000000,1000000007,0.154802169,0.199427762,0.131670215,0.111217173,0.173124995,0.229757687,4592250,5818800
1813,1,500,10,3153,2146,1007,160000.000000000000000,1000000007,0.22234015,0.133776073,0.239591994,0.005516191,0.213206847,0.185568744,4592250,5818400
1814,1,500,10,3511,2537,973,160000.000000000000000,1000000007,0.206232914,0.072772909,0.232731947,0.020715905,0.100234592,0.367311733,4592650,5818400
1815,1,500,10,3992,2319,1673,160000.000000000000000,1000000007,0.156995335,0.063058198,0.421534095,0.019953626,0.028850377,0.309608368,4592250,5818000
1816,1,500,10,3843,3192,650,160000.000000000000000,1000000007,0.335483185,0.013813321,0.173600678,0,0.053784748,0.423318067,4592650,5818000
1817,1,500,10,1555,974,580,160000.000000000000000,1000000007,0.299123344,0.073295144,0.078215362,0.147828474,0.113407708,0.288129968,4592250,5817600
1818,1,500,10,3116,1821,1294,160000.000000000000000,1000000007,0.187687706,0.053668712,0.305727061,0.070354952,0.020345822,0.362215747,4592650,5817600
1819,1,500,10,5005,3065,1939,550684.797753932769410,1000000007,0.077293458,0.043830797,0.018048413,0.062663918,0.193487945,0.604675468,4593149.887,5818252.773
1820,1,500,10,1025,303,721,160000.000000000000000,1000000007,0.019998782,0.122059555,0.054267525,0.270946755,0.094569262,0.438158121,4593050,5817600
1821,1,500,10,72,0,72,14292.082137478473669,1000000002,0.194180081,0,0.029297842,4.36719E-06,0.030903713,0.745613996,4593491.124,5817771.826
1822,1,500,10,5195,2974,2220,319852.930926298897248,1000000002,0.224868002,0.072174458,0.002340869,0.005303276,0.207498033,0.487815363,4593650.179,5818800.09
1823,1,500,10,2061,766,1295,40000.000000000000000,1000000002,0.393118123,0.091940548,0.074733104,0.279835187,0,0.160373038,4594150,5818900
1824,1,500,10,3570,714,2855,40000.000000000000000,1000000002,0,0.12124089,0,0.768589172,0,0.110169937,4594350,5818900
1825,1,500,10,622,357,264,40000.000000000000000,1000000002,0.362543169,0.224369144,0.035577767,0,0,0.37750992,4594150,5818700
1826,1,500,10,1365,721,644,40000.000000000000000,1000000002,0.19426031,0.141791998,0.029960018,0.127323588,0,0.506664085,4594350,5818700
1827,1,500,10,4673,2988,1684,214892.119585960841505,1000000002,0.286591405,0.117977536,0.037001359,0.01615419,0.160532835,0.381742675,4593776.934,5818403.694
1828,1,500,10,4633,1452,3181,160000.000000000000000,1000000002,0.438703423,0.053247997,0.164210333,0.07112859,0.000240092,0.272469564,4594250,5818400
1829,1,500,10,484,402,82,40000.000000000000000,1000000002,0,0.019482528,0,0.02260259,0,0.957914882,4594550,5818900
1830,1,500,10,1382,1325,57,40000.000000000000000,1000000002,0.046619973,0.085275663,0,0,0,0.868104363,4594750,5818900
1831,1,500,10,1773,957,816,40000.000000000000000,1000000002,0.338093491,0.19306119,0,0.190976222,0,0.277869097,4594550,5818700
1832,1,500,10,1731,1353,377,40000.000000000000000,1000000002,0.473161935,0.21072499,0.07436009,0,0.012580327,0.229172657,4594750,5818700
1833,1,500,10,4834,2914,1919,160000.000000000000000,1000000002,0.544352656,0.016064503,0.038359384,0.097579651,0.010223139,0.293420666,4595050,5818800
1834,1,500,10,3906,2464,1442,160000.000000000000000,1000000002,0.478161788,0.073435293,0.065458632,0.029749236,0.003849266,0.349345786,4594650,5818400
1835,1,500,10,4746,2384,2362,160000.000000000000000,1000000002,0.244034179,0.172045668,0.036764638,0.100070854,0.086637218,0.360447444,4595050,5818400
1836,1,500,10,5499,3746,1752,262626.084254159475677,1000000002,0.140794844,0.00599568,0.028171192,0.047121899,0.439531949,0.338384436,4593751.573,5817985.387
1837,1,500,10,5207,2031,3175,158054.158866973302793,1000000002,0.199061085,0.168638657,0.11806117,0.110543645,0.115461638,0.288233805,4594236.356,5817998.736
1838,1,500,10,3627,325,3302,640000.000000000000000,1000000007,0.091196904,0.018437077,0.091448786,0.298790769,0.155743461,0.344383003,4592450,5817000
1839,1,500,10,5001,3113,1888,785707.917862521484494,1000000007,0.244609082,0.06918627,0.002812621,0.202397755,0.141122699,0.339871573,4593286.342,5817108.143
1840,1,500,10,5108,4284,823,1119993.523466917918995,1000000007,0.000621338,0,0,0.052905643,0.467896344,0.478576674,4592135.719,5816000.003
1841,1,500,10,3955,1173,2781,640000.000000000000000,1000000007,0.157811278,0.007239118,0.012107375,0.418992884,0.042877097,0.360972248,4593250,5816200
1842,1,500,10,5252,4272,980,781708.419459430850111,1000000007,0.351754382,0.18268331,0.001650442,0.007968635,0.087298021,0.368645211,4594013.809,5817104.624
1843,1,500,10,3638,1095,2542,1734404.948033021762967,1000000007,4.24102E-06,0.228549388,0,0,0.632588382,0.138857989,4595072.637,5817154.973
1844,1,500,10,392,386,5,160000.000000000000000,1000000007,0.556151917,0.006053146,0,4.71211E-05,0,0.437747816,4593850,5816400
1845,1,500,10,1222,1169,52,160000.000000000000000,1000000007,0.286785056,0,0,0.0360716,0.422740978,0.254402367,4594250,5816400
1846,1,500,10,2318,1682,635,160000.000000000000000,1000000007,0.129978099,0,0.000145975,0.412013102,0.036502444,0.42136038,4593850,5816000
1847,1,500,10,1760,1347,412,160000.000000000000000,1000000007,0.252613323,0.018642685,0.052785338,0.120514319,0.054704606,0.500739728,4594250,5816000
1848,1,500,10,3679,3301,378,640000.000000000000000,1000000007,0.028010268,0.003278931,0.008287846,0.040244372,0.839680915,0.080497669,4594850,5816200
1849,1,500,10,3256,2093,1163,160000.000000000000000,1000000002,0.278797007,0.299130952,0.000738851,0.023915993,0.110650255,0.286766943,4595450,5818800
1850,1,500,10,3293,2139,1153,160000.000000000000000,1000000002,0.187113143,0.407270452,0.004362018,0,0.121606219,0.279648169,4595850,5818800
1851,1,500,10,4912,6,4905,778607.358316252357326,1000000002,0.076717546,0.057361946,0.013135638,0.006156771,6.73428E-07,0.846627427,4595213.192,5818041.587
1852,1,500,10,2649,933,1716,159452.573579349584179,1000000002,0.358038116,0.113051366,0.102719959,0.01123176,0.122510926,0.292447873,4595853.233,5818400.36
1853,1,500,10,4622,4281,340,160000.000000000000000,1000000002,0.44606168,0.12307207,0.000544708,0,0.064525687,0.365795855,4596250,5818800
1854,1,500,10,3287,2419,867,88912.711327609940781,1000000002,0.424160128,0.175364748,0.049613838,0.031480123,0.010767412,0.308613751,4596566.146,5818775.498
1855,1,500,10,3560,461,3098,187238.548702058644267,1000000002,0.46995915,0.047030952,0.118207216,0.074612967,0.01699674,0.273192975,4596255.51,5818365.419
1856,1,500,10,3222,710,2511,148473.692533814406488,1000000002,0.405794318,0.023593375,0.163532683,0.029907534,0.079339814,0.297832276,4596636.97,5818390.656
1857,1,500,10,2883,1648,1234,549418.161522381007671,1000000008,0.093618033,0.051571286,0.010011931,0.059322785,0.734298507,0.051177459,4596432.1,5817745.523
1858,1,500,10,5029,3854,1175,1445376.272521077189595,1000000008,0.016133174,0.011861434,0.001837826,0.000104123,0.180676626,0.789386818,4596325.389,5816948.627
1859,1,500,10,2520,2173,347,105228.951225139375310,1000000008,0.475534009,0.015108826,0,0.006742392,0.008579223,0.49403555,4596824.533,5818773.633
1860,1,500,10,4916,3434,1481,211584.834535817557480,1000000008,0.147825887,0.006672336,0.02382633,0.002123771,0.00450327,0.815048407,4597047.823,5818480.175
1861,1,500,10,5320,3295,2024,114373.987653387855971,1000000002,0.148515888,0.029599966,0.062941958,0.006241122,0.037407723,0.715293342,4596873.303,5819051.207
1862,1,500,10,5230,3193,2036,115219.801523673449992,1000000002,0.192334045,0.174059357,0,0.090993571,0.03973891,0.502874116,4597273.292,5818850.115
1863,1,500,10,2543,1976,566,87504.213363718808978,1000000002,0.531443137,0.002755623,0.033559254,0.046834472,0.066341482,0.319066033,4597553.778,5818780.303
1864,1,500,10,5019,4290,729,164815.920885763742262,1000000008,0.009631066,0,0.013485806,0.030318025,0.001669864,0.94489524,4597433.96,5818409.995
1865,1,500,10,2852,176,2675,75045.914231363218278,1000000002,0.01606331,0,4.26248E-07,0,0,0.983936264,4596706.138,5818128.777
1866,1,500,10,2300,2234,65,78486.231132601096760,1000000008,0.166324951,0.035658066,9.76233E-07,0.017264095,0.448725005,0.332026907,4597808.102,5818311.303
1867,1,500,10,4933,4799,134,148669.471457766368985,1000000009,0.488914806,0.02499272,0.086756071,0.025890866,0.096370123,0.277075414,4598157.601,5818384.714
1868,1,500,10,4574,4316,257,143020.807040046172915,1000000009,0.198337773,0.040748326,0.061709334,0,0.03913227,0.660072297,4598304.752,5818675.661
1869,1,500,10,4085,3678,407,165078.439323725469876,1000000008,0.209045179,0,0,0,0,0.790954821,4598255.732,5818009.159
1870,1,500,10,4682,1731,2951,206929.922123144729994,1000000002,0.334146902,0.029334538,0.058799169,0.102728874,0.144915652,0.330074864,4597842.377,5818736.215
1871,1,500,10,932,908,23,40000.000000000000000,1000000008,0.613479482,0.076548006,0,0,0.034426441,0.275546071,4597350,5818100
1872,1,500,10,1328,1135,193,40000.000000000000000,1000000008,0.219520422,0.58848589,0,0.022024713,0.015795137,0.154173837,4597550,5818100
1873,1,500,10,5445,4338,1107,193477.804480640421389,1000000008,0.160115071,0.032433309,0.014273991,0,0,0.793177629,4597117.839,5817974.382
1874,1,500,10,1162,849,312,40000.000000000000000,1000000008,0.580923336,0,0.088038882,0.029037617,0,0.302000165,4597550,5817900
1875,1,500,10,4313,3655,657,160000.000000000000000,1000000008,0.399365383,0.094691612,0.038924068,0.00964679,0.00146781,0.455904337,4597050,5817600
1876,1,500,10,3584,1924,1659,160000.000000000000000,1000000008,0.451043696,0.077299763,0.106434546,0.069883721,0.012283961,0.283054314,4597450,5817600
1877,1,500,10,4963,3937,1026,160000.000000000000000,1000000008,0.511890117,0.036583337,0.068376628,0.026655015,0.069369973,0.28712493,4597850,5818000
1878,1,500,10,3023,2541,482,160000.000000000000000,1000000008,0.51043055,0.138531387,0.019779984,0.019632798,0.002934692,0.308690589,4597850,5817600
1879,1,500,10,3783,3475,307,160000.000000000000000,1000000008,0.494103596,0.010334804,0.020990485,0.011702497,0.161813224,0.301055394,4598250,5817600
1880,1,500,10,1213,956,256,40000.000000000000000,1000000008,0.442502105,0.056745964,0.069621405,0.000330883,0.050166936,0.380632706,4596950,5817300
1881,1,500,10,1141,982,159,40000.000000000000000,1000000008,0.480863254,0.104302534,0.040166549,0,0.085598778,0.289068885,4597150,5817300
1882,1,500,10,1528,910,617,40000.000000000000000,1000000008,0.423002736,0.027522039,0.151967429,0.150347376,0,0.24716042,4596950,5817100
1883,1,500,10,1558,1252,305,40000.000000000000000,1000000008,0.148100358,0.29417331,0,0.260826183,0,0.296900149,4597150,5817100
1884,1,500,10,3045,1893,1151,160000.000000000000000,1000000008,0.417095208,0.073281886,0.024743778,0.21798429,0,0.266894838,4597450,5817200
1885,1,500,10,2746,1425,1320,160000.000000000000000,1000000008,0.531088324,0.003258018,0.097731188,0.021882333,0,0.346040137,4597050,5816800
1886,1,500,10,2698,2110,587,160000.000000000000000,1000000008,0.338395781,0.197535091,0.023484078,0.008272771,0.082204992,0.350107286,4597450,5816800
1887,1,500,10,1903,729,1174,160000.000000000000000,1000000008,0.426486788,0.046519809,0.058067383,0.117245543,0.036349839,0.315330638,4597850,5817200
1888,1,500,10,2455,2032,422,160000.000000000000000,1000000008,0.58992968,0.038962807,0.030410731,0,0.028698746,0.311998037,4598250,5817200
1889,1,500,10,2797,1660,1136,160000.000000000000000,1000000008,0.410353578,0.082785395,0.071924503,0.033449596,0.188890745,0.212596183,4597850,5816800
1890,1,500,10,3779,2804,974,160000.000000000000000,1000000008,0.374797129,0.097541869,0.060220201,0.034574544,0.168626527,0.26423973,4598250,5816800
1891,1,500,10,2661,2491,169,160000.000000000000000,1000000008,0.233681165,0.034097978,0.00966753,0,0.233518187,0.489035141,4597050,5816400
1892,1,500,10,2863,2827,36,160000.000000000000000,1000000008,0.404633501,0.03080279,0,0,0.00096384,0.56359987,4597450,5816400
1893,1,500,10,2488,1863,624,160000.000000000000000,1000000008,0.40691853,0.072666526,0.02787732,0.061909313,0.01197527,0.41865304,4597450,5816000
1894,1,500,10,2996,2249,746,160000.000000000000000,1000000008,0.270352275,0.071743239,0.040774448,0.037194308,0.302956584,0.276979144,4597850,5816400
1895,1,500,10,2184,1032,1152,160000.000000000000000,1000000008,0.432231353,0.12176931,0.071271343,0.037100882,0,0.337627113,4598250,5816400
1896,1,500,10,2655,2252,402,160000.000000000000000,1000000008,0.352523199,0.070524704,0.01618914,0.033895218,0.012128477,0.514739262,4597850,5816000
1897,1,500,10,2866,716,2150,160000.000000000000000,1000000008,0.114284287,0.043704047,0.045399051,0.459153611,0,0.337459003,4598250,5816000
1898,1,500,10,5183,1477,3706,110425.123141528732958,1000000002,0.039537063,0.038930542,0.288631473,0,0,0.632900921,4598599.091,5822224.904
1899,1,500,10,952,334,617,40000.000000000000000,1000000002,0.089454868,0.096096739,0.18452421,0,0.208555644,0.421368538,4598550,5821900
1900,1,500,10,4614,1208,3406,115477.002052576892311,1000000002,0.225623594,0.041129789,0.304132454,0,0,0.429114163,4598809.706,5821971.35
1901,1,500,10,1823,383,1440,40000.000000000000000,1000000002,0.201400813,0.176623277,0.291621998,0.117086111,0.005095204,0.208172597,4598550,5821700
1902,1,500,10,1707,588,1118,40000.000000000000000,1000000002,0.153650805,0,0.315021959,0.048867381,5.37395E-05,0.482406115,4598750,5821700
1903,1,500,10,1459,672,786,40000.000000000000000,1000000002,0.391194983,0.075405067,0.007822099,0.207631171,0.075721646,0.242225033,4598550,5821500
1904,1,500,10,1894,786,1107,40000.000000000000000,1000000002,0.060233043,0.197243499,0.1246237,0.168104605,0.04984722,0.399947933,4598750,5821500
1905,1,500,10,4117,1805,2311,160000.000000000000000,1000000002,0.350751382,0.164907147,0.099540888,0.048409982,0.141485027,0.194905574,4599050,5821600
1906,1,500,10,2227,2142,84,124522.997947423180449,1000000003,0.43559428,0.075913588,0.006428907,0.115851705,0.165890457,0.200321062,4599080.103,5822026.569
1907,1,500,10,2495,2264,230,57004.065809421190352,1000000003,0.038876442,3.40399E-06,0.122503352,0.420734999,0.016167443,0.40171436,4599808.36,5821910.691
1908,1,500,10,3436,1658,1778,75365.982139054583968,1000000002,0.141860428,0.089152983,0.230118801,0.016080851,0.161572656,0.361214282,4599348.432,5821588.586
1909,1,500,10,4904,2298,2606,77430.651426769079990,1000000002,0.215469893,0.036843959,0.394681933,0.008682821,0.016671371,0.327650022,4599551.324,5821593.678
1910,1,500,10,5431,4821,610,229098.041756433172850,1000000003,0,0.005709884,0.034053198,0.044385648,0.11205242,0.80379885,4599490.874,5822032.511
1911,1,500,10,3865,1974,1891,93877.856561616790714,1000000002,0.226430576,0.079609505,0.126261884,0.100065194,0.017730308,0.449902532,4599860.058,5821717.805
1912,1,500,10,1753,996,756,40000.000000000000000,1000000002,0.261264749,0.081619149,0.184737716,0.042181659,0.086867392,0.343329335,4599750,5821500
1913,1,500,10,1786,1006,780,40000.000000000000000,1000000002,0.415110784,0.052545635,0.158048648,0.076118681,0.050873649,0.247302602,4599950,5821500
1914,1,500,10,925,684,241,40000.000000000000000,1000000002,0.252646887,0.012234665,0.08052521,0.000402098,0.126174877,0.528016264,4598550,5821300
1915,1,500,10,1235,869,366,40000.000000000000000,1000000002,0.133621475,0,0.109080799,0.008418366,0.141447212,0.607432147,4598750,5821300
1916,1,500,10,1289,768,521,40000.000000000000000,1000000002,0.377098266,0.348388029,0.08871239,0.007935346,0.000499119,0.17736685,4598550,5821100
1917,1,500,10,2305,1140,1164,40000.000000000000000,1000000002,0.272465468,0,0.35979809,0.017331616,0.0002133,0.350191526,4598750,5821100
1918,1,500,10,1567,691,875,40000.000000000000000,1000000002,0.181480213,0.012282666,0.276181427,0.0058201,0.166104805,0.35813079,4598950,5821300
1919,1,500,10,1559,777,782,40000.000000000000000,1000000002,0.231820977,0,0.216936998,0.037181198,0.107302024,0.406758804,4599150,5821300
1920,1,500,10,2931,1251,1679,40000.000000000000000,1000000002,0.014551461,0.294199733,0.494385579,0,0.057092975,0.139770251,4598950,5821100
1921,1,500,10,2677,1210,1466,40000.000000000000000,1000000002,0.255107837,0.091614656,0.368521426,0.073405745,0.007902531,0.203447807,4599150,5821100
1922,1,500,10,2319,425,1893,40000.000000000000000,1000000002,0.242674256,0,0.465465446,0.138963271,0.001504036,0.151392992,4598550,5820900
1923,1,500,10,1917,242,1675,40000.000000000000000,1000000002,0.105271272,0,0.491596688,0.051384757,0,0.351747283,4598750,5820900
1924,1,500,10,1460,0,1460,40000.000000000000000,1000000002,0.250537428,0,0.431095653,0.043796048,0.015241594,0.259329276,4598550,5820700
1925,1,500,10,1575,0,1575,40000.000000000000000,1000000002,0.225211783,0,0.478821413,0.037103352,0,0.258863452,4598750,5820700
1926,1,500,10,2622,578,2043,40000.000000000000000,1000000002,0.057750334,0,0.640925761,0.027837962,0.043510717,0.229975226,4598950,5820900
1927,1,500,10,2516,1067,1448,40000.000000000000000,1000000002,0.181224818,0.023282479,0.425519486,0.040134565,0,0.329838652,4599150,5820900
1928,1,500,10,1920,0,1920,40000.000000000000000,1000000002,0.08656545,0,0.501314228,0.111659025,0.006620007,0.29384129,4598950,5820700
1929,1,500,10,1316,0,1316,40000.000000000000000,1000000002,0.106311956,0,0.373572461,0.048989672,0.169797798,0.301328113,4599150,5820700
1930,1,500,10,2745,742,2003,40000.000000000000000,1000000002,0.037255299,0,0.666248814,5.88374E-05,0,0.29643705,4599350,5821300
1931,1,500,10,2370,691,1679,40000.000000000000000,1000000002,0.184193451,0.020837737,0.489001007,0.056482957,0,0.249484847,4599550,5821300
1932,1,500,10,1364,736,627,40000.000000000000000,1000000002,0.330394875,0.030835824,0.210993078,0,0.019799993,0.407976231,4599350,5821100
1933,1,500,10,1423,703,719,40000.000000000000000,1000000002,0.414756713,0.011934017,0.227268183,0.007905115,0,0.338135972,4599550,5821100
1934,1,500,10,2968,752,2215,40000.000000000000000,1000000002,0.131305297,0,0.407396776,0.274358959,6.58469E-08,0.186938903,4599750,5821300
1935,1,500,10,1948,1102,845,40000.000000000000000,1000000002,0.392227363,0.028706159,0.268622599,0.018810083,0.038446002,0.253187794,4599950,5821300
1936,1,500,10,2275,1014,1260,40000.000000000000000,1000000002,0.142165832,0.106636732,0.309072013,0.079683407,0.048265527,0.314176488,4599750,5821100
1937,1,500,10,1766,837,928,40000.000000000000000,1000000002,0.293596232,0.021951859,0.301661917,0,0,0.382789993,4599950,5821100
1938,1,500,10,2158,1019,1139,40000.000000000000000,1000000002,0.231706536,0,0.320657505,0.04712195,0,0.400514009,4599350,5820900
1939,1,500,10,1789,1169,620,40000.000000000000000,1000000002,0.403786755,0.103600459,0.161560784,0.013487996,0.013737816,0.303826191,4599550,5820900
1940,1,500,10,1401,175,1226,40000.000000000000000,1000000002,0.115808822,0.006066626,0.401961976,0.012446608,0.055601276,0.408114693,4599350,5820700
1941,1,500,10,1596,804,792,40000.000000000000000,1000000002,0.237319658,0,0.257100976,0.007055431,0.088752609,0.409771326,4599550,5820700
1942,1,500,10,1519,561,958,40000.000000000000000,1000000002,0.301958565,0.033576313,0.304294251,0,0.011406975,0.348763896,4599750,5820900
1943,1,500,10,5126,1992,3133,185921.352448678342625,1000000002,0.126897927,0.020387147,0.076370396,0,0.006476232,0.769868299,4600124.527,5820895.726
1944,1,500,10,1840,947,892,40000.000000000000000,1000000002,0.328889079,0,0.291307173,0.000202318,0.026460712,0.353140718,4599750,5820700
1945,1,500,10,1798,1123,675,40000.000000000000000,1000000002,0.262565993,0.002062567,0.228752257,0.001294188,0.245966792,0.259358203,4599950,5820700
1946,1,500,10,4927,4028,898,364886.047265787143260,1000000011,0.277638083,0.169525497,0.034075538,0.047646506,0.135944942,0.335169434,4600390.733,5822009.445
1947,1,500,10,2790,1662,1127,160000.000000000000000,1000000011,0.238449198,0.013796896,0.007764983,0.550208908,0.015567193,0.174212822,4601050,5822000
1948,1,500,10,2713,1707,1006,160000.000000000000000,1000000011,0.071542189,0.130935897,0.049340783,0.377359063,0.211741556,0.159080513,4601450,5822000
1949,1,500,10,2887,2710,176,160000.000000000000000,1000000011,0.374786783,0.191657115,0.000905155,0.017997104,0.220008924,0.19464492,4601450,5821600
1950,1,500,10,5030,3800,1230,114935.044777655668440,1000000002,0.000310466,0.028010356,0.088846984,0.043490344,0.019097678,0.820244172,4600165.495,5821422.579
1951,1,500,10,5118,4041,1077,217527.896265455114190,1000000011,0.223831137,0.049763466,0.138216516,0.108139217,0.159835155,0.32021451,4600576.34,5821196.638
1952,1,500,10,4487,3834,652,462184.286931901355274,1000000011,0.035559155,0.018580204,0,0.01563642,0.070102463,0.860121758,4600740.385,5821580.01
1953,1,500,10,1655,1571,83,40000.000000000000000,1000000011,0.280696465,0.360899832,0,0.031812448,0.06171224,0.264879015,4601150,5821300
1954,1,500,10,1899,1590,309,40000.000000000000000,1000000011,0.119768703,0.178624463,0,0.569226097,0.000639526,0.13174121,4600950,5821100
1955,1,500,10,5058,3853,1204,419431.419576309504919,1000000011,0.026759666,0.054774213,0,0.007492731,0,0.910973389,4600811.247,5820828.273
1956,1,500,10,1141,825,316,160000.000000000000000,1000000011,0.503519966,0.166754412,0.042415083,0.019405877,0.001555459,0.266349204,4601450,5821200
1957,1,500,10,1621,832,788,160000.000000000000000,1000000011,0.116176659,0.062946005,0.064425392,0.254763663,0.010891879,0.490796401,4601450,5820800
1958,1,500,10,1157,83,1074,40000.000000000000000,1000000002,0.174105319,0,0.118026489,0.198647775,0.007420507,0.501799909,4598550,5820500
1959,1,500,10,2051,0,2051,40000.000000000000000,1000000002,0.132974859,0,0.392062214,0.239939485,0,0.235023441,4598750,5820500
1960,1,500,10,508,72,436,40000.000000000000000,1000000002,0,0,0.021644288,0.100231512,0.0933738,0.7847504,4598550,5820300
1961,1,500,10,2175,0,2175,40000.000000000000000,1000000002,0,0,0,0.601495138,0,0.398504862,4598750,5820300
1962,1,500,10,1173,161,1012,40000.000000000000000,1000000002,0.369054863,4.56333E-05,0.337210078,0.001175854,0.015500671,0.277012901,4598950,5820500
1963,1,500,10,996,7,988,40000.000000000000000,1000000002,0.148295379,0.22106263,0.288049422,0,0.000110579,0.342481989,4599150,5820500
1964,1,500,10,3527,905,2621,40000.000000000000000,1000000002,0.054744467,0,0.00921011,0.721159692,0.004941614,0.209944116,4598950,5820300
1965,1,500,10,1325,300,1025,40000.000000000000000,1000000002,0.006153348,0.260134,0.076497844,0.170593281,0.199912237,0.286709289,4599150,5820300
1966,1,500,10,659,0,659,40000.000000000000000,1000000002,0,0,0.094796059,0.111631981,0,0.79357196,4598550,5820100
1967,1,500,10,1339,113,1225,40000.000000000000000,1000000002,0,0,0.092404526,0.260357006,0,0.647238468,4598750,5820100
1968,1,500,10,2378,22,2356,40000.000000000000000,1000000002,0,0.105995993,0,0.634907,0.008761296,0.250335712,4598550,5819900
1969,1,500,10,1291,6,1285,40000.000000000000000,1000000002,0.251942176,0.005938127,0.193653415,0.197381368,0.033933371,0.317151544,4598750,5819900
1970,1,500,10,1403,436,966,40000.000000000000000,1000000002,0,0.009677344,0.108789416,0.176846939,0,0.704686301,4598950,5820100
1971,1,500,10,2201,784,1416,40000.000000000000000,1000000002,0,0,0.044214972,0.353196885,0,0.602588143,4599150,5820100
1972,1,500,10,825,0,825,40000.000000000000000,1000000002,0.03984521,0.271875198,0.129312357,0.067436169,0.196241231,0.295289835,4598950,5819900
1973,1,500,10,1781,81,1700,40000.000000000000000,1000000002,0,0.187784756,0.008261302,0.421562024,0.255189228,0.127202691,4599150,5819900
1974,1,500,10,3224,13,3211,160000.000000000000000,1000000002,0.313316987,0.105305948,0.202374933,0.033030901,0.051248031,0.294723201,4599450,5820400
1975,1,500,10,1191,580,610,40000.000000000000000,1000000002,0.460341615,0.001863789,0.042864504,0.13735849,0.003199006,0.354372596,4599750,5820500
1976,1,500,10,5101,1097,4004,121012.355719190818490,1000000002,0.094608769,0,0.147098871,0.176420898,0.140270161,0.4416013,4600006.739,5820421.788
1977,1,500,10,772,0,772,40000.000000000000000,1000000002,0.381455045,0.015982753,0.129736132,0.10399521,0.030486274,0.338344586,4599750,5820300
1978,1,500,10,1104,57,1046,40000.000000000000000,1000000002,0.133516827,0,0,0.286224169,0,0.580259004,4599350,5820100
1979,1,500,10,336,6,330,40000.000000000000000,1000000002,0.249882309,0,0.112189828,0.001651123,0.068953905,0.567322835,4599550,5820100
1980,1,500,10,3007,724,2283,40000.000000000000000,1000000002,0,0,0,0.634804664,0.176980951,0.188214386,4599350,5819900
1981,1,500,10,5264,1546,3718,162542.906674843601650,1000000002,0,0,0.02308117,0.114011884,0.0271577,0.835749246,4599742.863,5819986.623
1982,1,500,10,3927,362,3565,160000.000000000000000,1000000002,0.104992833,0.030801077,0.034000742,0.209602247,0.011521176,0.609081925,4598650,5819600
1983,1,500,10,4719,905,3813,237200.209465800871840,1000000002,0.243024283,0.039832968,0.043140525,0.122659445,0.07895428,0.472388499,4599056.58,5819502.532
1984,1,500,10,4493,708,3784,160000.000000000000000,1000000002,0.229906719,0.1060098,0.093621063,0.165607576,0.193368515,0.211486327,4599450,5819600
1985,1,500,10,3439,339,3100,85030.629487608355703,1000000002,0.027971087,0.019202953,0.128099966,0.292567712,0,0.532158281,4599757.042,5819608.626
1986,1,500,10,2004,35,1968,141862.983570146490820,1000000002,0.145263525,0,0.090112694,0.071106984,0.014445152,0.679071646,4599463.525,5819220.049
1987,1,500,10,3576,3018,557,160000.000000000000000,1000000011,0.255023597,0.096819748,0.038291405,0.176749806,0.087504981,0.345610463,4600650,5820400
1988,1,500,10,1993,1018,974,160000.000000000000000,1000000011,0.017446533,0.006681853,0.157414173,0.189648813,0.096061003,0.532747625,4601050,5820400
1989,1,500,10,3469,3202,267,160000.000000000000000,1000000011,0.244562742,0.01365288,0.039616168,0.051910597,0.014494277,0.635763336,4601450,5820400
1990,1,500,10,4573,2605,1968,796444.737605965696275,1000000011,0.176881077,0.008115217,0.020531936,0.007299122,0.014965399,0.77220725,4600726.956,5820054.156
1991,1,500,10,2988,1343,1645,640000.000000000000000,1000000011,0.206724456,0.122316929,0.015828763,0.13362057,0.193918895,0.327590388,4601250,5819400
1992,1,500,10,3085,1717,1368,160000.000000000000000,1000000011,0,0.006465721,0.03324309,0.630162153,0.009560086,0.32056895,4601850,5822000
1993,1,500,10,1529,1230,298,160000.000000000000000,1000000011,0.036186563,0.000158987,0,0.153002658,0.144731431,0.665920361,4602250,5822000
1994,1,500,10,3308,2728,580,160000.000000000000000,1000000011,0.286501329,0.13363427,0.072751056,0.113613093,0.068533208,0.324967044,4601850,5821600
1995,1,500,10,2347,2313,33,160000.000000000000000,1000000011,0.509500266,0.039042928,0,0.002926109,0.080335889,0.368194809,4602250,5821600
1996,1,500,10,1288,894,393,160000.000000000000000,1000000011,0.432477335,0.149242452,0.051773524,0.045407399,0.025869371,0.295229918,4601850,5821200
1997,1,500,10,2178,2139,39,160000.000000000000000,1000000011,0.403618383,0.003133811,0,0.017237359,0.027303233,0.548707214,4602250,5821200
1998,1,500,10,3148,2834,313,160000.000000000000000,1000000011,0.15025154,0.039232856,0.064395853,0.021017275,0.000245444,0.724857032,4601850,5820800
1999,1,500,10,3945,3384,561,160000.000000000000000,1000000011,0.397396228,0.030419982,0.117257201,0.050005455,0.017162748,0.387758385,4602250,5820800
2000,1,500,10,2972,2923,48,160000.000000000000000,1000000011,0.150932072,0,0.000563031,0.02170326,0.072289496,0.754512141,4602650,5821200
2001,1,500,10,2170,1795,375,160000.000000000000000,1000000011,0.381652889,0.056003881,0.063757097,0.044073004,0.122469896,0.332043232,4602650,5820800
2002,1,500,10,2976,2878,98,160000.000000000000000,1000000011,0.330262436,0.034747642,0,0.036578224,0.153568266,0.444843432,4603050,5820800
2003,1,500,10,2663,2587,75,149664.554013512795791,1000000011,0.210765201,0,0,0.038618013,0.374151388,0.376465398,4603037.844,5821194.172
2004,1,500,10,5137,2090,3047,1217604.451729263877496,1000000011,0.048458933,0.016653576,0.000340229,0.030823537,0.200378796,0.703344929,4602830.617,5822196.082
2005,1,500,10,1702,4,1698,160000.000000000000000,1000000010,0,0,0.027320482,0.84941236,0,0.123267158,4603450,5822000
2006,1,500,10,4176,2540,1636,412091.014587063575163,1000000010,0.405398346,0,0.05322145,0.157860124,0.078604909,0.30491517,4603849.939,5821684.884
2007,1,500,10,4253,1849,2404,289577.001286142680328,1000000010,0,0.016180352,0.070405562,0.447864146,0,0.46554994,4603421.027,5821503.672
2008,1,500,10,3843,2250,1593,640000.000000000000000,1000000010,0.307852127,0.018804022,0.001639304,0.205430083,0.117621489,0.348652974,4604450,5821800
2009,1,500,10,4762,4512,249,228176.150808710284764,1000000011,0.275367413,0.011078396,0.027774312,0.030078683,0.184020413,0.471680783,4603450.456,5820885.245
2010,1,500,10,5374,4520,853,1097338.163956973934546,1000000011,0.037946821,0.09716014,3.71108E-05,0.001103887,0.011910932,0.851841109,4603838.641,5820282.367
2011,1,500,10,1078,257,820,288602.129936166049447,1000000011,0.126673884,0.067807449,0,0.012128148,0.041521482,0.751869036,4604156.702,5820924.852
2012,1,500,10,3262,2265,996,419306.855476770433597,1000000010,0.031317417,0,0,0.173252777,0.050405785,0.745024021,4604554.759,5821065.473
2013,1,500,10,2912,2743,169,160000.000000000000000,1000000011,0.65469589,0.006619662,0.023255933,0.038498717,0.017884775,0.259045023,4601850,5820400
2014,1,500,10,2235,2066,168,160000.000000000000000,1000000011,0.596700662,0.003748953,0.034917096,0.014426685,0.10390508,0.246301525,4602250,5820400
2015,1,500,10,2262,1939,323,160000.000000000000000,1000000011,0.560583627,0.057051442,0.04853029,0.046290146,0.028918194,0.2586263,4601850,5820000
2016,1,500,10,1350,1297,52,160000.000000000000000,1000000011,0.362845994,0.069199537,0,0.001349611,0.374237034,0.192367825,4602250,5820000
2017,1,500,10,2023,1793,229,160000.000000000000000,1000000011,0.494511149,0.090990826,0.02009339,0.045637924,0.11063874,0.238127972,4602650,5820400
2018,1,500,10,1327,951,375,160000.000000000000000,1000000011,0.348516895,0.159653539,0.047909275,0.042323692,0.115957142,0.285639456,4603050,5820400
2019,1,500,10,2173,1934,238,160000.000000000000000,1000000011,0.496239658,0.133898063,0.010954932,0.048900549,0.075604984,0.234401814,4602650,5820000
2020,1,500,10,1203,960,243,160000.000000000000000,1000000011,0.259230767,0.046189336,0,0.10537855,0.282110113,0.307091234,4603050,5820000
2021,1,500,10,4863,3799,1063,640000.000000000000000,1000000011,0.395082893,0.095380245,0.010522059,0.078491068,0.216803444,0.20372029,4602050,5819400
2022,1,500,10,2609,2433,176,160000.000000000000000,1000000011,0.493386918,0.0692973,0,0.065539699,0.14144073,0.230335352,4602650,5819600
2023,1,500,10,2627,2497,129,160000.000000000000000,1000000011,0.162783642,0.117142436,0,0.021641286,0.326286653,0.372145982,4603050,5819600
2024,1,500,10,2421,2210,211,160000.000000000000000,1000000011,0.570764666,0.209032046,0.006847837,0.015184246,0.012619193,0.185552012,4602650,5819200
2025,1,500,10,3240,2937,302,160000.000000000000000,1000000011,0.213573886,0.158256167,0.005931022,0.083862792,0.333026286,0.205349847,4603050,5819200
2026,1,500,10,4832,4086,746,640000.000000000000000,1000000011,0.154505239,0.029694526,0.005161163,0.074102048,0.505552852,0.230984172,4603650,5819400
2027,1,500,10,3485,3028,456,242799.790534199128160,1000000009,0.144361937,0.194192775,0.034915907,0.142060294,0.027478977,0.45699011,4599043.572,5818904.445
2028,1,500,10,4373,3523,850,291094.567783315491397,1000000009,0.115676634,0.095099194,0.127836234,0.066662295,0.015930463,0.57879518,4599047.228,5818234.589
2029,1,500,10,5394,4863,530,228699.294807153841248,1000000009,0.030061165,0.198696668,0.00653707,0.217944466,0.24302871,0.30373192,4598667.984,5818893.691
2030,1,500,10,3895,594,3300,91300.705192846129648,1000000002,0,0,0,0,3.06566E-07,0.999999693,4598604.953,5819266.295
2031,1,500,10,4818,3722,1095,160000.000000000000000,1000000008,0.148594814,0.08380119,0,0.300402813,0.159510568,0.307690615,4598650,5817600
2032,1,500,10,4923,2673,2250,389515.121184429386631,1000000008,0.302235143,0.023290015,0.012115648,0.204067348,0.101775313,0.356516533,4599002.775,5817708.866
2033,1,500,10,4872,4555,316,208692.213326755387243,1000000009,0.062390785,0,0.017351874,0.094752548,0.071503189,0.754001604,4598670.006,5818331.295
2034,1,500,10,3550,3307,243,511209.948535610921681,1000000009,0.038626429,0.046486782,2.98641E-06,0.076624876,0.620609026,0.217649901,4599589.313,5818542.893
2035,1,500,10,4515,3887,628,639778.408277550828643,1000000009,0.154516149,0.080569104,0.037894943,0.090817782,0.295390002,0.34081202,4599724.436,5817758.552
2036,1,500,10,4661,595,4065,324654.565641188586596,1000000002,0.100974494,0.00924594,0,0,0.029815682,0.859963884,4599842.974,5819056.532
2037,1,500,10,4283,2654,1628,601113.286529979202896,1000000011,0.01831337,0,0,0,0.037586533,0.944100097,4600475.202,5819440.241
2038,1,500,10,4380,4049,331,762455.044456333387643,1000000009,0.077284516,0.119153035,0.007109461,0.016131725,0.524850309,0.255470954,4600409.171,5817892.768
2039,1,500,10,3438,533,2905,791442.267061450285837,1000000002,0.106733722,0.021578666,0.00749711,0.013492777,0.086031496,0.764666229,4600567.03,5818662.811
2040,1,500,10,3404,2665,738,160000.000000000000000,1000000008,0.351363787,0.052561693,0.004891883,0.183316471,0.09079936,0.317066805,4598650,5817200
2041,1,500,10,3813,2377,1435,160000.000000000000000,1000000008,0.053083783,0.127407329,0,0.387172458,0.009395662,0.422940767,4599050,5817200
2042,1,500,10,3334,2452,881,160000.000000000000000,1000000008,0.39732502,0.090697019,0.038259558,0.084136045,0.142005555,0.247576803,4598650,5816800
2043,1,500,10,2495,991,1503,160000.000000000000000,1000000008,0.100793624,0.014648863,0.003942323,0.434193957,0.072201726,0.374219508,4599050,5816800
2044,1,500,10,4145,2539,1605,527412.216934331110679,1000000008,0.152076044,0.031735173,0.00414966,0.118595868,0.616353812,0.077089443,4599589.002,5816967.715
2045,1,500,10,618,11,607,160000.000000000000000,1000000008,0.391820019,0.118690119,0.02441684,0.051399227,0.029370348,0.384303448,4598650,5816400
2046,1,500,10,1634,53,1581,160000.000000000000000,1000000008,0.102543164,0.001232098,0.024030345,0.379663133,0,0.49253126,4599050,5816400
2047,1,500,10,2639,254,2385,160000.000000000000000,1000000008,0,0.01333059,0.004646238,0.696062716,0,0.285960456,4598650,5816000
2048,1,500,10,2498,0,2498,160000.000000000000000,1000000008,0,0,0.043046977,0.587772746,0.008494944,0.360685332,4599050,5816000
2049,1,500,10,5050,4918,132,807310.967438236693852,1000000009,0.338929319,0.02149936,0,0.021561363,0.359442737,0.25856722,4600404.02,5816890.418
2050,1,500,10,2635,2624,10,160000.000000000000000,1000000009,0.215995898,0.025662098,0,0,0.04903143,0.709310574,4601050,5817200
2051,1,500,10,2964,2897,67,717701.221351000596769,1000000009,0,0,0,0,0.033292225,0.966707775,4601273.882,5817637.948
2052,1,500,10,603,509,94,160000.000000000000000,1000000009,0.411087367,0.22123462,0,0.000315491,0.057454662,0.30990786,4601050,5816800
2053,1,500,10,5053,2918,2135,1545008.692050224635750,1000000009,0.001737778,1.74884E-05,0,0,0.010716234,0.987528499,4601961.058,5816696.203
2054,1,500,10,2310,2157,153,160000.000000000000000,1000000009,0.255397105,0.007258772,0.039040757,0.120438802,0.193542213,0.38432235,4600650,5816400
2055,1,500,10,4885,1334,3550,656196.505055380985141,1000000008,0.013998925,0,0,0,0.069225756,0.916775319,4599662.046,5816199.724
2056,1,500,10,5003,4905,97,195481.246172918064985,1000000009,0.538700611,0.170398063,0.000278581,0.002184038,0.126570083,0.161868625,4600598.384,5816019.888
2057,1,500,10,2778,2757,20,160000.000000000000000,1000000009,0.097691236,0.04157251,0.002179509,0.000732778,0.566441962,0.291382004,4601050,5816400
2058,1,500,10,3670,3663,7,160000.000000000000000,1000000009,0.188368184,0.006251076,0,0.005397928,0.241628515,0.558354298,4601450,5816400
2059,1,500,10,2934,2852,82,160000.000000000000000,1000000009,0.429713043,0.089445462,0.0345143,0,0.151396,0.294931195,4601050,5816000
2060,1,500,10,2238,2225,13,160000.000000000000000,1000000009,0.457257923,0,0.006113427,0.007525218,0.044468124,0.484635308,4601450,5816000
2061,1,500,10,5128,173,4954,1117743.185693982755765,1000000011,0.025392477,0.005726432,0.004809629,0.226877964,0.068714135,0.668479363,4601736.222,5818632.523
2062,1,500,10,2198,1386,811,640000.000000000000000,1000000011,0.325872732,0.019460876,0.041252261,0.016426753,0.214162061,0.382825318,4602850,5818600
2063,1,500,10,4667,66,4600,546065.254867404117249,1000000011,0.023337431,0,0.088267658,0.505805917,0.075724068,0.306864926,4602033.679,5817901.637
2064,1,500,10,1156,9,1147,160000.000000000000000,1000000011,0.003433194,0,0.08644997,0.41652892,0.127091657,0.366496259,4602650,5818000
2065,1,500,10,959,790,169,160000.000000000000000,1000000011,0.359471259,0.003742151,0.033596355,0.021175514,0.113634392,0.46838033,4603050,5818000
2066,1,500,10,2637,371,2266,160000.000000000000000,1000000011,0.136521638,0.019408036,0.553987292,0.078676585,0.015769201,0.195637249,4602650,5817600
2067,1,500,10,1633,1343,290,160000.000000000000000,1000000011,0.520492936,0.087050742,0.052198611,0.015309788,0.145523886,0.179424036,4603050,5817600
2068,1,500,10,2352,2078,273,160000.000000000000000,1000000011,0.217788152,0.363390037,0,0.002923955,0.246432708,0.169465148,4603450,5818800
2069,1,500,10,2195,1839,355,160000.000000000000000,1000000011,0.504193088,0.152159266,0.061465759,0.00350909,0.022717975,0.255954822,4603850,5818800
2070,1,500,10,2170,1970,199,160000.000000000000000,1000000011,0.585119593,0.17016156,0.011028992,0.011914738,0.047923317,0.1738518,4603450,5818400
2071,1,500,10,2674,2138,536,160000.000000000000000,1000000011,0.566834651,0.022780863,0.135480728,0.003601646,0.017106031,0.254196082,4603850,5818400
2072,1,500,10,3796,2617,1178,640000.000000000000000,1000000011,0.56448965,0.130309736,0.037982343,0.027493893,0.033939496,0.205784883,4604450,5818600
2073,1,500,10,1439,954,485,160000.000000000000000,1000000011,0.593637434,0.028709287,0.114030767,0.009855835,0,0.253766677,4603450,5818000
2074,1,500,10,1744,1028,716,160000.000000000000000,1000000011,0.508001884,0.050936854,0.170643931,0.013326415,0.000907901,0.256183015,4603850,5818000
2075,1,500,10,1721,872,848,160000.000000000000000,1000000011,0.360848694,0.022231212,0.198189651,0.04542205,0,0.373308394,4603450,5817600
2076,1,500,10,1699,810,889,160000.000000000000000,1000000011,0.285660169,0.01144249,0.186382207,0.087029819,0.029352324,0.400132991,4603850,5817600
2077,1,500,10,3090,2341,748,160000.000000000000000,1000000011,0.533346501,0.060097608,0.178209758,0.010614374,0.026381459,0.191350299,4604250,5818000
2078,1,500,10,1608,117,1491,160000.000000000000000,1000000011,0.31654859,0.155976115,0.349284837,0.017032996,0.006067425,0.155090037,4604650,5818000
2079,1,500,10,5220,1595,3624,2934753.342774158343673,1000000011,0.04081539,0.013781964,0.009515048,0.020064652,0.083486559,0.832336387,4604189.153,5817174.994
2080,1,500,10,4204,3893,311,494259.176445110468194,1000000009,0,0.032322493,0.06132113,0.006569236,0.080475612,0.819311528,4603384.388,5816440.758
2081,1,500,10,4014,3579,434,542678.912881956202909,1000000009,0.205630293,0.046619472,0.034024166,0.067477585,0.141978994,0.50426949,4602733.942,5816422.039
2082,1,500,10,3590,3518,72,160000.000000000000000,1000000009,0.474014145,0.028422025,0.000838512,0.0729043,0.13327462,0.290546399,4603050,5816000
2083,1,500,10,5209,5205,4,319829.287445411318913,1000000009,0.098405053,0.005021888,0,0,0.822043937,0.074529122,4603649.789,5815999.897
2084,1,500,10,5141,3432,1709,1559177.233077183598652,1000000007,0.073433657,0.006141227,0.001840489,0.074924369,0.442012134,0.401648125,4592309.925,5815055.846
2085,1,500,10,1660,397,1263,160000.000000000000000,1000000007,0.037650729,0,0,0.817760483,0,0.144588788,4593050,5815600
2086,1,500,10,1556,1497,58,160000.000000000000000,1000000007,0.509641805,0,0,0.034418744,0.302944677,0.152994774,4593450,5815600
2087,1,500,10,1826,855,971,160000.000000000000000,1000000007,0.206351495,0.005539948,0,0.632052405,0.00603757,0.150018583,4593050,5815200
2088,1,500,10,1468,1467,0,160000.000000000000000,1000000007,0.701986489,0,0,0.000572507,0.089063632,0.208377372,4593450,5815200
2089,1,500,10,3283,3001,281,640000.000000000000000,1000000007,0.446804004,0.049077623,0.003453195,0.011701251,0.115960247,0.37300368,4593250,5814600
2090,1,500,10,1770,1595,175,160000.000000000000000,1000000007,0.485867835,0.086927667,0.013730558,0.030127333,0.096325916,0.287020692,4593850,5815600
2091,1,500,10,1606,1339,267,160000.000000000000000,1000000007,0.431121708,0.080681656,0.042667763,0.028774779,0.057388174,0.35936592,4594250,5815600
2092,1,500,10,2759,2586,172,160000.000000000000000,1000000007,0.488759875,0.119487646,0.021246163,0.000501601,0.158551171,0.211453543,4593850,5815200
2093,1,500,10,2149,1990,159,160000.000000000000000,1000000007,0.271579229,0.136424565,0.01087321,0.011133039,0.337557063,0.232432895,4594250,5815200
2094,1,500,10,3130,1800,1330,640000.000000000000000,1000000007,0.251181962,0.07576474,0.016465394,0.136729315,0.359878608,0.159979981,4594850,5815400
2095,1,500,10,2225,2012,212,160000.000000000000000,1000000007,0.589559875,0.102387516,0.022573578,0.034022424,0.023395903,0.228060703,4593850,5814800
2096,1,500,10,1903,1408,494,160000.000000000000000,1000000007,0.500548691,0.040006738,0.083718461,0.0922709,0.013101477,0.270353733,4594250,5814800
2097,1,500,10,1621,1208,413,160000.000000000000000,1000000007,0.394671535,0.046035816,0.017519363,0.203499435,0.052970515,0.285303337,4593850,5814400
2098,1,500,10,2292,1442,850,160000.000000000000000,1000000007,0.120110043,0.039650329,0.06688252,0.356712801,0.016421274,0.400223032,4594250,5814400
2099,1,500,10,996,266,729,160000.000000000000000,1000000007,0.152834855,0.484135606,0,0.224988782,0,0.138040758,4594650,5814800
2100,1,500,10,1151,2,1149,160000.000000000000000,1000000007,0.012184481,0,0.043139843,0.641030436,0.063701775,0.239943465,4595050,5814800
2101,1,500,10,1741,572,1169,160000.000000000000000,1000000007,0.008501246,0,0.017101274,0.72105537,0.000135299,0.253206811,4594650,5814400
2102,1,500,10,1249,62,1187,160000.000000000000000,1000000007,0,0,0.000613935,0.767472229,0.012243466,0.21967037,4595050,5814400
2103,1,500,10,5383,3578,1805,893860.700927649508230,1000000007,0.390344836,0.026126853,0.011364488,0.161321944,0.153500112,0.257341767,4593087.809,5813818.343
2104,1,500,10,4093,513,3579,492320.442357738385908,1000000007,0.105319097,0,0.100629876,0.507880387,0.05617791,0.22999273,4593168.254,5813098.671
2105,1,500,10,2321,131,2190,160000.000000000000000,1000000007,0,0,0.317368196,0.640545905,0,0.0420859,4593450,5812800
2106,1,500,10,1488,1406,81,160000.000000000000000,1000000007,0.467526865,0.021604454,0.013112136,0.010160143,0.225793611,0.26180279,4593850,5814000
2107,1,500,10,2212,2027,185,160000.000000000000000,1000000007,0.479978431,0.062022652,0.011036993,0.062578969,0.21237284,0.172010114,4594250,5814000
2108,1,500,10,2164,2097,66,160000.000000000000000,1000000007,0.653806514,0.085336199,0,0,0.111143134,0.149714153,4593850,5813600
2109,1,500,10,1831,1417,414,160000.000000000000000,1000000007,0.556769561,0.101279384,0.075033954,0.035085157,0.005046461,0.226785483,4594250,5813600
2110,1,500,10,1652,1302,349,160000.000000000000000,1000000007,0.201682741,0,0.015892609,0.190622957,0.129088326,0.462713367,4594650,5814000
2111,1,500,10,1440,939,501,160000.000000000000000,1000000007,0.094221524,0,0.039320428,0.227613014,0.589297817,0.049547216,4595050,5814000
2112,1,500,10,1358,1281,76,160000.000000000000000,1000000007,0.537313973,0,0.014660804,0.012769846,0.035703378,0.399551998,4594650,5813600
2113,1,500,10,5110,4378,732,1028723.493513357592747,1000000007,0.122275931,0.03675164,0.007110211,0.006079521,0.068602589,0.759180107,4595678.847,5813779.575
2114,1,500,10,4883,2608,2275,640000.000000000000000,1000000007,0.402419249,0.089214936,0.038199141,0.228188825,0.046976179,0.195001671,4594050,5813000
2115,1,500,10,5439,4788,650,1350126.537920828210190,1000000007,0.145465114,0.025904536,0.005918254,0.009211732,0.191381877,0.622118487,4595294.606,5813007.006
2116,1,500,10,5301,1148,4152,1988998.833282307488844,1000000007,0.091422883,0.011634752,0.020987325,0.164978641,0.561250487,0.149725912,4595890.449,5815726.705
2117,1,500,10,3622,88,3533,640000.000000000000000,1000000007,0.002477022,0.002266584,0.004791593,0.56090354,0.034996909,0.394564352,4595650,5814600
2118,1,500,10,5075,3197,1877,630945.884065953199752,1000000008,0.083409529,0.032761317,0.001281421,0.028743958,0.032751446,0.821052329,4596968.534,5815569.547
2119,1,500,10,2849,14,2835,533246.629444536287338,1000000007,0.004110117,0,0.083821068,0.378563036,0.201147729,0.33235805,4596404.618,5814639.366
2120,1,500,10,2591,1491,1100,160000.000000000000000,1000000008,0.374135458,0.126737907,0.06981664,0.018478276,0.082738491,0.328093228,4597450,5815600
2121,1,500,10,1341,1080,260,160000.000000000000000,1000000008,0.428029798,0,0.009640465,0.040630202,0.1822849,0.339414635,4597450,5815200
2122,1,500,10,3383,1789,1593,160000.000000000000000,1000000008,0.390460178,0.095756588,0.090099361,0.102913427,0.027700724,0.293069722,4597850,5815600
2123,1,500,10,3270,979,2290,160000.000000000000000,1000000008,0.161231976,0.078318429,0.079608989,0.366795137,0.070640758,0.243404712,4598250,5815600
2124,1,500,10,1894,862,1031,160000.000000000000000,1000000008,0.511170475,0.070304685,0.056367358,0.06397696,0.113592526,0.184587996,4597850,5815200
2125,1,500,10,1958,730,1227,160000.000000000000000,1000000008,0.183016376,0.016354727,0.041040487,0.197806034,0.005577458,0.556204919,4598250,5815200
2126,1,500,10,1020,997,22,160000.000000000000000,1000000008,0.388651937,0.017798071,0,0,0.3542273,0.239322692,4597450,5814800
2127,1,500,10,943,0,943,160000.000000000000000,1000000008,0.497715941,0,0.019192714,0.209503015,0,0.273588331,4597450,5814400
2128,1,500,10,5435,2,5433,410913.341890528448857,1000000008,0.102398596,0.010551342,0,0.582187928,0.026014284,0.27884785,4596963.523,5814535.385
2129,1,500,10,2457,1158,1299,160000.000000000000000,1000000008,0.360011546,0.110912647,0.062583521,0.100853499,0.122864393,0.242774394,4597850,5814800
2130,1,500,10,1663,776,887,160000.000000000000000,1000000008,0.377425976,0.079609981,0.058531416,0.019198733,0.014258191,0.450975704,4597850,5814400
2131,1,500,10,5080,2288,2792,624928.916433134698309,1000000008,0.218953128,0.025486836,0.00095476,0.004139216,0.166736752,0.583729308,4598534.085,5814694.781
2132,1,500,10,2806,2,2804,160000.000000000000000,1000000008,0,0,0,0.84300494,0.074676682,0.082318378,4597050,5814000
2133,1,500,10,2848,0,2848,160000.000000000000000,1000000008,0.004340675,0.003018375,0.015689745,0.796960194,0.100113857,0.079877154,4597450,5814000
2134,1,500,10,993,376,616,160000.000000000000000,1000000008,0,0,0.001750013,0.178714327,0.718540233,0.100995427,4597050,5813600
2135,1,500,10,2068,163,1904,160000.000000000000000,1000000008,0.087240769,0.047116378,0.055280381,0.335637219,0.117131087,0.357594165,4597450,5813600
2136,1,500,10,1666,315,1350,160000.000000000000000,1000000008,0.427710588,0.057981411,0.059763048,0.158789428,0.049728927,0.246026597,4597850,5814000
2137,1,500,10,421,160,261,160000.000000000000000,1000000008,0.36573122,0.055822253,0.015754144,0.001072525,0.437903947,0.123715911,4598250,5814000
2138,1,500,10,2767,418,2348,160000.000000000000000,1000000008,0.190763131,0.13857683,0.168784725,0.009238947,0.254894859,0.237741508,4597850,5813600
2139,1,500,10,653,235,417,160000.000000000000000,1000000008,0.294277259,0.324006242,2.74945E-05,0.009490785,0.206789819,0.165408401,4598250,5813600
2140,1,500,10,3279,95,3183,160000.000000000000000,1000000008,0.229691828,0,0.170081165,0.305316831,0.171383314,0.123526862,4597050,5813200
2141,1,500,10,1725,379,1345,160000.000000000000000,1000000008,0.286242573,0,0.015198476,0.347629702,0.075021131,0.275908118,4597450,5813200
2142,1,500,10,207,0,207,160000.000000000000000,1000000008,0.185982426,0.010014644,0,0.058008943,0.671591602,0.074402384,4597050,5812800
2143,1,500,10,598,38,560,160000.000000000000000,1000000008,0.580615447,0,0.002758258,0.157129769,0.148965774,0.110530752,4597450,5812800
2144,1,500,10,4359,2248,2111,640000.000000000000000,1000000008,0.393942844,0.168608347,0.019887229,0.02177867,0.307236937,0.088545973,4598050,5813000
2145,1,500,10,5135,3117,2018,787679.557642261963338,1000000006,0.155816138,0.035458108,0.003463455,0.007892197,0.034830846,0.762539256,4592407.329,5812857.077
2146,1,500,10,2199,1860,339,246053.205171042034635,1000000006,0.58070747,0,0.005984164,0,0.088731431,0.324576935,4592758.873,5812392.477
2147,1,500,10,5334,3471,1863,502112.962924809544347,1000000006,0.186153948,0.039984017,0.019368554,0.07344866,0.049913818,0.631131002,4592936.437,5811840.012
2148,1,500,10,3802,218,3584,407785.677287627069745,1000000007,0.024764067,0,0.095710879,0.665345518,0.036412352,0.177767184,4593387.795,5812239.168
2149,1,500,10,4699,3710,988,678239.545088715385646,1000000007,0.121400339,0.006616931,0.00137162,0.00968473,0,0.86092638,4593254.976,5810642.456
2150,1,500,10,4084,2087,1997,640000.000000000000000,1000000007,0.414251368,0.040960321,0.037403469,0.212137134,0.064184719,0.231062988,4594050,5812200
2151,1,500,10,4062,3278,784,640000.000000000000000,1000000007,0.455932677,0.029918935,0.029042654,0.040078055,0.068405511,0.376622168,4594850,5812200
2152,1,500,10,1347,15,1331,160000.000000000000000,1000000007,0.000841345,0.030159695,0.001447903,0.845885369,0.018385442,0.103280246,4593850,5811600
2153,1,500,10,685,77,608,160000.000000000000000,1000000007,0.220553717,0.048035147,0.009305125,0.346726122,0.239102397,0.136277492,4594250,5811600
2154,1,500,10,4493,1398,3094,443993.123748816491570,1000000007,0,0,0,0.513495816,0,0.486504184,4593606.08,5811311.398
2155,1,500,10,1448,103,1344,160000.000000000000000,1000000007,0.073104426,0,0.006379499,0.858398266,0,0.062117809,4594250,5811200
2156,1,500,10,5472,4517,954,1595800.776616131188348,1000000007,0.250700693,0,0.007383046,0.031457755,0.127333874,0.583124632,4595276.379,5811697.417
2157,1,500,10,4940,3557,1383,346403.568881402548868,1000000007,0.235944215,0.071113098,0.00418289,0.161634909,0.069694134,0.457430754,4592619.054,5810194.25
2158,1,500,10,4584,4349,235,319869.158596217050217,1000000007,0.681943136,0.135914729,0.002049958,0.00208479,0.073015639,0.104991749,4592250.079,5809799.838
2159,1,500,10,1846,1628,217,160000.000000000000000,1000000007,0.588850799,0.115049512,0.015403723,0.043993521,0.009976869,0.226725576,4592650,5809600
2160,1,500,10,2487,1081,1405,640000.000000000000000,1000000007,0.38121334,0.151928351,0.052339352,0.021627417,0.220449736,0.172441803,4593250,5809800
2161,1,500,10,4066,1214,2851,640000.000000000000000,1000000007,0.330674886,0,0.003756954,0.452866683,0.012461406,0.20024007,4594050,5810600
2162,1,500,10,5078,3694,1383,863207.021499486756511,1000000007,0.53723194,0.011808822,0.012803256,0.113336256,0.006729722,0.318090004,4594998.428,5810620.741
2163,1,500,10,2805,539,2265,640000.000000000000000,1000000007,0.250786438,0,0.014030347,0.333187249,0.203230936,0.198765029,4594050,5809800
2164,1,500,10,4002,1103,2899,640000.000000000000000,1000000007,0.419650115,0,0.042464104,0.366180468,0.041028741,0.130676572,4594850,5809800
2165,1,500,10,3308,2562,746,890029.834532494773157,1000000008,0.147389514,0,0.007535089,0.009880506,0.751259137,0.083935753,4596292.173,5811388.143
2166,1,500,10,5400,2384,3016,2975319.357417189050466,1000000008,0.105329791,0.010442153,0,0.015437634,0.263091792,0.605698629,4596981.899,5812563.689
2167,1,500,10,4556,2468,2087,640000.000000000000000,1000000008,0.226597961,0.024597078,0.039042853,0.001569228,0.478346955,0.229845926,4597250,5811400
2168,1,500,10,781,528,253,160000.000000000000000,1000000008,0.657970748,0.022427045,0.013759416,0.01389856,0.136643852,0.155300379,4597850,5811600
2169,1,500,10,447,385,61,160000.000000000000000,1000000008,0.638111522,0.053672871,0,0,0.200080675,0.108134933,4598250,5811600
2170,1,500,10,2230,503,1726,160000.000000000000000,1000000008,0.628378011,0.014662475,0.114219757,0.071369735,0.00624324,0.165126781,4597850,5811200
2171,1,500,10,2115,686,1428,160000.000000000000000,1000000008,0.607850416,0.029332752,0.094402975,0.066577376,0.009483147,0.192353334,4598250,5811200
2172,1,500,10,3729,3308,421,1056792.978500513127074,1000000008,0.745771868,0.033440597,0.000549098,0.006003497,0.068509124,0.145725817,4596182.216,5810583.058
2173,1,500,10,3864,2189,1675,640000.000000000000000,1000000008,0.70415823,0.056777135,0.021390365,0.025100688,0.008554146,0.184019436,4597250,5810600
2174,1,500,10,3370,1644,1726,160000.000000000000000,1000000008,0.500885949,0.175465283,0.098590368,0.065016842,0.047683367,0.112358191,4597850,5810800
2175,1,500,10,4817,2423,2393,1043529.855846013524570,1000000008,0.387366595,0.041675264,0.00196123,0.003390584,0.007467335,0.558138992,4597729.725,5810230.304
2176,1,500,10,1846,176,1669,160000.000000000000000,1000000008,0.064606003,0.01022063,0.00517152,0.475843937,0.021978974,0.422178935,4598650,5815600
2177,1,500,10,5197,587,4609,479888.682095046620816,1000000008,0.01054072,0,0,0.464860331,0.086587084,0.438011865,4598916.609,5815333.41
2178,1,500,10,2623,16,2607,160000.000000000000000,1000000008,0.003584626,0,0,0.785643517,0.07487059,0.135901268,4599450,5815600
2179,1,500,10,1520,5,1514,160000.000000000000000,1000000008,0.245213107,0,0.043036352,0.294872616,0.224541424,0.192336501,4599850,5815600
2180,1,500,10,5062,0,5062,327237.730682219320443,1000000008,0,0,0,0.745037224,0.007469983,0.247492793,4599652.93,5815195.443
2181,1,500,10,4374,1533,2841,390593.382649165869225,1000000008,0.095520492,0.14915341,0.022574944,0.187282426,0.258409763,0.287058964,4598937.501,5814397.56
2182,1,500,10,3659,3284,375,924484.749274498783052,1000000009,0.345426357,0.043697747,0.010134997,0.04194578,0.139216531,0.419578588,4601069.251,5815385.261
2183,1,500,10,4508,3418,1089,486862.059758841118310,1000000008,0.321828261,0.091918798,0.005509443,0.055364832,0.124205795,0.401172871,4600262.879,5815567.69
2184,1,500,10,4130,3944,185,640000.000000000000000,1000000008,0.472463891,0.009756399,0,0.010137055,0.326140896,0.181501759,4598850,5813800
2185,1,500,10,3960,2754,1206,640000.000000000000000,1000000008,0.624700557,0.107136543,0.008348738,0.021477428,0.072169707,0.166167027,4598850,5813000
2186,1,500,10,5068,4251,817,1240105.765206113923341,1000000008,0.266621169,0.034754956,0.000115672,0.008762299,0.227346598,0.462399306,4600011.096,5812997.791
2187,1,500,10,3492,2906,586,465744.751450258423574,1000000008,0.023521676,0.018130748,0,0.054309899,0.743925832,0.160111845,4599575.313,5813722.99
2188,1,500,10,2641,1298,1343,640000.000000000000000,1000000009,0.0542087,0.053114534,0.063048462,0.288948569,0.073570421,0.467109313,4602050,5815400
2189,1,500,10,3098,1806,1292,640000.000000000000000,1000000009,0.213101182,0.038936636,0.008791652,0.36789077,0.017127374,0.354152386,4602850,5815400
2190,1,500,10,5259,3979,1280,3344672.716277805157006,1000000009,0.029451154,0.00489762,0.021715722,0.016916509,0.007091213,0.919927782,4600754.379,5814401.999
2191,1,500,10,1477,1145,332,160000.000000000000000,1000000009,0.065323752,0.003141882,0.05407244,0.324006708,0.060335482,0.493119737,4602650,5814800
2192,1,500,10,1493,1227,266,160000.000000000000000,1000000009,0.497684029,0.033907309,0.181157711,0.022074363,0.001880376,0.263296211,4603050,5814800
2193,1,500,10,1221,1191,30,160000.000000000000000,1000000009,0.372217018,0.03063449,0.002225497,0.01947421,0.108726749,0.466722035,4602650,5814400
2194,1,500,10,2640,2488,152,160000.000000000000000,1000000009,0.166520328,0.090405667,0.013752163,0.112928205,0.03468248,0.581711156,4603050,5814400
2195,1,500,10,1669,1624,44,160000.000000000000000,1000000009,0.562238112,0.104488553,0,0,0.056323676,0.276949659,4603450,5815600
2196,1,500,10,3944,3886,58,160000.000000000000000,1000000009,0.38307933,0.069812893,0,0.035014316,0.311228207,0.200865254,4603850,5815600
2197,1,500,10,1003,656,347,160000.000000000000000,1000000009,0.29063625,0.017418529,0.035383972,0.366605037,0.027432039,0.262524174,4603450,5815200
2198,1,500,10,229,129,99,160000.000000000000000,1000000009,0.643867006,0.006986232,0.003343051,0.112588603,0.048842411,0.184372697,4603850,5815200
2199,1,500,10,4010,3792,218,640000.000000000000000,1000000009,0.161701671,0.01895113,0.004969452,0.050419046,0.343343817,0.420614884,4604450,5815400
2200,1,500,10,2858,2729,128,160000.000000000000000,1000000009,0.18971191,0.033758538,0.025147043,0.101914238,0.079210385,0.570257887,4603450,5814800
2201,1,500,10,2136,1558,578,160000.000000000000000,1000000009,0.007515511,0.318215274,0.072412206,0.435233243,0.003649082,0.162974684,4603850,5814800
2202,1,500,10,1066,851,215,160000.000000000000000,1000000009,0.37084999,0.236035649,0.028571028,0.098715686,0.026070774,0.239756872,4603450,5814400
2203,1,500,10,1128,1012,115,160000.000000000000000,1000000009,0.326692351,0.018860675,0.021806246,0.100197689,0.007449327,0.524993712,4603850,5814400
2204,1,500,10,4715,3479,1236,640000.000000000000000,1000000009,0.137899318,0.050628565,0.025437195,0.316063463,0.114128243,0.355843216,4604450,5814600
2205,1,500,10,4286,3393,892,640000.000000000000000,1000000009,0.294323129,0.050756358,0.016645675,0.224709714,0.111247941,0.302317183,4602050,5813800
2206,1,500,10,2525,2448,76,160000.000000000000000,1000000009,0.433984112,0.071194639,0,0.057808426,0.188266637,0.248746187,4602650,5814000
2207,1,500,10,1303,1282,20,160000.000000000000000,1000000009,0.458300615,0.007599059,0.005420528,0.012560804,0.006385839,0.509733156,4603050,5814000
2208,1,500,10,2191,2019,172,160000.000000000000000,1000000009,0.492591317,0.126537147,0.064919633,0.046329721,0.03259246,0.237029723,4602650,5813600
2209,1,500,10,995,368,627,160000.000000000000000,1000000009,0.164436665,0.068823342,0.369126009,0.152029909,0.023317498,0.222266578,4603050,5813600
2210,1,500,10,5476,4054,1421,1325701.631214675493538,1000000009,0.080177659,0.006344705,0.000446642,0.200124464,0.019160938,0.693745591,4601347.07,5813429.222
2211,1,500,10,5217,4755,461,849660.550243975478224,1000000009,0.316978043,0.039794333,0.017462495,0.020463976,0.112231794,0.493069359,4602125.271,5812673.702
2212,1,500,10,1519,1115,403,160000.000000000000000,1000000009,0.210520224,0.10692857,0.205919689,0.115097312,0.203386347,0.158147858,4602650,5813200
2213,1,500,10,1175,264,911,160000.000000000000000,1000000009,0,0,0.698523344,0.010301762,0.28639052,0.004784375,4603050,5813200
2214,1,500,10,1978,1425,552,160000.000000000000000,1000000009,0.116525113,0.025672364,0.037768172,0.611039466,0.024435174,0.184559711,4602650,5812800
2215,1,500,10,771,752,19,160000.000000000000000,1000000009,0.246773303,0.001002469,0.003162594,0.01778859,0.667234351,0.064038692,4603050,5812800
2216,1,500,10,1403,162,1240,640000.000000000000000,1000000009,0.087610451,0.034352942,0.152419889,0.120829104,0.152200257,0.452587357,4603650,5813800
2217,1,500,10,683,561,122,640000.000000000000000,1000000009,0.323109375,0.030441024,0.012473346,0.002319886,0.016627046,0.615029322,4604450,5813800
2218,1,500,10,2257,0,2257,640000.000000000000000,1000000009,0,0,0.274708276,0.259711691,0.344341979,0.121238053,4603650,5813000
2219,1,500,10,1836,660,1175,640000.000000000000000,1000000009,0.20520534,0.027719021,0.092111901,0.206508682,0.161545359,0.306909696,4604450,5813000
2220,1,500,10,4476,3419,1056,640000.000000000000000,1000000008,0.514785033,0.094951207,0.002718025,0.036209582,0.135243836,0.216092317,4598850,5812200
2221,1,500,10,2166,1390,775,160000.000000000000000,1000000008,0.384024049,0.460662135,0.004619555,0.048929053,0,0.101765208,4599450,5812400
2222,1,500,10,1165,591,573,160000.000000000000000,1000000008,0.613527641,0.020616117,0.010231718,0.129883738,0.006443314,0.219297472,4599850,5812400
2223,1,500,10,1628,1483,145,160000.000000000000000,1000000008,0.698615726,0.026159668,0.003306199,0.021302025,0,0.250616383,4599450,5812000
2224,1,500,10,1869,1522,347,160000.000000000000000,1000000008,0.743912602,0.009271882,0.014106587,0.043388485,0.001906155,0.187414289,4599850,5812000
2225,1,500,10,529,371,157,160000.000000000000000,1000000008,0.547136163,0.085738765,0,0.015604979,0.000275248,0.351244845,4598650,5811600
2226,1,500,10,2344,1279,1065,160000.000000000000000,1000000008,0.345826744,0.099788362,0.01109385,0.242417829,0.171646443,0.129226772,4599050,5811600
2227,1,500,10,1795,519,1276,160000.000000000000000,1000000008,0.461901628,0,0.047767892,0.203261787,0.023894418,0.263174275,4598650,5811200
2228,1,500,10,5454,4448,1006,1096852.405276332283393,1000000008,0.088388379,0.017489072,0.000108576,0,0.040706518,0.853307455,4599218.207,5810869.15
2229,1,500,10,1378,1077,300,160000.000000000000000,1000000008,0.585153703,0.18765684,0.001558266,0.013936545,0.053354838,0.158339808,4599450,5811600
2230,1,500,10,2839,2688,151,160000.000000000000000,1000000008,0.586029479,0.117741081,0,0.004456531,0.009357675,0.282415234,4599850,5811600
2231,1,500,10,1649,1464,184,160000.000000000000000,1000000008,0.509046404,0.141838442,0.001886767,0,0.15685376,0.190374628,4599450,5811200
2232,1,500,10,3699,2858,841,640000.000000000000000,1000000008,0.772508305,0.029093437,0.009703951,0.015430488,0.001497194,0.171766626,4600450,5812200
2233,1,500,10,1961,1595,366,160000.000000000000000,1000000008,0.176439905,0.309671336,0,0,0.377585724,0.136303035,4600250,5811600
2234,1,500,10,2597,1781,815,160000.000000000000000,1000000008,0.632463602,0.075468206,0.038698655,0.069695886,0,0.18367365,4600650,5811600
2235,1,500,10,834,644,190,160000.000000000000000,1000000008,0.629235796,0.090685054,0,0.020431922,0.057330668,0.20231656,4600250,5811200
2236,1,500,10,2866,2698,167,160000.000000000000000,1000000008,0.704417401,0.017312572,0,0.038074741,0.062710056,0.177485229,4600650,5811200
2237,1,500,10,5139,4122,1017,914298.368785324622877,1000000008,0.274163082,0.001751947,0.004328172,0.001635253,0,0.718121547,4601179.25,5812167.646
2238,1,500,10,684,420,264,160000.000000000000000,1000000008,0.721118906,0,0.01746954,0.010906436,0.035198476,0.215306642,4601450,5811600
2239,1,500,10,3505,1519,1986,160000.000000000000000,1000000008,0.3594356,0.032302624,0.137885878,0.055279093,0.116555392,0.298541413,4601050,5811200
2240,1,500,10,730,638,92,160000.000000000000000,1000000008,0.696938786,0.050422569,0.002362541,0,0,0.250276104,4601450,5811200
2241,1,500,10,4967,2828,2139,1269510.579606638988480,1000000008,0.618377136,0.093220358,0.007975748,0.017586162,0.084215422,0.178625174,4600856.372,5810602.636
2242,1,500,10,2180,1643,537,640000.000000000000000,1000000008,0.495704474,0.046093472,0.003412336,0.010853734,0.300527193,0.143408792,4601026.478,5809464.398
2243,1,500,10,7,6,1,182877.630068299506092,12061433,0.030163876,0,0,0.004188407,0.035902296,0.92974542,4600179.046,5809717.046
2244,1,500,10,1432,776,656,160000.000000000000000,1000000008,0.678597035,0,0.010435691,0.159825738,0,0.151141536,4601850,5811600
2245,1,500,10,596,580,16,160000.000000000000000,1000000008,0.8418768,0,0,0.003832387,0.008443942,0.145846871,4601850,5811200
2246,1,500,10,5479,2128,3351,439769.967680079280399,1000000008,0.385928542,0,0.004992164,0.210085014,0.053494204,0.345500076,4602351.921,5811442.817
2247,1,500,10,911,718,192,160000.000000000000000,1000000008,0.764689575,0,0.004104507,0.043278666,0.000438309,0.187488943,4602650,5811200
2248,1,500,10,4669,1035,3634,318232.162876534741372,1000000008,0.138427082,0.063087604,0,0.364168766,0.030192092,0.404124455,4603149.115,5811267.421
2249,1,500,10,785,462,323,147199.521690208755899,1000000009,0.033743963,0.020773131,0.208185962,0.094946463,0.035176635,0.607173847,4602970.753,5811681.812
2250,1,500,10,4203,875,3327,271200.362986163701862,1000000008,0.082846235,0,0.00964849,0.550797581,0.009738023,0.346969671,4601933.494,5812012.612
2251,1,500,10,5429,2635,2793,1813937.434523037401959,1000000009,0.055926641,0.03896425,0.029891047,0.196065042,0.201474421,0.477678599,4603384.973,5811971.973
2252,1,500,10,1861,0,1861,640000.000000000000000,1000000009,0.06177426,0.140419883,0.080716703,0.378664472,0.042707834,0.295716848,4604450,5812200
2253,1,500,10,3857,2425,1432,640000.000000000000000,1000000009,0.224659371,0.009657908,0.021305708,0.405887712,0.094684764,0.243804537,4604450,5811400
2254,1,500,10,1642,523,1119,160000.000000000000000,1000000008,0.720571839,0.006305604,0.07904679,0.026999773,0.012425868,0.154650126,4601850,5810800
2255,1,500,10,1255,720,534,160000.000000000000000,1000000008,0.538033347,0.170995284,0.022637034,0.01263911,0.113443959,0.142251267,4602250,5810800
2256,1,500,10,2677,762,1914,160000.000000000000000,1000000008,0.272553932,0.162008522,0.094211499,0.155552622,0.074193403,0.241480023,4601850,5810400
2257,1,500,10,514,414,100,160000.000000000000000,1000000008,0.711499869,0.003990586,0.007856286,0,0.111097768,0.165555492,4602250,5810400
2258,1,500,10,4527,3317,1210,640000.000000000000000,1000000008,0.619674953,0.043304217,0.017902286,0.007748456,0.168067567,0.143302522,4602850,5810600
2259,1,500,10,2458,1151,1307,640000.000000000000000,1000000008,0.669174254,0,0.020713714,0.017752873,0.047984401,0.244374758,4602050,5809800
2260,1,500,10,5263,3118,2144,1305905.785771469119936,1000000008,0.306178395,0.017608842,0.000926179,0.003951126,0.17516031,0.496175149,4603165.577,5809959.775
2261,1,500,10,4902,4060,842,1000500.070029888767749,1000000009,0.452274902,0.031458422,0.054488306,0.064374381,0.215444687,0.181959302,4604221.427,5810616.162
2262,1,500,10,1682,1604,78,160000.000000000000000,1000000009,0.815455463,0,0.05866733,0.000663363,0.009507474,0.11570637,4604650,5810000
2263,1,500,10,4891,4429,462,733594.144198642228730,1000000009,0.471600016,0.002708541,0.066005063,0.010453387,0.090582512,0.358650481,4604212.843,5809754.714
2264,1,500,10,5448,2756,2692,53315790.316138513386250,12069656,0.00620234,0.001078068,0.003684314,0.010784978,0.009249884,0.969000416,4559590.04,5802758.007
2265,1,500,10,2765,2190,574,22536579.255811855196953,12069249,0.013665354,0.000899758,0.00459522,0.006583137,0.000416972,0.973839559,4553043.097,5807078.327
2266,1,500,10,1468,1007,460,8197448.457293748855591,12069656,0.02667468,0.001303688,0.007372857,0.021743843,0.003004326,0.939900605,4556087.125,5806414.619
2267,1,500,10,369,73,295,2560000.000000000000000,12069656,0.033176981,0,0.018048961,0.043895628,0.013034822,0.891843608,4560850,5808600
2268,1,500,10,5220,3178,2041,31476138.348473016172647,12069656,0.011676956,0.000211926,0.003848027,0.009235823,0.008712941,0.966314328,4561321.055,5811434.944
2269,1,500,10,5244,4215,1028,6072337.219716983847320,12069656,0.16244547,0.009798768,0.025048325,0.037368272,0.029644948,0.735694217,4561952.79,5806977.854
2270,1,500,10,5348,1690,3657,5230974.343811779282987,12054000,0.074259305,0.028214014,0.006867284,0.057810919,0.022397,0.810451479,4564963.106,5808342.773
2271,1,500,10,5213,4217,996,10149831.778511604294181,12069656,0.071265436,0.002558256,0.016858696,0.014859523,0.022477228,0.87198086,4562025.818,5804198.729
2272,1,500,10,3854,3549,305,2560000.000000000000000,12069656,0.226246968,0.00930585,0.015779239,0.035865231,0.048705477,0.664097233,4562450,5805400
2273,1,500,10,2882,2674,208,640000.000000000000000,12069656,0.4035748,0.068591134,0.028687542,0.055290821,0.053358329,0.390497373,4563650,5805000
2274,1,500,10,2972,2682,289,1719953.192009461577982,12069656,0.15985085,0.042120397,0.011390325,0.024440492,0.062668346,0.69952959,4564117.78,5805543.038
2275,1,500,10,2194,2091,102,6143002.374100185930729,12069017,0,0,0,0,0.00050977,0.99949023,4561148.444,5794673.573
2276,1,500,10,4707,3376,1330,51986843.252008162438869,12069017,0,0,0,0,2.0692E-05,0.999979308,4560093.428,5793067.64
2277,1,500,10,3776,864,2911,6357085.806149036623538,12054000,0.055534047,0.071347347,0.005099922,0.00910021,0.044845461,0.814073012,4566721.368,5807501.603
2278,1,500,10,2191,2141,50,640000.000000000000000,12054000,0.507126469,0.011958947,0.00188384,2.92975E-05,0.063811445,0.415190002,4567650,5809000
2279,1,500,10,2285,1318,967,2560000.000000000000000,12054000,0.083907247,0.133485809,0.001768933,0.004186132,0.27715163,0.49950025,4568850,5808600
2280,1,500,10,5091,2588,2503,10961651.105244122445583,12054000,0.020016717,0.003834138,0.00076856,0.00531965,0.054457473,0.915603462,4568452.172,5805262.577
2281,1,500,10,846,245,600,640000.000000000000000,12054000,0.339348522,0.02633855,0.019907957,0.047806306,0.236392442,0.330206223,4570050,5809000
2282,1,500,10,743,510,233,640000.000000000000000,12054000,0.159878183,0.070730893,0.001728209,0.019987896,0.55786438,0.18981044,4570850,5809000
2283,1,500,10,281,232,48,640000.000000000000000,12054000,0.000140349,0.033783884,0,0,0.893739459,0.072336308,4570050,5808200
2284,1,500,10,3979,3260,718,640000.000000000000000,12054000,0.06332424,0.109389058,0.02295945,0.038198643,0.639455572,0.126673037,4570850,5808200
2285,1,500,10,4223,3030,1193,640000.000000000000000,12054000,0.303019921,0.204865209,0.030757181,0.081598709,0.17057241,0.209186571,4571650,5809000
2286,1,500,10,1337,725,611,160000.000000000000000,12054000,0.415120408,0.007645545,0.135837892,0.05744329,0.233571861,0.150381004,4572250,5809200
2287,1,500,10,532,445,86,160000.000000000000000,12054000,0.034391834,0.000559445,0.021844879,0,0.754962944,0.188240898,4572650,5809200
2288,1,500,10,2038,958,1079,160000.000000000000000,12054000,0.396146762,0.054148876,0.256471645,0.033727918,0.053785674,0.205719125,4572250,5808800
2289,1,500,10,1190,999,191,160000.000000000000000,12054000,0.144722882,0.192147729,0.031945858,0,0.216064795,0.415118735,4572650,5808800
2290,1,500,10,1936,1038,897,160000.000000000000000,12054000,0.495880853,0.055373146,0.204079751,0.061428278,0.046070514,0.137167457,4571450,5808400
2291,1,500,10,2295,1559,736,160000.000000000000000,12054000,0.15416671,0.427650194,0.116973249,0.084621579,0.008412445,0.208175823,4571850,5808400
2292,1,500,10,2367,1419,947,160000.000000000000000,12054000,0.218704999,0.105886523,0.214265462,0.051838781,0.038850544,0.370453692,4571450,5808000
2293,1,500,10,2491,819,1671,160000.000000000000000,12054000,0.141922529,0.033121596,0.371123954,0.147146601,0,0.30668532,4571850,5808000
2294,1,500,10,2185,1089,1095,160000.000000000000000,12054000,0.277235678,0.184353779,0.232713461,0.082514344,0.00495821,0.218224528,4572250,5808400
2295,1,500,10,1094,619,474,160000.000000000000000,12054000,0.405715059,0.198379844,0.096430988,0.007370825,0.089889624,0.202213659,4572650,5808400
2296,1,500,10,1591,1067,523,160000.000000000000000,12054000,0.228532567,0.039442588,0.110478586,0.07620772,0.153739243,0.391599298,4572250,5808000
2297,1,500,10,1993,1504,488,160000.000000000000000,12054000,0.136931981,0.473129818,0.050886956,0.09348441,0.011378384,0.234188451,4572650,5808000
2298,1,500,10,4436,4084,352,640000.000000000000000,12054000,0.244461225,0.044082566,0.01076723,0.024478289,0.499563252,0.176647438,4570050,5807400
2299,1,500,10,2347,2133,214,160000.000000000000000,12054000,0.615154287,0.050492869,0.036908566,0.047220708,0.057015291,0.193208278,4570650,5807600
2300,1,500,10,1559,1256,303,160000.000000000000000,12054000,0.554355078,0.027205232,0.069410579,0.015166326,0.077648885,0.2562139,4571050,5807600
2301,1,500,10,1437,745,692,160000.000000000000000,12054000,0.405998934,0.042986537,0.155004921,0.040589419,0.049538356,0.305881831,4570650,5807200
2302,1,500,10,1228,1119,109,160000.000000000000000,12054000,0.217479507,0.077930875,0.010862794,0.028290848,0.13792026,0.527515717,4571050,5807200
2303,1,500,10,3045,2307,737,640000.000000000000000,12054000,0.342235961,0.158887907,0.001770089,0.093279729,0.046030816,0.357795499,4570050,5806600
2304,1,500,10,895,409,486,640000.000000000000000,12054000,0.189650586,0.10596889,0.008503512,0.038682307,0.164418137,0.492776567,4570850,5806600
2305,1,500,10,2445,1355,1089,640000.000000000000000,12054000,0.139392146,0.256920807,0.025886302,0.057058736,0.099390202,0.421351807,4571650,5807400
2306,1,500,10,1392,191,1200,640000.000000000000000,12054000,0.10443332,0.109283616,0.047357544,0.057656406,0.265832733,0.41543638,4572450,5807400
2307,1,500,10,1199,610,588,640000.000000000000000,12054000,0.142432942,0.007952794,0.015988494,0.062069695,0.022171455,0.74938462,4571650,5806600
2308,1,500,10,2101,967,1134,640000.000000000000000,12054000,0.243839277,0.070374892,0.030013014,0.107325912,0.088605294,0.459841611,4572450,5806600
2309,1,500,10,4783,1193,3590,12778858.294519759714603,12054000,0.01490797,0.031463467,0.000705518,0.010323197,0.02245759,0.920142259,4571174.023,5804150.696
2310,1,500,10,3063,1849,1214,640000.000000000000000,12054000,0.033253003,0.144163556,0.039818886,0.069630381,0.076880357,0.636253818,4573250,5808200
2311,1,500,10,5103,2666,2436,1897178.763506217859685,12054000,0.137352843,0.037621205,0.043079748,0.015623554,0.40688183,0.35944082,4573776.186,5808726.179
2312,1,500,10,1949,1405,544,566688.675390390795656,12054000,0.59620047,0.024612693,0.015769156,0.063984683,0.038848869,0.26058413,4575616.237,5808163.601
2313,1,500,10,3496,2952,544,640000.000000000000000,12054000,0.2745297,0.084981777,0.010781919,0.049071714,0.195456352,0.385178538,4573250,5807400
2314,1,500,10,1740,1735,5,160000.000000000000000,12054000,0.223173913,0,4.81047E-05,0.004397435,0.398966881,0.373413667,4573850,5807600
2315,1,500,10,1652,928,723,160000.000000000000000,12054000,0.507869818,0.004639343,0.182246396,0.005959052,0.073587817,0.225697575,4574250,5807600
2316,1,500,10,547,112,434,160000.000000000000000,12054000,0.341091664,0.012880979,0.063207063,0.1299566,0.00954489,0.443318804,4573850,5807200
2317,1,500,10,1618,647,970,160000.000000000000000,12054000,0.130733436,0.313216851,0.164865736,0.157383586,0.009836884,0.223963506,4574250,5807200
2318,1,500,10,2487,1278,1208,640000.000000000000000,12054000,0.171528948,0.104444207,0.011524034,0.16833119,0.109773147,0.434398474,4573250,5806600
2319,1,500,10,1750,214,1535,640000.000000000000000,12054000,0.115128517,0.006088605,0.035211954,0.18392601,0.179233292,0.480411623,4574050,5806600
2320,1,500,10,5445,4299,1145,1748643.357333983760327,12054000,0.117186855,0.008971346,0.013328777,0.003100264,0.027763637,0.829649123,4574966.755,5808429.734
2321,1,500,10,3039,2096,943,160000.000000000000000,12054000,0.302411372,0.016329979,0.208729481,0.083088285,0.009623956,0.379816928,4574650,5807200
2322,1,500,10,1973,1260,713,160000.000000000000000,12054000,0.369523488,0.02352825,0.17076129,0.017128974,0.024859599,0.394198399,4575050,5807200
2323,1,500,10,3193,1734,1458,640000.000000000000000,12054000,0.446385192,0.04030318,0.049015642,0.120498525,0.038094258,0.305703203,4574850,5806600
2324,1,500,10,5177,3036,2141,1278722.275357185630128,12054000,0.253889776,0.042594925,0.012460619,0.086079835,0.05386848,0.551106366,4576049.205,5806599.732
2325,1,500,10,834,519,315,424789.537851550208870,12054000,0.182558537,0.231100277,0.002781385,0.010108911,0.039833514,0.533617376,4577164.654,5807468.051
2326,1,500,10,4545,3491,1053,1366132.361349414102733,12054000,0.167184421,0.067075496,0.000629035,0.032662517,0.037244542,0.695203989,4576045.066,5807443.547
2327,1,500,10,1879,1109,769,640000.000000000000000,12054000,0.317434197,0.048572041,0.043266214,0.004867449,0.052964425,0.532895673,4573250,5805800
2328,1,500,10,2007,1044,963,640000.000000000000000,12054000,0.194074177,0.20944816,0.017417115,0.075647608,0.21410515,0.28930779,4574050,5805800
2329,1,500,10,2389,1729,660,640000.000000000000000,12054000,0.564515378,0.02338016,0.030653324,0.026847712,0.081638107,0.272965319,4574050,5805000
2330,1,500,10,2421,2323,98,160000.000000000000000,12054000,0.126757865,0.054195137,0.000747708,0.06088253,0.078383609,0.679033151,4574650,5806000
2331,1,500,10,454,2,451,160000.000000000000000,12054000,0.10271547,0,0.001198698,0.34406124,0.089093389,0.462931203,4575050,5806000
2332,1,500,10,2283,2182,101,160000.000000000000000,12054000,0.357351225,0.107958636,0,0.051735141,0.268990665,0.213964332,4574650,5805600
2333,1,500,10,2268,2260,8,160000.000000000000000,12054000,0,0.024537882,0,0,0.324162888,0.651299229,4575050,5805600
2334,1,500,10,4460,1051,3409,640000.000000000000000,12054000,0.092409367,0.01078089,0.014158941,0.607007235,0.082774726,0.192868841,4575650,5805800
2335,1,500,10,3807,3376,430,640000.000000000000000,12054000,0.499486003,0.110741174,0.009320944,0.022927318,0.066416507,0.291108054,4574850,5805000
2336,1,500,10,5487,4562,925,3335451.839002566412091,12054000,0.019552028,0.013159896,0.001116286,0.002992055,0.004922028,0.958257708,4573605.076,5804062.82
2337,1,500,10,1342,1340,2,160000.000000000000000,12054000,0.651496312,0.005485663,0,0,0.061182914,0.281835111,4575050,5804400
2338,1,500,10,4244,3601,642,614810.129769092309289,12054000,0.192297347,0.07401166,0,0.095307319,0.081185361,0.557198313,4574739.4,5803726.596
2339,1,500,10,4712,3743,968,19596422.176568701863289,12069454,0.004990785,9.63713E-05,0.000202933,0.005138481,0.001423918,0.988147511,4576269.411,5801483.336
2340,1,500,10,4412,551,3860,591321.447890206938609,12054000,0.016743925,0,0.00985323,0.784117832,0,0.189285012,4575704.861,5803388.483
2341,1,500,10,3673,1276,2397,640000.000000000000000,12054000,0.233616645,0.056478086,0.053822769,0.280609147,0.08668887,0.288784483,4576450,5805800
2342,1,500,10,2089,1800,288,160000.000000000000000,12054000,0.624576231,0.022785849,0.022728002,0.143098536,0.00953623,0.177275152,4577050,5806000
2343,1,500,10,4584,3973,611,2070351.812078061979264,12054000,0.056581507,0.009811437,0.000305542,0.002446738,0.000819129,0.930035646,4577907.114,5806781.223
2344,1,500,10,1691,1557,134,160000.000000000000000,12054000,0.391839468,0.089823106,0.005847655,0.063472648,0.091807124,0.357209999,4577050,5805600
2345,1,500,10,1635,1581,54,160000.000000000000000,12054000,0.595457402,0.025244571,0.004519116,0.026614091,0.177260583,0.170904238,4577450,5805600
2346,1,500,10,5318,1377,3941,2547271.291812431067228,12054000,0.052870182,0.002291552,0.000631491,0.00955497,0.010513504,0.924138301,4576053.761,5804603.689
2347,1,500,10,4338,2354,1984,640000.000000000000000,12054000,0.280204693,0.084886499,0.026922304,0.275773577,0.034703695,0.297509231,4577250,5805000
2348,1,500,10,4852,4206,645,662996.061791955842637,12054000,0.180474634,0.006693178,0.003585038,0.008585654,0.01251812,0.788143377,4577927.805,5805624.671
2349,1,500,10,5438,4923,514,699569.695456211804412,12054000,0.046560438,0.006066231,0.010213877,0.030769381,0.032051856,0.874338216,4577925.455,5804350.083
2350,1,500,10,4927,3323,1603,26858887.726214382797480,12069604,0.000825156,0.00032784,0,0.00037263,0.000336461,0.998137913,4580401.96,5803717.969
2351,1,500,10,5482,1481,4000,1990767.452316561946645,12054000,0.07143675,0.003826468,0.002611787,0.043456247,0.005988899,0.872679849,4576905.104,5803404.334
2352,1,500,10,2026,1683,343,160000.000000000000000,12054000,0.284754273,0.132227485,0.052894479,0.068375938,0.078027958,0.383719867,4577450,5804400
2353,1,500,10,2022,1966,56,160000.000000000000000,12054000,0.489718999,0.157724442,0,0,0.103996232,0.248560327,4577450,5804000
2354,1,500,10,3480,3232,248,12974071.447350906208158,12069397,0.028867803,0.000543669,0.00229406,0.000748932,0.004875903,0.962669633,4571621.821,5800414.569
2355,1,500,10,4764,3896,868,12445665.842167150229216,12069590,0.102689496,0.003448601,0.006071708,0.008842906,0.035606733,0.843340557,4567646.349,5801509.484
2356,1,500,10,4040,2507,1533,46058021.219545513391495,12069590,0.000124838,0,0,0.000108056,0.001753732,0.998013374,4563125.571,5799049.337
2357,1,500,10,2189,1433,756,6910998.631779000163078,12069052,0.160819371,0.007494034,0.002899822,0.030019664,0.089995199,0.70877191,4558999.056,5788196.06
2358,1,500,10,707,643,64,4955674.708460962399840,12069056,0.172838295,0.001381767,0.001693285,0.001347389,0.113013223,0.709726041,4556729.411,5791862.553
2359,1,500,10,1024,906,118,65638498.989567011594772,12069470,0,0.000754442,0,0,0,0.999245558,4547907.477,5791492.432
2360,1,500,10,1244,984,260,58656415.176919929683208,12069402,0,0,0,9.90736E-06,0,0.999990093,4554583.307,5776481.638
2361,1,500,10,2649,1980,669,9653367.267468139529228,12069596,0.010966799,0.003463517,0.007555091,0.012902913,0.006239055,0.958872626,4566685.383,5795035.539
2362,1,500,10,3662,1456,2205,14342274.975776804611087,12069596,0.020731912,0.009491624,0.002169126,0.048072329,0.009036041,0.910498967,4569702.305,5793586.872
2363,1,500,10,5446,4401,1045,12796611.860478300601244,12069397,0,0,0,0,0,1.000000000000000,4569164.288,5798141.746
2364,1,500,10,4553,3369,1183,58153809.700689241290092,12069017,2.19231E-06,0.000281493,9.86434E-05,0.000174,0.000109662,0.99933401,4570075.745,5786406.916
2365,1,500,10,2162,1431,731,9907439.112907459959388,12069017,0.028596209,0.000221432,0.026017194,0.014828338,0.022395314,0.907941512,4568714.105,5791223.635
2366,1,500,10,173,127,45,2587127.311470557469875,12072240,0.010987897,0.000192787,0.003482652,0.006932904,0.090840785,0.887562976,4578735.019,5792355.907
2367,1,500,10,4922,3205,1716,42819450.354049839079380,12069397,0.030112633,0.000684191,0.004848786,0.014443919,0.047097371,0.9028131,4573370.82,5794206.243
2368,1,500,10,5389,2374,3014,2095321.001986119663343,12069304,0.179993381,0.025875017,0.033739218,0.177472833,0.061976673,0.520942878,4581582.293,5808396.471
2369,1,500,10,1238,468,769,3151425.327803364489228,12069304,0.123530545,1.53704E-05,0.003759611,0.008835625,0.00700912,0.856849728,4580761.841,5808745.546
2370,1,500,10,3428,2870,557,2540869.525929108262062,12069604,0.299313268,0.034751987,0.01126964,0.049186759,0.038435165,0.567043181,4581529.973,5807011.183
2371,1,500,10,2329,2013,316,640000.000000000000000,12069304,0.636900349,0.021250515,0.026559152,0.021593188,0.021997345,0.27169945,4582850,5809000
2372,1,500,10,4921,3476,1444,2500363.829509261064231,12069304,0.318345115,0.051754129,0.017428485,0.021770016,0.038276299,0.552425956,4583387.098,5808270.717
2373,1,500,10,3596,2345,1250,3427931.786083999555558,12069304,0.156100616,0.0094339,0.00480957,0.016410258,0.02140242,0.791843235,4584025.686,5809568.522
2374,1,500,10,4086,1379,2707,2004240.839329703943804,12069616,0.170259238,0.05107106,0.01519923,0.209997819,0.016475589,0.536997064,4584995.604,5807338.658
2375,1,500,10,4339,2345,1994,2983863.645002751611173,12069604,0.232219582,0.022197403,0.051023816,0.216879666,0.031943025,0.445736508,4583613.899,5806820.268
2376,1,500,10,5224,2848,2375,17500399.537032470107079,12069604,0.038920609,0.001499573,0.005679411,0.042818651,0.005790137,0.905291619,4583837.467,5803014.79
2377,1,500,10,4423,1494,2928,8570576.467268096283078,12069616,0.006661954,0,0.000749232,0.025111925,0.000128238,0.967348651,4586469.05,5804735.476
2378,1,500,10,4241,40,4201,422867.951308404910378,1000000006,0.014714305,0.008408039,0.002084641,0.689641462,0.097773723,0.18737783,4586930.426,5809179.499
2379,1,500,10,1590,24,1565,120648.370367969284416,1000000006,0,0,0,0.922683492,0,0.077316508,4586640.981,5808848.21
2380,1,500,10,4995,2089,2905,1541551.421375224366784,12069616,0.127658413,0.005130392,0.008366689,0.074444747,0.03727113,0.747128629,4585658.739,5808286.374
2381,1,500,10,3983,1941,2042,3770155.913611503783613,12069616,0.055483505,0.033175139,0.0045438,0.015295508,0.003992709,0.887509339,4587915.092,5808499.559
2382,1,500,10,4974,1542,3431,2560000.000000000000000,12069616,0.226918985,0.012491975,0.061592756,0.08841769,0.028193013,0.582385581,4586450,5807000
2383,1,500,10,2186,0,2186,160000.000000000000000,1000000006,0,0,0.998169068,0,0,0.001830932,4589450,5809200
2384,1,500,10,3838,129,3708,308028.787027800106443,1000000006,0,0,0.638512729,0,0,0.361487271,4589439.48,5808625.854
2385,1,500,10,4890,0,4890,373786.973984022333752,1000000006,0,0,0.922739023,0,0.000580535,0.076680442,4589840.624,5808929.686
2386,1,500,10,5042,2851,2191,1403661.594590779626742,1000000006,0.045148285,0,0.102653843,0.000480444,0.107988187,0.74372924,4590835.504,5809590.372
2387,1,500,10,869,540,328,7324971.490488247014582,12072120,0.015653359,0.001203779,0.000938301,0.025281675,0.015507234,0.941415651,4590736.588,5807522.202
2388,1,500,10,5135,2192,2943,16503701.277760341763496,12072120,0.000186488,0,0,6.04551E-05,1.22207E-05,0.999740836,4592457.54,5805746.447
2389,1,500,10,5203,3832,1370,3158818.254560099449009,12069616,0.026438028,0,0.001230765,0.010341514,0.098267693,0.863722001,4588241.78,5807025.646
2390,1,500,10,4538,2616,1921,5037805.286853375844657,12072120,0.080292584,0.011565799,0.028784633,0.008011732,0.015359903,0.855985348,4588855.07,5803747.551
2391,1,500,10,4424,4101,323,977425.390423228265718,12072240,0.185394968,0.047901386,0.068616523,0.01325384,0.053624649,0.631208634,4584653.224,5798608.997
2392,1,500,10,4958,4874,84,314929.492217744933441,12072240,0.122412808,0.059046174,0,0.085230579,0.09028656,0.64302388,4585452.456,5798593.95
2393,1,500,10,4401,1814,2587,22753719.716128371655941,12072120,0,0,0,0,0,1.000000000000000,4589900.601,5801978.575
2394,1,500,10,144,3,141,2560000.000000000000000,12072240,0.123101675,0.012924817,6.46015E-05,0.01588913,0.012823034,0.835196742,4583250,5797400
2395,1,500,10,1234,985,249,640000.000000000000000,12072240,0.271989148,0.059021322,0.076686485,0.018882774,0.034850771,0.538569499,4584450,5797800
2396,1,500,10,2042,1996,45,160000.000000000000000,12072240,0.544605778,0.037714127,0.022261717,0.090322577,0.117566018,0.187529784,4585050,5798000
2397,1,500,10,3876,3736,140,160000.000000000000000,12072240,0.351080555,0.198410467,0.11753203,0.033706915,0.057095611,0.242174422,4585450,5798000
2398,1,500,10,1163,1055,108,160000.000000000000000,12072240,0.530377233,0.230493856,0.029205583,0.017963284,0.027828825,0.164131219,4585050,5797600
2399,1,500,10,1464,1354,110,160000.000000000000000,12072240,0.434001376,0.087389263,0.115352079,0.097018753,0.042713294,0.223525235,4585450,5797600
2400,1,500,10,5438,3406,2032,38004765.839928008615971,12072240,0.000163276,8.20235E-05,5.08853E-05,3.16489E-05,0,0.999672166,4581908.133,5795937.402
2401,1,500,10,1395,933,462,640000.000000000000000,12072240,0.20227245,0.145993773,0.124916302,0.004878644,0.019098887,0.502839944,4585250,5797000
2402,1,500,10,3530,3031,499,640000.000000000000000,12072240,0.021839711,0.055433897,0.15025725,0.151701338,0.048315332,0.572452473,4586050,5798600
2403,1,500,10,737,0,737,640000.000000000000000,12072240,0,0.065131314,0.106277517,0.478243974,0,0.350347195,4586850,5798600
2404,1,500,10,4775,62,4712,7473795.474484389647841,12072240,0.004707562,0,0.011175776,0.330216487,0.002454994,0.651445181,4587520.896,5799745.811
2405,1,500,10,2005,1560,445,640000.000000000000000,12072240,0.181958047,0.08459392,0.109442086,0.120592783,0.181188874,0.32222429,4586050,5797800
2406,1,500,10,5492,3014,2478,14789857.681165209040046,12072240,0.004739556,0.000245388,0.008804923,0.02952804,0.00261941,0.954062684,4587312.646,5794702.625
2407,1,500,10,2342,1835,506,640000.000000000000000,12072240,0.412694264,0.079917638,0.19171286,0.036437765,0.027819323,0.251418151,4586050,5797000
2408,1,500,10,5359,2211,3147,39074622.926306955516338,12072240,0.000110523,0,0.001016901,0.015871077,0.000512291,0.982489208,4590817.911,5795958.808
2409,1,500,10,5417,3695,1722,1288516.137147199362516,1000000007,0.276274625,0.074074498,0.022521793,0.004284574,0.148742221,0.474102289,4592126.341,5809220.241
2410,1,500,10,3099,0,3099,640000.000000000000000,1000000007,0,0.169338235,0,0.416225133,0.292059103,0.122377529,4593250,5809000
2411,1,500,10,0,0,0,27911.929531323628908,12072120,0,0,0,0,0.005824446,0.994175554,4592955.535,5807858.774
2412,1,500,10,1026,0,1026,160000.000000000000000,1000000007,0,0,0.015589352,0.627658228,0.07655515,0.280197269,4593850,5809200
2413,1,500,10,1383,48,1335,160000.000000000000000,1000000007,0,0,0.028215825,0.798788235,0.005885806,0.167110134,4594250,5809200
2414,1,500,10,1473,2,1470,160000.000000000000000,1000000007,0,0,0.017184768,0.910055238,0.025610435,0.047149558,4593850,5808800
2415,1,500,10,1325,2,1323,160000.000000000000000,1000000007,0,0,0.043061631,0.754032933,0,0.202905436,4594250,5808800
2416,1,500,10,2295,1566,728,640000.000000000000000,1000000007,0.66664024,0.001210273,0.004387056,0.107136274,0.023739301,0.196886857,4594850,5809000
2417,1,500,10,4485,627,3857,640000.000000000000000,1000000007,0.123198278,0,0,0.626046843,0.09553266,0.155222219,4594050,5808200
2418,1,500,10,2661,1901,760,640000.000000000000000,1000000007,0.546690063,0,0.014324344,0.087895088,0.12556806,0.225522445,4594850,5808200
2419,1,500,10,5028,3842,1185,1041800.827170449425466,1000000007,0.484892131,0.033716442,0.01898986,0.000598439,0,0.461803128,4595630.652,5809260.252
2420,1,500,10,3754,3148,605,640000.000000000000000,1000000007,0.596769694,0.078369552,0.016837499,0.015931629,0.101270781,0.190820846,4595650,5808200
2421,1,500,10,2899,2726,173,689132.788037757622078,1000000007,0.634877202,0.006992866,0.004233852,0.010986813,0.00139395,0.341515316,4596350.77,5809136.257
2422,1,500,10,6561,6554,7,9737.100425795408228,1000000007,0.795905303,0,0.034134625,0,0,0.169960073,4596898.763,5808049.027
2423,1,500,10,3468,2349,1119,3326523.169670546893030,12061433,0.000117006,0,0,0,0.000516009,0.999366985,4597671.188,5808872.67
2424,1,500,10,1768,1768,0,13753.365018106809657,1000000007,0.893195452,0,0,0,0,0.106804548,4596917.963,5807950.741
2425,1,500,10,5219,5219,0,16234.961362179397838,1000000007,0.703905124,0,0,0,0,0.296094876,4596931.4,5807848.48
2426,1,500,10,3402,2165,1237,682610.923285500030033,1000000008,0,0,0,0,0,1.000000000000000,4596234.153,5809936.888
2427,1,500,10,4889,3774,1115,646237.272159743588418,1000000007,0.101893777,0,0,0,0,0.898106223,4596454.643,5808196.623
2428,1,500,10,4871,3740,1130,640000.000000000000000,1000000007,0.586601923,0.143356522,0.037600664,0.015513255,0.041199325,0.175728311,4595650,5807400
2429,1,500,10,3331,2659,671,640000.000000000000000,1000000007,0.60564748,0.07528886,0.019912245,0.017623033,0.105163062,0.176365319,4596450,5807400
2430,1,500,10,3238,1885,1353,640000.000000000000000,1000000007,0.495019864,0.093991702,0.053393767,0.045198721,0.025058657,0.287337289,4595650,5806600
2431,1,500,10,3315,2715,600,923094.096679646056145,1000000007,0.551230585,0.018092335,0.02095406,0.006683376,0.008167758,0.394871885,4596629.459,5806614.876
2432,1,500,10,5472,5457,14,95036.144338833473739,1000000007,0.907060513,0,0,0.016558314,0,0.076381173,4596971.356,5807583.047
2433,1,500,10,2465,2465,0,143370.982424725836609,1000000007,0.854480646,0,0,0,0,0.145519354,4597030.911,5807188.762
2434,1,500,10,4801,3986,815,2551419.950306107290089,12072017,0.560112661,0.025842557,0.006650679,0.024178036,0.065670939,0.317545129,4596047.472,5803797.444
2435,1,500,10,5483,4134,1348,4639219.922132542356849,12072017,0.150315366,0.003913857,0.002529454,0.062619746,0.089594157,0.69102742,4597619.944,5802869.817
2436,1,500,10,4855,4015,839,10546603.157822417095304,12072017,0.065879397,0.002764879,0.00080019,0.007971145,0.015786938,0.90679745,4594616.102,5802736.903
2437,1,500,10,5147,1046,4101,4773563.960020964033902,12061433,0.040229331,0.005198054,0.027702926,0.036266444,0.019988595,0.870614651,4599366.629,5809146.476
2438,1,500,10,4771,3143,1627,1867690.982775195268914,1000000008,0.023708721,0,0.004261114,0,0.001183452,0.970846712,4602375.999,5808889.984
2439,1,500,10,4962,0,4962,168825.137939313834067,1000000008,0.064967781,0,0.368935712,0,0.405249756,0.160846752,4600928.786,5808323.138
2440,1,500,10,861,0,861,40000.000000000000000,1000000008,0.236232598,0,0.28340878,0,0.25070621,0.229652412,4601150,5808300
2441,1,500,10,0,0,0,114027.843039790750481,12061433,0,0,0,0,0.43856102,0.56143898,4601067.684,5807945.912
2442,1,500,10,4248,2187,2061,4648938.649229981936514,12061433,0.004720212,0,0.000751321,0.065551017,0.007469727,0.921507724,4598595.752,5807013.47
2443,1,500,10,5329,1924,3405,20054668.430642895400524,12061433,0,0,0,0.024607289,0.0063707,0.969022011,4599849.275,5804762.617
2444,1,500,10,4515,4180,335,639999.437500070780516,1000000009,0.538119658,0.1056816,0.016546385,0.022434933,0.129506304,0.18771112,4604450,5809000
2445,1,500,10,4775,4522,253,617221.185096471686848,1000000009,0.381009408,0.061649411,0.009634236,0.035718783,0.329537988,0.182450174,4603880.506,5808839.299
2446,1,500,10,4021,113,3907,7075727.764456300996244,12061433,0.101061578,0.015848903,0.006752953,0.086403147,0.017384792,0.772548626,4603212.069,5807329.828
2447,1,500,10,4372,1229,3143,30131788.825380366295576,12061433,3.16044E-05,0,0.000688483,0.003887695,1.15207E-05,0.995380697,4604539.129,5804203.308
2448,1,500,10,4336,3989,347,2560000.000000000000000,12072017,0.492009651,0.013994986,0.002672393,0.007942631,0.058971704,0.424408635,4596050,5802200
2449,1,500,10,1765,1601,164,640000.000000000000000,12072017,0.72774159,0.025715379,0.003740989,0.0376823,0.039342452,0.165777291,4595650,5801000
2450,1,500,10,5458,3034,2424,14581852.028528824448586,12072017,0.020923258,0.000538805,0.000172769,0.000631287,0.000609399,0.977124481,4599285.942,5800277.528
2451,1,500,10,1791,1572,218,640000.000000000000000,12072017,0.689733091,0.073377174,0.003030476,0.018768319,0.027284971,0.187805969,4595650,5800200
2452,1,500,10,863,411,452,640000.000000000000000,12072017,0.379419001,0.015716876,0.003000708,0.253558558,0.008509301,0.339795556,4596450,5800200
2453,1,500,10,3567,2393,1174,9286072.449003288522363,12072340,0.044947138,0,0.013553479,0.062905083,0.009091628,0.869502672,4599558.21,5797529.724
2454,1,500,10,4901,3936,964,10240000.000000000000000,12072426,0.077348709,0.008112854,0.020956409,0.08403123,0.024040029,0.785510769,4584050,5788600
2455,1,500,10,4908,3472,1435,76114459.791712284088135,12072426,0.007107779,0.000119707,0.006178515,0.003691498,0.002014622,0.980887879,4580879.843,5787956.321
2456,1,500,10,3425,1991,1433,28819878.166792500764132,12069454,0,0,0,0,0,1.000000000000000,4577223.693,5796546.129
2457,1,500,10,197,186,10,6611279.737627582624555,12072002,0.00756606,0.000226953,0.013384148,1.58756E-05,0.003693137,0.975113826,4590944.307,5785485.187
2458,1,500,10,3813,2113,1700,8732186.214236030355096,12072340,0.128438465,0.010810611,0.139956789,0.023046118,0.030788228,0.66695979,4596965.908,5795235.143
2459,1,500,10,4679,619,4060,18451183.170727223157883,12072017,0,0,0,0,0,1.000000000000000,4594970.476,5798273.122
2460,1,500,10,5234,4327,907,25160759.539077743887901,12072477,0.022900763,0.004339747,0.030672704,0.018201978,0.008415547,0.915469261,4595771.711,5791960.249
2461,1,500,10,3851,3024,826,15877566.863900972530246,12072340,0.063447013,0.002053806,0.010727661,0.025333328,0.015292827,0.883145365,4600316.175,5794523.839
2462,1,500,10,4641,3682,959,35848949.018945120275021,12061332,0.005085947,0.000526788,0.000486216,0.008450834,0.001949388,0.983500827,4604717.396,5796761.443
2463,1,500,10,3878,3426,452,9926650.992853935807943,12072477,0.051609449,0.009333825,0.052141235,0.020353947,0.009044571,0.857516973,4600015.963,5788555.212
2464,1,500,10,3217,2291,925,9733462.846676286309958,12072477,0.06505802,0.006500932,0.158498093,0.031216774,0.006053196,0.732672985,4600122.09,5785450.985
2465,1,500,10,3011,2191,820,38175882.450118914246559,12072477,0.010274696,0.001106924,0.015757704,0.012133989,0.005659274,0.955067413,4593908.575,5788636.506
2466,1,500,10,3943,2843,1099,10516915.091335527598858,12060181,5.76385E-07,0.001909972,0,0,6.93391E-05,0.998020113,4605024.045,5833814.901
2467,1,500,10,3997,1912,2084,29106823.650944504886866,12060005,0.020608084,0.00210663,0.011431927,0.01079875,0.002441092,0.952613516,4610383.466,5831279.181
2468,1,500,10,1786,1094,691,10685070.555211972445250,12060020,0.032646066,0.002064767,0.007634562,0.003102281,0.019768464,0.93478386,4607325.531,5834419.462
2469,1,500,10,3299,3297,1,40000.000000000000000,1000000011,0.287109817,0,0,0.001547245,0.069882349,0.64146059,4605750,5828300
2470,1,500,10,4588,4445,142,158782.043283879349474,1000000011,0.142824777,0,0.009549104,0.005677705,0.559381588,0.282566825,4605944.364,5828375.34
2471,1,500,10,2930,2522,408,160000.000000000000000,1000000011,0.495347522,0,0.10608723,0,0.11492861,0.283636638,4605850,5828000
2472,1,500,10,3616,3381,235,10000.000000000000000,1000000011,0,0,0.985382208,0,5.93711E-05,0.014558421,4606100,5828050
2473,1,500,10,5829,5593,235,10000.000000000000000,1000000011,0,0,0.986810339,0,0.011071755,0.002117906,4606200,5828050
2474,1,500,10,4461,4278,182,10000.000000000000000,1000000011,0.048567578,0,0.764005852,0,0,0.18742657,4606100,5827950
2475,1,500,10,3054,2212,842,49659.752747876671492,1000000011,0.02268609,0,0.621446238,0.065156482,0.044856362,0.245854828,4606213.468,5827904.196
2476,1,500,10,4239,4216,22,13497.640851083819143,1000000010,0.008135778,2.59832E-07,0.017545818,0.059119276,0.092312498,0.82288637,4606374.334,5827847.608
2477,1,500,10,5284,5270,13,19495.653816683359764,1000000010,0.003704029,0.159560877,0,0.000785486,0.000724479,0.835225128,4606352.236,5827748.92
2478,1,500,10,2811,2811,0,10000.000000000000000,1000000010,0.008503912,0,0,0,0,0.991496088,4606300,5827650
2479,1,500,10,4757,4755,2,10000.000000000000000,1000000010,0.693601204,0.044708026,0,0,0,0.26169077,4606400,5827650
2480,1,500,10,4942,4942,0,10000.000000000000000,1000000010,0.238949257,0,0,0,0,0.761050743,4606300,5827550
2481,1,500,10,6301,6301,0,10000.000000000000000,1000000010,0.994628221,0,0,0,0,0.005371779,4606400,5827550
2482,1,500,10,2315,2295,19,10000.000000000000000,1000000010,0.347339498,0,0,0.17240601,0,0.480254492,4606400,5827450
2483,1,500,10,5310,3693,1617,468610.933696554100607,1000000011,0.205590378,0.092081173,0.128228149,0.000486354,0.318920254,0.254693692,4605346.519,5827590.162
2484,1,500,10,5333,4415,918,7562899.299941264092922,12060005,0.011653476,0.000692318,0.00126374,0.000469114,0.004493783,0.981427569,4606891.117,5830024.224
2485,1,500,10,4836,4593,243,1261917.260227487888187,12060005,0.029832065,0.009712549,0.006089485,0.018275849,0.005865819,0.930224234,4607264.684,5828128.294
2486,1,500,10,3936,3935,0,13362.541079031114350,1000000010,0.010105621,0.068641495,0,0,0.300940059,0.620312825,4606918.448,5827845.146
2487,1,500,10,6963,6957,5,10000.000000000000000,1000000010,0.62618972,0.140462211,0,0.000702436,0.029820009,0.202825624,4606500,5827750
2488,1,500,10,3467,3467,0,29331.044786475085857,1000000010,0.377109927,0.000830837,0,0.097896489,0.01493423,0.509228516,4606653.48,5827802.168
2489,1,500,10,7601,7590,11,10000.000000000000000,1000000010,0.705383311,0,0,0.102367657,0,0.192249032,4606500,5827650
2490,1,500,10,3256,3256,0,10000.000000000000000,1000000010,0.858861539,0,0,0,0,0.141138461,4606600,5827650
2491,1,500,10,2033,2014,18,10000.000000000000000,1000000010,0.049780305,0.44890817,0,0,0.413464422,0.087847103,4606700,5827750
2492,1,500,10,3007,2998,8,10000.000000000000000,1000000010,0.05253638,0.22084228,0,0,0.529719813,0.196901526,4606800,5827750
2493,1,500,10,1382,1382,0,10000.000000000000000,1000000010,0.729169632,0,0,0,0.072959693,0.197870675,4606700,5827650
2494,1,500,10,4989,4919,70,44228.661622267478378,1000000010,0.235541425,0,0,0,0,0.764458575,4606942.376,5827668.645
2495,1,500,10,1556,1546,10,10000.000000000000000,1000000010,0.660716116,0,0,0.094213843,0,0.245070042,4606500,5827550
2496,1,500,10,9803,9792,11,10000.000000000000000,1000000010,0.63428641,0.273244883,0,0,0,0.092468708,4606600,5827550
2497,1,500,10,7638,7590,48,10000.000000000000000,1000000010,0.183783408,0,0,0.39545826,0,0.420758331,4606500,5827450
2498,1,500,10,4271,4263,7,10000.000000000000000,1000000010,0.799977721,0.136346447,0,0.015795771,0,0.047880061,4606600,5827450
2499,1,500,10,1598,1592,5,10000.000000000000000,1000000010,0.624034366,0.137271962,0,0,0,0.238693672,4606700,5827550
2500,1,500,10,6934,6934,0,10000.000000000000000,1000000010,0.89204055,0,0,0,0,0.10795945,4606800,5827550
2501,1,500,10,5179,5177,2,10000.000000000000000,1000000010,0.791094221,0.06044094,0,0,0,0.14846484,4606700,5827450
2502,1,500,10,8808,8808,0,10000.000000000000000,1000000010,0.987814341,0,0,0,0,0.012185659,4606800,5827450
2503,1,500,10,3225,3209,16,10000.000000000000000,1000000010,0,0.374530337,0,0,0.212998714,0.412470949,4606900,5827750
2504,1,500,10,1737,1733,3,10000.000000000000000,1000000010,0.442872564,0.090964737,0,0,0,0.466162699,4606900,5827550
2505,1,500,10,3546,3537,9,10000.000000000000000,1000000010,0.637749335,0.214078809,0,0,0,0.148171855,4607000,5827550
2506,1,500,10,3303,3303,0,10000.000000000000000,1000000010,0.665377692,0,0,0,0,0.334622308,4606900,5827450
2507,1,500,10,7637,7637,0,10000.000000000000000,1000000010,0.724895576,0,0,0,0,0.275104424,4607000,5827450
2508,1,500,10,8828,8808,20,10000.000000000000000,1000000010,0.349249136,0.485008187,0,0,0,0.165742677,4607100,5827550
2509,1,500,10,8216,8199,17,10000.000000000000000,1000000010,0,0.419636141,0,0,0.580363859,0,4607200,5827550
2510,1,500,10,5626,5622,4,10000.000000000000000,1000000010,0.542929221,0.10217184,0,0,0,0.354898938,4607100,5827450
2511,1,500,10,4365,4357,8,10000.000000000000000,1000000010,0.263646974,0.201793777,0,0,0.326201844,0.208357406,4607200,5827450
2512,1,500,10,4939,2678,2260,951389.066303445841186,1000000010,0.026700406,0.006309989,0,0.00661272,0,0.960376885,4605760.59,5827175.999
2513,1,500,10,3326,3326,0,10000.000000000000000,1000000010,0.673200617,0,0,0,0,0.326799383,4606600,5827350
2514,1,500,10,5654,5622,31,10000.000000000000000,1000000010,0.082721011,0.740532788,0,0.010302929,0,0.166443272,4606500,5827250
2515,1,500,10,4977,4966,11,10000.000000000000000,1000000010,0.493087432,0.273792609,0,0,0,0.233119959,4606600,5827250
2516,1,500,10,3748,3748,0,10000.000000000000000,1000000010,0.627357503,0,0,0,0,0.372642497,4606700,5827350
2517,1,500,10,0,0,0,10000.000000000000000,1000000010,1.000000000000000,0,0,0,0,0,4606800,5827350
2518,1,500,10,2604,2576,28,10000.000000000000000,1000000010,0.04999889,0.666724281,0,0,0.035336623,0.247940206,4606700,5827250
2519,1,500,10,10706,10705,0,10000.000000000000000,1000000010,0.276694337,0.009564377,0,0,0.317958733,0.395782553,4606800,5827250
2520,1,500,10,2545,2506,38,40000.000000000000000,1000000010,0.308040269,0.023639313,0,0.071136619,0.127747547,0.469436253,4606750,5827100
2521,1,500,10,1569,1569,0,10000.000000000000000,1000000010,0.321987461,0,0,0,0,0.678012539,4606900,5827350
2522,1,500,10,4246,4240,6,10000.000000000000000,1000000010,0.152428709,0,0.022454715,0,0,0.825116575,4607000,5827350
2523,1,500,10,5060,5060,0,10000.000000000000000,1000000010,0.184735715,0,0,0,0,0.815264285,4606900,5827250
2524,1,500,10,11526,11408,117,10000.000000000000000,1000000010,0.459095828,0,0.391716033,0,0,0.149188139,4607000,5827250
2525,1,500,10,1900,1897,3,10000.000000000000000,1000000010,0.463191562,0,0.010882764,0,0,0.525925674,4607100,5827350
2526,1,500,10,3303,3303,0,10000.000000000000000,1000000010,0.789469314,0,0,0,0.059082005,0.151448681,4607200,5827350
2527,1,500,10,3449,3396,52,10000.000000000000000,1000000010,0.46666801,0,0.161888776,0.035897952,0,0.335545263,4607100,5827250
2528,1,500,10,9231,9229,1,10000.000000000000000,1000000010,0.55451495,0.04954319,0,0,0,0.39594186,4607200,5827250
2529,1,500,10,3326,3326,0,10000.000000000000000,1000000010,0.523176437,0,0,0,0,0.476823563,4606900,5827150
2530,1,500,10,4451,4451,0,10000.000000000000000,1000000010,0.455466638,0,0,0,0,0.544533362,4607000,5827150
2531,1,500,10,5409,4979,429,1534812.218283389694989,1000000010,0.00850399,0.000299801,0,0.000774382,0,0.990421828,4607400.957,5825551.446
2532,1,500,10,4089,4052,36,10000.000000000000000,1000000010,0.563846214,0,0,0.326400503,0,0.109753283,4607100,5827150
2533,1,500,10,2982,2951,31,10000.000000000000000,1000000010,0.147677297,0.467595506,0,0.099954898,0,0.284772299,4607200,5827150
2534,1,500,10,5292,3513,1779,8658781.018550651147962,12060005,0,0,0,0,0.000842147,0.999157853,4609163.161,5827225.131
2535,1,500,10,5036,5036,0,9824.569940466859407,1000000010,0,0,0,0,1.000000000000000,0,4607297.331,5827549.317
2536,1,500,10,9909,9909,0,10000.000000000000000,1000000010,0,0,0,0,0.920752706,0.079247294,4607300,5827350
2537,1,500,10,1405,1405,0,17048.289548299089802,1000000010,0,0,0,0,1.000000000000000,0,4607329.092,5827419.91
2538,1,500,10,5264,0,5264,769158.861597397131845,1000000010,0,0,0.027499467,0.288373368,0.064991035,0.619136131,4604759.994,5826563.792
2539,1,500,10,1733,574,1158,160000.000000000000000,1000000010,0.000880595,0,0.005823755,0.61403182,0.145216122,0.234047708,4605450,5826400
2540,1,500,10,2912,2856,56,160000.000000000000000,1000000010,0.050529424,0.074193181,0,0.003422061,0.305933509,0.565921824,4605850,5826800
2541,1,500,10,3135,2968,167,160000.000000000000000,1000000010,0.246896138,0.246578806,0,0.00151438,0.386005263,0.119005414,4606250,5826800
2542,1,500,10,4076,3450,626,160000.000000000000000,1000000010,0.41055337,0.018116724,0.112540834,0.033105365,0.035632444,0.390051263,4605850,5826400
2543,1,500,10,3574,3519,54,160000.000000000000000,1000000010,0.141520982,0.055802583,0,0.008907185,0.392077394,0.401691857,4606250,5826400
2544,1,500,10,1796,360,1436,160000.000000000000000,1000000010,0,0.089014828,0.017484049,0.704421033,0,0.189080089,4605050,5826000
2545,1,500,10,1942,1386,555,160000.000000000000000,1000000010,0.160257257,0.004990033,0,0.299296567,0.067625849,0.467830294,4605450,5826000
2546,1,500,10,1687,644,1043,160000.000000000000000,1000000010,0,0.094895144,0.002582911,0.52786528,0.021489881,0.353166784,4605050,5825600
2547,1,500,10,3632,3274,358,160000.000000000000000,1000000010,0.145129289,0.220449241,0.0283825,0.028565596,0.213739175,0.363734198,4605450,5825600
2548,1,500,10,3230,2652,577,160000.000000000000000,1000000010,0.288850343,0.210558585,0.088179163,0.000152397,0.057748786,0.354510727,4605850,5826000
2549,1,500,10,1866,1382,484,160000.000000000000000,1000000010,0.331515733,0.071884887,0.075382409,0.031120257,0.0764022,0.413694514,4606250,5826000
2550,1,500,10,2921,2844,77,160000.000000000000000,1000000010,0.380439029,0.091055403,1.37411E-05,0.008440485,0.332635312,0.18741603,4605850,5825600
2551,1,500,10,2538,2368,170,160000.000000000000000,1000000010,0.28557463,0.129956712,0.017135821,7.93648E-05,0.278142753,0.289110719,4606250,5825600
2552,1,500,10,1773,1401,371,160000.000000000000000,1000000010,0.307849246,0.154778621,0.036566459,0.042202552,0.281027749,0.177575373,4606650,5826800
2553,1,500,10,946,815,130,160000.000000000000000,1000000010,0.311266786,0.099050933,0,0.035292629,0.32079899,0.233590661,4607050,5826800
2554,1,500,10,2279,2248,30,160000.000000000000000,1000000010,0.186206398,0.042077882,0,0.001538109,0.360030631,0.41014698,4606650,5826400
2555,1,500,10,2891,2659,231,160000.000000000000000,1000000010,0.275158536,0.050845391,0,0.105648221,0.171292655,0.397055197,4606650,5826000
2556,1,500,10,4168,3931,237,160000.000000000000000,1000000010,0.040811133,0.353690462,0,0,0.318994603,0.286503802,4607050,5826000
2557,1,500,10,1464,845,618,160000.000000000000000,1000000010,0.415579369,0.183895998,0.100683116,0.000413902,0.073175263,0.226252352,4606650,5825600
2558,1,500,10,3063,3025,38,160000.000000000000000,1000000010,0.549160109,0.040211534,0,0.005110806,0.062768789,0.342748763,4607050,5825600
2559,1,500,10,2606,2296,309,160000.000000000000000,1000000010,0.13274815,0.02379105,0.039322935,0.054987169,0.110319614,0.638831083,4605050,5825200
2560,1,500,10,3949,3849,100,160000.000000000000000,1000000010,0.224650729,0.058649828,0.002929234,0.025792576,0.26660431,0.421373322,4605450,5825200
2561,1,500,10,2243,2083,160,160000.000000000000000,1000000010,0.327614638,0.139608495,0.0008267,0.039576546,0.059716363,0.432657258,4605050,5824800
2562,1,500,10,924,522,402,160000.000000000000000,1000000010,0.193033407,0.229452356,0.047609963,0.008972398,0.090580242,0.430351635,4605450,5824800
2563,1,500,10,2281,2080,200,160000.000000000000000,1000000010,0.255353297,0.007512452,0.038142763,0.000899525,0.356252972,0.341838991,4605850,5825200
2564,1,500,10,1797,1485,312,160000.000000000000000,1000000010,0.413488684,0.145618777,0.012132436,0.08944778,0.11395906,0.225353263,4606250,5825200
2565,1,500,10,1111,936,175,160000.000000000000000,1000000010,0.197586014,0.153498502,0.010122115,0.013695713,0.049840831,0.575256825,4605850,5824800
2566,1,500,10,2104,1979,125,160000.000000000000000,1000000010,0.431451215,0.022756983,0.015251875,0.018586378,0.078669693,0.433283857,4606250,5824800
2567,1,500,10,2008,1355,653,160000.000000000000000,1000000010,0.168890631,0,0.044809249,0.229515742,0.121745204,0.435039174,4605050,5824400
2568,1,500,10,938,785,152,160000.000000000000000,1000000010,0.541894693,0.039881573,0.011233705,0.036545232,0.022936352,0.347508446,4605450,5824400
2569,1,500,10,1620,1383,236,160000.000000000000000,1000000010,0.707836296,0,0.043168179,0.012824213,0.07402579,0.162145522,4605050,5824000
2570,1,500,10,2769,2582,186,160000.000000000000000,1000000010,0.638602779,0.058665781,0.026301609,0.011019157,0.125402305,0.14000837,4605450,5824000
2571,1,500,10,4095,3532,562,160000.000000000000000,1000000010,0.425544908,0.052814337,0.074086672,0.085823079,0.172749311,0.188981693,4605850,5824400
2572,1,500,10,2927,2374,552,160000.000000000000000,1000000010,0.270633172,0.055416064,0.043649661,0.158125225,0.142098917,0.330076962,4606250,5824400
2573,1,500,10,785,703,81,160000.000000000000000,1000000010,0.32893708,0.006135054,0.008902772,0.020211104,0.231889702,0.403924288,4605850,5824000
2574,1,500,10,1618,1456,162,160000.000000000000000,1000000010,0.271700592,0.140495022,0.008620728,0.015282617,0.405760977,0.158140065,4606250,5824000
2575,1,500,10,922,730,191,160000.000000000000000,1000000010,0.353676336,0.135928091,0.019564486,0.00063634,0.119768268,0.37042648,4606650,5825200
2576,1,500,10,1573,1138,434,160000.000000000000000,1000000010,0.294176715,0.016625035,0.048112759,0.103803585,0.136449908,0.400831998,4607050,5825200
2577,1,500,10,3873,3324,548,160000.000000000000000,1000000010,0.312642057,0.053106786,0.078715401,0.069613547,0.143495181,0.342427028,4606650,5824800
2578,1,500,10,3639,2585,1054,160000.000000000000000,1000000010,0.01660045,0.020917239,0.137494393,0.193405639,0.166399226,0.465183053,4607050,5824800
2579,1,500,10,5494,5430,64,50068.043588566157268,1000000010,0.472937303,0.279630174,0,0,0,0.247432523,4607979.749,5824910.174
2580,1,500,10,86,86,0,10000.000000000000000,1000000010,0.229867027,0,0,0,0,0.770132973,4607900,5824750
2581,1,500,10,4099,4099,0,10000.000000000000000,1000000010,0.307188032,0,0,0,0,0.692811968,4608000,5824750
2582,1,500,10,253,251,1,10000.000000000000000,1000000010,0.521696949,0,0,0.007640241,0.179414089,0.29124872,4607900,5824650
2583,1,500,10,2085,2084,0,10000.000000000000000,1000000010,0.79183392,0.022574018,0,0,0,0.185592062,4608000,5824650
2584,1,500,10,2771,2253,518,640000.000000000000000,1000000010,0.233519897,0.029185016,0.021026032,0.002662603,0.513941236,0.199665215,4606850,5824200
2585,1,500,10,237,227,10,10000.000000000000000,1000000010,0.393076857,0.252232173,0,0,0.02888817,0.3258028,4607900,5824550
2586,1,500,10,4389,4357,31,10000.000000000000000,1000000010,0.086511342,0.738434474,0,0,0,0.175054184,4608000,5824550
2587,1,500,10,287,264,23,10000.000000000000000,1000000010,0.111657017,0.536304426,0,0,0,0.352038557,4607900,5824450
2588,1,500,10,4318,4287,31,10000.000000000000000,1000000010,0,0.774262345,0,0,0,0.225737655,4608000,5824450
2589,1,500,10,5280,5270,9,10000.000000000000000,1000000010,0.438130772,0.232143874,0,0,0,0.329725354,4607900,5824350
2590,1,500,10,2665,2647,18,10000.000000000000000,1000000010,0.339096703,0.418367102,0,0,0,0.242536194,4608000,5824350
2591,1,500,10,2109,2108,1,10000.000000000000000,1000000010,0.580805377,0,0,0.005003065,0,0.414191558,4607900,5824250
2592,1,500,10,1569,1569,0,10000.000000000000000,1000000010,0.854794552,0.017038744,0,0,0.08168321,0.046483494,4608000,5824250
2593,1,500,10,3282,3255,27,160000.000000000000000,1000000010,0.712774885,0,0.00516026,0.001402989,0.059575191,0.221086676,4605050,5823600
2594,1,500,10,1361,647,714,160000.000000000000000,1000000010,0.306217366,0.0565794,0.12282261,0.032275679,0.217068153,0.265036793,4605450,5823600
2595,1,500,10,3530,3264,266,160000.000000000000000,1000000010,0.22311521,0.228818655,0,0.060600301,0.333999302,0.153466532,4605050,5823200
2596,1,500,10,981,648,332,160000.000000000000000,1000000010,0.373987014,0.290777888,0.021731316,0.017056248,0.058663948,0.237783586,4605450,5823200
2597,1,500,10,3016,2363,652,640000.000000000000000,1000000010,0.629909609,0.013092305,0.025538246,0.016871933,0.052995638,0.261592268,4606050,5823400
2598,1,500,10,3624,3394,229,160000.000000000000000,1000000010,0.25718644,0.196103927,0.011915222,0.029776817,0.222775372,0.282242221,4605050,5822800
2599,1,500,10,875,739,136,160000.000000000000000,1000000010,0.77583373,0,0.027732534,0,0.039835789,0.156597947,4605450,5822800
2600,1,500,10,1450,1256,193,160000.000000000000000,1000000010,0.503718076,0.050816023,0.011415528,0.054060411,0.1271433,0.252846661,4605050,5822400
2601,1,500,10,783,666,116,160000.000000000000000,1000000010,0.740860008,0.025999298,0.020902179,0,0,0.212238515,4605450,5822400
2602,1,500,10,1603,986,616,160000.000000000000000,1000000010,0.406858451,0.28500009,0.054001563,0.088443404,0.025145864,0.140550628,4605850,5822800
2603,1,500,10,1370,657,713,160000.000000000000000,1000000010,0.070395101,0.585099044,0.059911485,0.010782372,0.036484464,0.237327534,4606250,5822800
2604,1,500,10,1419,754,665,160000.000000000000000,1000000010,0.597330563,0.088548567,0.098664691,0.054678434,0.011655883,0.149121861,4605850,5822400
2605,1,500,10,888,392,495,160000.000000000000000,1000000010,0.34651298,0.096124271,0.065080823,0.061504635,0.14788116,0.282896131,4606250,5822400
2606,1,500,10,4480,4333,146,640000.000000000000000,1000000010,0.401698506,0.007362609,0.005597191,0.001319238,0.495671246,0.08835121,4606850,5823400
2607,1,500,10,3046,2937,109,640000.000000000000000,1000000010,0.061322412,0.03943737,0,0.000626681,0.815339322,0.083274216,4607650,5823400
2608,1,500,10,3534,2228,1306,640000.000000000000000,1000000010,0.295658245,0.065289445,0.017496216,0.108949804,0.290124417,0.222481873,4606850,5822600
2609,1,500,10,1311,1304,6,160000.000000000000000,1000000010,0.142608518,0.01009788,0,0,0.652674014,0.194619588,4607450,5822800
2610,1,500,10,2430,2034,396,160000.000000000000000,1000000010,0.254280402,0.103377954,0.042668307,0.058489187,0.077308151,0.463875999,4607850,5822800
2611,1,500,10,1422,1389,32,160000.000000000000000,1000000010,0.279586305,0.040516075,0,0.001434769,0.346797667,0.331665185,4607450,5822400
2612,1,500,10,3108,2925,182,160000.000000000000000,1000000010,0.332255966,0,0,0.097973059,0.041943507,0.527827468,4607850,5822400
2613,1,500,10,3745,3724,21,10000.000000000000000,1000000010,0.629849298,0,0.014287244,0.13159605,0,0.224267408,4608100,5824850
2614,1,500,10,4851,4638,213,65331.556208990514278,1000000010,0.017841743,0.010038203,0,0.154531896,0,0.817588159,4608245.547,5824838.174
2615,1,500,10,4802,4802,0,10000.000000000000000,1000000010,0.597707344,0.00057069,0,0,0.007175008,0.394546959,4608100,5824650
2616,1,500,10,1194,1194,0,10000.000000000000000,1000000010,0.427556911,0,0,0.001079774,0,0.571363315,4608200,5824650
2617,1,500,10,5214,5200,14,10000.000000000000000,1000000010,0.373313036,0.347228828,0,0,0,0.279458137,4608300,5824750
2618,1,500,10,3285,3279,5,10000.000000000000000,1000000010,0.559522343,0.129837473,0,0,0,0.310640184,4608400,5824750
2619,1,500,10,3139,3139,0,10000.000000000000000,1000000010,0.538957829,0,0,0,0,0.461042171,4608300,5824650
2620,1,500,10,655,655,0,10000.000000000000000,1000000010,0.097959734,0,0,0,0,0.902040266,4608400,5824650
2621,1,500,10,5179,4936,242,512681.251854325062595,12060005,0.074463626,1.9234E-05,0,0,0.04023925,0.885277889,4608332.373,5825170.373
2622,1,500,10,7613,7613,0,7658.410743804776757,1000000010,0.3617862,0,0,0,0.558604536,0.079609264,4608597.262,5824838.637
2623,1,500,10,2859,2740,118,40000.000000000000000,1000000010,0.42647274,0.100924108,0.078495062,0.004680128,0.033847399,0.355580563,4608750,5824700
2624,1,500,10,4627,4614,12,8140.648600937742231,1000000010,0.294432919,0.379773042,0,2.01274E-06,0.118369936,0.207422091,4608734.817,5824821.329
2625,1,500,10,3292,3206,85,334690.289763194334228,12060005,0.158023729,0.00611638,0.048221226,0.108327934,0.156017508,0.523293224,4609115.812,5825069.285
2626,1,500,10,7126,7121,4,10000.000000000000000,1000000010,0.202846731,0.096743417,0,0,0.0860184,0.614391452,4608900,5824650
2627,1,500,10,4480,4474,5,10000.000000000000000,1000000010,0.621166464,0.124137476,0,0,0,0.254696061,4609000,5824650
2628,1,500,10,6226,6207,18,9744.178800526849955,1000000010,0.417254925,0,0,0.154139583,0.106816611,0.321788882,4608899.084,5824748.786
2629,1,500,10,4597,4568,28,7622.563433647156671,1000000010,0.153232029,0.785360801,0,0,0.06140717,6.3E-14,4608997.272,5824738.453
2630,1,500,10,3139,3139,0,10000.000000000000000,1000000010,0.267568933,0.012509737,0,0.004644405,0.424117999,0.291158926,4609100,5824650
2631,1,500,10,7309,7309,0,10000.000000000000000,1000000010,0.34667379,0,0,0,0.460105745,0.193220465,4609200,5824650
2632,1,500,10,4235,4216,18,7761.382095498371200,1000000010,0.329868652,0.389029599,0,0.010989719,0.266873013,0.003239016,4609128.584,5824722.073
2633,1,500,10,1199,1199,0,96567.660281988704810,12064227,0,0,0,0,0.398118409,0.601881591,4609516.372,5824825.784
2634,1,500,10,4764,4732,32,7983279.480060742236674,12064227,0,0,0,0,0.005788035,0.994211965,4611497.902,5826172.085
2635,1,500,10,3890,3888,2,10000.000000000000000,1000000010,0.575331081,0.048236167,0,0,0,0.376432752,4608100,5824550
2636,1,500,10,844,843,1,10000.000000000000000,1000000010,0.639691277,0,0,0.005311343,0,0.35499738,4608200,5824550
2637,1,500,10,952,913,39,10000.000000000000000,1000000010,0.150904871,0.109370178,0,0.316453655,0,0.423271295,4608100,5824450
2638,1,500,10,803,773,30,10000.000000000000000,1000000010,0.212772543,0.489855113,0,0.087221586,0.083793088,0.12635767,4608200,5824450
2639,1,500,10,1147,1147,0,40000.000000000000000,1000000010,0.648433518,0.004250603,0,0,0.068355126,0.278960752,4608350,5824500
2640,1,500,10,10,0,10,10000.000000000000000,1000000010,0.374977235,0.065780247,0,0.069844755,0,0.489397763,4608100,5824350
2641,1,500,10,1807,1803,3,10000.000000000000000,1000000010,0.605553481,0.009285911,0,0.022527422,0,0.362633186,4608200,5824350
2642,1,500,10,2630,2623,6,10000.000000000000000,1000000010,0.475980615,0.167996394,0,0,0.072594915,0.283428076,4608100,5824250
2643,1,500,10,3045,3045,0,10000.000000000000000,1000000010,0.547139682,0,0,0,0.333360586,0.119499732,4608200,5824250
2644,1,500,10,405,374,30,10000.000000000000000,1000000010,0.264034156,0.261367692,0,0.170691823,0,0.303906329,4608300,5824350
2645,1,500,10,24,0,24,10000.000000000000000,1000000010,0.228620224,0.19776235,0,0.150864218,0,0.422753208,4608400,5824350
2646,1,500,10,3936,3935,0,10000.000000000000000,1000000010,0.273610921,0.024127227,0,0,0.537095589,0.165166263,4608300,5824250
2647,1,500,10,2206,2202,4,10000.000000000000000,1000000010,0.237294351,0.098657623,0,0,0.450185008,0.213863018,4608400,5824250
2648,1,500,10,5390,5364,25,90155.117364037767402,1000000010,0.312272561,0.001432246,0,0.024507705,0,0.661787488,4608544.139,5824628.276
2649,1,500,10,3217,3162,55,40000.000000000000000,1000000010,0.602370514,0.188856251,0,0.050808117,0,0.157965119,4608750,5824500
2650,1,500,10,2321,2225,95,40000.000000000000000,1000000010,0.279409128,0.577565235,0,0,0,0.143025638,4608550,5824300
2651,1,500,10,2015,2014,1,10000.000000000000000,1000000010,0.869154971,0.000972074,0,0.007644229,0,0.122228726,4608700,5824350
2652,1,500,10,5306,5294,12,10000.000000000000000,1000000010,0.947834014,0,0.029260219,0,0,0.022905767,4608800,5824350
2653,1,500,10,5533,5528,4,10000.000000000000000,1000000010,0.729751955,0.083155169,0,0.006569295,0,0.180523581,4608700,5824250
2654,1,500,10,5622,5622,0,10000.000000000000000,1000000010,0.968191855,0.031808145,0,0,0,0,4608800,5824250
2655,1,500,10,6723,6723,0,10000.000000000000000,1000000010,0.335726636,0,0.000130137,0,0.624109048,0.040034178,4608200,5824150
2656,1,500,10,6018,5950,68,10000.000000000000000,1000000010,0.005735752,0,0.051353013,0.458938581,0.471840854,0.012131801,4608300,5824150
2657,1,500,10,3269,3185,83,10000.000000000000000,1000000010,0.062604421,0,0,0.728428432,0.08263855,0.126328597,4608400,5824150
2658,1,500,10,2319,2319,0,10000.000000000000000,1000000010,0.992455748,0,0,0,0,0.007544252,4608500,5824150
2659,1,500,10,4062,4052,10,10000.000000000000000,1000000010,0.687053703,0.237353727,0,0,0,0.07559257,4608600,5824150
2660,1,500,10,214,165,49,10000.000000000000000,1000000010,0.083855447,0.150884469,0,0.366220263,0.191096383,0.207943438,4608500,5824050
2661,1,500,10,1803,1803,0,10000.000000000000000,1000000010,0.000204183,0,0,0,0.800458278,0.199337539,4608600,5824050
2662,1,500,10,5582,5575,7,10000.000000000000000,1000000010,0.514558414,0.149818304,0,0,0.001642322,0.33398096,4608700,5824150
2663,1,500,10,4562,4544,17,10000.000000000000000,1000000010,0.501236858,0.41356506,0,2.05251E-06,0,0.085196029,4608800,5824150
2664,1,500,10,921,913,7,10000.000000000000000,1000000010,0.049850781,0.038673655,0.015684547,0,0.465296133,0.430494884,4608700,5824050
2665,1,500,10,63,0,63,10000.000000000000000,1000000010,0,0.057506782,0.204015143,0,0.087475937,0.651002138,4608800,5824050
2666,1,500,10,5459,4356,1102,675231.132945715449750,1000000010,0.023142284,0.023278573,0,0.020617633,0.007950732,0.925010778,4608035.366,5824073.596
2667,1,500,10,573,205,367,40000.000000000000000,1000000010,0.229813873,0,0.279325101,0.044267622,0,0.446593405,4608750,5823900
2668,1,500,10,1967,1967,0,10000.000000000000000,1000000010,0.492890185,0,0,0.005741072,0,0.501368744,4608900,5824550
2669,1,500,10,3303,3303,0,10000.000000000000000,1000000010,0.972880982,0,0,0,0,0.027119018,4609000,5824550
2670,1,500,10,2787,2787,0,10000.000000000000000,1000000010,0.441954169,0,0,0,0,0.558045831,4608900,5824450
2671,1,500,10,5598,5598,0,10000.000000000000000,1000000010,1.000000000000000,0,0,0,0,0,4609000,5824450
2672,1,500,10,3865,3865,0,10000.000000000000000,1000000010,0.987242731,0,0,0,0,0.012757269,4609100,5824550
2673,1,500,10,3068,3068,0,10000.000000000000000,1000000010,0.566600075,0,0,0,0.06232988,0.371070044,4609200,5824550
2674,1,500,10,0,0,0,10000.000000000000000,1000000010,1.000000000000000,0,0,0,0,0,4609100,5824450
2675,1,500,10,1,0,1,10000.000000000000000,1000000010,0.739928446,0,0,0.00878868,0,0.251282874,4609200,5824450
2676,1,500,10,3515,3513,1,10000.000000000000000,1000000010,0.491162327,0,0,0.007089728,0,0.501747945,4608900,5824350
2677,1,500,10,1452,1452,0,10000.000000000000000,1000000010,0.989964699,0,0,0.010035301,0,0,4609000,5824350
2678,1,500,10,5270,5270,0,10000.000000000000000,1000000010,0.561437856,0,0,0,0,0.438562144,4608900,5824250
2679,1,500,10,1054,1054,0,10000.000000000000000,1000000010,0.965411412,0,0,0,0,0.034588588,4609000,5824250
2680,1,500,10,534,515,19,40000.000000000000000,1000000010,0.852009369,0,0,0.040930234,0,0.107060397,4609150,5824300
2681,1,500,10,4405,4404,1,10000.000000000000000,1000000010,0.397506717,0,0,0.009523163,0.229984509,0.362985611,4609300,5824550
2682,1,500,10,2108,2108,0,10000.000000000000000,1000000010,0.959412587,0,0,0,0,0.040587413,4609300,5824450
2683,1,500,10,3740,3724,16,37824.658419498351577,1000000010,0.035750494,0,0,0.041700067,0.412264045,0.510285394,4609372.098,5824568.658
2684,1,500,10,6184,6184,0,10000.000000000000000,1000000010,0,0,0,0,0.867139495,0.132860505,4609500,5824550
2685,1,500,10,4197,4197,0,10000.000000000000000,1000000010,0.004193187,0,0,0,0.659471479,0.336335334,4609600,5824550
2686,1,500,10,2928,2928,0,10000.000000000000000,1000000010,0,0,0,0,0.999636673,0.000363327,4609500,5824450
2687,1,500,10,2309,2309,0,10000.000000000000000,1000000010,0.14122072,0,0,0,0.823293576,0.035485704,4609600,5824450
2688,1,500,10,2366,2272,94,40000.000000000000000,1000000010,0.619778099,0.019080791,0,0.193685015,0.0262208,0.141235295,4609350,5824300
2689,1,500,10,313,261,52,40000.000000000000000,1000000010,0.010411174,0.286604841,0,0.012262712,0.444510118,0.246211155,4609550,5824300
2690,1,500,10,2550,2202,348,40000.000000000000000,1000000010,0.254838349,0,0.275683074,0.023604871,0,0.445873706,4608950,5824100
2691,1,500,10,4807,4497,309,40000.000000000000000,1000000010,0.166937276,0.14237179,0.230198629,0.00550169,0.015771593,0.439219022,4609150,5824100
2692,1,500,10,4795,4401,394,40000.000000000000000,1000000010,0,0.039746247,0.277809676,0.092176411,0,0.590267667,4608950,5823900
2693,1,500,10,3713,3560,152,10000.000000000000000,1000000010,0,0.105451542,0.461502905,0,0.091581759,0.341463793,4609100,5823950
2694,1,500,10,7255,7215,40,10000.000000000000000,1000000010,0,0.650955368,0.042695589,0,0,0.306349043,4609200,5823950
2695,1,500,10,248,210,37,10000.000000000000000,1000000010,0,0.281123802,0.084551833,0,0.097612876,0.536711489,4609100,5823850
2696,1,500,10,173,166,6,10000.000000000000000,1000000010,0,0.000404728,0.021905177,0,0.360123959,0.617566135,4609200,5823850
2697,1,500,10,10,0,10,10000.000000000000000,1000000010,0.242282148,0,0,0.096701645,0.159926311,0.501089896,4609300,5824150
2698,1,500,10,2459,2459,0,10000.000000000000000,1000000010,0.810625056,0,0,0.001743864,0,0.18763108,4609400,5824150
2699,1,500,10,4146,4029,117,10000.000000000000000,1000000010,0.132823845,0.200379729,0.351188895,0.000976042,0,0.314631488,4609300,5824050
2700,1,500,10,5294,5294,0,10000.000000000000000,1000000010,0.984606755,0,0,0,0,0.015393245,4609400,5824050
2701,1,500,10,5298,5270,27,10000.000000000000000,1000000010,0.052165763,0.674067359,0,0,0,0.273766877,4609500,5824150
2702,1,500,10,3306,3273,32,10000.000000000000000,1000000010,0,0.767450281,0,0,0.110055899,0.12249382,4609600,5824150
2703,1,500,10,5944,5926,17,10000.000000000000000,1000000010,0.262270796,0.397719738,0,0.006811901,0,0.333197564,4609500,5824050
2704,1,500,10,4474,4458,16,10000.000000000000000,1000000010,0,0.384614139,0,0,0.301165254,0.314220607,4609600,5824050
2705,1,500,10,1139,1077,62,10000.000000000000000,1000000010,0,0,0.061776915,0.381778705,0,0.556444379,4609300,5823950
2706,1,500,10,4146,4146,0,10000.000000000000000,1000000010,0.064946178,0,0,0,0.219764337,0.715289485,4609400,5823950
2707,1,500,10,492,490,2,10000.000000000000000,1000000010,0,0.046402775,0,0,0.578387101,0.375210124,4609300,5823850
2708,1,500,10,5270,5270,0,10000.000000000000000,1000000010,0,0.000271273,0,0,0.764853431,0.234875296,4609400,5823850
2709,1,500,10,1780,1780,0,10000.000000000000000,1000000010,0,0,0,0,0.538066206,0.461933794,4609500,5823950
2710,1,500,10,4438,4438,0,10000.000000000000000,1000000010,0,0,0,0,0.565436058,0.434563942,4609600,5823950
2711,1,500,10,2567,2553,13,10000.000000000000000,1000000010,0,0.320330936,0,0,0.353882592,0.325786472,4609500,5823850
2712,1,500,10,3371,3353,18,10000.000000000000000,1000000010,0,0.449103333,0,0,0.461158059,0.089738608,4609600,5823850
2713,1,500,10,3657,3654,2,40000.000000000000000,1000000010,0.772219089,0.001394175,0,0.004709978,0,0.221676759,4609750,5824300
2714,1,500,10,3559,3554,4,10000.000000000000000,1000000010,0.030690359,0,0,0.031547196,0.192543469,0.745218976,4610000,5824350
2715,1,500,10,4808,4782,25,96761.739018708962249,1000000010,0.273315638,0,0,0,0.01720433,0.709480032,4609821.728,5824460.162
2716,1,500,10,3757,3715,42,10000.000000000000000,1000000010,0.350233975,0,0,0.363396185,0,0.28636984,4610000,5824250
2717,1,500,10,4119,4116,2,10000.000000000000000,1000000010,0.444877026,0,0,0.023090134,0.067702836,0.464330005,4610100,5824350
2718,1,500,10,4007,3996,11,10000.000000000000000,1000000010,0.730858045,0,0,0.098312469,0,0.170829486,4610100,5824250
2719,1,500,10,3337,3333,3,10000.000000000000000,1000000010,0.584882895,0.091639622,0,0,0,0.323477483,4610200,5824250
2720,1,500,10,4960,4960,0,10000.000000000000000,1000000010,0.675162423,0.004001846,0,0,0,0.320835731,4610300,5824350
2721,1,500,10,5295,5181,113,66154.404319077730179,1000000010,0.131720768,0.063310458,0,0,0,0.804968774,4610256.396,5824425.607
2722,1,500,10,3048,3032,15,10000.000000000000000,1000000010,0.4851926,0.377473904,0,0,0,0.137333496,4610300,5824250
2723,1,500,10,2550,2550,0,10000.000000000000000,1000000010,0.869904276,0,0,0,0,0.130095724,4610400,5824250
2724,1,500,10,2336,2329,7,10000.000000000000000,1000000010,0.513270445,0.166064384,0,0,0,0.32066517,4609700,5824150
2725,1,500,10,2891,2891,0,10000.000000000000000,1000000010,0.683902951,0,0,0.009001176,0,0.307095873,4609800,5824150
2726,1,500,10,5536,5522,14,10000.000000000000000,1000000010,0,0.078544004,0,0.100804003,0.26428171,0.556370284,4609700,5824050
2727,1,500,10,4681,4679,2,10000.000000000000000,1000000010,0,0.063129027,0,0,0.434094359,0.502776613,4609800,5824050
2728,1,500,10,1955,1927,28,40000.000000000000000,1000000010,0.15333205,0.168987605,0,0,0.202040933,0.475639413,4609950,5824100
2729,1,500,10,5121,5121,0,10000.000000000000000,1000000010,0,0,0,0,0.732593345,0.267406655,4609700,5823950
2730,1,500,10,15,0,15,10000.000000000000000,1000000010,0,0.357110592,0,0,0.584898036,0.057991372,4609800,5823950
2731,1,500,10,3198,3193,5,10000.000000000000000,1000000010,0,0.112097538,0,0,0.712735912,0.17516655,4609700,5823850
2732,1,500,10,2691,2691,0,10000.000000000000000,1000000010,0.142396822,0.007326602,0,0,0.498261612,0.352014965,4609800,5823850
2733,1,500,10,3464,3112,351,40000.000000000000000,1000000010,0.37823101,0.166916363,0.257154093,0.005293143,0,0.192405391,4609950,5823900
2734,1,500,10,2168,2168,0,10000.000000000000000,1000000010,0,0,0,0,0.133980583,0.866019417,4610100,5824150
2735,1,500,10,2429,2429,0,10000.000000000000000,1000000010,0,0,0,0,0.230295988,0.769704012,4610200,5824150
2736,1,500,10,843,843,0,10000.000000000000000,1000000010,0.572689077,0,0,0,0.307006758,0.120304165,4610100,5824050
2737,1,500,10,4851,4839,11,10000.000000000000000,1000000010,0.263546848,0.243134631,0,0.007926247,0.174114293,0.311277981,4610200,5824050
2738,1,500,10,4438,4438,0,10000.000000000000000,1000000010,0,0,0,0,0.204318198,0.795681802,4610300,5824150
2739,1,500,10,1867,1867,0,10000.000000000000000,1000000010,0.005798276,0,0,0,0.002012888,0.992188836,4610400,5824150
2740,1,500,10,3553,3514,38,10000.000000000000000,1000000010,0,0.502877671,0.051307679,0.002870055,0.174849753,0.268094842,4610300,5824050
2741,1,500,10,3112,3112,0,10000.000000000000000,1000000010,0,0,0,0.013806205,0.142325904,0.843867891,4610400,5824050
2742,1,500,10,3,0,3,10000.000000000000000,1000000010,0.730923952,0,0.009213431,0,0,0.259862618,4610100,5823950
2743,1,500,10,3956,3956,0,10000.000000000000000,1000000010,0.945858562,0.001068302,0,0,0,0.053073136,4610200,5823950
2744,1,500,10,1099,1084,15,10000.000000000000000,1000000010,0.540104966,0,0.054215868,0,0,0.405679166,4610100,5823850
2745,1,500,10,5161,5161,0,10000.000000000000000,1000000010,0.766542587,0,0,0.005637766,0,0.227819647,4610200,5823850
2746,1,500,10,2928,2831,96,10000.000000000000000,1000000010,0.252619592,0.012763184,0.291279327,1.17918E-05,0.208876162,0.234449944,4610300,5823950
2747,1,500,10,4029,3936,93,10000.000000000000000,1000000010,0,0,0,0.81497784,0.031429493,0.153592668,4610400,5823950
2748,1,500,10,4561,4538,22,65284.752310449017386,1000000010,0.214742316,0,0,0.056296947,0.138459777,0.590500961,4610481.562,5824008.511
2749,1,500,10,3097,2972,124,187990.963847529201303,1000000010,0.132756355,0.159406768,0,0,0.418526561,0.289310316,4610729.56,5824288.761
2750,1,500,10,3078,2717,361,160000.000000000000000,1000000010,0.249066289,0.010912322,0.06845946,0.007124995,0.213565173,0.450871762,4608650,5823600
2751,1,500,10,2737,2550,187,160000.000000000000000,1000000010,0.268354466,0.05148934,0.003334843,0.072894992,0.127750186,0.476176173,4608250,5823200
2752,1,500,10,2507,1715,792,160000.000000000000000,1000000010,0.390906234,0.150195151,0.138386983,0,0.034245213,0.286266419,4608650,5823200
2753,1,500,10,3272,2487,785,160000.000000000000000,1000000010,0.178520305,0,0.152695981,0.015231155,0.29363762,0.359914939,4609050,5823600
2754,1,500,10,2655,2276,379,160000.000000000000000,1000000010,0.496378356,0.087200882,0.04517884,0.054485112,0.015922194,0.300834616,4609450,5823600
2755,1,500,10,4106,3932,173,160000.000000000000000,1000000010,0.425895215,0.176276959,0,0.030494521,0.028457538,0.338875767,4608250,5822800
2756,1,500,10,994,910,83,160000.000000000000000,1000000010,0.679154109,0.064159226,0.008705854,0,0.087812106,0.160168706,4608650,5822800
2757,1,500,10,3772,3602,169,160000.000000000000000,1000000010,0.444769929,0.247977595,0,0.002628952,0.021774711,0.282848813,4608250,5822400
2758,1,500,10,1256,1108,147,160000.000000000000000,1000000010,0.724951964,0.014330018,0.026322062,0.006721212,0.063475721,0.164199021,4608650,5822400
2759,1,500,10,3291,2919,371,640000.000000000000000,1000000010,0.640241874,0.060751877,0.009775744,0.001274481,0.092538661,0.195417364,4609250,5822600
2760,1,500,10,507,498,9,10000.000000000000000,1000000010,0.002688816,0.233571951,0,0,0.513524794,0.250214439,4609700,5823750
2761,1,500,10,4894,4880,14,10000.000000000000000,1000000010,0.065461018,0.339125134,0,0,0.369328985,0.226084864,4609800,5823750
2762,1,500,10,2,0,2,10000.000000000000000,1000000010,0.300631527,0.074408596,0,0,0.318675258,0.306284619,4609700,5823650
2763,1,500,10,498,468,30,10000.000000000000000,1000000010,0,0.712539168,0,0,0.273395694,0.014065137,4609800,5823650
2764,1,500,10,353,336,16,40000.000000000000000,1000000010,0.45487709,0.091800958,0,0.002174364,0.277808728,0.17333886,4609750,5823500
2765,1,500,10,1365,1365,0,10000.000000000000000,1000000010,0.840227494,0,0,0,0,0.159772506,4610100,5823750
2766,1,500,10,4317,4317,0,10000.000000000000000,1000000010,0.54351417,0,0,0,0,0.45648583,4610200,5823750
2767,1,500,10,5488,4385,1103,813027.642117116134614,1000000010,0.056952122,0,0,0,0,0.943047878,4609747.109,5823276.714
2768,1,500,10,2108,2108,0,10000.000000000000000,1000000010,0.636336329,0,0,0,0,0.363663671,4610200,5823650
2769,1,500,10,2329,2329,0,10000.000000000000000,1000000010,0.865746269,0,0,0,0.003987332,0.130266399,4610300,5823750
2770,1,500,10,2771,2771,0,10000.000000000000000,1000000010,0.555613487,0,0,0,0.213127423,0.23125909,4610400,5823750
2771,1,500,10,4076,4076,0,10000.000000000000000,1000000010,0.747378806,0,0,0,0,0.252621194,4610300,5823650
2772,1,500,10,2168,2168,0,10000.000000000000000,1000000010,0.635519911,0,0,0,0.579339864,-0.214859775,4610400,5823650
2773,1,500,10,3233,2841,391,640000.000000000000000,1000000010,0.673546743,0.096389332,0.006484264,0.000157641,0.06810619,0.15531583,4610050,5822600
2774,1,500,10,4435,4368,67,160000.000000000000000,1000000010,0.852425377,0.044704292,0.008441397,0,0.002811022,0.091617912,4610650,5822800
2775,1,500,10,4328,4266,61,197206.545753088372294,1000000010,0.444837852,0,0,0,0,0.555162148,4610889.143,5823059.166
2776,1,500,10,1867,1867,0,40000.000000000000000,1000000010,0.583977987,0,0,0,0.328431257,0.087590756,4611150,5822900
2777,1,500,10,1605,1586,18,40000.000000000000000,1000000010,0.678238152,0,0.013456221,0,0.229233982,0.079071646,4610950,5822700
2778,1,500,10,1489,1486,3,40000.000000000000000,1000000010,0.360964564,0,0.001939917,0,0.59650554,0.040589979,4611150,5822700
2779,1,500,10,3294,3205,88,160000.000000000000000,1000000010,0.736015464,0.091594991,0.004444217,0.001085786,0.009514451,0.15734509,4610650,5822400
2780,1,500,10,1767,1767,0,40000.000000000000000,1000000010,0.321260323,0,0.000292004,0,0.631550382,0.046897291,4610950,5822500
2781,1,500,10,1968,1968,0,40000.000000000000000,1000000010,0.779167876,0,0,0,0.022041723,0.198790401,4611150,5822500
2782,1,500,10,1897,1875,21,40000.000000000000000,1000000010,0.526657002,0,0.018232474,0,0.00107565,0.454034874,4610950,5822300
2783,1,500,10,1889,1800,89,40000.000000000000000,1000000010,0.727384022,0,0.074609109,0,0,0.198006869,4611150,5822300
2784,1,500,10,5225,3635,1590,75520639.693699508905411,12064029,5.11762E-05,0,3.87671E-05,0.001575766,4.88216E-06,0.998329409,4623001.946,5831843.215
2785,1,500,10,1972,1669,303,2560000.000000000000000,12064029,0.089400218,0.005701156,0.025709298,0.031207856,0.036608592,0.81137288,4616850,5827800
2786,1,500,10,5272,4140,1131,26276284.208671614527702,12064029,0.007667125,0.001040054,0.0007536,0.008518268,0.00199198,0.980028972,4619978.227,5826674.069
2787,1,500,10,2364,2038,325,2560000.000000000000000,12064029,0.200274135,0.02233898,0.015326262,0.032473399,0.078637856,0.650949367,4616850,5826200
2788,1,500,10,4303,3537,766,2592649.830596911255270,12064227,0.011086355,0.003646784,0.005625044,0.059345329,0.012139944,0.908156545,4611990.905,5824963.974
2789,1,500,10,5024,4386,637,4237417.110888170078397,12064336,0,0,0,0,0,1.000000000000000,4613616.341,5823508.777
2790,1,500,10,5211,4747,464,1570209.861658621579409,12064227,0.296057117,0.029507497,0.001268366,0.018287091,0.13147763,0.523402299,4611784.981,5824192.017
2791,1,500,10,1910,1592,318,1275406.942867349134758,12064227,0.286035975,0,0,0.001963587,0.024944353,0.687056085,4611511.29,5823496.367
2792,1,500,10,2409,2409,0,40000.000000000000000,1000000010,0.431817204,0,0,0,0.443070303,0.125112493,4611350,5822900
2793,1,500,10,5124,5080,43,124390.328012983605731,1000000010,0.383967367,0,0,0,0.233334982,0.382697651,4611481.746,5823039.412
2794,1,500,10,2083,2068,15,40000.000000000000000,1000000010,0.776525523,0,0.010559561,0,0.002684134,0.210230782,4611350,5822700
2795,1,500,10,1506,1506,0,40000.000000000000000,1000000010,0.858817238,0,0,0,0,0.141182762,4611550,5822700
2796,1,500,10,4900,4900,0,160000.000000000000000,1000000010,0.192764591,0,0,0,0.717074984,0.090160425,4611850,5822800
2797,1,500,10,3942,3905,37,160000.000000000000000,1000000010,0.768506265,0,0.008854545,0,0.030436006,0.192203185,4611450,5822400
2798,1,500,10,5020,4959,60,159398.627546695148339,1000000010,0.374088657,0,0.005311279,0.016236121,0.478713969,0.125649975,4611849.297,5822400.718
2799,1,500,10,4739,4739,0,202772.699958335928386,1000000010,0,0,0,0,0.706226961,0.293773039,4612094.59,5823052.508
2800,1,500,10,1566,1566,0,40000.000000000000000,1000000010,0,0,0,0,1.000000000000000,0,4612350,5822900
2801,1,500,10,1546,1546,0,40000.000000000000000,1000000010,0,0,0,0,1.000000000000000,0,4612150,5822700
2802,1,500,10,1968,1968,0,40000.000000000000000,1000000010,0.306541763,0,0,0,0.585924587,0.107533649,4612350,5822700
2803,1,500,10,4116,4116,0,90658.717544376850128,1000000010,0.619725707,0,0,0,0.22788968,0.152384613,4612207.663,5822471.442
2804,1,500,10,1823,1183,639,640000.000000000000000,12064336,0.352499695,0.017152609,0.058964458,0.246179946,0.07366025,0.251543042,4614850,5823400
2805,1,500,10,1543,1408,134,640000.000000000000000,12064336,0.277858172,0.014445028,0,0.100223744,0.120503814,0.486969242,4615650,5823400
2806,1,500,10,1347,1136,210,640000.000000000000000,12064336,0.607816379,0.049962288,0.019343172,0.022360157,0.116654774,0.18386323,4614850,5822600
2807,1,500,10,1584,1136,448,640000.000000000000000,12064336,0.486555667,0.057989024,0.050463474,0.061211179,0.158642758,0.185137899,4615650,5822600
2808,1,500,10,4488,2131,2357,6957877.875314911827445,12064336,0.032218588,0.006852495,0.003765879,0.163706791,0.018014378,0.775441868,4616609.636,5823705.312
2809,1,500,10,4958,4204,753,3155991.390144050586969,12064136,0.003994407,0,0,0,0.001666759,0.994338833,4618982.129,5824637.109
2810,1,500,10,4978,4261,717,15620653.526040090247989,12064472,0.004887568,0.002799599,0.000291818,0.00024308,0.003288062,0.988489872,4625734.068,5829003.867
2811,1,500,10,4637,1817,2819,5062101.532837814651430,12064472,0.034485582,0.01647921,0.001965979,0.020929572,0.032824719,0.893314939,4629927.208,5829782.675
2812,1,500,10,2640,1373,1266,640000.000000000000000,12064472,0.205667618,0.036137714,0.110002984,0.028211631,0.162564793,0.45741526,4627650,5829000
2813,1,500,10,4389,3858,531,640000.000000000000000,12064472,0.322625156,0.119186369,0.006052321,0.16534288,0.174670502,0.212122772,4628450,5829000
2814,1,500,10,4611,3554,1057,3775407.443025175016373,12064472,0.118207123,0.142441635,0.000258208,0.043717441,0.05863704,0.636738553,4628755.449,5830801.33
2815,1,500,10,4258,3617,640,3010147.815194390248507,12064136,0.402980912,0.018265944,0.011625538,0.027255203,0.110888366,0.428984037,4619017.349,5822977.301
2816,1,500,10,5197,4634,562,4001468.929089481942356,12064380,0.354334137,0.009685282,0.004055202,0.012871609,0.082947333,0.536106437,4621194.89,5822996.077
2817,1,500,10,2981,2741,239,1828899.083741040434688,12064380,0.398445719,0.010061748,0.014371803,0.011946573,0.126482721,0.438691435,4623348.013,5824447.463
2818,1,500,10,4157,4114,42,3042057.315887888427824,12064380,0.298298891,0.000822031,0.000605477,0.003274403,0.094271931,0.602727266,4621323.02,5824432.447
2819,1,500,10,4730,4351,378,2554757.730613343883306,12064380,0.133247904,0.000881463,0.001492411,0.012920392,0.069791391,0.781666439,4624457.162,5825507.668
2820,1,500,10,5482,4559,922,6463420.580861086957157,12064472,0.03815498,0.005549872,0.00027597,0.031742954,0.01951331,0.904762914,4626390.007,5824979.214
2821,1,500,10,5132,3492,1640,5531823.948973405174911,12064472,0.094829674,0.013142842,0.003699011,0.006215832,0.043902595,0.838210046,4624700.482,5823358.448
2822,1,500,10,636,636,0,60084.316179969326186,12064472,0.050421914,0,0,0,0.891353838,0.058224249,4624787.023,5824848.844
2823,1,500,10,3949,2629,1320,10916107.764749018475413,12064472,0.073895794,0.008659728,0.00167897,0.02206479,0.076808795,0.816891922,4628796.12,5826885.309
2824,1,500,10,5485,4099,1386,39406427.590081140398979,12060280,0.021636274,0.0006457,0.003296159,0.019683105,0.005689044,0.949049718,4615761.255,5832790.661
2825,1,500,10,2417,1393,1024,640000.000000000000000,1000000010,0.577114922,0.053036374,0.029431471,0.044185126,0.092163683,0.204068423,4605250,5821800
2826,1,500,10,3030,2017,1012,640000.000000000000000,1000000010,0.568471636,0.090520144,0.028558977,0.028573092,0.072379423,0.211496727,4606050,5821800
2827,1,500,10,2637,1044,1592,640000.000000000000000,1000000010,0.365713784,0.026288988,0.037728828,0.102956741,0.036638694,0.430672965,4605250,5821000
2828,1,500,10,2381,996,1385,640000.000000000000000,1000000010,0.241886621,0.094411981,0.026712809,0.084372212,0.275287238,0.277329139,4606050,5821000
2829,1,500,10,2057,662,1395,640000.000000000000000,1000000010,0.074767846,0.294317743,4.57879E-05,0.082173478,0.462523999,0.086171146,4606850,5821800
2830,1,500,10,2102,1850,252,160000.000000000000000,1000000010,0.299813261,0.293696675,0,0.029629635,0.191132482,0.185727947,4607450,5822000
2831,1,500,10,2501,2214,286,160000.000000000000000,1000000010,0.348024029,2.74337E-05,0,0.151466025,0.095787461,0.404695052,4607850,5822000
2832,1,500,10,1127,943,184,160000.000000000000000,1000000010,0.49353513,0.116053983,8.66975E-05,0.0542563,0.072448888,0.263619001,4607450,5821600
2833,1,500,10,532,302,230,160000.000000000000000,1000000010,0.365153967,0.173587794,0.003897342,0.053174588,0,0.404186309,4607850,5821600
2834,1,500,10,690,344,345,640000.000000000000000,1000000010,0.152860249,0.07032572,0.007562923,9.80007E-05,0.209811835,0.559341273,4606850,5821000
2835,1,500,10,3727,2075,1652,640000.000000000000000,1000000010,0.524036008,0.015242785,0.05270443,0.078261945,0.041872117,0.287882716,4607650,5821000
2836,1,500,10,4761,2061,2700,640000.000000000000000,1000000010,0.405524783,0.029184503,0.076761716,0.152137194,0.036207899,0.300183905,4606050,5820200
2837,1,500,10,5243,3205,2037,1657803.737247945507988,1000000010,0.31243235,0.017909276,0.012077718,0.003718239,0.006213878,0.647648539,4605902.632,5818919.927
2838,1,500,10,4736,2332,2403,1660964.616995272692293,1000000010,0.361797026,0.025851466,0.037689855,0.014647983,0.094113673,0.465899997,4605105.312,5819895.862
2839,1,500,10,3381,2762,619,640000.000000000000000,1000000010,0.370852426,0.003679382,0.016763192,0.03683503,0.169463709,0.40240626,4606850,5820200
2840,1,500,10,4107,1549,2557,640000.000000000000000,1000000010,0.412770444,0.04995264,0.039473355,0.225351323,0.058520739,0.213931499,4607650,5820200
2841,1,500,10,3871,2012,1859,640000.000000000000000,1000000010,0.585874987,0.002545073,0.088376129,0.013452552,0.168082432,0.141668826,4606850,5819400
2842,1,500,10,5084,4072,1012,1798667.187433929415420,1000000010,0.226796181,0.021186816,0.003495993,0.017249374,0.143300485,0.587971151,4607649.058,5818675.544
2843,1,500,10,3704,2821,883,640000.000000000000000,1000000010,0.580518128,0.058598975,0.030538847,0.015430122,0.074922173,0.239991755,4608450,5821800
2844,1,500,10,2488,2071,417,640000.000000000000000,1000000010,0.649681714,0.010873418,0.017770232,0.004657423,0.120139715,0.196877497,4609250,5821800
2845,1,500,10,3113,2514,599,640000.000000000000000,1000000010,0.657663512,0.01749123,0.01385359,0.039257146,0.032341441,0.239393081,4608450,5821000
2846,1,500,10,3964,1831,2133,640000.000000000000000,1000000010,0.60517199,0.007821567,0.093352843,0.028741671,0.025499743,0.239412186,4609250,5821000
2847,1,500,10,2600,2012,588,640000.000000000000000,1000000010,0.753645267,0.008324847,0.024110659,0.009930031,0.015683329,0.188305868,4610050,5821800
2848,1,500,10,5180,2353,2827,886352.351283614523709,1000000010,0.532788069,0.008911319,0.038479393,0.00060093,0.051703243,0.367517046,4611028.411,5821848.371
2849,1,500,10,441,0,440,235371.346741215354996,12064227,0.004825139,0,0.02659621,0.66013037,0.157241699,0.151206582,4611081.929,5820913.416
2850,1,500,10,5355,4302,1053,2553948.725303365383297,1000000010,0.125960026,0.02386785,0.00443751,0.010318772,0.049230582,0.78618526,4608450.85,5819003.713
2851,1,500,10,2503,414,2088,640000.000000000000000,1000000010,0.208044291,0.046547354,0.012034256,0.236903217,0.060099408,0.436371476,4609250,5820200
2852,1,500,10,2424,2002,421,640000.000000000000000,1000000010,0.430087765,0.023034885,0.015486195,0.007834378,0.07952399,0.444032788,4609250,5819400
2853,1,500,10,4547,2190,2357,1204628.653258784674108,1000000010,0.037482863,0.020764544,0.004087382,0.100364288,0.002463443,0.834837479,4610246.835,5820937.225
2854,1,500,10,4496,2921,1575,844578.985972914728336,1000000010,0.163194809,0.000923895,0.023687815,0.014474741,0.024085333,0.773633406,4610036.061,5819525.027
2855,1,500,10,4944,814,4130,503897.464556018821895,1000000010,0.068794843,0.003972799,0.023669996,0.593870838,0.016522538,0.293168986,4610366.756,5820217.494
2856,1,500,10,2570,724,1845,7514982.876577131450176,12064227,2.79527E-05,1.08106E-06,0,0.002688271,0,0.997282696,4611701.101,5818045.729
2857,1,500,10,4121,2934,1187,2479683.338441557250917,1000000010,0.252262043,0,0.004141774,0.002811359,0.039224065,0.701560758,4606244.979,5817531.187
2858,1,500,10,3023,2303,720,863893.481799807748757,1000000011,0.048586846,0,9.40146E-05,0.00017363,0.267004302,0.684141208,4604623.909,5819099.041
2859,1,500,10,2904,1964,940,640000.000000000000000,1000000010,0.626983589,0.019741126,0.024498011,0.053819588,0.042147165,0.232810521,4606850,5818600
2860,1,500,10,5183,4277,906,1001005.529354481608607,1000000009,1.06121E-05,0,0,0,0,0.999989388,4606890.883,5816446.747
2861,1,500,10,4695,4509,185,1081332.812566070351750,1000000009,0.214564872,0.003364817,0.004247183,0,0.007487732,0.770335397,4607651.566,5816876.313
2862,1,500,10,2437,2361,75,160000.000000000000000,1000000009,0.66623123,0.144085782,0,0.016784541,0.007996907,0.16490154,4607450,5816000
2863,1,500,10,1803,1702,101,160000.000000000000000,1000000009,0.678257838,0.011312754,0.050731762,0.037798928,0.022896244,0.199002473,4607850,5816000
2864,1,500,10,2101,548,1552,2043503.333412393461913,1000000009,0.000506994,0,9.33192E-09,0.120765657,0.055815649,0.82291169,4605349.031,5816247.7
2865,1,500,10,2663,2169,494,640000.000000000000000,1000000010,0.723300815,0.000904874,0.013397497,0.031308687,0.038422774,0.192665354,4609250,5818600
2866,1,500,10,3405,2506,898,640000.000000000000000,1000000010,0.699504547,0.035082356,0.036459816,0.011732067,0.032951955,0.184269259,4609250,5817800
2867,1,500,10,4710,3786,924,1874762.783219009405002,1000000010,0.32360884,0.000807532,0.00862617,0.001976424,0.005018751,0.659962282,4609661.263,5817821.302
2868,1,500,10,5284,1348,3935,5555274.602935158647597,12064227,0.154160174,0.023295556,0.005836147,0.256627435,0.05604502,0.504035669,4612005.618,5820576.39
2869,1,500,10,4421,3829,591,3539840.678584857378155,12064336,0.04564457,0.001479846,0.003725741,0.000578483,0.011984673,0.936586686,4615164.341,5821209.677
2870,1,500,10,2795,1593,1202,5001697.757567667402327,12064227,0.055917771,0.012851525,0.002737938,0.043885621,0.252659369,0.631947777,4613591.551,5820649.094
2871,1,500,10,1677,1612,65,2896919.432554788887501,12067440,0.00071949,0,0,0.000153902,0.001242669,0.997883938,4616720.973,5818404.391
2872,1,500,10,2766,2503,262,2147059.235269494354725,12064336,0.504210299,0.016311943,0.006850445,0.013257944,0.111935045,0.347434324,4616736.354,5821500.038
2873,1,500,10,4111,2718,1392,7140463.948695052415133,12067440,0.049553599,0.001717801,0.00144807,0.002716654,0.005811329,0.938752546,4614862.455,5818285.239
2874,1,500,10,2878,2415,462,1969565.968091980554163,12067440,0.391771836,0.019641675,0.024900531,0.023693498,0.103542557,0.436449904,4615456.98,5816264.263
2875,1,500,10,4890,3833,1057,2560000.000000000000000,1000000009,0.045382012,0.013928847,0.018277305,0.04525682,0.29076999,0.586385026,4605650,5815000
2876,1,500,10,1551,1467,84,640000.000000000000000,1000000009,0.279806945,0.009753579,0.007770736,0.00874876,0.169888315,0.524031665,4606850,5815400
2877,1,500,10,1003,944,59,160000.000000000000000,1000000009,0.72457819,0.071402056,0.002314858,0.033518419,0.022162895,0.146023582,4607450,5815600
2878,1,500,10,1033,967,66,160000.000000000000000,1000000009,0.694378003,0.011074191,0.026211929,0.029547805,0.022506356,0.216281716,4607850,5815600
2879,1,500,10,3108,2808,299,160000.000000000000000,1000000009,0.259834498,0.029775996,0.088889319,0.209996236,0.025212649,0.386291303,4607450,5815200
2880,1,500,10,3762,3387,375,160000.000000000000000,1000000009,0.250907755,0.033169063,0.187741593,0.154390919,0.053217034,0.320573636,4607850,5815200
2881,1,500,10,3667,3075,592,640000.000000000000000,1000000009,0.313588951,0.02031829,0.082585306,0.040388019,0.252546867,0.290572568,4606850,5814600
2882,1,500,10,2594,2352,242,160000.000000000000000,1000000009,0.411265865,0.104148806,0.112621031,0.064029703,0.019780724,0.28815387,4607450,5814800
2883,1,500,10,329,241,88,160000.000000000000000,1000000009,0.395950028,0.028285702,0.008208951,0.081128261,0.209945143,0.276481917,4607850,5814800
2884,1,500,10,155,94,60,160000.000000000000000,1000000009,0.375800429,0.042712495,0.004472339,0.047094303,0.309547703,0.220372731,4607450,5814400
2885,1,500,10,2282,1898,383,160000.000000000000000,1000000009,0.080638062,0.076931679,0.119222634,0.244047986,0.382405885,0.096753755,4607850,5814400
2886,1,500,10,2228,1858,370,640000.000000000000000,1000000009,0.079538059,0.088077889,0.042841229,0,0.073692145,0.715850679,4605250,5813800
2887,1,500,10,4070,3567,503,640000.000000000000000,1000000009,0.479095678,0.055983968,0.044289372,0.056278212,0.064320559,0.300032211,4606050,5813800
2888,1,500,10,2109,2100,9,160000.000000000000000,1000000009,0.435051875,0,0.003482331,0.006903164,0.019977104,0.534585525,4605050,5813200
2889,1,500,10,1686,1674,11,160000.000000000000000,1000000009,0.476707902,0.02427778,0,0.002432408,0.007694052,0.488887858,4605450,5813200
2890,1,500,10,1526,1321,204,160000.000000000000000,1000000009,0.488479507,0.149307246,0.055733109,0.085685395,0.034465292,0.18632945,4605050,5812800
2891,1,500,10,2706,2499,207,160000.000000000000000,1000000009,0.482005569,0.103334162,0.090199342,0.063709797,0.020445005,0.240306125,4605450,5812800
2892,1,500,10,3269,3243,25,160000.000000000000000,1000000009,0.593747131,0.008369379,0.012613268,0.00648833,0.22934315,0.149438741,4605850,5813200
2893,1,500,10,1282,1265,16,160000.000000000000000,1000000009,0.417580918,0.032328337,0,0.00287232,0.141887667,0.405330759,4606250,5813200
2894,1,500,10,2615,2448,167,160000.000000000000000,1000000009,0.564326469,0.027632993,0.121483394,0,0.130090504,0.15646664,4605850,5812800
2895,1,500,10,1615,1584,31,160000.000000000000000,1000000009,0.265802451,7.26052E-05,8.38105E-06,0.037883781,0.321873575,0.374359207,4606250,5812800
2896,1,500,10,2895,2612,282,160000.000000000000000,1000000009,0.287072351,0.155777417,0.163763817,0.003330822,0.103884684,0.286170909,4606650,5814000
2897,1,500,10,1617,1592,24,160000.000000000000000,1000000009,0.129074387,0.041221361,0.00567248,0,0.134535877,0.689495896,4607050,5814000
2898,1,500,10,1936,1767,168,160000.000000000000000,1000000009,0.465044633,0.102594905,0.064655151,0.05215181,0.012372275,0.303181226,4606650,5813600
2899,1,500,10,1390,1304,86,160000.000000000000000,1000000009,0.112347594,0.083468792,0.032171733,0.014347704,0.128224106,0.629440071,4607050,5813600
2900,1,500,10,1984,1886,97,160000.000000000000000,1000000009,0.068060444,0.074685752,0.034307783,0.024048366,0.39222832,0.406669335,4607450,5814000
2901,1,500,10,361,267,93,160000.000000000000000,1000000009,0.397328616,0.011128185,0.070802067,1.98968E-06,0.145259158,0.375479983,4607850,5814000
2902,1,500,10,1926,1655,270,160000.000000000000000,1000000009,0.263136273,0.059507873,0.181586233,0.017022927,0.068915412,0.409831283,4607450,5813600
2903,1,500,10,4627,4348,278,160000.000000000000000,1000000009,0.133619003,0.091771468,0.155313741,0.054449141,0.273619067,0.291227579,4607850,5813600
2904,1,500,10,3445,3331,113,160000.000000000000000,1000000009,0.318068614,0.080138355,0.048487312,0.025145493,0.001648856,0.52651137,4606650,5813200
2905,1,500,10,1263,1207,56,160000.000000000000000,1000000009,0.104945241,0.002836503,0.02066723,0.032729346,0.082047048,0.756774633,4607050,5813200
2906,1,500,10,450,253,196,160000.000000000000000,1000000009,0.277207416,0.070936291,0.017818325,0.178958261,0.16718833,0.287891376,4606650,5812800
2907,1,500,10,925,745,179,160000.000000000000000,1000000009,0.255137613,0,0.086119725,0.088505087,0.147644811,0.422592763,4607050,5812800
2908,1,500,10,3351,2827,524,640000.000000000000000,1000000009,0.482609508,0.034595934,0.034935015,0.088788823,0.037045756,0.322024962,4607650,5813000
2909,1,500,10,1774,1400,373,640000.000000000000000,1000000009,0.365616069,0.032413698,0.060634465,2.12272E-05,0.003984255,0.537330286,4608450,5815400
2910,1,500,10,5062,4641,421,2440954.745556109584868,1000000009,0.034978911,0,0.004397052,0.000678422,0.025848098,0.934097517,4608866.292,5816139.507
2911,1,500,10,2804,1711,1092,640000.000000000000000,1000000009,0.272490553,0.026730212,0.067443424,0.21787598,0.116738769,0.298721062,4608450,5814600
2912,1,500,10,2384,2208,175,640000.000000000000000,1000000009,0.26663343,0.047200325,0.015382341,0.006172212,0.297359086,0.367252607,4609250,5814600
2913,1,500,10,3280,3275,5,640000.000000000000000,1000000009,0.052949875,0,0.001216532,0.000263739,0.483021615,0.462548238,4610050,5815400
2914,1,500,10,3604,3281,322,640000.000000000000000,1000000009,0.095097675,0,0.03254191,0.05017763,0.109301622,0.712881163,4610850,5815400
2915,1,500,10,3370,2637,733,640000.000000000000000,1000000009,0.377328665,0.280311145,0.013644256,0.05854187,0.048916865,0.221257199,4610050,5814600
2916,1,500,10,2719,2460,258,160000.000000000000000,1000000009,0.505667543,0.054579856,0.169110763,0.018822629,0.03413389,0.21768532,4610650,5814800
2917,1,500,10,2642,2629,12,160000.000000000000000,1000000009,0.629409138,0,0.004393802,0.008764753,0.078106491,0.279325816,4611050,5814800
2918,1,500,10,2184,1942,242,160000.000000000000000,1000000009,0.465853437,0.089685403,0.105186016,0.089032933,0.005881241,0.244360969,4610650,5814400
2919,1,500,10,2949,2858,91,160000.000000000000000,1000000009,0.598353179,0.141387631,0.016255231,0.009050651,0.033327801,0.201625508,4611050,5814400
2920,1,500,10,3087,2886,201,160000.000000000000000,1000000009,0.127522869,0.013443449,0.116302808,0.053579018,0.247603098,0.441548758,4608250,5814000
2921,1,500,10,2078,1812,266,160000.000000000000000,1000000009,0.257005919,0.033585092,0.175525402,0.041438482,0.134696618,0.357748486,4608650,5814000
2922,1,500,10,2392,2245,146,160000.000000000000000,1000000009,0.419538024,0.263114732,0.018118403,0.012293101,0.174968258,0.111967482,4608250,5813600
2923,1,500,10,1455,1338,117,160000.000000000000000,1000000009,0.509115013,0,0.090256315,0,0.127484207,0.273144465,4608650,5813600
2924,1,500,10,4611,4293,318,640000.000000000000000,1000000009,0.129634811,0.069730464,0.000574733,0.061544566,0.02477403,0.713741395,4609250,5813800
2925,1,500,10,3851,3475,375,640000.000000000000000,1000000009,0.297917251,0.149125048,0.010025402,0.020402187,0.143714655,0.378815457,4608450,5813000
2926,1,500,10,3209,3084,125,640000.000000000000000,1000000009,0.172115335,0.056763642,0,0.00828837,0.061130694,0.701701959,4609250,5813000
2927,1,500,10,2908,2028,879,2560000.000000000000000,1000000009,0.133900642,0.036410668,0.020754573,0.017119252,0.023858009,0.767956857,4610450,5813400
2928,1,500,10,2267,744,1523,640000.000000000000000,1000000009,0.193513997,0.133310475,0.057483621,0.311332936,0.017201159,0.287157811,4605250,5812200
2929,1,500,10,2441,518,1923,640000.000000000000000,1000000009,0.191589519,0,0.012426845,0.577200565,0.009894782,0.20888829,4606050,5812200
2930,1,500,10,2525,1573,951,640000.000000000000000,1000000009,0.1578367,0.016416087,0.042306761,0.219542345,0.328518522,0.235379585,4605250,5811400
2931,1,500,10,1357,696,661,640000.000000000000000,1000000009,0.201954381,0.012017868,0.012858159,0.177427322,0.138471236,0.457271035,4606050,5811400
2932,1,500,10,1930,267,1662,640000.000000000000000,1000000009,0.034841867,0.026915838,0.055631282,0.412780164,0.182870328,0.28696052,4606850,5812200
2933,1,500,10,3224,1816,1407,640000.000000000000000,1000000009,0.473398523,0,0.23934397,0.054817556,0.049566975,0.182872977,4607650,5812200
2934,1,500,10,1796,1227,568,640000.000000000000000,1000000009,0.335007911,0.068737713,0.013460863,0.119160137,0.043008844,0.420624532,4606850,5811400
2935,1,500,10,3825,3160,664,640000.000000000000000,1000000009,0.249737511,0.017776272,0.058682774,0.102982311,0.103892169,0.466928963,4607650,5811400
2936,1,500,10,3060,2672,388,640000.000000000000000,1000000009,0.531323971,0.008477579,0.063679799,0.01498951,0.227481019,0.154048122,4605250,5810600
2937,1,500,10,2293,2084,209,640000.000000000000000,1000000009,0.233842015,0,0.008528255,0.051309559,0.156261353,0.550058818,4606050,5810600
2938,1,500,10,4677,4455,222,640000.000000000000000,1000000009,0.651327559,0,0.03011873,0.01994033,0.043825119,0.254788263,4605250,5809800
2939,1,500,10,2451,1934,516,640000.000000000000000,1000000009,0.590802296,0.019076238,0.092019929,0.003678956,0.026869678,0.267552903,4606050,5809800
2940,1,500,10,759,705,53,640000.000000000000000,1000000009,0.090089907,0,0.006706187,0.00560676,0.095577889,0.802019257,4606850,5810600
2941,1,500,10,3315,2791,523,640000.000000000000000,1000000009,0.305166855,0.049880563,0.069133765,0.025587092,0.065023201,0.485208524,4607650,5810600
2942,1,500,10,2500,1657,842,640000.000000000000000,1000000009,0.306574154,0.042408238,0.09136894,0.091926027,0.157671179,0.310051461,4606850,5809800
2943,1,500,10,1006,914,91,640000.000000000000000,1000000009,0.168659613,0.004167521,0.014214464,0.003797685,0.086672229,0.722488488,4607650,5809800
2944,1,500,10,911,883,28,160000.000000000000000,1000000009,0.806129622,0,0.023684339,0,0.015113343,0.155072696,4608250,5812400
2945,1,500,10,646,642,4,160000.000000000000000,1000000009,0.636183007,0,0.000151789,0.005219634,0.041590418,0.316855153,4608650,5812400
2946,1,500,10,2524,2487,37,160000.000000000000000,1000000009,0.785714518,0.006420683,0.027886076,0.002126519,0.023949295,0.153902909,4608250,5812000
2947,1,500,10,1395,1351,44,160000.000000000000000,1000000009,0.648063925,0.048660373,0.008742421,0.017225772,0.086139346,0.191168164,4608650,5812000
2948,1,500,10,473,473,0,640000.000000000000000,1000000009,0.11663602,0,0,0,0.006376312,0.876987668,4609250,5812200
2949,1,500,10,3911,3658,252,640000.000000000000000,1000000009,0.582112821,0.07912482,0.015162729,0.011003607,0.065424431,0.247171591,4608450,5811400
2950,1,500,10,5253,4607,646,16945370.479681789875031,1000000009,0.000140096,0,0,0,0.00074949,0.999110414,4610319.977,5809598.713
2951,1,500,10,2709,2448,261,2560000.000000000000000,1000000009,0.190945676,0.001733482,0.008852135,0.005177127,0.063029833,0.730261748,4608850,5810200
2952,1,500,10,1815,1604,210,160000.000000000000000,1000000009,0.108874014,0,0,0.262791219,0.324369018,0.303965749,4611450,5814800
2953,1,500,10,704,129,574,160000.000000000000000,1000000009,0,0,0.006413742,0.704839809,0,0.288746449,4611850,5814800
2954,1,500,10,1611,1488,122,160000.000000000000000,1000000009,0.522633239,0,0,0.152202854,0.133537977,0.19162593,4611450,5814400
2955,1,500,10,969,170,799,160000.000000000000000,1000000009,0.00431961,0,0,0.99568039,0,0,4611850,5814400
2956,1,500,10,5060,3293,1767,9774951.727028213441372,1000000009,0.002829632,0,0.002709298,0.018142672,0.000132725,0.976185672,4612507.139,5815796.217
2957,1,500,10,748,0,748,2560000.000000000000000,1000000009,0.031692554,0.018333868,0.009938448,0.032207894,0.006461178,0.901366059,4612050,5813400
2958,1,500,10,5461,4727,733,5452004.959877992980182,1000000009,0.002650882,0.005557076,0.001654475,0.010054462,0.024328196,0.955754909,4614394.719,5814107.285
2959,1,500,10,431,431,0,160000.000000000000000,1000000009,0,0,0,0,0,1.000000000000000,4615450,5814000
2960,1,500,10,446,446,0,40000.000000000000000,1000000009,0,0,0,0,0,1.000000000000000,4615750,5814100
2961,1,500,10,1829,1829,0,40000.000000000000000,1000000009,0,0,0,0,0,1.000000000000000,4615950,5814100
2962,1,500,10,923,923,0,40000.000000000000000,1000000009,0.011471755,0,0,0,0,0.988528245,4615750,5813900
2963,1,500,10,2064,2064,0,40000.000000000000000,1000000009,0.080044505,0,0,0,0,0.919955495,4615950,5813900
2964,1,500,10,619,602,17,160000.000000000000000,1000000009,0.716823482,0,0.014162442,0,0.022994372,0.246019704,4615450,5813600
2965,1,500,10,563,549,14,160000.000000000000000,1000000009,0.722330094,0,0.010782969,0,0.059766653,0.207120284,4615850,5813600
2966,1,500,10,1300,1005,294,640000.000000000000000,1000000009,0.542931982,0.004853917,0.046546405,0.0145479,0.131634279,0.259485517,4614850,5813000
2967,1,500,10,1247,1089,158,640000.000000000000000,1000000009,0.552961609,0.011777282,0.016258574,0.016591659,0.171147486,0.23126339,4615650,5813000
2968,1,500,10,2852,2852,0,40000.000000000000000,1000000009,0,0,0,0,0,1.000000000000000,4616150,5814100
2969,1,500,10,2503,2503,0,40000.000000000000000,1000000009,0.107279561,0,0,0,0,0.892720439,4616150,5813900
2970,1,500,10,5253,4694,558,5452746.543963976204395,1000000009,0.004433374,0,0,0,0,0.995566626,4617326.305,5813741.644
2971,1,500,10,1226,1151,75,640000.000000000000000,1000000009,0.378112167,0.008353282,0.01162537,0,0.17116552,0.430743661,4616450,5813000
2972,1,500,10,1879,1790,88,640000.000000000000000,1000000009,0.26278324,0.036211524,0.004933164,0.000437698,0.030644118,0.664990255,4617250,5813000
2973,1,500,10,5324,4187,1136,4493636.148386635817587,12067544,0.053656452,0,0,0.000863336,0.01176441,0.933715802,4618782.839,5815126.547
2974,1,500,10,2786,2664,121,2560000.000000000000000,1000000009,0.154213129,0.001090614,0.00399704,0.002534721,0.069057901,0.769106595,4613650,5811800
2975,1,500,10,3056,2522,534,2560000.000000000000000,1000000009,0.174381058,0.001068223,0.019828605,0.00883796,0.040845784,0.75503837,4612050,5810200
2976,1,500,10,2085,1522,562,640000.000000000000000,1000000009,0.238489348,0.019584209,0.04070309,0.100412222,0.04881615,0.551994981,4613250,5810600
2977,1,500,10,1283,1256,27,640000.000000000000000,1000000009,0.413957614,0,0.004181626,0.001888624,0.093130367,0.486841769,4614050,5810600
2978,1,500,10,1395,1022,372,640000.000000000000000,1000000009,0.479082294,0.012398355,0.058676136,0.016663412,0.113274752,0.31990505,4613250,5809800
2979,1,500,10,5436,3956,1480,11492575.998712386935949,1000000009,0.018570149,0,0.000388679,0.000103035,0.002984877,0.97795326,4616037.38,5810877.965
2980,1,500,10,1368,1280,87,1158587.996620639692992,12064136,0.481075406,0.009557997,0.004080264,0.002766239,0.143068153,0.359451941,4619860.408,5821075.636
2981,1,500,10,2782,2253,529,6312215.321443860419095,12064380,0.067157899,0,0.001626377,0.003083299,0.012071679,0.916060747,4622321.206,5822020.91
2982,1,500,10,551,211,340,640569.145117421634495,12067544,0.246070923,0,0.014900611,0.10402656,0.161011835,0.473990071,4619943.896,5816036.916
2983,1,500,10,4881,2272,2609,9107509.003628043457866,12064136,1.5787E-05,0,0.000361847,0.017184089,9.53467E-06,0.982428742,4618209.969,5820275.823
2984,1,500,10,1483,1277,206,640000.000000000000000,12064428,0.117532569,0.039509105,0.021690986,0.028149352,0.166582017,0.626535971,4621250,5817000
2985,1,500,10,2266,2247,18,640000.000000000000000,12064428,0.217816573,0.00293632,0,0.02861495,0.26520663,0.485425527,4622050,5817000
2986,1,500,10,4677,3560,1116,7657337.074491376988590,12064428,0.023866614,0.001538432,0.000376139,0.00422874,0.010738817,0.959251259,4619738.73,5817529.973
2987,1,500,10,1008,772,236,640000.000000000000000,12064428,0.332899901,0.070499758,0.015208112,0.075230383,0.174821708,0.331340139,4622050,5816200
2988,1,500,10,5159,2784,2375,16161649.041005427017808,12064428,0.030314415,0.001336048,0.002205449,0.070643016,0.019105569,0.876395502,4622352.423,5818925.585
2989,1,500,10,4364,2954,1410,14934166.819425899535418,12064428,0.067019493,0.004341811,0.001123504,0.090080555,0.033894202,0.803540434,4626534.195,5820527.391
2990,1,500,10,5022,4461,561,419580.122646317817271,1000000009,0,0,0,0.274207806,0,0.725792194,4618966.016,5813939.09
2991,1,500,10,2043,2043,0,402647.590795651660301,1000000009,0.000140889,0,0,0,0,0.999859111,4618638.192,5813293.235
2992,1,500,10,4461,4461,0,109344.336207390791969,1000000009,0.003483611,0,4.68154E-07,0,0,0.996515921,4619001.213,5813579.709
2993,1,500,10,1357,1357,0,40000.000000000000000,1000000009,0,0,0,0,0,1.000000000000000,4619150,5813700
2994,1,500,10,39,36,3,10658.348793025366831,12067124,0.863148832,0,0.044202541,0,0,0.092648628,4619175.184,5813432.786
2995,1,500,10,1763,880,882,2157433.126105670351535,12067124,0.003598767,0,0,0,0,0.996401233,4618832.307,5812039.348
2996,1,500,10,1014,678,336,4490939.368727336637676,12067544,0.039357605,0.004485852,0.001564612,0.006560587,0.005671842,0.942359502,4621092.134,5813282.272
2997,1,500,10,2424,2424,0,55393.981112976107397,1000000009,0.07835693,0,0,0,0.067192725,0.854450344,4619567.017,5813517.941
2998,1,500,10,4884,4872,11,71882.994419928552816,1000000009,0.007336513,0,0,0,0.107311784,0.885351703,4619496.859,5813278.777
2999,1,500,10,3990,3982,8,88955.062505017645890,1000000009,0.024390207,0,0,0,0,0.975609793,4619530.718,5813041.609
3000,1,500,10,6013,6013,0,10000.000000000000000,1000000009,0,0,0,0,0,1.000000000000000,4619600,5813050
3001,1,500,10,6983,6983,0,9591.578964376278236,1000000009,0.016232305,0,0.006042445,0,0.152074,0.825651249,4619598.29,5813148.314
3002,1,500,10,7140,7128,12,7035.988832544535398,1000000009,0.30773398,0,0.088926773,0,0,0.603339247,4619698.155,5813135.324
3003,1,500,10,4727,2908,1819,29381728.622948635369539,12064428,6.0055E-05,4.13979E-05,0,0,7.86136E-05,0.999819934,4625311.327,5816401.633
3004,1,500,10,4039,3597,441,2608586.012081134133041,12067124,0.007522613,0,0,0.000390396,0.000205845,0.991881146,4620023.91,5811824.62
3005,1,500,10,5339,4895,444,5089097.114370120689273,12067440,0.001073262,0,0,0,0.001118964,0.997807774,4617287.933,5816747.179
3006,1,500,10,4265,3751,513,4421443.987597760744393,12067124,0.211904373,0.014440246,0.010660825,0.013575901,0.067444181,0.681974473,4619452.587,5810246.504
3007,1,500,10,0,0,0,85980.153600384874153,12067173,0,0,0,0,0,1.000000000000000,4618430.669,5809488.397
3008,1,500,10,1750,701,1048,8603235.989147126674652,12067124,0.001175547,0.00305885,0,0.042679481,0.005008659,0.948077463,4620830.309,5809294.264
3009,1,500,10,441,398,43,25799330.439978979527950,12064153,0.003769045,3.99947E-05,0.001177251,0.000563821,0.002527782,0.991922107,4635150.711,5824989.39
3010,1,500,10,4879,3473,1405,2192264.854915135074407,12064472,0.037290966,0.002141157,0.036201299,0.010575157,0.023751791,0.89003963,4634371.16,5827891.263
3011,1,500,10,4721,4422,299,4568727.478224436752498,12064408,0.094179439,0.002975538,0.009118761,0.068895737,0.037460518,0.787370006,4631818.045,5822979.79
3012,1,500,10,3810,3339,471,41705865.137029744684696,12064408,0.000351559,0,2.93472E-05,0.00056177,0.001805178,0.997252146,4631706.004,5821275.835
3013,1,500,10,1923,1744,179,52735395.279555782675743,12064370,0.018090285,0.000643214,0.004520344,0.006160481,0.013121555,0.957464121,4637594.869,5831352.81
3014,1,500,10,2332,1408,924,16959972.591506905853748,12064472,0.013986057,2.89464E-06,0.003009424,0.000964506,0.0160099,0.966027219,4633567.376,5827863.486
3015,1,500,10,3184,2561,623,78006867.510716795921326,12064340,0.01256122,0.001732216,0.001882811,0.03824766,0.010866946,0.934709147,4651249.216,5833105.313
3016,1,500,10,1382,1222,160,37802250.003768287599087,12064190,2.23307E-05,0,0,0.000342726,0.000153371,0.999481573,4658597.987,5830424.059
3017,1,500,10,638,624,14,34189697.868940524756908,12064303,0.00643031,0.00074254,0.0035082,0.001990258,0.005224385,0.982104307,4644456.389,5833362.125
3018,1,500,10,2190,1648,542,14447220.605787770822644,12064084,0.000460516,0,0,0,0.000803071,0.998736412,4640493.981,5827753.715
3019,1,500,10,0,0,0,88646.389702545100590,12064428,0,0,0,0,0,1.000000000000000,4631884.483,5817650.879
3020,1,500,10,0,0,0,83760.613307136096410,12064428,0,0,0,0,0,1.000000000000000,4632361.559,5817850.011
3021,1,500,10,5075,3675,1399,116752764.583891555666924,12064317,0.004895715,6.04173E-05,0.001668245,0.003622425,0.004152888,0.985600309,4643944.048,5823046.527
3022,1,500,10,638,435,203,15937706.267005153000355,12064484,0,0,0,0.005942051,0,0.994057949,4640241.193,5824703.608
3023,1,500,10,374,310,63,6130872.347943551838398,12067201,0.012370886,0.000247271,0.000397337,0.011344248,0.063274846,0.912365414,4632318.143,5816580.533
3024,1,500,10,5222,4426,796,160786783.215606480836868,12067473,0.008580577,0.000347622,0.003483733,0.007213754,0.003338764,0.977035551,4646214.71,5813296.864
3025,1,500,10,4406,3460,946,35439309.189894735813141,12064317,0.04788895,0.003862795,0.010063661,0.018734426,0.029422346,0.890027821,4646807.265,5819911.121
3026,1,500,10,2465,2452,12,160000.000000000000000,1000000009,0.437469994,0.030727498,0,0,0.16827259,0.363529918,4605050,5809200
3027,1,500,10,2080,2042,37,160000.000000000000000,1000000009,0.489124577,0.016290456,0.022815166,0,0.302121574,0.169648228,4605450,5809200
3028,1,500,10,5084,2225,2859,1080481.185023198369890,1000000009,0.211446463,0.005638594,0.025732584,0.001018473,0.036731523,0.719432363,4605195.637,5808367.327
3029,1,500,10,2646,1462,1184,640000.000000000000000,1000000009,0.312968563,0,0.154125937,0.120868559,0.027500475,0.384536465,4606050,5809000
3030,1,500,10,5072,198,4874,1599707.835085103521124,1000000009,0.110898826,0.002579718,0.213348723,0.12461716,0.127036457,0.421519116,4605742.499,5807804.536
3031,1,500,10,4005,3369,636,640000.000000000000000,1000000009,0.547850085,0.182584346,0.062748098,0.000657399,0.05236253,0.153797541,4606850,5809000
3032,1,500,10,2922,2471,450,640000.000000000000000,1000000009,0.509784351,0.016268491,0.015609328,0.107960983,0.037428085,0.312948763,4607650,5809000
3033,1,500,10,3390,3082,307,1184916.190691876458004,1000000009,0.470671988,0.00181262,0.014903763,0.006224303,0.009895465,0.496491861,4606945.741,5807924.148
3034,1,500,10,2389,2206,182,640000.000000000000000,1000000009,0.778587442,0.017190499,0.022046538,0.011788856,0.016205824,0.154180841,4607650,5808200
3035,1,500,10,5089,4417,672,3337878.802094331942499,12061572,0.334103631,0.013691137,0.00909655,0.024090285,0.038039645,0.580978751,4610397.31,5803911.084
3036,1,500,10,2050,1845,204,2168829.972900266293436,12061444,0.53281137,0.000631012,0.002048744,0.020616419,0.020557575,0.423334879,4608957.245,5805267.72
3037,1,500,10,4096,3515,580,6914340.712244810536504,12061444,0.180418704,0.006514369,0.001587973,0.002307679,0.000685669,0.808485606,4608138.68,5803359.659
3038,1,500,10,1433,825,608,2815674.666384619660676,12061112,0.468510583,0.014219296,0.020405308,0.018495024,0.009660526,0.468709262,4610705.542,5805631.646
3039,1,500,10,201,188,13,1534279.491090434137732,12061433,0.149613397,0.00097331,0,0,0,0.849413292,4608600.072,5806835.062
3040,1,500,10,4797,3875,922,10240000.000000000000000,1000000009,0.055758674,0.001319822,0.008520221,0.00331916,0.024491697,0.906590425,4613612.923,5806829.413
3041,1,500,10,1619,1243,375,1419937.182387168053538,12061572,0.32085031,0.000896959,0.020805352,0.011686847,0.010021207,0.635739325,4611594.932,5804354.993
3042,1,500,10,5206,1763,3443,4215305.033856535330415,12061540,0.034849234,0.001682764,8.17941E-08,0.019014679,0.00182105,0.942632192,4610846.807,5799273.192
3043,1,500,10,3306,2119,1187,640000.000000000000000,12061540,0.459730048,0.039599863,0.006799421,0.051049399,0.065546783,0.377274486,4610850,5800200
3044,1,500,10,1855,1473,382,4807385.624922990798950,12061572,0.038318809,0,0.000205977,0,0.00042347,0.961051743,4608431.581,5801274.966
3045,1,500,10,5323,4744,578,3800491.498748862650245,12061572,0.394071556,0.010884966,0.002857053,0.01668994,0.001590906,0.57390558,4610878.949,5802093.817
3046,1,500,10,1477,5,1471,1599050.474185939645395,12061540,0,0,0,0.092278302,0,0.907721698,4609248.13,5799987.807
3047,1,500,10,2381,2322,58,640000.000000000000000,12061260,0.08268751,0.027039729,0,0.031836735,0.037996735,0.820439292,4610050,5797800
3048,1,500,10,3859,3255,604,640000.000000000000000,12061260,0.204725311,0.292042295,0.012845208,0.035019363,0.017001245,0.438366578,4610850,5797800
3049,1,500,10,4485,3996,488,1581924.974716881057248,12061260,0.191088414,0.074942767,0.002030925,0.00553983,0.017661653,0.708736411,4610040.943,5796408.824
3050,1,500,10,4214,3108,1105,640000.000000000000000,12061260,0.380076718,0.088405761,0.041328596,0.111598822,0.103916108,0.274673996,4610850,5797000
3051,1,500,10,4721,3650,1070,3101566.663327045738697,12061260,0.006014111,0.009502877,0.000735403,0.009207016,0.004042035,0.970498559,4611795.105,5797564.692
3052,1,500,10,1169,191,977,10061037.909665485844016,12061433,0.011408709,0.000128705,0.000127468,0.03457768,0,0.953757439,4606215.745,5800792.94
3053,1,500,10,4597,3313,1284,6807616.435678659938276,12061260,0.103267609,0.003894557,0.003945299,0.029923386,0.014262016,0.844707132,4608470.635,5797532.832
3054,1,500,10,5426,4319,1107,2377293.097887963056564,12061540,0.216878525,0.030143997,0.000396038,0.09732564,0.00732991,0.64792589,4611250.724,5800817.389
3055,1,500,10,2559,1994,565,2560000.000000000000000,12061260,0.309204136,0.007279562,0.000380901,0.131436468,0.019334171,0.532364762,4613650,5797400
3056,1,500,10,3173,1700,1473,6123128.302816417999566,12061260,0.069380072,0,0,0.012864665,0.00191763,0.915837633,4614136.254,5798995.446
3057,1,500,10,3642,1888,1753,29456906.773499246686697,12061260,0.017365123,0,9.99523E-05,0.000473831,0.00381609,0.978245004,4616333.939,5800471.483
3058,1,500,10,4243,3458,784,11893352.467928502708673,12061260,0.125292627,0.002443826,0.000886141,0.013097375,0.013498499,0.844781533,4615870.364,5796262.103
3059,1,500,10,5208,2719,2488,37623729.553773775696754,12067201,0.014946537,0.000703852,0.00233475,0.063723054,0.016942611,0.901349197,4624898.259,5808174.354
3060,1,500,10,1482,762,719,14294348.108949951827526,12067173,0.03855763,0.001819697,0.000925694,0.004403211,0.030759131,0.923534637,4618887.758,5806708.754
3061,1,500,10,3502,2623,879,17115824.712407231330872,12061260,0,0,0,0.008346109,0,0.991653891,4616437.629,5804702.214
3062,1,500,10,3906,3188,718,16643714.294900380074978,12067481,0.004963722,0,0.003880005,0.000544259,0.005864,0.984748013,4631311.365,5795792.262
3063,1,500,10,4511,4273,238,640000.000000000000000,12061260,0.450604289,0.158092891,0.00135347,0.050822415,0.044082291,0.295044643,4610850,5796200
3064,1,500,10,5107,2591,2516,32569698.786729738116264,12061332,0.011041319,0.000111365,0.001434061,0.016389544,0.001568929,0.969454782,4605308.076,5792336.432
3065,1,500,10,3654,1976,1677,28363961.835164617747068,12061020,0.010511977,0,0.00343036,0.008407554,0.003883011,0.973767098,4612207.389,5789160.277
3066,1,500,10,3972,3309,662,7523269.788735989481211,12061260,0.1979314,0.002169729,0.001485314,0.021537041,0.027761395,0.749115121,4613093.069,5795301.114
3067,1,500,10,5414,3135,2279,7253047.756536302156746,12061260,0.078520939,0.003192986,0.000499412,0.026382792,0.019892577,0.871511294,4611688.849,5793982.066
3068,1,500,10,3692,3023,669,9226572.084082394838333,12061020,0.147865809,0.005428612,0.004853316,0.019875361,0.035923766,0.786053136,4613033.945,5791417.666
3069,1,500,10,3430,2721,708,80117998.901787564158440,12061217,0.003728782,3.40657E-05,0.001457093,0.001084332,0.00180045,0.991895277,4620879.503,5789843.576
3070,1,500,10,5156,2287,2869,83980476.395788788795471,12072477,0.002186714,9.60467E-06,0.003665349,0.016141584,0.036952383,0.941044365,4603753.039,5782623.274
3071,1,500,10,4070,3260,809,137515187.156961083412170,12067469,0,0,0,0,0,1.000000000000000,4628767.145,5802233.807
3072,1,500,10,711,509,202,62371779.281839668750763,12061344,0,0,0,0,0,1.000000000000000,4624849.7,5780551.808
3073,1,500,10,5447,4697,750,56016587.384253025054932,12061217,0.039149149,0.001265736,0.000644583,0.004656888,0.014577588,0.939706056,4621114.877,5794750.535
3074,1,500,10,2859,2502,357,69107660.764938667416573,12061192,0.000218029,0,0,0,1.07426E-05,0.999771228,4615880.002,5782450.905
3075,1,500,10,4876,1937,2939,9332839.933474734425545,12067144,0.01207992,0.003430689,0.003501497,0.00945198,0.004676699,0.966859215,4638780.165,5807656.304
3076,1,500,10,4982,3255,1726,15290689.415493883192539,12067144,0.002686431,0.00089096,0.000658882,0.003412406,0.001927845,0.990423476,4643784.809,5805600.323
3077,1,500,10,3302,3065,236,640000.000000000000000,12067144,0.60942558,0.036222537,0.010695446,0.099136084,0.049378335,0.195142019,4640450,5806600
3078,1,500,10,3284,2765,518,640000.000000000000000,12067144,0.278423696,0.064156442,0.017811032,0.267137225,0.187375578,0.185096027,4641250,5806600
3079,1,500,10,5196,2123,3072,14948353.387564366683364,12067144,0.000583778,0,0.003221318,0.057298269,0,0.938896636,4640495.676,5809901.419
3080,1,500,10,2679,1889,789,640000.000000000000000,12067144,0.261583891,0.06123957,0.079621581,0.206140838,0.099382491,0.292031629,4640450,5805800
3081,1,500,10,2811,2157,653,640000.000000000000000,12067144,0.450802693,0.025418516,0.08409359,0.106729211,0.028975735,0.303980254,4641250,5805800
3082,1,500,10,2864,1992,872,640000.000000000000000,12067144,0.336950285,0.040829047,0.130523803,0.055143713,0.169740589,0.266812563,4640450,5805000
3083,1,500,10,3263,2484,779,640000.000000000000000,12067144,0.432437522,0.143137614,0.091168395,0.016811348,0.108133407,0.208311715,4641250,5805000
3084,1,500,10,2150,1632,518,640000.000000000000000,12067144,0.443429666,0.084378165,0.060767914,0.025016584,0.077863546,0.308544125,4640450,5804200
3085,1,500,10,2192,1346,845,640000.000000000000000,12067144,0.295383471,0.108273729,0.071734236,0.216437094,0.028003849,0.280167623,4641250,5804200
3086,1,500,10,2763,2209,553,640000.000000000000000,12067144,0.606730856,0.029690162,0.079774349,0.038485965,0.04708849,0.198230178,4641250,5803400
3087,1,500,10,1353,1248,105,21506432.090157758444548,12067408,2.50082E-05,0,0,0,0,0.999974992,4638308.482,5801006.098
3088,1,500,10,5210,4172,1038,17927452.055544275790453,12067144,0.022397439,0,0.000593622,0.000346897,0.004074555,0.972587488,4636653.919,5805988.888
3089,1,500,10,4483,1070,3412,2560000.000000000000000,12067144,0.092524516,0.026346033,0.02868333,0.542759467,0.023601582,0.28608507,4642450,5803800
3090,1,500,10,5424,3936,1487,82646703.579169467091560,12067201,1.3741E-06,0,5.44757E-05,0,0,0.99994415,4630647.401,5812095.787
3091,1,500,10,3336,1883,1453,7877957.788063058629632,12067024,0.016649542,0.000720969,0.013754739,0.010589636,0.016088781,0.942196332,4641510.375,5799566.741
3092,1,500,10,4015,2351,1664,4732345.367917197756469,12067144,0.202297392,0.022692933,0.018769843,0.068120535,0.082261845,0.605857452,4642004.03,5802257.465
3093,1,500,10,2748,2069,679,2560000.000000000000000,12067024,0.205214459,0.044873699,0.015593495,0.032100617,0.035715851,0.666501878,4640850,5797400
3094,1,500,10,483,409,74,13387160.675233526155353,12067288,0,0,0,0,0,1.000000000000000,4644767.034,5801746.942
3095,1,500,10,4687,2731,1955,39867693.285053901374340,12067024,0.000226699,0,0,0,7.94737E-06,0.999765353,4640343.989,5794599.689
3096,1,500,10,644,555,89,17989196.598278224468231,12067040,0.027964048,0.00081069,0.002059062,0.001793252,0.012075441,0.955297507,4648330.074,5803884.446
3097,1,500,10,4744,4262,482,15879567.198025308549404,12067481,0.069678539,0.037594507,0.010411562,0.009767548,0.037971304,0.83457654,4632940.952,5791746.981
3098,1,500,10,1170,956,214,26352622.034628778696060,12067413,0.000233335,0,0.000110397,6.89074E-06,0.003721925,0.995927453,4636076.433,5794357.452
3099,1,500,10,3562,3463,99,22033447.790954731404781,12067426,0.021179149,0.000507303,0.004212655,0.005545777,0.011097888,0.957457228,4641307.157,5786407.401
3100,1,500,10,5277,3550,1726,130437568.370618537068367,12067481,9.47724E-05,1.44718E-07,0.00011573,0,0.000979059,0.998810294,4632185.773,5786404.354
3101,1,500,10,5213,4162,1051,121676423.767052099108696,12067493,2.24055E-05,0,0,0,0,0.999977594,4645703.175,5778983.503
3102,1,500,10,1444,1109,335,24885564.746377646923065,12067520,0.028224254,0.001327635,0.002412947,0.003483904,0.028192774,0.936358487,4636546.105,5786728.435
3103,1,500,10,1535,353,1182,2560000.000000000000000,12067036,0.046765116,0.000900485,0.034870915,0.240662363,0.05031506,0.626486062,4653650,5786200
3104,1,500,10,4879,2875,2003,44181632.666583344340324,12067036,0.00306429,0,8.08838E-05,0.006936565,0.001296593,0.988621669,4657685.915,5785550.816
3105,1,500,10,1133,875,258,640000.000000000000000,12067036,0.175163873,0.01749112,0.056345564,0.115406585,0.26515137,0.370441488,4653250,5785000
3106,1,500,10,2045,1724,320,640000.000000000000000,12067036,0.292290643,0.054022028,0.047440131,0.201829827,0.176603739,0.227813633,4654050,5785000
3107,1,500,10,1367,1105,261,640000.000000000000000,12067036,0.210817864,0.051599747,0.076892284,0.041522695,0.145420546,0.473746864,4654050,5784200
3108,1,500,10,5176,3289,1886,29169160.601924121379852,12067036,0.014071463,0.003702583,0.002942137,0.00914534,0.011836314,0.958302163,4652301.958,5783742.921
3109,1,500,10,143,66,77,9455316.267296003177762,12067112,0,0,0,0,0,1.000000000000000,4641891.5,5791550.292
3110,1,500,10,4432,3676,756,162867367.863014757633209,12067426,0.011034056,0.00033115,0.004900858,0.003096876,0.007751629,0.972885432,4649480.769,5793294.153
3111,1,500,10,3375,2347,1028,74861997.288541927933693,12069632,0.012636509,0.00152726,0.004604055,0.002110966,0.012255397,0.966865813,4563519.779,5776430.313
3112,1,500,10,4359,3354,1005,17390221.950586855411530,12069632,0.047563663,0.004405393,0.007197697,0.021475699,0.033411755,0.885945792,4558589.052,5773781.491
3113,1,500,10,4000,1938,2062,54909140.762633591890335,12069017,0.003631203,5.60457E-05,0.005945432,0.00215944,0.003264714,0.984943166,4563548.784,5785588.718
3114,1,500,10,1120,657,463,15289579.290822692215443,12069345,0.013337896,0.00040886,0.002264833,0.027415026,0.004149364,0.952424022,4553913.491,5780261.302
3115,1,500,10,620,284,335,14409191.762652564793825,12069345,0.004546184,0.000257337,0.006203928,0.00021679,0.003958004,0.984817757,4559216.549,5783555.387
3116,1,500,10,2064,1548,516,640000.000000000000000,12072232,0.151601715,0.071906823,0.060757803,0.087364315,0.093367884,0.535001461,4578850,5775400
3117,1,500,10,5250,2385,2865,16956496.799986582249403,12072232,0.017213619,0.006110138,0.003577473,0.014345983,0.003649818,0.955102969,4577455.38,5775925.189
3118,1,500,10,1420,1073,346,640000.000000000000000,12072232,0.351297533,0.051634079,0.052476775,0.024076677,0.101942805,0.418572131,4578850,5774600
3119,1,500,10,3118,2379,738,115553752.659710362553596,12072312,0,0,0,3.24078E-05,0,0.999967592,4573557.682,5779416.369
3120,1,500,10,5136,1303,3832,6944801.318211197853088,12072232,0.068565289,0.003792682,0.014498364,0.188466967,0.018585249,0.706091448,4577759.777,5773134.144
3121,1,500,10,4357,2591,1765,157183215.597114503383636,12072169,1.15302E-05,0,0.001338377,6.73679E-07,0,0.998649419,4574969.438,5766736.441
3122,1,500,10,5047,3792,1254,11823257.993034245446324,12072169,0.053761736,0.005226329,0.009814634,0.026959304,0.004029951,0.900208046,4572068.252,5762972.206
3123,1,500,10,1862,1517,345,2560000.000000000000000,12072169,0.123565515,0.008100916,0.034238083,0.165958908,0.018067272,0.650069306,4575250,5763800
3124,1,500,10,2608,2392,215,2560000.000000000000000,12072169,0.158689486,0.091923477,0.043470918,0.038294012,0.0719269,0.595695207,4573650,5762200
3125,1,500,10,2110,1986,123,2560000.000000000000000,12072169,0.132756195,0.016951934,0.048066206,0.022052042,0.014569954,0.765603668,4575250,5762200
3126,1,500,10,3907,3184,723,186133216.878141969442368,12072298,6.10883E-05,1.15691E-06,0.000468343,1.55844E-06,1.24634E-05,0.99945539,4584192.969,5753470.869
3127,1,500,10,2804,1890,913,34496569.351381123065948,12072297,0.023178843,0.007506113,0.024113492,0.035764808,0.011013565,0.898423179,4568951.762,5761344.457
3128,1,500,10,3700,1935,1765,120147160.328571513295174,12069632,0,0,0,0,0,1.000000000000000,4556387.314,5767267.914
3129,1,500,10,4211,3465,745,170892969.815367281436920,12072297,0.002560185,0.00011039,0.004608624,0.002279979,0.003048448,0.987392374,4565986.314,5758563.265
3130,1,500,10,4302,3785,517,2560000.000000000000000,12072232,0.185671471,0.008410964,0.007712883,0.054400764,0.026795734,0.717008183,4580050,5775000
3131,1,500,10,2829,2415,414,640000.000000000000000,12072232,0.49153752,0.061894499,0.039000037,0.096677484,0.009207351,0.301683109,4579650,5773800
3132,1,500,10,3423,2562,861,640000.000000000000000,12072232,0.405148309,0.046082649,0.132307501,0.138038418,0.014521656,0.263901466,4580450,5773800
3133,1,500,10,4131,2750,1380,11312073.789704555645585,12072232,0.027362517,0.004577414,0.001807599,0.009111559,0.003786067,0.953354844,4580434.225,5769925.038
3134,1,500,10,1886,1252,634,640000.000000000000000,12072232,0.276967783,0.086944182,0.098468601,0.033216413,0.124247779,0.380155243,4580450,5773000
3135,1,500,10,4763,3814,948,5560829.869809628464282,12072232,0.094508281,0.004992905,0.008421602,0.042566323,0.049344082,0.800166807,4581876.963,5772777.961
3136,1,500,10,4161,3533,628,192864646.096501350402832,12072312,0.001784884,0.000109931,0.000799902,0.000562342,0.000381462,0.996361478,4588180.262,5771017.864
3137,1,500,10,2378,1664,713,40211250.020334422588348,12072426,0,0,0,0,0,1.000000000000000,4587539.245,5787040.718
3138,1,500,10,0,0,0,118501.653628117346670,12072426,0,0,0,0,0,1.000000000000000,4581623.7,5780788.507
3139,1,500,10,751,610,141,32855699.735015038400888,12072312,0.005550374,0.000402789,0.006737121,0.004082008,0.002408248,0.98081946,4582021.363,5780169.96
3140,1,500,10,1352,1044,308,38816985.544934853911400,12072002,0.002781949,0.016020802,0.006437499,8.85517E-05,0.000874615,0.973796584,4592700.062,5777067.626
3141,1,500,10,5491,3442,2049,159851082.203552007675171,12072014,0.000330855,2.18669E-05,0.001765045,0.011834121,9.44298E-05,0.985953682,4598954.099,5767380.594
3142,1,500,10,4942,3688,1253,13165650.079860197380185,12072477,0.051311982,0.024498306,0.112826879,0.034016515,0.007075814,0.770270504,4599525.177,5782221.59
3143,1,500,10,5343,4552,790,59224552.339894622564316,12072002,0.017109664,0.000496042,0.03022876,0.007396564,0.003975871,0.940793099,4595428.056,5781474.048
3144,1,500,10,4155,3275,880,46097387.869973108172417,12072053,0.007090807,0.001017687,0.008057801,0.008011908,0.004378943,0.971442853,4602156.54,5748288.669
3145,1,500,10,1010,780,229,33715962.151219323277473,12062289,0.009243004,0.000426934,0.004980864,0.002298406,0.013899421,0.969151371,4596748.069,5740393.406
3146,1,500,10,3992,2903,1088,115750128.356923609972000,12072053,0.000570907,3.01617E-06,0.001164482,0.000577348,0.001058105,0.996626142,4596959.422,5751411.797
3147,1,500,10,5192,4177,1015,156592631.412773817777634,12062461,0.000356178,1.08959E-06,0.000691645,6.61944E-05,0.000124181,0.998760711,4585538.322,5741428.16
3148,1,500,10,3449,2853,596,78707834.369455471634865,12062445,0.005915047,0.000722809,0.002036738,0.005500541,0.003424293,0.982400572,4595308.026,5732623.152
3149,1,500,10,653,573,80,47722775.135270997881889,12072157,0.003635465,6.50814E-05,0.011417336,0.000377334,0.002042838,0.982461946,4593772.559,5748903.767
3150,1,500,10,2759,1993,766,48260958.372748576104641,12061492,0.025683775,0.005385847,0.001207328,0.007794673,0.008761016,0.95116736,4609602.054,5777301.476
3151,1,500,10,1128,743,384,74118087.483701348304749,12072014,0.00045835,0,1.67986E-05,0.007056028,0.001793238,0.990675585,4608377.905,5768831.997
3152,1,500,10,2721,1946,775,78031638.517506554722786,12061216,0.00816344,0.000274205,0.00014435,0.010326432,0.002770217,0.978321356,4617000.519,5773333.39
3153,1,500,10,3305,2169,1135,30777235.352235306054354,12061332,0.015366498,0.000509083,0.000107243,0.035547353,0.002525023,0.945944801,4608122.056,5785162.742
3154,1,500,10,541,436,105,6710491.440083081834018,12061448,0.105566187,0.002114729,0.001309277,0.007244296,0.006616244,0.877149267,4612487.757,5780587.843
3155,1,500,10,711,660,51,28222767.641810718923807,12061405,0.01404368,0.000111394,0.000630775,0.007945644,0.00046958,0.976798927,4615065.191,5766890.503
3156,1,500,10,4289,2880,1409,63774882.213522322475910,12061164,0.013449397,0.000382982,0.001161155,0.024615643,0.002535026,0.957855796,4610706.8,5760891.971
3157,1,500,10,1447,1176,271,45500900.450322031974792,12061435,0.004126248,3.94268E-05,5.52071E-05,0.002576887,0.00248519,0.990717042,4619950.382,5763473.228
3158,1,500,10,4432,3695,736,2560000.000000000000000,12061316,0.126333731,0.052748347,0.009240502,0.052064079,0.142021186,0.617592155,4629650,5759000
3159,1,500,10,688,483,205,30523778.771304141730070,12061428,0,0,0,0,0,1.000000000000000,4630251.391,5766890.759
3160,1,500,10,1110,577,533,34186655.331526659429073,12061244,0,0,0,6.75223E-05,0,0.999932478,4616799.89,5756503.392
3161,1,500,10,1117,505,611,16243628.284352712333202,12061017,0.0187432,0.003372004,0.005195677,0.02051154,0.000865022,0.951312556,4619853.402,5759778.95
3162,1,500,10,989,678,311,25804945.508230905979872,12061510,0.000484479,0,0,0.000565925,0,0.998949596,4629294.373,5774281.973
3163,1,500,10,1259,610,648,54675894.788092903792858,12061265,0.007145741,4.73262E-05,0.000182414,0.004473516,0.002080082,0.986070921,4624808.944,5768665.731
3164,1,500,10,834,824,10,17445590.813658788800240,12067481,0.009180157,0.000103427,0.000336299,0.000296909,0.003449412,0.986633796,4628806.837,5780780.123
3165,1,500,10,794,716,78,24965413.926165994256735,12061328,0.021547008,0.000403309,0.000518838,0.007318397,0.00732854,0.962883909,4622424.212,5775376.141
3166,1,500,10,4338,3708,630,174220104.009330868721008,12067137,0.004320126,0.000234965,0.002791395,0.001498841,0.003995526,0.987159147,4659459.149,5775777.545
3167,1,500,10,5456,4285,1170,183607892.475272268056870,12061329,0.007524921,0.001966928,0.000723344,0.004695978,0.002052057,0.983036773,4637747.252,5770729.385
3168,1,500,10,4816,2061,2755,39188210.765874028205872,12061316,0.008872099,0.000724664,0.001031746,0.016185638,0.003279045,0.969906808,4633771.367,5758897.096
3169,1,500,10,5356,4932,424,2694946.837007721886039,12061316,0.053142866,0.001272171,0.007736593,0.010062374,0.005230006,0.922555991,4637162.475,5758368.803
3170,1,500,10,418,370,47,10585692.900471387431026,12061329,0.022158363,0.000497434,0.001302498,0.006709903,0.010446885,0.958884917,4635058.337,5763171.204
3171,1,500,10,471,457,14,36154998.415209241211414,12061470,0,0,0,0,0,1.000000000000000,4647698.103,5759528.574
3172,1,500,10,1248,1011,237,39192571.219842083752155,12061352,0.007650056,0.000139997,0.000273675,0.002308071,0.003165903,0.986462298,4641322.906,5758381.458
3173,1,500,10,110,79,31,17697654.667883958667517,12061329,0.003420472,0,0.000116816,0.004181724,0,0.992280988,4644277.116,5766970.855
3174,1,500,10,4402,3704,698,167160731.778945326805115,12061219,0.002454095,0.000176386,0.0004971,0.001825022,8.10429E-05,0.994966354,4612686.169,5741811.474
3175,1,500,10,635,531,104,41780816.578020043671131,12072055,0.002539371,5.90484E-07,0.000693496,0.003473798,6.93254E-05,0.993223419,4603418.812,5753296.912
3176,1,500,10,1354,1278,76,3224318.581102498807013,12061320,0.020415484,0,0.011011273,0.002262711,0.00095251,0.965358022,4610201.107,5752520.788
3177,1,500,10,5411,3900,1511,74453122.319106519222260,12061320,0.013493477,0.001260512,0.004084776,0.006547516,0.002516172,0.972097546,4615605.717,5750914.173
3178,1,500,10,563,389,174,41914193.803118549287319,12061471,0,5.66911E-06,0,0,0,0.999994331,4601898.643,5758402.219
3179,1,500,10,641,570,71,26850390.548066426068544,12061097,0.013526527,0.000651683,0.001955353,0.008885137,0.001750595,0.973230705,4608622.231,5755624.358
3180,1,500,10,5081,3088,1992,48749753.015078529715538,12061316,0.004289987,0.000460799,0.000285385,0.001799786,0.000616543,0.992547499,4626854.634,5760042.766
3181,1,500,10,2103,1835,268,640000.000000000000000,12061316,0.194999713,0.078179609,0.018901909,0.057169706,0.30154325,0.349205813,4630050,5757800
3182,1,500,10,596,501,95,640000.000000000000000,12061316,0.199732289,0,0,0.068020463,0.014592169,0.71765508,4629250,5757000
3183,1,500,10,1202,859,343,640000.000000000000000,12061316,0.275920341,0.029181264,0.005748741,0.199005137,0.007384152,0.482760365,4630050,5757000
3184,1,500,10,4966,3147,1818,25643969.373762201517820,12061316,0.002139015,0.000135287,0.000256665,0.004023565,0.000668924,0.992776544,4630818.406,5755246.728
3185,1,500,10,5355,2618,2736,110167097.457870259881020,12061320,0.001194829,0.000738044,0.001334187,0.000865541,0.000249246,0.995618153,4624038.255,5745136.413
3186,1,500,10,425,357,67,12952248.579556813463569,12061017,0,0,0,0,0,1.000000000000000,4622444.572,5756126.112
3187,1,500,10,5301,4157,1144,19645730.463396150618792,12061320,0.042135602,0.004170692,0.010368347,0.042750604,0.013897826,0.886676929,4619293.744,5748720.841
3188,1,500,10,1456,1171,285,22069180.024278420954943,12062088,0.019630142,0.000977119,0.002776624,0.011411943,0.007560646,0.957643526,4620431.46,5735115.621
3189,1,500,10,760,651,109,43134983.454806178808212,12062237,0,0,0,0,0,1.000000000000000,4603118.644,5736897.751
3190,1,500,10,4834,3280,1553,72256076.598084762692451,12066196,0.004096877,0.000719746,0.001933463,0.001157583,0.008843328,0.983249003,4636994.131,5746642.851
3191,1,500,10,1823,1428,394,640000.000000000000000,12066196,0.305799718,0.022208114,0.102953687,0.197915952,0.08644258,0.284679949,4634050,5749800
3192,1,500,10,5186,2991,2194,44730918.404170230031013,12066196,0.003859722,0.00066422,0.002592665,0.001085368,0.002563701,0.989234323,4631107.722,5750309.767
3193,1,500,10,4908,4325,583,640000.000000000000000,12066196,0.408029254,0.109322681,0.176300964,0.088226989,0.104721718,0.113398394,4634050,5749000
3194,1,500,10,3333,2897,436,640000.000000000000000,12066196,0.304544038,0.237824057,0.044894071,0.056984624,0.131254203,0.224499008,4634850,5749000
3195,1,500,10,5373,1892,3480,20121459.462029371410608,12066196,0.040057872,0.002634247,0.010768013,0.110432892,0.026537573,0.809569402,4633700.124,5747024.363
3196,1,500,10,3629,2694,934,51999948.867604501545429,12066320,0.000777258,0,0.000989237,2.78386E-07,0,0.998233227,4641395.625,5743281.584
3197,1,500,10,5153,3247,1906,18566875.288367524743080,12071032,0.000954378,0,0,0,0.000272381,0.99877324,4646291.971,5747133.681
3198,1,500,10,1044,940,104,30383951.779381588101387,12071341,0,0,0,0,0.00023179,0.99976821,4653873.651,5750485.257
3199,1,500,10,1469,1013,456,21667584.567058674991131,12061476,0.001068269,0,0,4.49493E-05,3.28896E-06,0.998883493,4646333.408,5754142.771
3200,1,500,10,3551,3107,444,12219158.177091896533966,12071032,0.072381115,7.21276E-05,0.010941951,0.005088255,0.044577838,0.866938713,4646011.991,5749664.41
3201,1,500,10,934,815,119,35835180.550250627100468,12061061,0.002668054,0,8.46246E-05,0.001418039,1.86235E-05,0.995810659,4650564.817,5753297.788
3202,1,500,10,593,467,125,6641435.977253573015332,12071164,0.001602831,0,0,0,0,0.998397169,4653152.394,5745505.542
3203,1,500,10,523,415,107,33161103.790165092796087,12061005,0,0,0,0,0,1.000000000000000,4639831.069,5754981.862
3204,1,500,10,3327,2325,1001,53742032.025106959044933,12066052,0.000274033,0.000190775,0.000280192,4.28843E-05,0.001476963,0.997735153,4636406.61,5735446.288
3205,1,500,10,2198,1783,415,2560000.000000000000000,12066052,0.182432721,0.035266422,0.023427243,0.085017577,0.138875944,0.534980094,4636050,5736600
3206,1,500,10,5424,4253,1170,107757216.759500816464424,12066052,0.006951352,0.00099422,0.00237107,0.002008638,0.00290054,0.984774179,4629446.894,5737207.504
3207,1,500,10,4352,3004,1347,53544349.933297149837017,12066320,0.002487745,0.000871981,0.000245643,0.003546734,0.005134111,0.987713785,4643345.84,5734962.693
3208,1,500,10,4344,3010,1333,49011657.633358873426914,12071244,0,0,0.000152489,0.007646072,0,0.992201439,4649012.334,5737298.275
3209,1,500,10,4371,3254,1117,5888615.122306595556438,12066320,0.101900999,0.007886395,0.03257106,0.206255028,0.089835433,0.561551085,4644825.001,5741103.437
3210,1,500,10,2422,2156,266,12497881.446731008589268,12071244,0.003106227,8.82132E-05,0.000911972,0.006091468,0.00079083,0.98901129,4650416.676,5741019.876
3211,1,500,10,515,381,134,4513422.258883395232260,12071032,0.038592776,0.000231741,0.011287938,0.002762423,0.007118935,0.940006186,4646840.874,5744320.637
3212,1,500,10,2585,2407,178,25067679.441146168857813,12071412,0.030693505,0.000789578,0.002467898,0.006352881,0.00387226,0.955823878,4650815.438,5744427.497
3213,1,500,10,4730,3853,876,19487504.955156456679106,12071244,0.07034549,0.00673219,0.005149044,0.014898864,0.015834051,0.887040361,4655082.953,5736833.048
3214,1,500,10,725,642,83,30898157.758545950055122,12073393,0.011268648,0.0005244,0.01081025,0.006422468,0.010093828,0.960880406,4659717.302,5909064.977
3215,1,500,10,765,632,133,35454998.846999272704124,12073565,0.005708705,0.000863434,0.002725265,0.002417076,0.00381461,0.984470909,4655269.983,5906999.939
3216,1,500,10,4932,2977,1955,7928335.276636417023838,12064448,0.119778113,0.022764805,0.020661911,0.071931555,0.064127068,0.700736548,4660869.083,5824317.444
3217,1,500,10,4968,2684,2283,34768005.548432894051075,12064448,0.019792774,0.001147867,0.007444974,0.020205513,0.020558003,0.930850869,4663390.544,5827766.02
3218,1,500,10,586,572,14,27751397.646861221641302,12064538,3.16461E-05,0,0,0,0,0.999968354,4666352.189,5833698.299
3219,1,500,10,1277,983,294,17438061.475778926163912,12064172,0.023018148,0.001790738,0.006959828,0.013180858,0.017019374,0.938031054,4668957.136,5829656.826
3220,1,500,10,514,488,25,24069963.973970465362072,12064420,0.002252912,0,0,0.00495134,0.001534969,0.991260779,4676081.863,5821471.647
3221,1,500,10,3322,2891,431,46341870.857819132506847,12064266,0.031505693,0.005089578,0.012128037,0.011606287,0.019401987,0.920268418,4674354.923,5828931.284
3222,1,500,10,495,476,19,29668971.705126289278269,12064057,0.011802919,0.000427002,0.010249454,0.000847165,0.009229058,0.967444401,4672109.092,5834200.255
3223,1,500,10,938,860,78,31012436.742314100265503,12064009,0.015300826,0.000572806,0.007887314,0.001810137,0.015291557,0.959137359,4670336.338,5824992.29
3224,1,500,10,1795,1502,293,40095540.809187084436417,12064290,0.014089118,0.001048372,0.004014198,0.007334627,0.00668701,0.966826675,4666240.363,5821136.788
3225,1,500,10,802,638,164,29231459.833453878760338,12064288,0.011384244,0.000981073,0.004834175,0.001802627,0.009222478,0.971775403,4658123.695,5818092.204
3226,1,500,10,1276,1221,54,1686786.543727123178542,12053000,0.029887533,0,0.002296695,2.92406E-06,0,0.967812848,4667444.988,5809680.646
3227,1,500,10,498,484,14,22975199.459166910499334,12064130,0.015213572,0.000474675,0.004407798,0.006084301,0.000777867,0.973041787,4664813.243,5816687.484
3228,1,500,10,927,780,147,27347821.101389288902283,12064128,0.013695742,0.001157412,0.028550243,0.004279647,0.008580361,0.943736594,4657813.129,5813262.885
3229,1,500,10,1757,1302,455,69850726.594130679965019,12064482,0.002323272,5.3033E-05,0.00127935,0.000145537,0.002220915,0.993977894,4656891.772,5823240.504
3230,1,500,10,977,888,89,24958993.091856323182583,12064388,0.022356744,0.00095556,0.002609407,0.01434626,0.011340285,0.948391744,4672631.703,5818804.199
3231,1,500,10,3957,3445,512,54757786.009582139551640,12064268,0.028425498,0.00094189,0.00699879,0.009415931,0.017563908,0.936653983,4670560.962,5814072.161
3232,1,500,10,5423,1936,3486,22219356.121196188032627,12053000,0.02475516,0.001281137,0.009377126,0.005346079,0.012139682,0.947100815,4667072.302,5806149.466
3233,1,500,10,2896,2444,452,51116415.647029384970665,12067237,0.000648092,0,1.52764E-05,0.001356398,0.000235745,0.997744488,4661370.747,5804419.033
3234,1,500,10,115,0,115,1368476.517218139022589,12053000,0,0,0.0054746,0,0,0.9945254,4665378.043,5807333.149
3235,1,500,10,3834,861,2973,22835495.385705534368753,12053000,0.014827529,0.001197401,0.004210841,0.018567382,0.007093289,0.954103558,4666036.872,5798286.395
3236,1,500,10,554,504,50,12417952.795063246041536,12067072,0,0,0,0.000393895,0,0.999606105,4661747.056,5799451.237
3237,1,500,10,729,565,164,45159681.320521600544453,12067310,0.000391858,0,0,0.000952763,0.002224234,0.996431144,4653571.089,5807610.914
3238,1,500,10,300,234,66,11419256.682634381577373,12064480,0.001253822,0,0.00036767,0.00506092,0.000825327,0.992492262,4663708.387,5809371.394
3239,1,500,10,2144,1947,197,40001029.519572161138058,12064539,0.000165411,0,0.000830947,2.69768E-05,0,0.998976665,4662345.17,5812109.4
3240,1,500,10,4336,1577,2759,8784041.543261995539069,12053000,0.036744577,0.000841735,0.019135288,0.011174385,0.004166799,0.927937215,4670225.03,5808257.401
3241,1,500,10,2122,1443,679,2560000.000000000000000,12053000,0.164474154,0.002069129,0.009781297,0.033783713,0.051180864,0.738710843,4671250,5807000
3242,1,500,10,4837,858,3978,2560000.000000000000000,12053000,0.143479006,0.021734159,0.001167733,0.418152391,0.007492495,0.407974216,4669650,5805400
3243,1,500,10,569,197,372,640000.000000000000000,12053000,0.204667969,0.00681994,0.00169986,0.1528374,0.088266736,0.545708095,4670850,5805800
3244,1,500,10,323,99,223,640000.000000000000000,12053000,0.117046824,0.052672662,0,0.058455649,0.103488856,0.668336009,4671650,5805800
3245,1,500,10,1768,877,891,640000.000000000000000,12053000,0.205692002,0.004281843,0.022042968,0.300421621,0.259950877,0.207610689,4670850,5805000
3246,1,500,10,4183,2918,1264,640000.000000000000000,12053000,0.181492161,0.016205976,0.01570853,0.482995164,0.07237183,0.231226338,4671650,5805000
3247,1,500,10,351,11,339,2560000.000000000000000,12053000,0.011839284,0.000164685,0,0.03737622,0.058264284,0.892355526,4669650,5803800
3248,1,500,10,4700,2772,1927,2560000.000000000000000,12053000,0.213467733,0.067871787,0.009928095,0.120581773,0.247839136,0.340311476,4671250,5803800
3249,1,500,10,2131,1411,719,640000.000000000000000,12053000,0.135684005,0.066619507,0.006807468,0.237496842,0.228429492,0.324962687,4672450,5805800
3250,1,500,10,5031,3563,1468,927389.783000665949658,12053000,0.207959647,0.077198721,0.012883957,0.285295155,0.051204238,0.365458282,4673429.725,5805802.545
3251,1,500,10,1580,1412,167,640000.000000000000000,12053000,0.227142303,0.07113693,0,0.019765115,0.145612353,0.536343299,4672450,5805000
3252,1,500,10,1322,1277,45,160000.000000000000000,12053000,0.515843945,0.061545221,0,0.027428688,0.17507028,0.220111865,4673050,5805200
3253,1,500,10,5063,4572,491,502710.383927457034588,12053000,0.127243393,0.048716125,0.017472808,0.020430105,0.081833461,0.704304107,4673738.164,5805033.081
3254,1,500,10,939,892,47,160000.000000000000000,12053000,0.325108018,0.110541049,0,0.000130001,0.246689023,0.317531909,4673050,5804800
3255,1,500,10,2261,2161,99,160000.000000000000000,12053000,0.370090537,0.139922953,0.009495047,0.035900043,0.274189718,0.170401703,4673450,5804800
3256,1,500,10,1657,826,830,640000.000000000000000,12053000,0.263946546,0.031095691,0.039523769,0.1802443,0.173521364,0.31166833,4672450,5804200
3257,1,500,10,3571,3006,565,640000.000000000000000,12053000,0.300032466,0.119666422,0.023398949,0.059741336,0.175556026,0.3216048,4673250,5804200
3258,1,500,10,4802,4242,560,640000.000000000000000,12053000,0.358262254,0.157123884,0.017731867,0.055207537,0.172547325,0.239127132,4672450,5803400
3259,1,500,10,1176,958,218,160000.000000000000000,12053000,0.161853824,0.093225726,0.014816626,0.247924789,0.06340235,0.418776685,4673050,5803600
3260,1,500,10,1721,1627,93,160000.000000000000000,12053000,0.066210229,1.05084E-06,0.021643845,0.077856165,0.076702473,0.757586237,4673450,5803600
3261,1,500,10,717,518,198,160000.000000000000000,12053000,0.303889051,0.124361119,0.047940944,0.060227999,0.089595589,0.373985297,4673050,5803200
3262,1,500,10,1605,1493,111,160000.000000000000000,12053000,0.28768334,0.103473917,0.026210768,0.01187171,0.160702357,0.410057908,4673450,5803200
3263,1,500,10,5368,3684,1684,1611448.185868299799040,12053000,0.136275549,0.079319755,0.034597284,0.0933856,0.236023234,0.420398577,4674165.251,5803738.248
3264,1,500,10,3472,695,2776,5128598.636368291452527,12053000,0.037022924,0.006605844,0.011035973,0.103334222,0.03948144,0.802519596,4672893.67,5807602.889
3265,1,500,10,5301,632,4669,12799713.427387369796634,12053000,0.001114735,0.000490342,0.001795077,0.017337385,0.018326727,0.960935735,4667730.046,5801559.968
3266,1,500,10,4836,3190,1645,2560000.000000000000000,12053000,0.169985925,0.103253617,0.002551061,0.093145556,0.132653282,0.498410559,4671250,5802200
3267,1,500,10,2285,393,1891,2560000.000000000000000,12053000,0.085730635,0.008461367,0.007002142,0.174089192,0.135260767,0.589455897,4669650,5800600
3268,1,500,10,744,374,369,640000.000000000000000,12053000,0.244300482,0.106474144,0.010916699,0.039339505,0.072068303,0.526900866,4672450,5802600
3269,1,500,10,2361,2024,336,640000.000000000000000,12053000,0.116659303,0.102731264,0.005023207,0.049224396,0.415747371,0.310614458,4673250,5802600
3270,1,500,10,1403,0,1403,640000.000000000000000,12053000,0.007390356,0.108801081,0.107497563,0.101655635,0.118102553,0.556552812,4672450,5801800
3271,1,500,10,847,622,224,640000.000000000000000,12053000,0.092409992,0.042983209,0,0.067063488,0.391540405,0.406002905,4673250,5801800
3272,1,500,10,5135,3121,2013,7277318.312188860960305,12053000,0.090915766,0.004324003,0.010924945,0.030767128,0.10091216,0.762155997,4673857.396,5801050.167
3273,1,500,10,2825,2450,375,13663156.239148411899805,12067076,0,0,0,0.000191268,0,0.999808732,4675269.25,5794833.6
3274,1,500,10,1839,1734,105,15259976.897267969325185,12067180,0.00024641,0,0,1.65852E-05,0.000605709,0.999131295,4671853.132,5792777.816
3275,1,500,10,528,494,34,43804123.256229348480701,12067397,0.008404311,0.000136481,0.00208416,0.000667718,0.002615415,0.986091914,4658822.496,5789713.956
3276,1,500,10,1064,990,74,13349831.244229026138783,12067324,0.027111194,0.000260438,0.006138105,0.001879087,0.00969837,0.954912807,4664715.81,5787194.489
3277,1,500,10,3877,2409,1468,58482277.985789820551872,12067336,0.014290331,0.00228727,0.001652665,0.007476584,0.008081599,0.966211552,4663965.214,5794410.145
3278,1,500,10,2407,2020,387,10666571.468396784737706,12067336,0.071265057,0.004565456,0.001969686,0.011596802,0.041017595,0.869585404,4664119.364,5791764.198
3279,1,500,10,639,584,54,45331054.636796049773693,12067205,0.000716194,0,5.89514E-05,0.000283577,5.23224E-05,0.998888955,4666552.05,5780037.429
3280,1,500,10,1749,1650,99,73811028.708891987800598,12067458,0.001684589,3.76518E-05,0.000455867,0.000225796,0.004443138,0.993152958,4671607.994,5787530.197
3281,1,500,10,3808,3618,189,53747481.339364252984524,12067072,0,0,0,0,0,1.000000000000000,4654684.924,5801211.986
3282,1,500,10,3375,1381,1994,15304101.919969739392400,12067120,0.000202366,0,0,0.104818981,0.003001958,0.891976694,4683025.539,5786207.808
3283,1,500,10,1813,1654,159,28726849.563384607434273,12067552,0.022578952,0.001088769,0.001049614,0.001372784,0.003258971,0.97065091,4682075.544,5791125.055
3284,1,500,10,5168,273,4894,13629398.929922653362155,12067120,0.001583226,0.000384804,0.000293241,0.397635506,0.000901412,0.59920181,4679088.498,5786252.471
3285,1,500,10,5084,1430,3653,37951301.529583603143692,12053000,0,0,0,0.001432342,0.017452419,0.98111524,4672415.168,5797785.428
3286,1,500,10,534,444,90,5766912.271649094298482,12067508,0.055137838,0.000388808,0.002283136,0.02427881,0.037456753,0.880454655,4682121.432,5786712.45
3287,1,500,10,1611,1322,289,29660258.211778633296490,12067528,0.014901934,0.000922157,0.019157456,0.007134804,0.015398048,0.942485602,4678576.269,5792966.587
3288,1,500,10,4542,2573,1968,16282761.685873381793499,12067120,0.029812999,0.000597288,0.00100513,0.004448526,0.013850691,0.950285366,4678262.765,5780992.078
3289,1,500,10,2059,1704,355,640000.000000000000000,12067120,0.274374043,0.064925795,0.008552682,0.233892128,0.307758808,0.110496545,4679650,5783400
3290,1,500,10,3756,3597,159,640000.000000000000000,12067120,0.530288714,0.118368607,0.000815511,0.015106854,0.155485244,0.179935072,4679650,5782600
3291,1,500,10,1576,1165,411,640000.000000000000000,12067120,0.014928276,0.016177587,0.002022174,0.630186836,0.131645093,0.205040035,4680450,5783400
3292,1,500,10,481,32,449,640000.000000000000000,12067120,0.004729298,0.004375605,0,0.78823241,0.003077942,0.199584746,4681250,5783400
3293,1,500,10,3710,3512,198,640000.000000000000000,12067120,0.334904022,0.093581326,0.002084674,0.095741874,0.191950697,0.281737408,4680450,5782600
3294,1,500,10,483,102,380,640000.000000000000000,12067120,0.051933322,0.018117145,0.002518135,0.557091737,0.107360806,0.262978855,4681250,5782600
3295,1,500,10,3182,3032,149,640000.000000000000000,12067120,0.249570385,0.108946564,0,0.037357576,0.447093435,0.157032041,4680450,5781800
3296,1,500,10,2527,2136,390,640000.000000000000000,12067120,0.196893729,0.096534282,0.014862265,0.04168378,0.368746146,0.281279798,4681250,5781800
3297,1,500,10,4933,3395,1538,9003523.816619344055653,12067120,0.015433282,0.019537378,0,0.011287559,0.062715149,0.891026632,4682746.089,5780046.981
3298,1,500,10,1209,1196,12,160000.000000000000000,12067357,0.274337354,0.028658549,0.037860377,0.025682047,0.235631575,0.397830097,4681450,5776400
3299,1,500,10,4505,4286,219,4298237.074736094102263,12067357,0.043961893,0.004751381,0.001000856,0.000702788,0.022605595,0.926977486,4679816.064,5776544.591
3300,1,500,10,612,571,41,6082102.873066697269678,12067292,0,0,0,0,0.000319465,0.999680535,4680719.193,5778687.906
3301,1,500,10,1905,1608,297,132235165.367866337299347,12061450,0,0.000228885,0,0,0,0.999771115,4651843.26,5763936.405
3302,1,500,10,2912,2357,554,10508934.825348259881139,12071160,0,0,0,0,0,1.000000000000000,4684573.826,5765737.597
3303,1,500,10,1802,1610,192,72564247.834507048130035,12061308,0.007606862,0.000629154,0.001640772,0.003958271,0.008212577,0.977952363,4658794.567,5765041.196
3304,1,500,10,596,582,14,44155027.920136258006096,12061224,0.008749124,0.000268116,0.000757186,0.001815849,0.004576785,0.98383294,4662760.947,5768198.404
3305,1,500,10,2082,1941,141,52303930.164105743169785,12067438,0.019655496,0.000899807,0.00136598,0.004283682,0.002978527,0.970816508,4672326.471,5781300.958
3306,1,500,10,5433,4835,598,131672364.136397540569305,12067357,0.009519591,0.000152664,0.002061279,0.002499466,0.007526247,0.978240753,4677127.791,5772971.944
3307,1,500,10,608,309,298,640000.000000000000000,12067120,0.028322316,0.000997881,0.001558194,0.484496164,0.037621987,0.447003458,4682050,5783400
3308,1,500,10,1479,261,1217,640000.000000000000000,12067120,0.079501173,0.028382506,0.059365709,0.289594089,0.127315784,0.415840739,4682850,5783400
3309,1,500,10,1101,660,441,640000.000000000000000,12067120,0.295656554,0.072891755,0.009866319,0.315932258,0.086918729,0.218734384,4682050,5782600
3310,1,500,10,5466,2839,2626,1688032.273135842988268,12067120,0.174326713,0.014682685,0.036908019,0.004382373,0.059135362,0.710564848,4683353.639,5782991.427
3311,1,500,10,2956,2598,357,640000.000000000000000,12067120,0.208796315,0.046863009,0.014509836,0.081206142,0.364557771,0.284066928,4682050,5781800
3312,1,500,10,1599,1471,128,42469483.521074153482914,12067338,0.015762995,0.000361458,0.002271949,0.005193696,0.00543157,0.970978331,4686013.947,5772577.762
3313,1,500,10,4755,3025,1730,11417819.805709261447191,12071160,0.00891662,0.001803117,0.000240557,0.003059897,0.007391082,0.978588727,4684545.218,5762894.542
3314,1,500,10,2974,2631,342,640000.000000000000000,12071160,0.399138151,0.046218828,0.030223028,0.073605219,0.203442932,0.247371842,4684450,5761000
3315,1,500,10,4652,3727,924,3490413.353850187733769,12071160,0.062566604,0.004644424,0.001866496,0.015707864,0.034467656,0.880746955,4683095.827,5760420.173
3316,1,500,10,4699,4073,626,214516432.781505644321442,12071337,0,0,0,1.09695E-06,0,0.999998903,4675153.287,5762035.374
3317,1,500,10,1353,1278,75,640000.000000000000000,12071160,0.188021209,0.033442433,0.00223882,0.010423772,0.313176672,0.452697094,4685250,5761000
3318,1,500,10,1606,1255,350,640000.000000000000000,12071160,0.311097143,0.037622518,0.024750704,0.150510619,0.025138131,0.450880885,4686050,5761000
3319,1,500,10,5161,3419,1742,2487653.290772294625640,12071160,0.149785528,0.012881617,0.020457664,0.048193374,0.025052074,0.743629743,4686186.46,5760329.889
3320,1,500,10,3865,3801,64,640000.000000000000000,12052000,0.009601328,0,0.003808732,0,0,0.986589941,4661250,5748200
3321,1,500,10,5082,4720,362,4271846.035642475821078,12052000,0.00020477,0,0.000144847,0,0,0.999650383,4660328.395,5749062.088
3322,1,500,10,4291,2786,1504,9685852.177361408248544,12052000,0.000230826,0,0,0,0,0.999769174,4660397.053,5746886.653
3323,1,500,10,1785,1728,57,640000.000000000000000,12052000,0.001349853,0,0.000174608,0.021889555,0,0.976585985,4662050,5747400
3324,1,500,10,1164,1087,77,19873231.704989984631538,12071041,0.022439363,0.000549092,0.003831497,0.000546769,0.012949019,0.959684259,4657096.559,5746491.434
3325,1,500,10,4371,3099,1271,3173281.690377837046981,12071304,0.090305751,0.013159335,0.007151339,0.039784377,0.019347824,0.830251374,4665385.561,5749722.307
3326,1,500,10,3462,2160,1301,1269352.192718547536060,12071304,0.28644727,0.026729185,0.05434589,0.034500194,0.120726257,0.477251204,4666859.917,5749395.279
3327,1,500,10,1517,1335,182,34694768.730022743344307,12071386,4.8859E-06,0,0,7.59873E-06,0,0.999987515,4668059.014,5746311.693
3328,1,500,10,652,597,55,10892864.158415017649531,12071060,0.017837697,0.000160658,0.001532501,0.001412761,0.003114888,0.975941495,4661885.37,5750944.429
3329,1,500,10,4293,2463,1830,9263444.574064319953322,12071304,0.041224855,0.0001404,0.002802143,0.054880423,0.014334269,0.88661791,4668029.787,5750358.211
3330,1,500,10,959,826,133,38202217.724435240030289,12071052,0.01505735,0.000256977,0.003701112,0.001141472,0.005581709,0.97426138,4658799.573,5754105.979
3331,1,500,10,983,820,163,42117204.738879829645157,12071384,0.004584286,0.000174524,0.000244264,0.000463514,0.001692347,0.992841065,4669348.154,5757005.044
3332,1,500,10,1788,1404,384,38380985.387887477874756,12071401,0.014526287,0.000198085,0.001894924,0.064262027,0.00170097,0.917417706,4664559.42,5754549.248
3333,1,500,10,2687,2612,74,160000.000000000000000,12052000,0.154405354,0,0,0.11440681,0.021231155,0.709956682,4658650,5743600
3334,1,500,10,3179,3096,82,160000.000000000000000,12052000,0.152261728,0,0.000101832,0.12301231,0.227881232,0.496742899,4659050,5743600
3335,1,500,10,2713,2709,3,160000.000000000000000,12052000,0.283860979,0.002542125,0.000612175,0,0.087368767,0.625615954,4658650,5743200
3336,1,500,10,4673,4644,28,40000.000000000000000,12052000,0.376363743,0,0.028963476,0,0.210415537,0.384257244,4658950,5743300
3337,1,500,10,1466,1451,15,40000.000000000000000,12052000,0.486915334,0,0.019295012,0,0.096510944,0.39727871,4659150,5743300
3338,1,500,10,2133,2128,4,10000.000000000000000,12052000,0.319897258,0.183558539,0,0,0.03906681,0.457477392,4658900,5743150
3339,1,500,10,1360,1354,5,10000.000000000000000,12052000,0.346035042,0.022756486,0.026413676,0,0,0.604794797,4659000,5743150
3340,1,500,10,682,677,4,10000.000000000000000,12052000,0.310322621,0.091887086,0.007644335,0,0,0.590145958,4658900,5743050
3341,1,500,10,1154,1064,89,10000.000000000000000,12052000,0.330332051,0.066650905,0.34500429,0,0,0.258012754,4659000,5743050
3342,1,500,10,3289,3024,264,40000.000000000000000,12052000,0.349700235,2.42143E-06,0.257750424,0,0.084442535,0.308104384,4659150,5743100
3343,1,500,10,2278,2128,149,160000.000000000000000,12052000,0.175335696,0.013532039,0.035202661,0.00502719,0.340791705,0.43011071,4658650,5742800
3344,1,500,10,3533,3151,382,160000.000000000000000,12052000,0.461236005,0.023521817,0.092006338,0.011023603,0.129400615,0.282811621,4659050,5742800
3345,1,500,10,5300,1235,4065,8442780.769140359014273,12052000,0.001446524,3.59769E-06,0,0.000255424,0.001095062,0.997199392,4658315.571,5741162.637
3346,1,500,10,356,138,217,160000.000000000000000,12052000,0.415117048,0.014285647,0.040410781,0.069499155,0.234036332,0.226651036,4659050,5742400
3347,1,500,10,854,803,51,9127664.800507364794612,12071028,0,0,0,0,0,1.000000000000000,4654851.357,5745055.458
3348,1,500,10,3066,1900,1166,5774369.499512161128223,12052000,0.054821804,0.000184991,0.006831392,0.001384784,0.03300184,0.903775189,4660630.522,5744560.928
3349,1,500,10,2699,2186,512,2560000.000000000000000,12052000,0.17218657,0.011526947,0.005767854,0.005788477,0.032275499,0.772454652,4660050,5743000
3350,1,500,10,3181,207,2974,2560000.000000000000000,12052000,0.04517795,0.003200889,0.032785549,0.072048968,0.066514145,0.7802725,4661650,5743000
3351,1,500,10,4784,1716,3067,2560000.000000000000000,12052000,0.243607568,0.027355885,0.01866785,0.159903286,0.076481554,0.473983858,4660050,5741400
3352,1,500,10,645,261,384,640000.000000000000000,12052000,0.216809531,0.064569744,0.0037703,0.080675733,0.264086125,0.370088567,4661250,5741800
3353,1,500,10,2676,2428,247,640000.000000000000000,12052000,0.181033579,0.056191278,0,0.060297251,0.45264239,0.249835501,4662050,5741800
3354,1,500,10,1651,1360,291,640000.000000000000000,12052000,0.655083216,0.030326986,0.008257838,0.038356713,0.092201307,0.175773941,4661250,5741000
3355,1,500,10,2715,2375,339,640000.000000000000000,12052000,0.133507476,0.051478781,0,0.097231974,0.467772806,0.250008964,4662050,5741000
3356,1,500,10,642,307,335,640000.000000000000000,12052000,0.176600625,0.013756091,0.002251365,0.104502944,0.238019582,0.464869394,4659650,5740200
3357,1,500,10,2195,1835,359,640000.000000000000000,12052000,0.26720823,0.072495731,0.012113233,0.015033243,0.339029451,0.294120112,4660450,5740200
3358,1,500,10,2779,1696,1082,640000.000000000000000,12052000,0.157022143,0.427010288,0.016511475,0.038235425,0.137988586,0.223232082,4660450,5739400
3359,1,500,10,2710,2242,468,640000.000000000000000,12052000,0.42071328,0.067599764,0.007491514,0.085471023,0.093109198,0.325615221,4661250,5740200
3360,1,500,10,1582,337,1244,640000.000000000000000,12052000,0.058152181,0.029041756,0.001359273,0.44911599,0.276643258,0.185687542,4662050,5740200
3361,1,500,10,4123,3400,722,640000.000000000000000,12052000,0.376448581,0.168985384,0.021658129,0.037272376,0.16567235,0.22996318,4661250,5739400
3362,1,500,10,3427,3046,381,640000.000000000000000,12052000,0.321705336,0.129261583,0.006174584,0.023881492,0.253740983,0.265236021,4662050,5739400
3363,1,500,10,3250,3120,130,14710449.855448314920068,12071244,0.007704746,0.000101783,0.001320329,0.001309319,0.00443223,0.985131593,4655319.944,5740584.339
3364,1,500,10,4572,1211,3361,14776870.642178023234010,12052000,0,0,0,0.000377937,3.83809E-06,0.999618225,4663338.289,5745131.458
3365,1,500,10,1089,990,98,160000.000000000000000,12052000,0.115923299,0,0,0.156727732,0.0591198,0.668229169,4664650,5745200
3366,1,500,10,5377,4866,511,6425908.894377584569156,12052000,7.66211E-05,0,0,0.00204502,0.00168193,0.996196429,4664842.106,5742655.08
3367,1,500,10,4053,3878,175,160000.000000000000000,12052000,0.318592944,0,0,0.270773054,0.144394604,0.266239398,4664650,5744800
3368,1,500,10,3385,3383,2,40000.000000000000000,12052000,0.631733633,0.020939333,0,0,0.118657705,0.228669329,4664550,5744500
3369,1,500,10,2393,2393,0,10000.000000000000000,12052000,0.316164925,0,0,0,0.425748981,0.258086093,4664700,5744550
3370,1,500,10,1485,1485,0,10000.000000000000000,12052000,0.491621568,0,0,0,0.346086547,0.162291886,4664800,5744550
3371,1,500,10,2475,2475,0,10000.000000000000000,12052000,0.60340504,0,0,0,0.396560303,3.46564E-05,4664700,5744450
3372,1,500,10,247,247,0,10000.000000000000000,12052000,0.842965558,0,0,0,0.064712254,0.092322188,4664800,5744450
3373,1,500,10,1748,1732,16,40000.000000000000000,12052000,0.506477355,0.015908691,0,0.084361672,0.265006881,0.1282454,4664550,5744300
3374,1,500,10,2888,2888,0,40000.000000000000000,12052000,0.431624835,0,0,0,0.158846034,0.409529131,4664750,5744300
3375,1,500,10,4701,4638,62,160000.000000000000000,12052000,0.101820809,0,0.014883545,0.000926964,0.03248172,0.849886962,4664650,5744000
3376,1,500,10,1107,3,1103,640000.000000000000000,12052000,0.010838013,0.01617996,0.009482147,0.352921831,0.215346175,0.395231873,4662850,5740200
3377,1,500,10,2660,127,2532,640000.000000000000000,12052000,0.021226349,0.012149888,0.049592927,0.644574356,0.012191252,0.260265228,4663650,5740200
3378,1,500,10,3959,1978,1980,640000.000000000000000,12052000,0.166119235,0.047778087,0.050856705,0.408734003,0.100413598,0.226098373,4662850,5739400
3379,1,500,10,1707,68,1639,640000.000000000000000,12052000,0.080863556,0.021693209,0.009814693,0.551626208,0.037306678,0.298695656,4663650,5739400
3380,1,500,10,4692,1119,3573,2560000.000000000000000,12052000,0.151695611,0.089022868,0.008591252,0.233312116,0.037428847,0.479949306,4664850,5739800
3381,1,500,10,4737,858,3879,35064018.313929870724678,12052000,0.00394167,0.000149835,0.000341295,0.000512346,0.00490278,0.990152074,4668310.462,5741062.603
3382,1,500,10,3972,3090,881,640000.000000000000000,12052000,0.32438809,0.075353144,0.026100429,0.123756828,0.22271761,0.227683899,4659650,5738600
3383,1,500,10,1881,1514,367,160000.000000000000000,12052000,0.386778113,0.076402096,0.061570853,0.127123966,0.085000502,0.263124471,4660250,5738800
3384,1,500,10,1611,1225,386,160000.000000000000000,12052000,0.367164203,0.102673591,0.054702724,0.18785479,0.01904988,0.26855481,4660650,5738800
3385,1,500,10,1386,1126,260,160000.000000000000000,12052000,0.274908598,0.213424078,0.013558909,0.188517123,0.015112824,0.294478468,4660250,5738400
3386,1,500,10,942,661,280,160000.000000000000000,12052000,0.391881643,0.10048571,0.031482831,0.15496266,0.078245475,0.242941681,4660650,5738400
3387,1,500,10,2259,1159,1099,640000.000000000000000,12052000,0.098117892,0.000871434,0.003437136,0.401852864,0.080707268,0.415013406,4659650,5737800
3388,1,500,10,1741,769,971,640000.000000000000000,12052000,0.108738745,0.024901562,0.020748944,0.226908195,0.005273131,0.613429423,4660450,5737800
3389,1,500,10,1471,1055,415,160000.000000000000000,12052000,0.112367775,0.202791021,0.052581468,0.186589707,0.083183271,0.362486758,4661050,5738800
3390,1,500,10,1834,1400,434,160000.000000000000000,12052000,0.235576426,0.086275566,0.075998571,0.130216955,0.089532918,0.382399564,4661450,5738800
3391,1,500,10,1777,941,835,160000.000000000000000,12052000,0.154893749,0.093230615,0.147640032,0.264140037,0.005379394,0.334716172,4661050,5738400
3392,1,500,10,1508,893,614,160000.000000000000000,12052000,0.288296722,0.062368784,0.1321718,0.064911567,0.136043441,0.316207687,4661450,5738400
3393,1,500,10,4847,4059,788,640000.000000000000000,12052000,0.295659382,0.122116088,0.022295164,0.079420971,0.209239722,0.271268674,4662050,5738600
3394,1,500,10,4821,2610,2211,640000.000000000000000,12052000,0.211793818,0.128421814,0.105221175,0.101911648,0.041786915,0.410864632,4661250,5737800
3395,1,500,10,2147,1343,804,640000.000000000000000,12052000,0.022627984,0.080455808,0.030458262,0.066666322,0.438585927,0.361205696,4662050,5737800
3396,1,500,10,2415,2106,309,640000.000000000000000,12052000,0.339620372,0.065159562,0,0.077717596,0.183188004,0.334314466,4659650,5737000
3397,1,500,10,4707,3794,912,640000.000000000000000,12052000,0.364948153,0.345666394,0.017479128,0.022412828,0.079981467,0.16951203,4660450,5737000
3398,1,500,10,4012,2924,1087,7686108.953089714050293,12052000,0.005014173,0,0,0.000722677,0.002423239,0.991839911,4658618.925,5736915.931
3399,1,500,10,1537,1166,370,640000.000000000000000,12052000,0.246011488,0.048765876,0.011407357,0.040140038,0.259947875,0.393727366,4660450,5736200
3400,1,500,10,4985,3302,1682,640000.000000000000000,12052000,0.440877913,0.112491337,0.077244447,0.090034925,0.083263823,0.196087555,4661250,5737000
3401,1,500,10,1538,1213,324,640000.000000000000000,12052000,0.120704677,0.047960968,0.004428619,0.065947288,0.528691409,0.23226704,4662050,5737000
3402,1,500,10,3965,2740,1224,640000.000000000000000,12052000,0.183791975,0.128124038,0.026014008,0.227162241,0.158012435,0.276895303,4661250,5736200
3403,1,500,10,451,237,214,640000.000000000000000,12052000,0.024407939,0.023087788,0,0.067364227,0.106574169,0.778565877,4662050,5736200
3404,1,500,10,3118,2874,243,640000.000000000000000,12052000,0.239091413,0.076916392,0.001335225,0.036724368,0.32552346,0.320409141,4660450,5735400
3405,1,500,10,3146,2533,612,640000.000000000000000,12052000,0.109715566,0.12264525,0,0.160163488,0.184863595,0.422612101,4660450,5734600
3406,1,500,10,4814,1300,3513,2361823.433698260225356,12052000,0,0.004290292,0,0.106792187,0.002317033,0.886600487,4660156.067,5733610.631
3407,1,500,10,3675,2521,1154,640000.000000000000000,12052000,0.201483031,0.05408863,0.044744958,0.121966705,0.354507444,0.223209232,4661250,5735400
3408,1,500,10,690,534,155,640000.000000000000000,12052000,0.251036385,0.034763734,0.003751995,0.013206679,0.071971359,0.625269847,4662050,5735400
3409,1,500,10,3115,2827,288,640000.000000000000000,12052000,0.331159441,0.122829165,0,0.033048255,0.330519175,0.182443963,4661250,5734600
3410,1,500,10,1707,1339,368,640000.000000000000000,12052000,0.354540803,0.024196046,0.001457605,0.117319948,0.152526219,0.349959379,4662050,5734600
3411,1,500,10,4005,2239,1766,6288192.727730194106698,12052000,0.094792727,0.009585676,0.000459549,0.010153721,0.048840264,0.836168064,4661841.74,5732679.325
3412,1,500,10,1254,899,354,9134031.176684651523829,12071244,0.05932571,0.001011602,0.006327951,0.030332983,0.037209777,0.865791977,4657811.78,5734200.347
3413,1,500,10,1791,1687,103,160000.000000000000000,12052000,0.618706597,0.184221385,0,0.039785987,0,0.157286031,4662650,5738800
3414,1,500,10,1468,931,537,160000.000000000000000,12052000,0.101322426,0.144989039,0.047653206,0.425348125,0.014978589,0.265708616,4663050,5738800
3415,1,500,10,2152,2086,66,160000.000000000000000,12052000,0.314296558,0,0.005906381,0.068231637,0.090697119,0.520868304,4662650,5738400
3416,1,500,10,759,572,186,160000.000000000000000,12052000,0.203467688,0.076754372,0.013025216,0.163036929,0.210543031,0.333172764,4663050,5738400
3417,1,500,10,1500,330,1169,640000.000000000000000,12052000,0.28190166,0.018239956,0.00431057,0.407302946,0.009525303,0.278719565,4663650,5738600
3418,1,500,10,618,475,143,640000.000000000000000,12052000,0.254199409,0,0.007674655,0.008798686,0.254977097,0.474350153,4662850,5737800
3419,1,500,10,1259,733,526,640000.000000000000000,12052000,0.204721059,0,0.001566381,0.192483113,0.103541715,0.497687731,4663650,5737800
3420,1,500,10,1435,983,451,2560000.000000000000000,12052000,0.164242323,0.009600817,0.00503084,0.00519169,0.436079533,0.379854797,4663250,5736600
3421,1,500,10,4873,2877,1995,11850266.631575230509043,12052000,0.003651463,4.11342E-05,0.000492548,9.40737E-06,0.006020207,0.989785241,4664142.555,5734794.503
3422,1,500,10,3411,2734,676,640000.000000000000000,12052000,0.383559951,0.034166132,0.034230744,0.021617579,0.168091248,0.358334346,4666850,5734600
3423,1,500,10,2819,2818,0,160000.000000000000000,12052000,0.125890591,0,0,0.001311709,0.016168945,0.856628754,4667450,5734800
3424,1,500,10,2852,778,2073,3515665.618002679198980,12052000,0,0,0,0,0.000111743,0.999888257,4666523.272,5735437.696
3425,1,500,10,5432,4694,737,6865424.281779778189957,12052000,0.008731665,0,0,0,0.00158794,0.989680395,4667686.611,5733802.106
3426,1,500,10,5439,4712,727,135048582.979499638080597,12071301,0,0,0,0,0,1.000000000000000,4668250.597,5731028.792
3427,1,500,10,1458,1315,143,50371118.810741983354092,12071414,0.005269649,0.000177081,0.002034061,0.000504858,0.00346164,0.98855271,4675703.457,5733505.282
3428,1,500,10,2935,1112,1822,48739898.672772862017155,12071076,0.010276468,0.000239976,0.004442646,0.001979729,0.006925057,0.976136125,4678630.072,5741724.828
3429,1,500,10,688,599,89,24058207.756467401981354,12071176,0.002306235,0.000661713,0.001620259,9.01708E-05,0.002123654,0.993197967,4673709.634,5745342.108
3430,1,500,10,1930,1753,177,82215013.894856482744217,12071193,0,0,0,0,0,1.000000000000000,4674661.353,5752090.431
3431,1,500,10,5135,3361,1773,26378340.341618303209543,12071076,0.007604611,0.000948492,0,0.00136012,0.001593639,0.988493138,4679373.368,5736322.403
3432,1,500,10,5307,4150,1157,1963351.926777391694486,12071076,0.179479633,0.050432342,0.024122459,0.166443889,0.055177278,0.5243444,4683066.169,5738207.133
3433,1,500,10,1118,927,191,640000.000000000000000,12071076,0.257623758,0.059792398,0.005834607,0.128261416,0.047655514,0.500832307,4682050,5737800
3434,1,500,10,4920,3929,990,2560000.000000000000000,12071076,0.287912362,0.028851574,0.017921151,0.172741478,0.10141688,0.391156556,4682450,5736600
3435,1,500,10,2222,2064,158,1340665.078233512816951,12071076,0.104822079,0.027937461,0.00315744,0.041842604,0.376006932,0.446233483,4683700.484,5736475.713
3436,1,500,10,3960,3052,908,29181413.001624960452318,12071076,0.033772638,0.000657238,0.000485028,0.019371894,0.002621793,0.943091409,4686353.763,5731859.008
3437,1,500,10,1004,837,167,25219710.769712667912245,12071153,0.000175152,0,0,0.000399654,0.00033425,0.999090944,4682593.513,5731323.36
3438,1,500,10,4723,2724,1998,14405861.105189122259617,12071160,0.007439311,3.57466E-05,0.0003045,0.041168009,0.002608479,0.948443955,4684160.322,5758025.273
3439,1,500,10,3484,2028,1456,34835839.177952438592911,12062224,0.001442247,0.002062483,0.000474847,0.000513841,0.000885419,0.994621162,4583164.085,5732284.961
3440,1,500,10,4601,3741,860,2560000.000000000000000,12062224,0.154838477,0.048182049,0.026599895,0.079520628,0.106455942,0.584403009,4584850,5728600
3441,1,500,10,4325,1645,2680,74254303.493766516447067,12062224,0.000241925,0.000125341,0,0.005343361,0,0.994289373,4579587.618,5724390.709
3442,1,500,10,5399,2492,2907,38126781.457907699048519,12062224,0.010397617,0.000716993,0.007051397,0.026977691,0.013915427,0.940940875,4588321.499,5728056.598
3443,1,500,10,2973,2174,798,41956159.230919472873211,12062500,0.00407213,0.000563154,0.00465924,0.006814928,0.002133356,0.981757192,4591253.421,5721306.075
3444,1,500,10,3344,2205,1139,62403078.659320287406445,12062128,0.003308996,8.95055E-05,0.002315793,0.003926669,0.002812246,0.98754679,4584000.892,5719274.44
3445,1,500,10,1196,768,428,10547287.067172238603234,12062492,0.00155829,2.34406E-05,0,0,0.00209786,0.99632041,4599745.456,5719349.395
3446,1,500,10,229,202,27,8752644.007315857335925,12062440,0.006748911,0.000404483,0.004894748,0.013510648,0.002739483,0.971701727,4596732.461,5719989.799
3447,1,500,10,985,874,111,23499032.920910306274891,12062282,0.002876572,0,0.003371094,0.000347018,0.000689195,0.992716121,4590967.09,5731832.03
3448,1,500,10,850,689,161,31680524.082718376070261,12062134,0.005606037,0.000115608,0.006038544,0.000799732,0.013725394,0.973714685,4600673.269,5733056.038
3449,1,500,10,1000,728,272,29641380.622883886098862,12062500,1.32415E-05,0,0,2.82397E-05,6.02658E-05,0.999898253,4589433.503,5710560.562
3450,1,500,10,5244,4730,514,53982933.820439204573631,12062500,0.001230546,2.75687E-05,6.98673E-05,0.00038151,0.001986967,0.996303541,4594273.301,5715465.352
3451,1,500,10,5370,4497,872,19772688.775773085653782,12062128,0.040730296,0.004747505,0.010798431,0.04221389,0.029424776,0.872085103,4587328.406,5716709.896
3452,1,500,10,4678,4068,610,89131862.571486681699753,12062341,0.003258041,6.87316E-05,0.001084806,0.016751859,0.001777185,0.977059376,4586087.064,5704092.361
3453,1,500,10,3980,2903,1077,27498464.192485984414816,12062024,0,0,0,0,0,1.000000000000000,4594602.71,5708896.871
3454,1,500,10,3420,2745,674,7455557.212116543203592,12062024,0.072649261,0.008783738,0.011841441,0.045927258,0.061021178,0.799777124,4596937.158,5711390.91
3455,1,500,10,1016,949,66,10135397.121900543570518,12062500,0.017877251,0.000126369,0.006839023,0.003932672,0.004464017,0.966760668,4599493.289,5715170.326
3456,1,500,10,3533,3089,443,41073021.684215418994427,12062024,0.020148524,0.000477572,0.003141579,0.003920962,0.014957254,0.957354109,4602305.567,5711259.666
3457,1,500,10,5015,3707,1308,46803138.639789827167988,12062410,0.01745933,0.000719516,0.004456911,0.008847303,0.01404766,0.95446928,4601875.63,5702636.976
3458,1,500,10,4814,3293,1521,22334525.850771103054285,12062124,0.017389129,0.003448245,0.002979453,0.010058298,0.00894025,0.957184625,4606600.031,5702802.495
3459,1,500,10,3797,2325,1472,62968872.870364129543304,12062024,0.007959405,0.000122177,0.004773824,0.006691211,0.004045385,0.976407999,4593137.132,5704168.305
3460,1,500,10,1582,1177,405,10240000.000000000000000,12062092,0.041603666,0.021515128,0.019232521,0.009592057,0.028627693,0.879428936,4606450,5724600
3461,1,500,10,2780,2434,346,10240000.000000000000000,12062092,0.042765625,0.002337605,0.010826624,0.024755345,0.035239588,0.884075213,4609650,5724600
3462,1,500,10,5181,4160,1020,27418794.198732972145081,12062092,0.030598875,0.014553072,0.005722639,0.02396098,0.027800141,0.897364293,4608792.351,5721248.756
3463,1,500,10,1442,1437,4,160000.000000000000000,12062140,0.411817041,0,0.004610523,0.007276812,0.338609383,0.237686241,4617050,5724400
3464,1,500,10,1613,1590,23,160000.000000000000000,12062140,0.478722911,0.000739265,0.01267413,0.085477252,0.211647582,0.21073886,4617450,5724400
3465,1,500,10,1412,1405,6,160000.000000000000000,12062140,0.357912745,0.010202097,0.002893798,0.004753272,0.402844065,0.221394023,4617050,5724000
3466,1,500,10,2123,2032,90,160000.000000000000000,12062140,0.214406423,0.294907379,0.002867438,0.008386526,0.348541553,0.130890681,4617450,5724000
3467,1,500,10,3571,3522,48,640000.000000000000000,12062140,0.145313914,0.022820363,0.000944084,0.031925155,0.404674305,0.394322179,4617250,5723400
3468,1,500,10,4623,3575,1048,119318781.234476655721664,12062469,2.30601E-05,0,0,4.94304E-05,0,0.999927509,4613223.018,5731022.408
3469,1,500,10,4481,3716,765,102681003.484766289591789,12062092,0.000708538,2.06629E-05,0.000250239,0.001771957,0.000981881,0.996266723,4602067.569,5725340.289
3470,1,500,10,5409,5124,285,1464798.637607404263690,12062140,0.061132598,0.003174987,0.005837547,0.048575674,0.050492659,0.830786536,4617836.652,5724845.587
3471,1,500,10,1877,1816,60,160000.000000000000000,12062140,0.402861714,0.075801668,0.015609085,0.140124105,0.08172831,0.283875117,4617850,5724000
3472,1,500,10,4874,4240,634,752688.144107866217382,12062140,0.045135501,0.001989825,0.03568392,0.028992224,0.036927124,0.851271406,4618619.544,5723990.081
3473,1,500,10,2894,2172,722,640000.000000000000000,12062140,0.25793849,0.114213601,0.132995734,0.09864464,0.146983472,0.249224062,4618050,5723400
3474,1,500,10,5121,4955,165,285404.755214572709519,12062140,0.227973851,0.097175128,0.029035106,0.027256592,0.102340362,0.516218962,4619221.958,5723576.571
3475,1,500,10,2693,2525,168,160000.000000000000000,12062140,0.224442106,0.065307647,0.112412882,0.267957046,0.095223575,0.234656745,4618650,5723200
3476,1,500,10,4905,4858,47,160000.000000000000000,12062140,0.148003994,0.028189186,0.025452442,0.099494812,0.239165582,0.459693985,4619050,5723200
3477,1,500,10,3810,1853,1956,76064764.789488956332207,12062333,0.002241468,0.000753415,0.000720815,0.010013552,0.001251981,0.98501877,4622306.047,5727407.631
3478,1,500,10,3124,3124,0,40000.000000000000000,12062140,0.250868089,0,0,0,0.519588216,0.229543696,4619350,5723300
3479,1,500,10,4038,4007,30,209660.630692111561075,12062140,0.019839769,0.000828143,0,0,0.193426106,0.785905983,4619603.331,5723177.44
3480,1,500,10,1219,822,397,640000.000000000000000,12062140,0.143251709,0.063796209,0.03995474,0.286277953,0.122443607,0.344275782,4618050,5722600
3481,1,500,10,2529,1843,686,640000.000000000000000,12062140,0.203992701,0.140830573,0.103228465,0.180215479,0.180066667,0.191666116,4618850,5722600
3482,1,500,10,5225,4178,1046,9011810.655401181429625,12062140,0.006820559,0.001204124,0.000773172,0.010266768,0.00772005,0.973215327,4616133.176,5722666.079
3483,1,500,10,3333,3133,199,640000.000000000000000,12062140,0.261867934,0.002266903,0.033952867,0.116966827,0.224272854,0.360672614,4618850,5721800
3484,1,500,10,1140,924,216,41023924.193172119557858,12062293,1.12787E-05,0,0.000169623,0.000909616,0.000116687,0.998792796,4624008.262,5719784.562
3485,1,500,10,4009,3705,304,6884760.423325144685805,12062140,0.00731179,0,0,0.003892402,0.006972786,0.981823023,4615487.013,5715583.677
3486,1,500,10,5457,2639,2818,54181865.033656232059002,12062140,0.00017283,0,0,0.000110589,2.02841E-05,0.999696298,4619910.934,5715906.487
3487,1,500,10,1630,1630,0,160000.000000000000000,12062140,0,0,0,0,0,1.000000000000000,4616650,5716000
3488,1,500,10,1847,1562,285,24653922.855731461197138,12062417,0.014405258,0.001650447,0.010659525,0.016862849,0.013618468,0.942803453,4609315.537,5715708.861
3489,1,500,10,1227,1026,201,38825020.654352508485317,12062453,0.004545973,0.000208919,0.005893301,0.001702577,0.013962181,0.973687048,4603896.812,5717393.914
3490,1,500,10,2234,2064,170,34983677.996317662298679,12062240,0.016682483,0.004456748,0.005949206,0.002669319,0.011049813,0.959192432,4608845.2,5709313.641
3491,1,500,10,5381,4424,956,36993617.728989183902740,12066176,0.014772922,0.001678418,0.00027874,0.002971911,0.012250021,0.968047987,4619153.87,5709824.547
3492,1,500,10,4762,3209,1552,29064131.480579197406769,12066176,0.005712225,0.001643352,7.6546E-05,0.000518427,0.007741201,0.984308249,4625816.918,5710631.55
3493,1,500,10,4229,3655,573,2560000.000000000000000,12066176,0.205766842,0.051496057,0.020720514,0.098748404,0.087160937,0.536107247,4621650,5707800
3494,1,500,10,3864,3294,569,2560000.000000000000000,12066176,0.26305397,0.033472981,0.025019873,0.085276075,0.095053116,0.498123985,4623250,5707800
3495,1,500,10,1014,947,67,28439092.685682605952024,12062177,0,0,0,0,0,1.000000000000000,4613405.341,5712617.385
3496,1,500,10,5182,1436,3746,27741639.101769227534533,12066296,0.014950986,0.000942402,0.000453325,0.016966912,0.006548263,0.960138111,4629096.036,5707245.864
3497,1,500,10,560,434,126,31687071.774281270802021,12062219,0,0,0,0,0,1.000000000000000,4614044.901,5719168.03
3498,1,500,10,882,807,75,41967597.833708114922047,12066202,0.000284121,0,0.000209253,0.002704242,5.14266E-05,0.996750957,4637426.683,5728936.644
3499,1,500,10,5037,4049,987,31158310.693166583776474,12066112,0.020436274,0.000851949,0.001089359,0.003921621,0.006947236,0.966753561,4640799.107,5719648.613
3500,1,500,10,3255,3162,93,10211266.520480487495661,12066008,0.024695165,0.003279196,0.004874051,0.014490063,0.012679561,0.939981963,4641648.271,5724604.141
3501,1,500,10,1120,638,482,38997099.438341394066811,12066041,0.008748133,0.000568851,0.005962392,0.000999504,0.006028518,0.977692601,4632095.845,5726422.279
3502,1,500,10,3276,3021,254,50913676.515801697969437,12066008,0.00280337,0.000991189,0.001201115,0.00450102,0.001898567,0.98860474,4641914.355,5726383.173
3503,1,500,10,5463,3876,1586,41538636.419227167963982,12066112,0.007469213,0.003931722,0.000989023,0.010045343,0.009048053,0.968516646,4634126.876,5719649.359
3504,1,500,10,2025,1905,119,640000.000000000000000,12066112,0.387007761,0.072313902,0.012070447,0.156769374,0.166828686,0.20500983,4638850,5718600
3505,1,500,10,1095,898,197,640000.000000000000000,12066112,0.233423104,0.039142394,0.067956829,0.128673082,0.039396923,0.491407667,4639650,5718600
3506,1,500,10,5152,1017,4134,19022960.749953120946884,12066304,0.015115034,0.002439313,0.001429295,0.137804279,0.012265117,0.830946963,4640082.732,5714999.566
3507,1,500,10,4890,4382,508,36310596.992690704762936,12066285,0.030370833,0.003456431,0.003730366,0.071314395,0.092599883,0.798528092,4632659.754,5710985.274
3508,1,500,10,3377,3152,225,640000.000000000000000,12066304,0.412914088,0.10129272,0.006146862,0.060419357,0.120793132,0.298433841,4638050,5710600
3509,1,500,10,5019,3980,1039,1767432.397961556911469,12066304,0.151776304,0.0119343,0.018684653,0.041463391,0.034261132,0.741880219,4638143.786,5711408.021
3510,1,500,10,4561,2064,2497,5865444.558005305938423,12066304,0.02866261,0.005481012,0.002863684,0.014804346,0.025868036,0.922320313,4638550.785,5712472.4
3511,1,500,10,4366,4266,100,640000.000000000000000,12066304,0.242522494,0.071672217,0,0.009736236,0.256957185,0.419111868,4638850,5710600
3512,1,500,10,979,842,136,640000.000000000000000,12066304,0.143295135,0.009049868,0.015209325,0.015692204,0.161911016,0.654842452,4639650,5710600
3513,1,500,10,4747,2724,2022,9765531.781411536037922,12066304,0.019107491,0.003691697,0.001797441,0.016540146,0.01719656,0.941666664,4635604.492,5708518.137
3514,1,500,10,2122,1945,176,640000.000000000000000,12066304,0.035963784,0.043945791,0.016886908,0.00078546,0.233123146,0.669294911,4638050,5709800
3515,1,500,10,3322,3143,179,640000.000000000000000,12066304,0.140381713,0.010560076,0.021605102,0.013545694,0.37617618,0.437731235,4637250,5709000
3516,1,500,10,5279,3023,2255,59735400.805009126663208,12066304,0.000621926,0,0,7.63277E-05,0.00311966,0.996182086,4643238.263,5711263.419
3517,1,500,10,854,852,1,2560000.000000000000000,12066304,0,0,0,0.000330913,0.001066733,0.998602354,4639250,5709400
3518,1,500,10,618,487,131,15932082.130972037091851,12066292,0,0,0,0,0,1.000000000000000,4634682.642,5704494.836
3519,1,500,10,4739,4148,591,32208103.878598727285862,12066285,0.029307108,0.004535348,0.006167804,0.047137473,0.018805835,0.894046432,4632577.856,5715190.467
3520,1,500,10,1593,1415,178,42189279.050071462988853,12062425,0,0,0,0,0,1.000000000000000,4628332.012,5721026.037
3521,1,500,10,5395,5136,258,2202387.487912303768098,12071408,0.286484242,0.035868505,0.008490155,0.127694829,0.103559798,0.437902471,4650446.517,5718888.553
3522,1,500,10,1517,1372,144,18823371.780778959393501,12066228,0,0,0,0.000401152,2.0846E-05,0.999578002,4650149.298,5722286.406
3523,1,500,10,5381,4738,643,105601953.287900134921074,12071057,1.227E-05,0,0,0,4.0019E-06,0.999983728,4651771.824,5727838.615
3524,1,500,10,633,415,217,7953791.153613698668778,12066112,0.011971978,0.000195629,0.006652441,0.01324091,0.005402264,0.962536778,4644624.42,5718548.411
3525,1,500,10,476,396,80,38245644.981945037841797,12066226,0.004487683,3.336E-05,0.002447888,0.013591173,0.002916608,0.976523288,4646861.266,5719708.477
3526,1,500,10,4395,3800,594,2560000.000000000000000,12062124,0.135436844,0.029249781,0.023041085,0.053854689,0.084521716,0.673895884,4605650,5703000
3527,1,500,10,3306,2862,444,52390433.918728455901146,12062372,0.005899724,8.46526E-05,0.002004779,0.001454766,0.000772128,0.98978395,4612844.395,5705171.137
3528,1,500,10,2008,1673,335,22293141.535704512149096,12062196,0,0,0,0,0,1.000000000000000,4610448.055,5698791.516
3529,1,500,10,5190,2404,2785,15717753.916767826303840,12062124,0.042248158,0.006878146,0.013337715,0.068597667,0.020620807,0.848317506,4605008.02,5706855.153
3530,1,500,10,1053,924,129,12711243.586082890629768,12062336,0.023804539,0.000549762,0.000947227,0.003374155,0.006859396,0.964464921,4607158.414,5697466.694
3531,1,500,10,5255,3545,1709,17794773.681014213711023,12066176,0,0,0,0,0,1.000000000000000,4620885.353,5705600.183
3532,1,500,10,640,406,234,16542086.439613457769156,12062464,0.002946763,0.000636828,0.000264978,0.004759192,0.002017128,0.989375112,4617423.115,5701801.424
3533,1,500,10,834,756,78,8990703.291128603741527,12066316,0.026644777,0.001218753,0.008140674,0.006272937,0.008990321,0.948732537,4620642.294,5702248.719
3534,1,500,10,2193,1866,327,3189795.320584428030998,12066296,0.153859168,0.003741886,0.004655138,0.01535576,0.02910709,0.793280957,4628031.927,5706000.809
3535,1,500,10,3679,2786,893,2560000.000000000000000,12066296,0.147848828,0.034218927,0.009395137,0.112659493,0.088171442,0.607706174,4629650,5706200
3536,1,500,10,745,709,36,15158435.146888911724091,12066168,0,0,0,0,0,1.000000000000000,4625737.983,5696649.265
3537,1,500,10,909,809,100,11069548.738363318145275,12066188,0.025414147,0.000551411,0.003788193,0.006823745,0.029297956,0.934124548,4620952.799,5697946.948
3538,1,500,10,1598,1348,250,14234402.490711566060781,12066104,0.032626272,0.00524196,0.01038885,0.007816435,0.010735719,0.933190765,4619583.288,5695994
3539,1,500,10,1641,1389,252,20158760.006656855344772,12062208,0,0,0,0.000716069,0.000711222,0.998572709,4616204.404,5696674.564
3540,1,500,10,915,735,180,20844817.313737146556377,12066064,0.020486497,0.00072293,0.003298227,0.001467314,0.00855698,0.965468052,4623441.234,5701199.502
3541,1,500,10,4045,3167,878,7128225.378562649711967,12066240,0.088184291,0.008211291,0.008388764,0.04183875,0.044962,0.808414903,4623099.947,5695337.586
3542,1,500,10,1592,1187,405,20309960.951598931103945,12062232,0.021336798,0.00035009,0.004831119,0.012288715,0.008453062,0.952740215,4613397.42,5697466.564
3543,1,500,10,957,876,81,32801837.889244958758354,12066124,0.007500181,0.000143839,0.001684495,0.00059796,0.002261992,0.987811532,4631483.644,5697813.186
3544,1,500,10,1121,996,125,15686078.549163708463311,12066132,0.028455007,0.0006202,0.006243101,0.002755065,0.008956442,0.952970186,4639330.794,5701462.086
3545,1,500,10,541,527,13,13430020.531913992017508,12066116,0.022485425,0.000378211,0.001926489,0.000583156,0.016004156,0.958622563,4638834.614,5697827.92
3546,1,500,10,634,570,64,16762826.799251122400165,12066120,0.016030611,0.001427974,0.000959347,0.003940902,0.006960777,0.970680388,4634701.194,5700686.59
3547,1,500,10,4123,3304,819,37071942.052932336926460,12066272,0.002327821,0,0.00074615,0.005332713,0.001031318,0.990561998,4628384.566,5702251.647
3548,1,500,10,4762,1892,2869,25709462.731868259608746,12066304,0.036743157,0.000650182,0.008199008,0.01379702,0.018803239,0.921807393,4639506.174,5704701.39
3549,1,500,10,1676,1347,329,38654350.613669402897358,12071057,0.019571144,0.000350803,0.008460599,0.006956612,0.010313067,0.954347774,4658061.916,5728457.843
3550,1,500,10,682,551,131,21399400.529264349490404,12071185,0.001699417,0,0.000113991,0.000150822,0,0.99803577,4672944.812,5724813.829
3551,1,500,10,1423,1029,394,13275317.173503428697586,12071392,0.008534327,0,0,0.005792632,0.006555893,0.979117147,4681140.028,5719747.98
3552,1,500,10,2233,1940,293,82480639.836726859211922,12071294,0.004627169,0.000287686,0.000388574,0.000541238,0.002884958,0.991270375,4684625.782,5725792.229
3553,1,500,10,3548,3120,428,5916951.457689477130771,12071044,0.144764279,0.01364701,0.008699681,0.055912915,0.038459346,0.738516768,4680047.153,5723898.508
3554,1,500,10,2068,1829,238,9921081.653576200827956,12071044,0.046143403,0.012919508,0.001785259,0.021207029,0.019962357,0.897982446,4681318.259,5722200.544
3555,1,500,10,4609,2713,1896,47651873.075885243713856,12071372,0.002842439,0.000208182,0.000220887,0.003681997,0.002575182,0.990471313,4666346.282,5722283.53
3556,1,500,10,2918,2381,536,2560000.000000000000000,12071372,0.331892647,0.009965118,0.010534482,0.050121382,0.10043261,0.497053761,4663250,5717400
3557,1,500,10,1012,385,626,640000.000000000000000,12071372,0.25190197,0.054324871,0.043714132,0.269472987,0.076052367,0.304533673,4664450,5717800
3558,1,500,10,2085,1469,616,640000.000000000000000,12071372,0.160257475,0.05462764,0.062626498,0.04756906,0.155510095,0.519409232,4665250,5717800
3559,1,500,10,3470,3128,342,640000.000000000000000,12071372,0.308176856,0.097009586,0.01118994,0.119959173,0.182227652,0.281436793,4664450,5717000
3560,1,500,10,1118,911,207,640000.000000000000000,12071372,0.142276244,0.022570009,0.015107794,0.064255722,0.07152325,0.684266981,4665250,5717000
3561,1,500,10,5249,3684,1564,16757743.433539805933833,12071372,0.044394874,0.002927438,0.001098612,0.063488573,0.011101443,0.876989059,4667242.061,5717179.028
3562,1,500,10,4835,1504,3330,74205156.199783250689507,12071372,0.00167874,5.28266E-05,0.000345545,0.001773667,0.001193205,0.994956017,4659612.152,5719161.937
3563,1,500,10,3352,2583,769,2560000.000000000000000,12071372,0.176764673,0.044150154,0.012917495,0.018269164,0.04151791,0.706380604,4664850,5715800
3564,1,500,10,3704,356,3347,4885179.560544486157596,12071372,0.023382391,0.000650394,0.000108708,0.258315141,0.005921279,0.711622087,4663238.245,5713474.046
3565,1,500,10,2261,1315,946,2335473.812665175180882,12071372,0.029373482,0.051412047,0,0.234666266,0.026132704,0.658415501,4664814.557,5714269.341
3566,1,500,10,3768,3277,490,37225090.294880948960781,12071408,0,0,0,0.000132048,0,0.999867952,4653550.406,5716173.06
3567,1,500,10,3672,1848,1824,5622149.311060354113579,12071372,0.084624239,0.004927846,0.016888934,0.091708889,0.02996349,0.771886601,4661054.149,5712456.413
3568,1,500,10,383,363,20,28739067.641239549964666,12071189,0.002258798,0,0,0.001915572,0,0.995825631,4684537.027,5719518.804
3569,1,500,10,3355,3204,151,35460118.093637607991695,12071074,0.001162338,0,0.000147285,0,0.000548065,0.998142312,4675496.119,5721722.701
3570,1,500,10,4664,4295,369,19690319.223472595214844,12071372,0.018327359,0.001026995,0.000722951,0.006504402,0.003853613,0.96956468,4671611.992,5717811.084
3571,1,500,10,1733,1709,23,2323480.413142665755004,12071372,0.04400919,0.000319058,0.000730873,0.000541529,0.016464016,0.937935334,4675883.981,5717808.014
663,1,500,10,870,773,96,7959.110160261138844,12065144,5.45775E-08,0,0,0,0,0.999999945,4584898.168,5834261.226