id,zone,type,hhID,bedrooms,quality,monthlyCost,yearBuilt,coordX,coordY
1,3131,SFD,1,1,1,500,1995,783177.13,5840865.61
2,2764,SFD,2,1,1,500,1995,791980.71,5840472.11
3,749,SFD,3,1,1,500,1995,762604.23,5834912.54
4,3385,SFD,4,1,1,500,1995,771743.2,5814854.08
5,3471,SFD,5,1,1,500,1995,775971.3,5813539.11
6,26,SFD,6,1,1,500,1995,796376.46,5856902.6
7,506,SFD,7,1,1,500,1995,817416.64,5828815.7
8,2419,SFD,8,1,1,500,1995,786316.73,5814490.07
9,2520,SFD,9,1,1,500,1995,775409.31,5813218.77
10,2594,SFD,10,1,1,500,1995,764356.23,5836362.04
11,683,SFD,11,1,1,500,1995,783655.38,5841611.98
12,1503,SFD,12,1,1,500,1995,820272.89,5834066.7
13,3277,SFD,13,1,1,500,1995,806333.03,5846086.51
14,1793,SFD,14,1,1,500,1995,830119.43,5801891.6
15,2977,SFD,15,1,1,500,1995,807592.92,5836353.36
16,1033,SFD,16,1,1,500,1995,792195.54,5815274.96
17,1457,SFD,17,1,1,500,1995,808037.12,5855370.41
18,671,SFD,18,1,1,500,1995,814701.93,5808531.97
19,1744,SFD,19,1,1,500,1995,786850.68,5812530.67
20,710,SFD,20,1,1,500,1995,779686.59,5813518.09
21,3401,SFD,21,1,1,500,1995,785799.11,5852071.93
22,1864,SFD,22,1,1,500,1995,784283.24,5837657.65
23,1227,SFD,23,1,1,500,1995,770536.24,5834661.61
24,1914,SFD,24,1,1,500,1995,809873.84,5813639.51
25,1744,SFD,25,1,1,500,1995,767247.34,5811637.28
26,1242,SFD,26,1,1,500,1995,778969.98,5809449.22
27,2031,SFD,27,1,1,500,1995,802213.24,5815522.99
28,459,SFD,28,1,1,500,1995,787744.16,5803613.04
29,1888,SFD,29,1,1,500,1995,820017.14,5841936.22
30,3247,SFD,30,1,1,500,1995,769240.82,5849555.44
31,1231,SFD,31,1,1,500,1995,790358.75,5844392.01
32,1757,SFD,32,1,1,500,1995,806906.05,5843880.79
33,1431,SFD,33,1,1,500,1995,799102.18,5845800.11
34,1586,SFD,34,1,1,500,1995,809985.82,5803035.57
35,718,SFD,35,1,1,500,1995,781390.36,5812273.0
36,2728,SFD,36,1,1,500,1995,778806.69,5795986.71
37,713,SFD,37,1,1,500,1995,783285.33,5792468.86
38,594,SFD,38,1,1,500,1995,778311.02,5820161.49
39,3214,SFD,39,1,1,500,1995,787530.17,5800697.82
40,665,SFD,40,1,1,500,1995,776237.27,5813688.3
41,2380,SFD,41,1,1,500,1995,815117.87,5812743.73
42,566,SFD,42,1,1,500,1995,803964.95,5776048.8
43,1324,SFD,43,1,1,500,1995,795712.34,5857388.53
44,2738,SFD,44,1,1,500,1995,774413.62,5799761.74
45,3476,SFD,45,1,1,500,1995,799306.19,5856662.63
46,2535,SFD,46,1,1,500,1995,770388.45,5808831.89
47,308,SFD,47,1,1,500,1995,761080.97,5820886.92
48,2936,SFD,48,1,1,500,1995,778667.86,5820912.06
49,658,SFD,49,1,1,500,1995,792078.59,5812970.46
50,2944,SFD,50,1,1,500,1995,788496.7,5814791.04
51,2694,SFD,51,1,1,500,1995,811001.28,5845554.99
52,2941,SFD,52,1,1,500,1995,781908.27,5846551.29
53,59,SFD,53,1,1,500,1995,783125.56,5845586.32
54,3257,SFD,54,1,1,500,1995,760805.75,5820767.86
55,661,SFD,55,1,1,500,1995,766498.37,5822767.13
56,911,SFD,56,1,1,500,1995,820142.17,5828595.22
57,3214,SFD,57,1,1,500,1995,763283.27,5815465.8
58,3060,SFD,58,1,1,500,1995,801031.2,5788756.78
59,1262,SFD,59,1,1,500,1995,789255.88,5844988.57
60,4,SFD,60,1,1,500,1995,813878.95,5812787.91
61,1898,SFD,61,1,1,500,1995,819245.37,5814332.21
62,2820,SFD,62,1,1,500,1995,820413.94,5823500.3
63,2553,SFD,63,1,1,500,1995,813210.47,5801920.24
64,1102,SFD,64,1,1,500,1995,791745.49,5839841.93
65,2095,SFD,65,1,1,500,1995,796507.94,5842016.98
66,1795,SFD,66,1,1,500,1995,802054.29,5791675.65
67,1799,SFD,67,1,1,500,1995,786213.05,5856533.44
68,1720,SFD,68,1,1,500,1995,824308.09,5825106.41
69,3276,SFD,69,1,1,500,1995,771847.21,5807425.38
70,1000,SFD,70,1,1,500,1995,773572.97,5798915.13
71,2391,SFD,71,1,1,500,1995,774462.34,5815068.85
72,2,SFD,72,1,1,500,1995,774960.64,5803083.7
73,1454,SFD,73,1,1,500,1995,784540.56,5840926.83
74,2430,SFD,74,1,1,500,1995,791688.88,5813050.25
75,2074,SFD,75,1,1,500,1995,788117.74,5812991.68
76,734,SFD,76,1,1,500,1995,777274.85,5830724.83
77,1987,SFD,77,1,1,500,1995,762082.68,5830055.81
78,1961,SFD,78,1,1,500,1995,791215.98,5812308.86
79,3126,SFD,79,1,1,500,1995,778771.64,5820246.23
80,2094,SFD,80,1,1,500,1995,829581.44,5828867.25
81,2201,SFD,81,1,1,500,1995,774941.83,5829389.41
82,2095,SFD,82,1,1,500,1995,768477.62,5820973.32
83,1904,SFD,83,1,1,500,1995,824057.91,5828731.73
84,2143,SFD,84,1,1,500,1995,786243.68,5839476.03
85,3308,SFD,85,1,1,500,1995,753695.26,5857910.56
86,2594,SFD,86,1,1,500,1995,784165.57,5837309.67
87,2110,SFD,87,1,1,500,1995,776543.04,5792790.97
88,2245,SFD,88,1,1,500,1995,778747.28,5831803.11
89,2399,SFD,89,1,1,500,1995,780936.77,5852373.23
90,1480,SFD,90,1,1,500,1995,769625.91,5813361.29
91,2248,SFD,91,1,1,500,1995,783343.1,5849840.54
92,2197,SFD,92,1,1,500,1995,771581.62,5821210.63
93,424,SFD,93,1,1,500,1995,787656.81,5814441.89
94,796,SFD,94,1,1,500,1995,775965.93,5813414.14
95,760,SFD,95,1,1,500,1995,794603.12,5795888.24
96,3324,SFD,96,1,1,500,1995,751195.06,5830360.82
97,2230,SFD,97,1,1,500,1995,807501.93,5844421.71
98,2977,SFD,98,1,1,500,1995,771733.9,5800556.35
99,2977,SFD,99,1,1,500,1995,774967.97,5812522.19
100,829,SFD,100,1,1,500,1995,773754.9,5839435.43
101,871,SFD,101,1,1,500,1995,824119.14,5831470.29
102,1141,SFD,102,1,1,500,1995,776242.06,5805613.91
103,3033,SFD,103,1,1,500,1995,820132.83,5841857.54
104,30,SFD,104,1,1,500,1995,787017.48,5811393.57
105,3484,SFD,105,1,1,500,1995,771578.83,5805635.05
106,1412,SFD,106,1,1,500,1995,820591.43,5815532.18
107,210,SFD,107,1,1,500,1995,819222.99,5823528.81
108,2747,SFD,108,1,1,500,1995,777763.88,5810343.23
109,776,SFD,109,1,1,500,1995,818127.85,5824255.65
110,1023,SFD,110,1,1,500,1995,742689.56,5820669.99
111,2847,SFD,111,1,1,500,1995,791114.62,5814172.3
112,2605,SFD,112,1,1,500,1995,783048.94,5849219.64
113,1598,SFD,113,1,1,500,1995,765653.27,5798990.24
114,1452,SFD,114,1,1,500,1995,801430.85,5803099.56
115,2532,SFD,115,1,1,500,1995,817305.34,5826223.18
116,671,SFD,116,1,1,500,1995,789952.99,5802397.62
117,807,SFD,117,1,1,500,1995,793210.45,5813982.01
118,3296,SFD,118,1,1,500,1995,809934.94,5810983.0
119,1607,SFD,119,1,1,500,1995,811165.57,5834568.7
120,2180,SFD,120,1,1,500,1995,820630.5,5843119.2
121,2247,SFD,121,1,1,500,1995,819741.58,5823580.89
122,2729,SFD,122,1,1,500,1995,793985.74,5799785.46
123,2459,SFD,123,1,1,500,1995,782492.2,5846852.43
124,2824,SFD,124,1,1,500,1995,819369.69,5828612.35
125,1153,SFD,125,1,1,500,1995,820841.52,5823680.56
126,833,SFD,126,1,1,500,1995,777447.08,5800606.1
127,323,SFD,127,1,1,500,1995,784178.67,5840648.05
128,3424,SFD,128,1,1,500,1995,788852.44,5843510.49
129,3434,SFD,129,1,1,500,1995,819410.84,5828719.57
130,903,SFD,130,1,1,500,1995,812997.41,5795032.43
131,1353,SFD,131,1,1,500,1995,814603.87,5807751.25
132,1673,SFD,132,1,1,500,1995,787258.03,5853703.88
133,739,SFD,133,1,1,500,1995,775664.36,5831731.82
134,433,SFD,134,1,1,500,1995,776947.87,5830747.4
135,1673,SFD,135,1,1,500,1995,802708.25,5801457.43
136,3169,SFD,136,1,1,500,1995,786021.23,5850041.35
137,26,SFD,137,1,1,500,1995,786202.18,5778073.52
138,1943,SFD,138,1,1,500,1995,777527.2,5830582.39
139,2128,SFD,139,1,1,500,1995,808515.36,5844012.79
140,934,SFD,140,1,1,500,1995,777523.78,5811172.43
141,874,SFD,141,1,1,500,1995,725871.91,5828297.51
142,3028,SFD,142,1,1,500,1995,801526.71,5854029.3
143,222,SFD,143,1,1,500,1995,782868.43,5850335.77
144,924,SFD,144,1,1,500,1995,792517.76,5840697.53
145,2405,SFD,145,1,1,500,1995,773835.51,5832081.03
146,1304,SFD,146,1,1,500,1995,769517.22,5862541.76
147,1779,SFD,147,1,1,500,1995,786790.57,5853886.85
148,2094,SFD,148,1,1,500,1995,771813.22,5815683.67
149,3448,SFD,149,1,1,500,1995,822376.03,5831986.1
150,1242,SFD,150,1,1,500,1995,818812.24,5830137.62
151,131,SFD,151,1,1,500,1995,831741.33,5823127.32
152,1536,SFD,152,1,1,500,1995,815314.06,5806271.0
153,2022,SFD,153,1,1,500,1995,766563.07,5828874.39
154,256,SFD,154,1,1,500,1995,799498.61,5807983.72
155,1482,SFD,155,1,1,500,1995,803810.36,5794507.69
156,1800,SFD,156,1,1,500,1995,752374.69,5826510.3
157,1601,SFD,157,1,1,500,1995,821791.97,5828427.56
158,2652,SFD,158,1,1,500,1995,844217.69,5814679.4
159,343,SFD,159,1,1,500,1995,850717.05,5812629.96
160,942,SFD,160,1,1,500,1995,776064.22,5813750.08
161,3285,SFD,161,1,1,500,1995,801865.38,5790818.46
162,3497,SFD,162,1,1,500,1995,790420.93,5814207.66
163,1741,SFD,163,1,1,500,1995,791747.79,5843339.24
164,2611,SFD,164,1,1,500,1995,807822.67,5814610.67
165,1066,SFD,165,1,1,500,1995,814484.12,5809938.32
166,2071,SFD,166,1,1,500,1995,771330.42,5806474.29
167,3031,SFD,167,1,1,500,1995,774664.84,5812757.41
168,1030,SFD,168,1,1,500,1995,834438.07,5858364.42
169,1030,SFD,169,1,1,500,1995,823284.36,5828120.88
170,1292,SFD,170,1,1,500,1995,801110.88,5809206.7
171,325,SFD,171,1,1,500,1995,789938.2,5811662.67
172,2935,SFD,172,1,1,500,1995,784258.95,5837577.5
173,1742,SFD,173,1,1,500,1995,747557.41,5808781.4
174,2809,SFD,174,1,1,500,1995,871002.1,5802492.17
175,1507,SFD,175,1,1,500,1995,781091.59,5852441.33
176,2382,SFD,176,1,1,500,1995,766043.78,5816311.04
177,713,SFD,177,1,1,500,1995,817184.79,5826027.5
178,997,SFD,178,1,1,500,1995,784402.16,5839468.76
179,430,SFD,179,1,1,500,1995,777606.73,5810936.17
180,3343,SFD,180,1,1,500,1995,796196.51,5844282.25
181,47,SFD,181,1,1,500,1995,792098.98,5843876.31
182,590,SFD,182,1,1,500,1995,786314.64,5853633.98
183,211,SFD,183,1,1,500,1995,822357.23,5818256.49
184,2000,SFD,184,1,1,500,1995,778423.08,5809057.77
185,275,SFD,185,1,1,500,1995,780254.64,5832258.87
186,1786,SFD,186,1,1,500,1995,769555.97,5825798.29
187,1037,SFD,187,1,1,500,1995,809370.4,5835330.09
188,2746,SFD,188,1,1,500,1995,758586.2,5877497.14
189,2993,SFD,189,1,1,500,1995,789926.73,5814262.41
190,832,SFD,190,1,1,500,1995,768818.72,5807768.29
191,3399,SFD,191,1,1,500,1995,780733.56,5810686.97
192,3294,SFD,192,1,1,500,1995,780270.04,5831388.81
193,867,SFD,193,1,1,500,1995,809835.17,5799388.71
194,3479,SFD,194,1,1,500,1995,788555.26,5848602.01
195,267,SFD,195,1,1,500,1995,758969.59,5826792.85
196,1380,SFD,196,1,1,500,1995,807251.39,5844091.79
197,2190,SFD,197,1,1,500,1995,806841.7,5842862.74
198,3444,SFD,198,1,1,500,1995,791119.64,5812376.19
199,3294,SFD,199,1,1,500,1995,813153.86,5794189.95
200,1875,SFD,200,1,1,500,1995,777276.5,5840472.41
201,1710,SFD,201,1,1,500,1995,791527.27,5855853.93
202,169,SFD,202,1,1,500,1995,738887.28,5812510.58
203,3379,SFD,203,1,1,500,1995,739256.02,5808908.86
204,2189,SFD,204,1,1,500,1995,766193.45,5809050.14
205,2770,SFD,205,1,1,500,1995,773933.7,5830198.9
206,378,SFD,206,1,1,500,1995,868441.43,5746212.27
207,1623,SFD,207,1,1,500,1995,810739.88,5836638.55
208,1992,SFD,208,1,1,500,1995,795845.01,5840379.87
209,655,SFD,209,1,1,500,1995,757141.35,5842137.19
210,1281,SFD,210,1,1,500,1995,771229.83,5815811.26
211,151,SFD,211,1,1,500,1995,801219.64,5802233.3
212,694,SFD,212,1,1,500,1995,791586.68,5844961.48
213,1989,SFD,213,1,1,500,1995,824489.2,5866430.8
214,949,SFD,214,1,1,500,1995,788440.51,5848667.33
215,2395,SFD,215,1,1,500,1995,767869.89,5843511.99
216,806,SFD,216,1,1,500,1995,816732.37,5801725.03
217,2360,SFD,217,1,1,500,1995,813878.72,5853839.37
218,2232,SFD,218,1,1,500,1995,801414.45,5809735.51
219,3184,SFD,219,1,1,500,1995,786303.65,5854019.07
220,324,SFD,220,1,1,500,1995,760313.23,5812759.4
221,2176,SFD,221,1,1,500,1995,818568.53,5827524.78
222,682,SFD,222,1,1,500,1995,815204.45,5810098.79
223,1512,SFD,223,1,1,500,1995,791747.01,5840108.09
224,344,SFD,224,1,1,500,1995,773298.07,5807498.63
225,1174,SFD,225,1,1,500,1995,810215.96,5846065.5
226,3054,SFD,226,1,1,500,1995,773951.2,5812087.25
227,1917,SFD,227,1,1,500,1995,814853.53,5806763.96
228,3494,SFD,228,1,1,500,1995,796109.69,5843556.18
229,1175,SFD,229,1,1,500,1995,777816.06,5810078.76
230,2988,SFD,230,1,1,500,1995,815137.2,5807165.77
231,3406,SFD,231,1,1,500,1995,771577.44,5795027.63
232,3418,SFD,232,1,1,500,1995,770232.98,5773825.57
233,1119,SFD,233,1,1,500,1995,776484.87,5813747.54
234,3348,SFD,234,1,1,500,1995,773675.27,5832089.74
235,1267,SFD,235,1,1,500,1995,788799.94,5844241.89
236,2160,SFD,236,1,1,500,1995,800394.4,5807973.15
237,588,SFD,237,1,1,500,1995,824087.95,5823690.71
238,2011,SFD,238,1,1,500,1995,823925.82,5864338.24
239,554,SFD,239,1,1,500,1995,805871.87,5844816.22
240,2291,SFD,240,1,1,500,1995,789148.73,5847765.4
241,3387,SFD,241,1,1,500,1995,789599.59,5870510.68
242,3487,SFD,242,1,1,500,1995,820293.03,5825039.04
243,2932,SFD,243,1,1,500,1995,739619.47,5815548.42
244,3231,SFD,244,1,1,500,1995,786559.16,5873394.55
245,1589,SFD,245,1,1,500,1995,789362.78,5803862.19
246,1422,SFD,246,1,1,500,1995,771953.58,5800435.79
247,2642,SFD,247,1,1,500,1995,771574.63,5813506.33
248,2892,SFD,248,1,1,500,1995,814943.47,5812209.6
249,231,SFD,249,1,1,500,1995,818343.71,5827973.72
250,676,SFD,250,1,1,500,1995,778849.51,5806488.36
251,1694,SFD,251,1,1,500,1995,780699.86,5768012.05
252,1746,SFD,252,1,1,500,1995,808614.36,5837330.77
253,2382,SFD,253,1,1,500,1995,818726.93,5830309.94
254,1426,SFD,254,1,1,500,1995,793335.71,5843115.06
255,1254,SFD,255,1,1,500,1995,786047.56,5815292.69
256,96,SFD,256,1,1,500,1995,826933.18,5823893.0
257,3460,SFD,257,1,1,500,1995,822185.49,5830229.66
258,2460,SFD,258,1,1,500,1995,813116.58,5792399.61
259,1316,SFD,259,1,1,500,1995,803297.66,5797230.44
260,132,SFD,260,1,1,500,1995,822981.25,5830846.05
261,1859,SFD,261,1,1,500,1995,786371.83,5852403.96
262,10,SFD,262,1,1,500,1995,816113.97,5797227.93
263,3261,SFD,263,1,1,500,1995,820974.22,5870614.59
264,3317,SFD,264,1,1,500,1995,782100.33,5811605.98
265,1565,SFD,265,1,1,500,1995,813448.05,5839129.27
266,348,SFD,266,1,1,500,1995,791110.86,5813301.46
267,3066,SFD,267,1,1,500,1995,775399.95,5813505.05
268,1108,SFD,268,1,1,500,1995,814830.18,5830667.48
269,2600,SFD,269,1,1,500,1995,780552.25,5836317.34
270,2207,SFD,270,1,1,500,1995,795854.09,5843894.64
271,2295,SFD,271,1,1,500,1995,816405.19,5830146.88
272,1341,SFD,272,1,1,500,1995,780682.04,5811486.23
273,789,SFD,273,1,1,500,1995,798951.45,5796136.57
274,2532,SFD,274,1,1,500,1995,824262.08,5830161.72
275,1011,SFD,275,1,1,500,1995,813524.93,5856127.14
276,2160,SFD,276,1,1,500,1995,813064.99,5793563.35
277,3187,SFD,277,1,1,500,1995,775096.99,5818582.5
278,307,SFD,278,1,1,500,1995,823111.82,5821614.96
279,2644,SFD,279,1,1,500,1995,791556.81,5840507.08
280,3343,SFD,280,1,1,500,1995,824348.72,5814410.86
281,2568,SFD,281,1,1,500,1995,799913.45,5809417.96
282,2400,SFD,282,1,1,500,1995,817830.37,5827753.84
283,2453,SFD,283,1,1,500,1995,818731.5,5823811.89
284,2638,SFD,284,1,1,500,1995,793225.01,5809430.38
285,911,SFD,285,1,1,500,1995,780564.98,5811224.22
286,3367,SFD,286,1,1,500,1995,814266.57,5832378.59
287,2320,SFD,287,1,1,500,1995,761818.07,5796184.57
288,1289,SFD,288,1,1,500,1995,799448.35,5810155.14
289,1726,SFD,289,1,1,500,1995,806135.02,5844049.77
290,91,SFD,290,1,1,500,1995,783669.85,5855259.98
291,2941,SFD,291,1,1,500,1995,775396.19,5818036.71
292,19,SFD,292,1,1,500,1995,777229.3,5814648.39
293,620,SFD,293,1,1,500,1995,778989.14,5831332.66
294,3383,SFD,294,1,1,500,1995,823567.42,5801693.2
295,3008,SFD,295,1,1,500,1995,776169.55,5832450.02
296,1538,SFD,296,1,1,500,1995,764668.15,5809707.11
297,2964,SFD,297,1,1,500,1995,846797.27,5830307.7
298,76,SFD,298,1,1,500,1995,811647.33,5847385.74
299,242,SFD,299,1,1,500,1995,735683.44,5820408.32
300,2494,SFD,300,1,1,500,1995,814982.5,5809927.05
301,1048,SFD,301,1,1,500,1995,802643.33,5801645.67
302,190,SFD,302,1,1,500,1995,783274.93,5840619.45
303,1635,SFD,303,1,1,500,1995,783385.76,5848541.92
304,2167,SFD,304,1,1,500,1995,772355.83,5858099.1
305,1961,SFD,305,1,1,500,1995,756778.13,5821441.54
306,2570,SFD,306,1,1,500,1995,793457.59,5811124.27
307,2914,SFD,307,1,1,500,1995,774617.17,5803474.73
308,1134,SFD,308,1,1,500,1995,777530.08,5849166.7
309,2867,SFD,309,1,1,500,1995,823870.49,5816971.56
310,1353,SFD,310,1,1,500,1995,780785.43,5842572.2
311,66,SFD,311,1,1,500,1995,770121.83,5833500.07
312,2439,SFD,312,1,1,500,1995,809394.36,5800284.93
313,485,SFD,313,1,1,500,1995,818810.03,5824647.66
314,175,SFD,314,1,1,500,1995,775200.89,5813642.15
315,1744,SFD,315,1,1,500,1995,802525.61,5802033.53
316,695,SFD,316,1,1,500,1995,786473.63,5801532.71
317,956,SFD,317,1,1,500,1995,799745.37,5846229.02
318,2614,SFD,318,1,1,500,1995,787651.11,5804028.55
319,2106,SFD,319,1,1,500,1995,782906.7,5845471.29
320,2801,SFD,320,1,1,500,1995,805282.55,5857112.65
321,3388,SFD,321,1,1,500,1995,778597.2,5813005.51
322,3006,SFD,322,1,1,500,1995,814493.24,5804366.55
323,1995,SFD,323,1,1,500,1995,810830.73,5834022.06
324,1010,SFD,324,1,1,500,1995,816874.97,5804525.07
325,1689,SFD,325,1,1,500,1995,871131.59,5753542.59
326,1519,SFD,326,1,1,500,1995,805900.07,5846198.08
327,130,SFD,327,1,1,500,1995,806189.49,5837508.91
328,782,SFD,328,1,1,500,1995,819529.07,5822425.71
329,3487,SFD,329,1,1,500,1995,775184.62,5815743.8
330,803,SFD,330,1,1,500,1995,789095.61,5813706.91
331,2249,SFD,331,1,1,500,1995,818013.47,5802114.31
332,2094,SFD,332,1,1,500,1995,767266.08,5810667.25
333,1242,SFD,333,1,1,500,1995,789678.26,5844672.72
334,1638,SFD,334,1,1,500,1995,812679.7,5809126.64
335,1537,SFD,335,1,1,500,1995,783910.3,5805769.54
336,197,SFD,336,1,1,500,1995,789690.3,5844559.16
337,858,SFD,337,1,1,500,1995,777646.3,5812834.21
338,2454,SFD,338,1,1,500,1995,814836.31,5807633.43
339,2772,SFD,339,1,1,500,1995,791161.0,5802032.28
340,3387,SFD,340,1,1,500,1995,773115.08,5820883.7
341,610,SFD,341,1,1,500,1995,799024.81,5803428.99
342,3295,SFD,342,1,1,500,1995,823651.7,5821813.89
343,508,SFD,343,1,1,500,1995,793096.34,5840769.75
344,2057,SFD,344,1,1,500,1995,812320.06,5846488.86
345,12,SFD,345,1,1,500,1995,801763.66,5853443.18
346,1989,SFD,346,1,1,500,1995,771755.82,5815533.03
347,843,SFD,347,1,1,500,1995,779085.5,5821868.92
348,1314,SFD,348,1,1,500,1995,789007.01,5845222.54
349,1960,SFD,349,1,1,500,1995,798527.83,5798564.01
350,2019,SFD,350,1,1,500,1995,818159.96,5828487.41
351,1225,SFD,351,1,1,500,1995,804610.72,5792662.09
352,558,SFD,352,1,1,500,1995,790124.46,5802487.84
353,1242,SFD,353,1,1,500,1995,814982.15,5807729.34
354,957,SFD,354,1,1,500,1995,796870.95,5850339.53
355,861,SFD,355,1,1,500,1995,772118.79,5813658.44
356,2330,SFD,356,1,1,500,1995,820558.33,5842318.01
357,2707,SFD,357,1,1,500,1995,791763.71,5840443.06
358,713,SFD,358,1,1,500,1995,779672.22,5811907.01
359,2508,SFD,359,1,1,500,1995,774755.89,5798204.47
360,3233,SFD,360,1,1,500,1995,807566.38,5843822.18
361,924,SFD,361,1,1,500,1995,784288.32,5840113.92
362,78,SFD,362,1,1,500,1995,785907.78,5850913.38
363,3181,SFD,363,1,1,500,1995,741458.89,5812513.27
364,3303,SFD,364,1,1,500,1995,753877.42,5804900.07
365,2357,SFD,365,1,1,500,1995,807804.81,5845432.51
366,165,SFD,366,1,1,500,1995,808300.88,5815161.84
367,766,SFD,367,1,1,500,1995,766661.35,5827616.58
368,2727,SFD,368,1,1,500,1995,787154.09,5801762.05
369,97,SFD,369,1,1,500,1995,741512.82,5807716.93
370,1381,SFD,370,1,1,500,1995,821634.63,5828597.03
371,2396,SFD,371,1,1,500,1995,815893.43,5808510.79
372,2742,SFD,372,1,1,500,1995,776229.22,5814404.95
373,2219,SFD,373,1,1,500,1995,813879.09,5824979.21
374,2082,SFD,374,1,1,500,1995,788468.19,5844811.22
375,1353,SFD,375,1,1,500,1995,827269.61,5833505.54
376,3367,SFD,376,1,1,500,1995,777970.64,5830369.87
377,1530,SFD,377,1,1,500,1995,802423.61,5854821.32
378,395,SFD,378,1,1,500,1995,783166.6,5840701.82
379,166,SFD,379,1,1,500,1995,761496.63,5796275.13
380,589,SFD,380,1,1,500,1995,789332.19,5858887.47
381,303,SFD,381,1,1,500,1995,822551.1,5831639.54
382,2493,SFD,382,1,1,500,1995,807302.35,5808634.04
383,1453,SFD,383,1,1,500,1995,813633.83,5832772.87
384,446,SFD,384,1,1,500,1995,793272.01,5812378.16
385,2303,SFD,385,1,1,500,1995,776375.91,5815281.34
386,388,SFD,386,1,1,500,1995,794478.91,5802799.76
387,493,SFD,387,1,1,500,1995,809113.06,5846598.99
388,3146,SFD,388,1,1,500,1995,784455.86,5839137.63
389,3016,SFD,389,1,1,500,1995,787103.8,5853873.41
390,2922,SFD,390,1,1,500,1995,814692.68,5809721.07
391,2933,SFD,391,1,1,500,1995,781291.23,5780796.84
392,1951,SFD,392,1,1,500,1995,823522.26,5829411.17
393,3349,SFD,393,1,1,500,1995,781912.38,5809966.72
394,530,SFD,394,1,1,500,1995,823639.38,5829656.79
395,3056,SFD,395,1,1,500,1995,774049.02,5817977.15
396,1877,SFD,396,1,1,500,1995,815870.15,5800709.38
397,718,SFD,397,1,1,500,1995,780063.04,5805890.61
398,2047,SFD,398,1,1,500,1995,800150.41,5845881.03
399,93,SFD,399,1,1,500,1995,799619.92,5848777.56
400,861,SFD,400,1,1,500,1995,763998.34,5838538.18
401,2194,SFD,401,1,1,500,1995,800632.25,5808035.89
402,1578,SFD,402,1,1,500,1995,787817.76,5842282.46
403,2848,SFD,403,1,1,500,1995,788783.31,5844909.61
404,2644,SFD,404,1,1,500,1995,767450.82,5809715.12
405,2979,SFD,405,1,1,500,1995,818721.52,5828348.24
406,1834,SFD,406,1,1,500,1995,781348.01,5810589.88
407,1969,SFD,407,1,1,500,1995,777819.08,5814589.34
408,2442,SFD,408,1,1,500,1995,774409.5,5812833.23
409,1511,SFD,409,1,1,500,1995,822655.72,5814991.93
410,3043,SFD,410,1,1,500,1995,799281.99,5807861.47
411,1721,SFD,411,1,1,500,1995,875662.31,5812545.87
412,1432,SFD,412,1,1,500,1995,808218.92,5808225.66
413,3338,SFD,413,1,1,500,1995,820257.18,5841699.06
414,2689,SFD,414,1,1,500,1995,799004.34,5807804.49
415,1209,SFD,415,1,1,500,1995,844690.98,5813777.96
416,95,SFD,416,1,1,500,1995,791640.85,5812961.86
417,109,SFD,417,1,1,500,1995,799706.11,5807477.33
418,368,SFD,418,1,1,500,1995,773708.72,5815251.79
419,2114,SFD,419,1,1,500,1995,786079.13,5815334.65
420,2351,SFD,420,1,1,500,1995,813193.66,5811282.72
421,2250,SFD,421,1,1,500,1995,749802.92,5856746.79
422,349,SFD,422,1,1,500,1995,775187.6,5828761.98
423,1194,SFD,423,1,1,500,1995,791902.32,5812808.24
424,96,SFD,424,1,1,500,1995,796816.36,5851526.09
425,975,SFD,425,1,1,500,1995,803208.46,5794727.67
426,276,SFD,426,1,1,500,1995,812516.41,5803633.13
427,448,SFD,427,1,1,500,1995,787451.45,5812843.35
428,3489,SFD,428,1,1,500,1995,784361.75,5838539.21
429,135,SFD,429,1,1,500,1995,792518.98,5793471.89
430,3254,SFD,430,1,1,500,1995,819940.74,5836064.16
431,3155,SFD,431,1,1,500,1995,795069.36,5853865.06
432,1470,SFD,432,1,1,500,1995,810579.8,5843325.9
433,212,SFD,433,1,1,500,1995,763203.64,5777975.38
434,2909,SFD,434,1,1,500,1995,772432.59,5821097.24
435,787,SFD,435,1,1,500,1995,775592.74,5829843.34
436,1060,SFD,436,1,1,500,1995,774925.64,5829388.19
437,1380,SFD,437,1,1,500,1995,777026.47,5813885.5
438,2542,SFD,438,1,1,500,1995,787884.45,5812801.57
439,1405,SFD,439,1,1,500,1995,783477.73,5841116.99
440,2101,SFD,440,1,1,500,1995,824946.86,5830794.66
441,1555,SFD,441,1,1,500,1995,772773.46,5831231.46
442,1439,SFD,442,1,1,500,1995,770219.74,5795319.55
443,1892,SFD,443,1,1,500,1995,805562.76,5845389.03
444,986,SFD,444,1,1,500,1995,802602.5,5797410.49
445,395,SFD,445,1,1,500,1995,799458.95,5812000.67
446,999,SFD,446,1,1,500,1995,823513.45,5822312.85
447,1153,SFD,447,1,1,500,1995,800638.35,5808620.53
448,1702,SFD,448,1,1,500,1995,818685.49,5803062.24
449,3222,SFD,449,1,1,500,1995,779108.92,5819748.15
450,403,SFD,450,1,1,500,1995,820846.19,5815740.18
451,231,SFD,451,1,1,500,1995,792568.81,5814935.09
452,2179,SFD,452,1,1,500,1995,823998.34,5823981.19
453,2361,SFD,453,1,1,500,1995,775776.55,5819421.78
454,1319,SFD,454,1,1,500,1995,800921.1,5809236.86
455,1798,SFD,455,1,1,500,1995,781339.08,5811155.86
456,108,SFD,456,1,1,500,1995,798697.98,5798606.83
457,2365,SFD,457,1,1,500,1995,828715.88,5828095.9
458,1142,SFD,458,1,1,500,1995,762626.59,5836635.26
459,3139,SFD,459,1,1,500,1995,845614.97,5799844.51
460,126,SFD,460,1,1,500,1995,783688.15,5841623.04
461,1782,SFD,461,1,1,500,1995,806508.55,5842336.74
462,3468,SFD,462,1,1,500,1995,786644.06,5812869.93
463,1560,SFD,463,1,1,500,1995,805119.31,5843510.34
464,2260,SFD,464,1,1,500,1995,770626.56,5835295.53
465,3109,SFD,465,1,1,500,1995,791797.05,5855601.19
466,3498,SFD,466,1,1,500,1995,792197.3,5844812.74
467,3044,SFD,467,1,1,500,1995,810026.15,5846365.17
468,175,SFD,468,1,1,500,1995,774600.41,5829804.78
469,3100,SFD,469,1,1,500,1995,832521.19,5825974.43
470,2747,SFD,470,1,1,500,1995,819253.89,5823737.73
471,1345,SFD,471,1,1,500,1995,775232.14,5814001.44
472,1518,SFD,472,1,1,500,1995,775305.58,5817299.62
473,1058,SFD,473,1,1,500,1995,781306.87,5809035.39
474,117,SFD,474,1,1,500,1995,816315.78,5841486.16
475,1807,SFD,475,1,1,500,1995,771025.4,5835553.29
476,2295,SFD,476,1,1,500,1995,789298.71,5813697.12
477,2481,SFD,477,1,1,500,1995,822675.5,5819779.16
478,1566,SFD,478,1,1,500,1995,816410.04,5802396.17
479,1926,SFD,479,1,1,500,1995,802153.36,5815962.0
480,2527,SFD,480,1,1,500,1995,792179.88,5815435.6
481,2758,SFD,481,1,1,500,1995,792058.55,5812881.73
482,2599,SFD,482,1,1,500,1995,780754.54,5835439.96
483,3466,SFD,483,1,1,500,1995,837659.04,5893371.51
484,649,SFD,484,1,1,500,1995,782214.32,5795150.48
485,31,SFD,485,1,1,500,1995,779156.24,5812806.16
486,2868,SFD,486,1,1,500,1995,778906.93,5807478.98
487,1287,SFD,487,1,1,500,1995,788116.75,5803924.62
488,755,SFD,488,1,1,500,1995,775420.24,5815979.83
489,2217,SFD,489,1,1,500,1995,783977.61,5839988.33
490,3402,SFD,490,1,1,500,1995,769588.69,5832721.07
491,1991,SFD,491,1,1,500,1995,820144.08,5829017.61
492,3048,SFD,492,1,1,500,1995,785386.02,5851228.64
493,2735,SFD,493,1,1,500,1995,775755.22,5813048.4
494,2705,SFD,494,1,1,500,1995,823191.63,5822999.57
495,2214,SFD,495,1,1,500,1995,776311.31,5814065.48
496,1222,SFD,496,1,1,500,1995,816809.51,5796675.38
497,1075,SFD,497,1,1,500,1995,765350.49,5799047.28
498,1825,SFD,498,1,1,500,1995,773409.51,5802823.25
499,1517,SFD,499,1,1,500,1995,821394.05,5831728.76
500,2104,SFD,500,1,1,500,1995,778673.55,5813194.28
501,174,SFD,501,1,1,500,1995,783875.02,5840388.19
502,3177,SFD,502,1,1,500,1995,814724.49,5806745.29
503,2892,SFD,503,1,1,500,1995,776274.48,5832944.0
504,2824,SFD,504,1,1,500,1995,770959.29,5828780.57
505,2651,SFD,505,1,1,500,1995,815025.59,5830438.36
506,2971,SFD,506,1,1,500,1995,823207.06,5817887.84
507,279,SFD,507,1,1,500,1995,773699.46,5814701.6
508,3496,SFD,508,1,1,500,1995,786321.2,5851032.35
509,2805,SFD,509,1,1,500,1995,795683.77,5842756.23
510,675,SFD,510,1,1,500,1995,771528.61,5794896.71
511,1320,SFD,511,1,1,500,1995,771103.37,5813593.59
512,2234,SFD,512,1,1,500,1995,773964.26,5803468.37
513,2175,SFD,513,1,1,500,1995,887293.67,5792487.97
514,2935,SFD,514,1,1,500,1995,795751.71,5857113.64
515,2222,SFD,515,1,1,500,1995,846271.67,5853325.53
516,2958,SFD,516,1,1,500,1995,774563.07,5831692.52
517,2686,SFD,517,1,1,500,1995,823666.26,5829748.01
518,2472,SFD,518,1,1,500,1995,799290.97,5811945.69
519,89,SFD,519,1,1,500,1995,778845.0,5820338.83
520,1876,SFD,520,1,1,500,1995,823145.74,5819950.34
521,1969,SFD,521,1,1,500,1995,781718.24,5810273.3
522,2335,SFD,522,1,1,500,1995,815429.2,5828953.62
523,3226,SFD,523,1,1,500,1995,791439.15,5812878.3
524,2052,SFD,524,1,1,500,1995,772406.19,5854544.21
525,2232,SFD,525,1,1,500,1995,774542.83,5812491.38
526,3031,SFD,526,1,1,500,1995,819729.95,5813200.81
527,1168,SFD,527,1,1,500,1995,793320.19,5810337.52
528,3399,SFD,528,1,1,500,1995,783433.53,5841140.55
529,1339,SFD,529,1,1,500,1995,775908.75,5829562.34
530,1343,SFD,530,1,1,500,1995,812770.83,5811117.52
531,3165,SFD,531,1,1,500,1995,779712.21,5812900.71
532,1975,SFD,532,1,1,500,1995,792475.7,5815073.36
533,683,SFD,533,1,1,500,1995,774987.58,5803349.0
534,1231,SFD,534,1,1,500,1995,819165.73,5804044.45
535,3227,SFD,535,1,1,500,1995,811677.66,5837100.03
536,2566,SFD,536,1,1,500,1995,766794.67,5810533.89
537,1091,SFD,537,1,1,500,1995,814714.87,5855524.55
538,776,SFD,538,1,1,500,1995,743232.58,5814967.71
539,2714,SFD,539,1,1,500,1995,824903.29,5831588.78
540,3412,SFD,540,1,1,500,1995,783156.74,5851044.15
541,2601,SFD,541,1,1,500,1995,776890.95,5840038.02
542,2502,SFD,542,1,1,500,1995,774624.03,5812293.93
543,610,SFD,543,1,1,500,1995,821407.11,5827283.11
544,395,SFD,544,1,1,500,1995,818479.29,5811027.34
545,2811,SFD,545,1,1,500,1995,826029.22,5838667.23
546,1387,SFD,546,1,1,500,1995,818490.45,5827354.94
547,2675,SFD,547,1,1,500,1995,783917.33,5797606.21
548,528,SFD,548,1,1,500,1995,821811.79,5822864.7
549,2249,SFD,549,1,1,500,1995,779115.7,5813424.45
550,1326,SFD,550,1,1,500,1995,799320.48,5809938.74
551,849,SFD,551,1,1,500,1995,776504.43,5830684.6
552,3481,SFD,552,1,1,500,1995,815421.46,5810447.91
553,3314,SFD,553,1,1,500,1995,811269.77,5797896.05
554,337,SFD,554,1,1,500,1995,801760.33,5797500.18
555,3019,SFD,555,1,1,500,1995,781467.92,5810181.37
556,493,SFD,556,1,1,500,1995,787608.67,5816017.17
557,815,SFD,557,1,1,500,1995,788476.5,5846952.57
558,3088,SFD,558,1,1,500,1995,753452.51,5810818.83
559,2892,SFD,559,1,1,500,1995,822354.2,5817838.97
560,1968,SFD,560,1,1,500,1995,814401.92,5802374.27
561,1409,SFD,561,1,1,500,1995,784327.13,5840460.66
562,2470,SFD,562,1,1,500,1995,779330.89,5807983.77
563,1612,SFD,563,1,1,500,1995,788619.89,5793925.93
564,1549,SFD,564,1,1,500,1995,804834.06,5800134.32
565,338,SFD,565,1,1,500,1995,783694.81,5805686.6
566,154,SFD,566,1,1,500,1995,813407.13,5801946.15
567,89,SFD,567,1,1,500,1995,792070.82,5812849.68
568,2058,SFD,568,1,1,500,1995,829837.04,5919094.99
569,1658,SFD,569,1,1,500,1995,758071.36,5866742.64
570,2513,SFD,570,1,1,500,1995,752560.74,5801548.13
571,1065,SFD,571,1,1,500,1995,812199.34,5794124.01
572,2843,SFD,572,1,1,500,1995,814661.62,5830369.38
573,2516,SFD,573,1,1,500,1995,792015.11,5812874.82
574,390,SFD,574,1,1,500,1995,797919.51,5852096.98
575,3045,SFD,575,1,1,500,1995,746457.64,5788725.55
576,150,SFD,576,1,1,500,1995,836855.05,5907972.36
577,2515,SFD,577,1,1,500,1995,773474.86,5831695.78
578,2783,SFD,578,1,1,500,1995,822201.21,5829790.47
579,1364,SFD,579,1,1,500,1995,806593.49,5843958.83
580,1355,SFD,580,1,1,500,1995,814037.66,5810046.98
581,17,SFD,581,1,1,500,1995,769177.32,5819837.89
582,1171,SFD,582,1,1,500,1995,780047.55,5806662.6
583,351,SFD,583,1,1,500,1995,784097.89,5841304.74
584,1552,SFD,584,1,1,500,1995,815438.3,5810427.29
585,2795,SFD,585,1,1,500,1995,772292.29,5815859.56
586,1565,SFD,586,1,1,500,1995,767973.97,5802460.91
587,1957,SFD,587,1,1,500,1995,804879.99,5809994.87
588,544,SFD,588,1,1,500,1995,767250.34,5822178.21
589,1027,SFD,589,1,1,500,1995,766960.3,5808992.57
590,2084,SFD,590,1,1,500,1995,793778.19,5842563.15
591,3278,SFD,591,1,1,500,1995,806776.07,5845904.09
592,146,SFD,592,1,1,500,1995,774979.61,5815687.05
593,2216,SFD,593,1,1,500,1995,769868.26,5814080.09
594,3444,SFD,594,1,1,500,1995,786458.84,5814529.96
595,1573,SFD,595,1,1,500,1995,785931.13,5852564.45
596,2425,SFD,596,1,1,500,1995,797372.61,5791324.05
597,1263,SFD,597,1,1,500,1995,764505.42,5799530.64
598,2994,SFD,598,1,1,500,1995,773971.55,5831511.59
599,2283,SFD,599,1,1,500,1995,775757.06,5769239.58
600,590,SFD,600,1,1,500,1995,772700.78,5813878.26
601,1947,SFD,601,1,1,500,1995,781045.73,5799057.83
602,260,SFD,602,1,1,500,1995,777001.37,5814276.2
603,3044,SFD,603,1,1,500,1995,783644.88,5814047.21
604,1534,SFD,604,1,1,500,1995,767776.18,5803649.76
605,1306,SFD,605,1,1,500,1995,799637.63,5807976.17
606,2436,SFD,606,1,1,500,1995,809938.78,5813625.14
607,1436,SFD,607,1,1,500,1995,785958.13,5811877.88
608,1179,SFD,608,1,1,500,1995,791007.81,5802023.39
609,2799,SFD,609,1,1,500,1995,806984.47,5843799.28
610,1683,SFD,610,1,1,500,1995,829147.05,5819963.64
611,3307,SFD,611,1,1,500,1995,805958.06,5842195.91
612,2830,SFD,612,1,1,500,1995,810942.23,5814377.62
613,3004,SFD,613,1,1,500,1995,775433.0,5812631.1
614,2130,SFD,614,1,1,500,1995,796573.14,5774447.24
615,374,SFD,615,1,1,500,1995,768394.25,5808843.34
616,822,SFD,616,1,1,500,1995,783662.17,5803406.67
617,1974,SFD,617,1,1,500,1995,812643.05,5804513.97
618,269,SFD,618,1,1,500,1995,790586.35,5811341.3
619,2974,SFD,619,1,1,500,1995,814113.13,5812510.67
620,1876,SFD,620,1,1,500,1995,816080.06,5802885.25
621,2700,SFD,621,1,1,500,1995,787263.87,5801019.95
622,1129,SFD,622,1,1,500,1995,799422.73,5856704.65
623,1823,SFD,623,1,1,500,1995,800229.23,5807443.93
624,1263,SFD,624,1,1,500,1995,804941.63,5811674.24
625,2318,SFD,625,1,1,500,1995,787972.07,5857815.53
626,1508,SFD,626,1,1,500,1995,819775.78,5836179.79
627,3054,SFD,627,1,1,500,1995,791781.7,5846159.03
628,2291,SFD,628,1,1,500,1995,804950.26,5792153.21
629,3142,SFD,629,1,1,500,1995,775846.34,5813109.87
630,2138,SFD,630,1,1,500,1995,778139.49,5810142.57
631,3452,SFD,631,1,1,500,1995,778704.03,5813053.76
632,2339,SFD,632,1,1,500,1995,783348.98,5857490.28
633,2900,SFD,633,1,1,500,1995,790057.53,5802798.73
634,3423,SFD,634,1,1,500,1995,751233.92,5830586.26
635,2579,SFD,635,1,1,500,1995,800884.89,5853402.57
636,2944,SFD,636,1,1,500,1995,766249.49,5811636.21
637,2295,SFD,637,1,1,500,1995,802042.6,5807983.34
638,3392,SFD,638,1,1,500,1995,788394.28,5844786.1
639,760,SFD,639,1,1,500,1995,789388.14,5804044.97
640,1569,SFD,640,1,1,500,1995,809996.07,5809108.98
641,3447,SFD,641,1,1,500,1995,825481.68,5865053.34
642,2460,SFD,642,1,1,500,1995,806649.2,5845170.86
643,191,SFD,643,1,1,500,1995,775625.04,5814993.9
644,2549,SFD,644,1,1,500,1995,814878.31,5806015.29
645,1408,SFD,645,1,1,500,1995,779779.34,5768159.08
646,428,SFD,646,1,1,500,1995,767311.65,5822765.17
647,1734,SFD,647,1,1,500,1995,830856.15,5836070.28
648,1460,SFD,648,1,1,500,1995,786572.39,5781835.98
649,789,SFD,649,1,1,500,1995,801203.13,5802545.14
650,579,SFD,650,1,1,500,1995,780791.67,5805133.54
651,2873,SFD,651,1,1,500,1995,813032.39,5811418.66
652,2041,SFD,652,1,1,500,1995,825795.39,5823733.35
653,1511,SFD,653,1,1,500,1995,774541.97,5802636.04
654,777,SFD,654,1,1,500,1995,772653.37,5815560.98
655,319,SFD,655,1,1,500,1995,825790.93,5838815.95
656,2208,SFD,656,1,1,500,1995,807841.05,5842683.79
657,585,SFD,657,1,1,500,1995,791941.8,5814607.73
658,310,SFD,658,1,1,500,1995,777441.84,5831486.08
659,722,SFD,659,1,1,500,1995,757595.34,5814015.73
660,2536,SFD,660,1,1,500,1995,776341.86,5813852.12
661,320,SFD,661,1,1,500,1995,746536.57,5815276.02
662,3307,SFD,662,1,1,500,1995,775538.46,5815511.5
663,2081,SFD,663,1,1,500,1995,814404.35,5808636.75
664,2730,SFD,664,1,1,500,1995,760594.63,5808323.46
665,2699,SFD,665,1,1,500,1995,775024.04,5815621.56
666,2268,SFD,666,1,1,500,1995,796350.57,5800281.85
667,2371,SFD,667,1,1,500,1995,815870.17,5806754.01
668,610,SFD,668,1,1,500,1995,784503.03,5840818.44
669,1688,SFD,669,1,1,500,1995,814313.91,5806518.09
670,601,SFD,670,1,1,500,1995,815078.62,5830551.53
671,156,SFD,671,1,1,500,1995,823253.31,5827927.09
672,1962,SFD,672,1,1,500,1995,869744.53,5744012.63
673,3191,SFD,673,1,1,500,1995,791516.97,5812486.81
674,2584,SFD,674,1,1,500,1995,775244.7,5814231.72
675,612,SFD,675,1,1,500,1995,781041.05,5813046.39
676,3233,SFD,676,1,1,500,1995,778278.98,5813155.44
677,3429,SFD,677,1,1,500,1995,785925.22,5804733.56
678,1029,SFD,678,1,1,500,1995,764274.48,5836403.47
679,424,SFD,679,1,1,500,1995,771619.34,5813738.98
680,72,SFD,680,1,1,500,1995,786937.2,5793927.53
681,1769,SFD,681,1,1,500,1995,778914.4,5832807.12
682,2062,SFD,682,1,1,500,1995,767503.32,5811132.48
683,1390,SFD,683,1,1,500,1995,819343.91,5825093.59
684,1000,SFD,684,1,1,500,1995,786013.62,5813513.23
685,1687,SFD,685,1,1,500,1995,781310.68,5804861.41
686,2932,SFD,686,1,1,500,1995,771742.5,5828174.42
687,3193,SFD,687,1,1,500,1995,730635.12,5811837.51
688,441,SFD,688,1,1,500,1995,774893.08,5811560.1
689,862,SFD,689,1,1,500,1995,815384.13,5797181.92
690,1086,SFD,690,1,1,500,1995,792472.03,5815210.13
691,2829,SFD,691,1,1,500,1995,781738.17,5810689.04
692,1032,SFD,692,1,1,500,1995,765508.65,5809169.47
693,1488,SFD,693,1,1,500,1995,770445.78,5809042.11
694,3213,SFD,694,1,1,500,1995,767817.22,5810289.54
695,3025,SFD,695,1,1,500,1995,844715.38,5813448.03
696,2485,SFD,696,1,1,500,1995,773503.93,5814144.84
697,1557,SFD,697,1,1,500,1995,820124.02,5833419.01
698,3169,SFD,698,1,1,500,1995,800816.18,5794261.17
699,114,SFD,699,1,1,500,1995,821872.59,5804331.75
700,3139,SFD,700,1,1,500,1995,823633.34,5816140.24
701,1296,SFD,701,1,1,500,1995,783830.98,5848702.68
702,1088,SFD,702,1,1,500,1995,814936.26,5809738.69
703,1233,SFD,703,1,1,500,1995,774563.26,5811539.35
704,3068,SFD,704,1,1,500,1995,819510.44,5843993.04
705,3450,SFD,705,1,1,500,1995,792819.35,5808481.75
706,2989,SFD,706,1,1,500,1995,796097.39,5840757.01
707,1282,SFD,707,1,1,500,1995,832429.75,5823026.79
708,1521,SFD,708,1,1,500,1995,800876.91,5843052.95
709,3057,SFD,709,1,1,500,1995,786160.71,5856474.41
710,357,SFD,710,1,1,500,1995,787504.3,5815485.28
711,1360,SFD,711,1,1,500,1995,777479.71,5814964.8
712,3219,SFD,712,1,1,500,1995,775339.75,5815008.01
713,2550,SFD,713,1,1,500,1995,785445.76,5851379.47
714,2826,SFD,714,1,1,500,1995,801741.28,5806423.11
715,1108,SFD,715,1,1,500,1995,822039.18,5819214.39
716,1105,SFD,716,1,1,500,1995,773141.41,5816912.47
717,972,SFD,717,1,1,500,1995,815511.01,5812745.03
718,2051,SFD,718,1,1,500,1995,829882.2,5812702.05
719,2862,SFD,719,1,1,500,1995,764909.96,5800150.92
720,782,SFD,720,1,1,500,1995,775564.94,5829036.62
721,796,SFD,721,1,1,500,1995,801102.52,5856954.15
722,1936,SFD,722,1,1,500,1995,775686.48,5815588.67
723,1943,SFD,723,1,1,500,1995,794663.81,5795115.88
724,910,SFD,724,1,1,500,1995,790853.25,5803369.53
725,846,SFD,725,1,1,500,1995,801096.08,5850594.91
726,2619,SFD,726,1,1,500,1995,776274.31,5832970.22
727,1509,SFD,727,1,1,500,1995,820555.77,5828852.0
728,197,SFD,728,1,1,500,1995,754132.59,5870326.08
729,1481,SFD,729,1,1,500,1995,779152.69,5814424.76
730,2045,SFD,730,1,1,500,1995,817705.93,5809954.4
731,805,SFD,731,1,1,500,1995,781673.09,5847513.52
732,3056,SFD,732,1,1,500,1995,780626.13,5836121.48
733,472,SFD,733,1,1,500,1995,787367.29,5811875.62
734,2769,SFD,734,1,1,500,1995,805699.25,5844719.81
735,1791,SFD,735,1,1,500,1995,821560.19,5841012.94
736,3489,SFD,736,1,1,500,1995,778516.92,5809820.9
737,733,SFD,737,1,1,500,1995,798968.71,5846012.14
738,1114,SFD,738,1,1,500,1995,773818.13,5812182.06
739,629,SFD,739,1,1,500,1995,840228.01,5859602.56
740,2289,SFD,740,1,1,500,1995,783982.33,5842163.9
741,1638,SFD,741,1,1,500,1995,781069.72,5832240.21
742,2475,SFD,742,1,1,500,1995,804576.36,5801004.61
743,749,SFD,743,1,1,500,1995,775199.92,5830070.79
744,1981,SFD,744,1,1,500,1995,821204.64,5831723.72
745,3200,SFD,745,1,1,500,1995,775857.73,5816070.17
746,2183,SFD,746,1,1,500,1995,816546.31,5797903.85
747,2389,SFD,747,1,1,500,1995,785804.04,5854915.15
748,2250,SFD,748,1,1,500,1995,772210.13,5813607.35
749,1279,SFD,749,1,1,500,1995,822420.63,5838302.64
750,2550,SFD,750,1,1,500,1995,775137.39,5818604.78
751,2097,SFD,751,1,1,500,1995,804099.31,5806481.06
752,2755,SFD,752,1,1,500,1995,781584.25,5809351.01
753,1657,SFD,753,1,1,500,1995,774015.23,5818196.37
754,3317,SFD,754,1,1,500,1995,821212.55,5832715.63
755,2204,SFD,755,1,1,500,1995,780265.53,5848613.01
756,1862,SFD,756,1,1,500,1995,823330.8,5818277.02
757,3350,SFD,757,1,1,500,1995,789721.92,5844279.25
758,978,SFD,758,1,1,500,1995,842135.86,5809587.14
759,3040,SFD,759,1,1,500,1995,809023.5,5837990.38
760,1138,SFD,760,1,1,500,1995,801196.78,5807893.64
761,1225,SFD,761,1,1,500,1995,821008.41,5812657.81
762,1600,SFD,762,1,1,500,1995,813097.66,5709429.28
763,3213,SFD,763,1,1,500,1995,823285.62,5817559.0
764,3484,SFD,764,1,1,500,1995,874040.17,5743640.53
765,1954,SFD,765,1,1,500,1995,816809.39,5802130.11
766,1631,SFD,766,1,1,500,1995,854597.55,5892425.47
767,1365,SFD,767,1,1,500,1995,777640.95,5803500.65
768,3107,SFD,768,1,1,500,1995,823379.04,5819999.37
769,2340,SFD,769,1,1,500,1995,792739.69,5812803.67
770,2231,SFD,770,1,1,500,1995,789511.3,5802416.05
771,2185,SFD,771,1,1,500,1995,738975.37,5810980.84
772,102,SFD,772,1,1,500,1995,820322.75,5823443.68
773,891,SFD,773,1,1,500,1995,777590.5,5810687.43
774,1756,SFD,774,1,1,500,1995,776829.83,5828565.57
775,68,SFD,775,1,1,500,1995,756934.73,5802888.95
776,1518,SFD,776,1,1,500,1995,801337.46,5802085.98
777,2430,SFD,777,1,1,500,1995,789375.42,5813960.35
778,1161,SFD,778,1,1,500,1995,776085.84,5813287.53
779,2968,SFD,779,1,1,500,1995,815913.13,5798061.63
780,2410,SFD,780,1,1,500,1995,818407.26,5829731.79
781,2186,SFD,781,1,1,500,1995,823349.8,5819859.29
782,2537,SFD,782,1,1,500,1995,776222.72,5811679.1
783,1350,SFD,783,1,1,500,1995,805440.41,5794361.02
784,667,SFD,784,1,1,500,1995,776696.12,5848927.7
785,711,SFD,785,1,1,500,1995,790788.26,5812277.47
786,1752,SFD,786,1,1,500,1995,835027.95,5853492.28
787,1800,SFD,787,1,1,500,1995,815635.84,5804064.41
788,1100,SFD,788,1,1,500,1995,815482.27,5803275.95
789,581,SFD,789,1,1,500,1995,806014.51,5842616.27
790,170,SFD,790,1,1,500,1995,776850.03,5812324.89
791,2719,SFD,791,1,1,500,1995,758629.86,5807783.55
792,3067,SFD,792,1,1,500,1995,811132.84,5832252.3
793,2863,SFD,793,1,1,500,1995,780882.47,5810696.69
794,3283,SFD,794,1,1,500,1995,804369.44,5810104.83
795,1744,SFD,795,1,1,500,1995,825498.28,5824151.59
796,975,SFD,796,1,1,500,1995,781543.42,5809106.32
797,1368,SFD,797,1,1,500,1995,781049.3,5803965.12
798,1983,SFD,798,1,1,500,1995,776977.13,5813958.33
799,2231,SFD,799,1,1,500,1995,815255.08,5826917.56
800,1947,SFD,800,1,1,500,1995,767537.13,5809704.75
801,1506,SFD,801,1,1,500,1995,779902.94,5768896.53
802,2772,SFD,802,1,1,500,1995,773164.89,5807231.35
803,3030,SFD,803,1,1,500,1995,786407.22,5839405.66
804,3107,SFD,804,1,1,500,1995,793270.24,5839867.43
805,892,SFD,805,1,1,500,1995,778317.13,5819874.74
806,1471,SFD,806,1,1,500,1995,788325.03,5849287.17
807,192,SFD,807,1,1,500,1995,800874.64,5806720.82
808,1553,SFD,808,1,1,500,1995,799310.69,5849455.75
809,3317,SFD,809,1,1,500,1995,800129.98,5845931.16
810,2304,SFD,810,1,1,500,1995,770650.88,5833675.45
811,3161,SFD,811,1,1,500,1995,817536.67,5867393.66
812,1942,SFD,812,1,1,500,1995,791747.35,5846253.53
813,1504,SFD,813,1,1,500,1995,774682.96,5887658.67
814,615,SFD,814,1,1,500,1995,774851.62,5814831.31
815,1727,SFD,815,1,1,500,1995,784073.55,5839250.19
816,2656,SFD,816,1,1,500,1995,800082.57,5808397.46
817,1183,SFD,817,1,1,500,1995,807392.97,5848246.85
818,2816,SFD,818,1,1,500,1995,778203.55,5809351.34
819,3207,SFD,819,1,1,500,1995,859450.08,5817025.04
820,765,SFD,820,1,1,500,1995,783724.0,5845701.98
821,698,SFD,821,1,1,500,1995,820318.3,5823445.01
822,1354,SFD,822,1,1,500,1995,824149.48,5760454.33
823,1502,SFD,823,1,1,500,1995,771369.5,5853479.79
824,2454,SFD,824,1,1,500,1995,793802.46,5839934.43
825,3056,SFD,825,1,1,500,1995,775454.53,5830893.39
826,2072,SFD,826,1,1,500,1995,790048.87,5804107.83
827,316,SFD,827,1,1,500,1995,780156.75,5813378.28
828,2622,SFD,828,1,1,500,1995,802752.85,5815129.75
829,949,SFD,829,1,1,500,1995,779199.53,5810524.36
830,1872,SFD,830,1,1,500,1995,762939.6,5834824.11
831,1598,SFD,831,1,1,500,1995,773691.89,5811542.45
832,649,SFD,832,1,1,500,1995,826405.43,5730823.32
833,721,SFD,833,1,1,500,1995,773195.08,5872823.32
834,2710,SFD,834,1,1,500,1995,815513.3,5809819.69
835,1360,SFD,835,1,1,500,1995,771212.81,5814288.41
836,1849,SFD,836,1,1,500,1995,776995.04,5812275.98
837,742,SFD,837,1,1,500,1995,810488.51,5843192.81
838,1,SFD,838,1,1,500,1995,815478.05,5808858.2
839,1602,SFD,839,1,1,500,1995,780981.99,5809437.22
840,1112,SFD,840,1,1,500,1995,680696.31,5886669.16
841,1001,SFD,841,1,1,500,1995,791612.3,5812421.28
842,1173,SFD,842,1,1,500,1995,786864.86,5812536.93
843,2592,SFD,843,1,1,500,1995,826610.83,5864828.72
844,1936,SFD,844,1,1,500,1995,765716.91,5809322.72
845,1746,SFD,845,1,1,500,1995,766862.12,5808970.93
846,329,SFD,846,1,1,500,1995,787122.56,5782114.52
847,2981,SFD,847,1,1,500,1995,771813.4,5828335.22
848,3240,SFD,848,1,1,500,1995,810425.37,5846584.57
849,905,SFD,849,1,1,500,1995,772663.93,5815880.77
850,1343,SFD,850,1,1,500,1995,778219.44,5798941.19
851,409,SFD,851,1,1,500,1995,805989.53,5842409.55
852,1161,SFD,852,1,1,500,1995,779360.16,5833221.76
853,3053,SFD,853,1,1,500,1995,774830.06,5815262.63
854,2039,SFD,854,1,1,500,1995,822748.8,5820356.05
855,392,SFD,855,1,1,500,1995,761235.09,5796311.91
856,486,SFD,856,1,1,500,1995,790225.24,5811272.15
857,292,SFD,857,1,1,500,1995,775875.38,5815642.52
858,1493,SFD,858,1,1,500,1995,827703.13,5819138.44
859,375,SFD,859,1,1,500,1995,771291.8,5806560.13
860,164,SFD,860,1,1,500,1995,800491.72,5807351.62
861,2754,SFD,861,1,1,500,1995,770428.33,5833682.66
862,872,SFD,862,1,1,500,1995,774642.67,5817335.83
863,1017,SFD,863,1,1,500,1995,803400.71,5798566.19
864,2645,SFD,864,1,1,500,1995,775884.97,5813195.47
865,2147,SFD,865,1,1,500,1995,782051.43,5846590.14
866,2051,SFD,866,1,1,500,1995,800130.97,5807267.34
867,2351,SFD,867,1,1,500,1995,788234.14,5852596.45
868,2651,SFD,868,1,1,500,1995,764071.21,5838303.27
869,2668,SFD,869,1,1,500,1995,801381.64,5850459.64
870,3318,SFD,870,1,1,500,1995,781391.16,5844498.75
871,1481,SFD,871,1,1,500,1995,781296.52,5811636.22
872,530,SFD,872,1,1,500,1995,799116.91,5807555.85
873,1930,SFD,873,1,1,500,1995,809717.41,5802284.35
874,1907,SFD,874,1,1,500,1995,845186.38,5813502.39
875,3285,SFD,875,1,1,500,1995,781013.17,5809894.13
876,2827,SFD,876,1,1,500,1995,799003.82,5845598.73
877,698,SFD,877,1,1,500,1995,779400.6,5811305.94
878,3438,SFD,878,1,1,500,1995,822327.61,5822230.79
879,2227,SFD,879,1,1,500,1995,778052.02,5812335.33
880,865,SFD,880,1,1,500,1995,773557.98,5814473.7
881,2504,SFD,881,1,1,500,1995,773884.76,5817978.33
882,100,SFD,882,1,1,500,1995,816328.25,5829853.68
883,2586,SFD,883,1,1,500,1995,778662.76,5820945.71
884,1383,SFD,884,1,1,500,1995,767758.81,5830021.61
885,319,SFD,885,1,1,500,1995,806050.6,5840029.2
886,1204,SFD,886,1,1,500,1995,778471.88,5812517.32
887,757,SFD,887,1,1,500,1995,779557.22,5812557.61
888,1586,SFD,888,1,1,500,1995,779243.16,5806885.7
889,2607,SFD,889,1,1,500,1995,765714.72,5808949.93
890,805,SFD,890,1,1,500,1995,770731.49,5809363.91
891,2723,SFD,891,1,1,500,1995,796535.22,5807635.14
892,993,SFD,892,1,1,500,1995,818196.04,5810975.01
893,2450,SFD,893,1,1,500,1995,772387.63,5807344.62
894,624,SFD,894,1,1,500,1995,766840.92,5809528.39
895,3393,SFD,895,1,1,500,1995,776511.12,5828595.74
896,1583,SFD,896,1,1,500,1995,822163.72,5832069.62
897,1665,SFD,897,1,1,500,1995,778813.66,5820111.87
898,2649,SFD,898,1,1,500,1995,806901.04,5836475.37
899,479,SFD,899,1,1,500,1995,816518.76,5845089.25
900,622,SFD,900,1,1,500,1995,796519.51,5807616.84
901,2078,SFD,901,1,1,500,1995,777963.56,5830385.57
902,3105,SFD,902,1,1,500,1995,816889.06,5829408.76
903,2946,SFD,903,1,1,500,1995,782317.34,5846353.92
904,3218,SFD,904,1,1,500,1995,808551.14,5837314.58
905,2863,SFD,905,1,1,500,1995,787426.41,5814864.54
906,3122,SFD,906,1,1,500,1995,755826.8,5809348.58
907,1056,SFD,907,1,1,500,1995,775247.58,5814242.39
908,1400,SFD,908,1,1,500,1995,784234.58,5839569.19
909,2834,SFD,909,1,1,500,1995,795814.66,5842778.61
910,1112,SFD,910,1,1,500,1995,823221.06,5818022.66
911,3366,SFD,911,1,1,500,1995,771444.17,5815701.77
912,2337,SFD,912,1,1,500,1995,787740.21,5815432.54
913,2958,SFD,913,1,1,500,1995,814453.8,5807622.16
914,2692,SFD,914,1,1,500,1995,788037.04,5815068.29
915,1763,SFD,915,1,1,500,1995,775788.73,5815354.22
916,2331,SFD,916,1,1,500,1995,799676.07,5806867.79
917,3399,SFD,917,1,1,500,1995,769175.82,5819506.91
918,1143,SFD,918,1,1,500,1995,824647.22,5832491.47
919,2630,SFD,919,1,1,500,1995,815502.06,5812313.55
920,1984,SFD,920,1,1,500,1995,782245.61,5846134.74
921,1344,SFD,921,1,1,500,1995,787267.37,5807082.06
922,2328,SFD,922,1,1,500,1995,778789.3,5811968.78
923,42,SFD,923,1,1,500,1995,766159.54,5807098.42
924,2246,SFD,924,1,1,500,1995,865774.74,5743536.95
925,2701,SFD,925,1,1,500,1995,803704.67,5802568.29
926,1371,SFD,926,1,1,500,1995,808052.02,5845546.24
927,1006,SFD,927,1,1,500,1995,784904.47,5853647.68
928,2527,SFD,928,1,1,500,1995,800903.47,5806917.51
929,2519,SFD,929,1,1,500,1995,772456.33,5820685.29
930,2251,SFD,930,1,1,500,1995,774958.28,5815396.27
931,1861,SFD,931,1,1,500,1995,815421.2,5810420.89
932,3045,SFD,932,1,1,500,1995,823461.78,5818315.2
933,1197,SFD,933,1,1,500,1995,791026.74,5797264.28
934,2339,SFD,934,1,1,500,1995,767645.99,5803949.71
935,1020,SFD,935,1,1,500,1995,776585.85,5813650.26
936,2409,SFD,936,1,1,500,1995,777312.28,5833287.3
937,3402,SFD,937,1,1,500,1995,790378.04,5813641.16
938,1146,SFD,938,1,1,500,1995,801844.89,5815651.65
939,1437,SFD,939,1,1,500,1995,772595.25,5815858.92
940,362,SFD,940,1,1,500,1995,820592.06,5841596.26
941,829,SFD,941,1,1,500,1995,815486.86,5830636.85
942,2673,SFD,942,1,1,500,1995,762944.64,5835588.59
943,941,SFD,943,1,1,500,1995,772719.66,5813858.46
944,2921,SFD,944,1,1,500,1995,823172.72,5823253.78
945,993,SFD,945,1,1,500,1995,778808.59,5812144.02
946,3209,SFD,946,1,1,500,1995,792037.9,5813830.65
947,1146,SFD,947,1,1,500,1995,774339.57,5812674.93
948,2445,SFD,948,1,1,500,1995,764358.81,5807227.46
949,1061,SFD,949,1,1,500,1995,822590.26,5818366.25
950,2410,SFD,950,1,1,500,1995,779728.68,5813740.11
951,611,SFD,951,1,1,500,1995,781748.87,5809523.18
952,1430,SFD,952,1,1,500,1995,820549.41,5841623.29
953,3188,SFD,953,1,1,500,1995,799536.63,5807172.63
954,3334,SFD,954,1,1,500,1995,802458.99,5805904.67
955,3470,SFD,955,1,1,500,1995,819712.14,5824006.57
956,883,SFD,956,1,1,500,1995,753031.83,5808552.76
957,1783,SFD,957,1,1,500,1995,819820.52,5814322.42
958,3439,SFD,958,1,1,500,1995,774975.26,5828807.01
959,2019,SFD,959,1,1,500,1995,772138.46,5816172.85
960,496,SFD,960,1,1,500,1995,808366.13,5842276.28
961,988,SFD,961,1,1,500,1995,756581.93,5861140.74
962,2385,SFD,962,1,1,500,1995,780789.04,5811490.38
963,3083,SFD,963,1,1,500,1995,771939.83,5807288.92
964,2224,SFD,964,1,1,500,1995,821403.06,5828678.13
965,795,SFD,965,1,1,500,1995,828361.57,5822120.34
966,448,SFD,966,1,1,500,1995,792101.43,5854660.39
967,2776,SFD,967,1,1,500,1995,803540.04,5798600.78
968,2836,SFD,968,1,1,500,1995,769905.13,5813654.18
969,2013,SFD,969,1,1,500,1995,807299.08,5843642.51
970,291,SFD,970,1,1,500,1995,777922.84,5811482.63
971,160,SFD,971,1,1,500,1995,785990.4,5852790.64
972,506,SFD,972,1,1,500,1995,790082.69,5803799.3
973,1472,SFD,973,1,1,500,1995,815289.72,5812057.38
974,301,SFD,974,1,1,500,1995,773736.64,5814614.85
975,1090,SFD,975,1,1,500,1995,776879.51,5840031.4
976,902,SFD,976,1,1,500,1995,827024.73,5833959.59
977,3430,SFD,977,1,1,500,1995,800609.16,5810751.68
978,257,SFD,978,1,1,500,1995,787187.91,5810847.25
979,3316,SFD,979,1,1,500,1995,771640.78,5794631.48
980,1698,SFD,980,1,1,500,1995,782574.25,5852415.15
981,1761,SFD,981,1,1,500,1995,823448.85,5833945.35
982,789,SFD,982,1,1,500,1995,776084.51,5830329.88
983,2163,SFD,983,1,1,500,1995,802583.94,5796814.18
984,1565,SFD,984,1,1,500,1995,794745.12,5840426.9
985,1087,SFD,985,1,1,500,1995,785892.25,5850091.26
986,2775,SFD,986,1,1,500,1995,778141.05,5809926.43
987,2077,SFD,987,1,1,500,1995,788599.47,5814471.45
988,1910,SFD,988,1,1,500,1995,792540.15,5815102.39
989,2829,SFD,989,1,1,500,1995,760655.97,5808448.99
990,2249,SFD,990,1,1,500,1995,792092.22,5799951.64
991,2321,SFD,991,1,1,500,1995,788407.11,5848611.1
992,728,SFD,992,1,1,500,1995,785790.01,5811616.95
993,3205,SFD,993,1,1,500,1995,779678.85,5836121.32
994,2523,SFD,994,1,1,500,1995,789283.62,5814029.2
995,2966,SFD,995,1,1,500,1995,793531.5,5812402.59
996,512,SFD,996,1,1,500,1995,772675.03,5821490.21
997,2362,SFD,997,1,1,500,1995,843955.93,5811306.2
998,3043,SFD,998,1,1,500,1995,788091.26,5793495.11
999,2093,SFD,999,1,1,500,1995,819945.78,5841777.15
1000,909,SFD,1000,1,1,500,1995,777386.27,5833364.15
1001,717,SFD,1001,1,1,500,1995,815530.46,5810454.42
1002,1781,SFD,1002,1,1,500,1995,786420.88,5851649.94
1003,3393,SFD,1003,1,1,500,1995,811105.29,5842602.24
1004,239,SFD,1004,1,1,500,1995,841799.98,5757640.91
1005,2661,SFD,1005,1,1,500,1995,781254.51,5812203.63
1006,1937,SFD,1006,1,1,500,1995,778982.66,5809735.18
1007,1037,SFD,1007,1,1,500,1995,821710.69,5818113.66
1008,2374,SFD,1008,1,1,500,1995,780418.43,5831165.54
1009,1984,SFD,1009,1,1,500,1995,781054.98,5812708.16
1010,3075,SFD,1010,1,1,500,1995,805681.64,5843064.81
1011,549,SFD,1011,1,1,500,1995,783872.16,5842216.46
1012,106,SFD,1012,1,1,500,1995,783245.95,5849683.27
1013,632,SFD,1013,1,1,500,1995,779262.84,5812329.83
1014,165,SFD,1014,1,1,500,1995,784288.43,5800741.62
1015,3219,SFD,1015,1,1,500,1995,812243.21,5851045.75
1016,193,SFD,1016,1,1,500,1995,772628.92,5821674.57
1017,2597,SFD,1017,1,1,500,1995,787931.38,5815015.46
1018,2987,SFD,1018,1,1,500,1995,776222.74,5834084.58
1019,857,SFD,1019,1,1,500,1995,829510.14,5812484.67
1020,3005,SFD,1020,1,1,500,1995,777956.44,5810728.14
1021,1709,SFD,1021,1,1,500,1995,790049.23,5802828.9
1022,3136,SFD,1022,1,1,500,1995,774728.32,5831396.63
1023,1143,SFD,1023,1,1,500,1995,785964.38,5852365.05
1024,1477,SFD,1024,1,1,500,1995,775966.68,5828802.55
1025,2459,SFD,1025,1,1,500,1995,788276.38,5807241.83
1026,2782,SFD,1026,1,1,500,1995,780805.39,5810212.59
1027,3258,SFD,1027,1,1,500,1995,794314.07,5802848.67
1028,1160,SFD,1028,1,1,500,1995,775888.04,5813557.03
1029,3218,SFD,1029,1,1,500,1995,841565.43,5814528.87
1030,2493,SFD,1030,1,1,500,1995,798801.42,5845718.78
1031,120,SFD,1031,1,1,500,1995,830638.88,5906890.98
1032,873,SFD,1032,1,1,500,1995,767026.91,5809649.37
1033,2249,SFD,1033,1,1,500,1995,789724.5,5802185.93
1034,1697,SFD,1034,1,1,500,1995,799487.19,5857045.95
1035,57,SFD,1035,1,1,500,1995,821270.67,5828663.62
1036,1257,SFD,1036,1,1,500,1995,778532.32,5820081.21
1037,1375,SFD,1037,1,1,500,1995,775625.81,5811242.76
1038,2601,SFD,1038,1,1,500,1995,763844.23,5839191.92
1039,2287,SFD,1039,1,1,500,1995,800704.9,5843056.7
1040,2898,SFD,1040,1,1,500,1995,788966.38,5846775.52
1041,2269,SFD,1041,1,1,500,1995,825027.38,5829757.99
1042,3203,SFD,1042,1,1,500,1995,795405.78,5840304.74
1043,2749,SFD,1043,1,1,500,1995,791243.26,5814728.46
1044,1272,SFD,1044,1,1,500,1995,771398.19,5828373.49
1045,1605,SFD,1045,1,1,500,1995,844947.25,5815050.08
1046,1962,SFD,1046,1,1,500,1995,790428.29,5801960.89
1047,1970,SFD,1047,1,1,500,1995,777073.21,5832867.05
1048,1146,SFD,1048,1,1,500,1995,770859.92,5833680.95
1049,3266,SFD,1049,1,1,500,1995,771273.63,5813895.43
1050,1063,SFD,1050,1,1,500,1995,775769.71,5813479.44
1051,693,SFD,1051,1,1,500,1995,771078.12,5841107.65
1052,2720,SFD,1052,1,1,500,1995,813381.39,5856274.36
1053,2458,SFD,1053,1,1,500,1995,788191.35,5816052.94
1054,1505,SFD,1054,1,1,500,1995,768958.64,5763012.8
1055,606,SFD,1055,1,1,500,1995,800431.7,5807773.44
1056,101,SFD,1056,1,1,500,1995,817364.51,5829588.76
1057,1823,SFD,1057,1,1,500,1995,823959.65,5824413.94
1058,2364,SFD,1058,1,1,500,1995,815894.6,5808608.03
1059,2056,SFD,1059,1,1,500,1995,816810.44,5800156.87
1060,744,SFD,1060,1,1,500,1995,769884.59,5834760.47
1061,2065,SFD,1061,1,1,500,1995,809519.24,5801089.74
1062,934,SFD,1062,1,1,500,1995,789789.51,5843552.06
1063,1445,SFD,1063,1,1,500,1995,802575.75,5797012.02
1064,3364,SFD,1064,1,1,500,1995,788057.02,5793715.01
1065,1123,SFD,1065,1,1,500,1995,845604.52,5805738.17
1066,2481,SFD,1066,1,1,500,1995,801810.73,5855619.79
1067,946,SFD,1067,1,1,500,1995,785013.87,5811160.32
1068,681,SFD,1068,1,1,500,1995,798677.51,5786370.53
1069,106,SFD,1069,1,1,500,1995,772169.18,5813648.98
1070,2248,SFD,1070,1,1,500,1995,787832.5,5852767.85
1071,1543,SFD,1071,1,1,500,1995,796067.91,5840777.44
1072,2321,SFD,1072,1,1,500,1995,775320.58,5830596.18
1073,735,SFD,1073,1,1,500,1995,765681.23,5811616.59
1074,1913,SFD,1074,1,1,500,1995,821460.78,5807323.89
1075,2721,SFD,1075,1,1,500,1995,785613.87,5839929.16
1076,2140,SFD,1076,1,1,500,1995,776446.23,5813633.11
1077,3016,SFD,1077,1,1,500,1995,771864.66,5806661.76
1078,1788,SFD,1078,1,1,500,1995,800376.74,5810441.51
1079,525,SFD,1079,1,1,500,1995,802502.52,5801746.62
1080,3412,SFD,1080,1,1,500,1995,820742.28,5822936.62
1081,3345,SFD,1081,1,1,500,1995,828458.98,5831596.48
1082,2070,SFD,1082,1,1,500,1995,770398.24,5834307.95
1083,3204,SFD,1083,1,1,500,1995,765874.74,5811883.34
1084,1826,SFD,1084,1,1,500,1995,784821.16,5852742.77
1085,1769,SFD,1085,1,1,500,1995,801775.57,5816144.66
1086,576,SFD,1086,1,1,500,1995,818969.03,5829148.02
1087,1653,SFD,1087,1,1,500,1995,815887.66,5808402.18
1088,270,SFD,1088,1,1,500,1995,783990.14,5839933.11
1089,1452,SFD,1089,1,1,500,1995,791351.67,5855418.0
1090,763,SFD,1090,1,1,500,1995,786264.23,5804262.6
1091,2178,SFD,1091,1,1,500,1995,776715.44,5828318.24
1092,5,SFD,1092,1,1,500,1995,815023.65,5806088.42
1093,325,SFD,1093,1,1,500,1995,782098.32,5844663.88
1094,2901,SFD,1094,1,1,500,1995,802115.33,5854920.18
1095,2339,SFD,1095,1,1,500,1995,815694.55,5804012.29
1096,238,SFD,1096,1,1,500,1995,775618.72,5814993.68
1097,2833,SFD,1097,1,1,500,1995,765355.43,5817019.59
1098,2819,SFD,1098,1,1,500,1995,806161.05,5842480.11
1099,3065,SFD,1099,1,1,500,1995,814926.95,5830426.27
1100,3238,SFD,1100,1,1,500,1995,810326.28,5848482.22
1101,2375,SFD,1101,1,1,500,1995,811869.14,5794198.46
1102,1212,SFD,1102,1,1,500,1995,790325.68,5813881.12
1103,490,SFD,1103,1,1,500,1995,775307.1,5813698.71
1104,633,SFD,1104,1,1,500,1995,780524.96,5842186.89
1105,1427,SFD,1105,1,1,500,1995,820578.02,5842058.7
1106,1753,SFD,1106,1,1,500,1995,844427.61,5805647.85
1107,231,SFD,1107,1,1,500,1995,783623.31,5852640.18
1108,2055,SFD,1108,1,1,500,1995,800021.53,5794865.58
1109,30,SFD,1109,1,1,500,1995,756790.3,5807929.92
1110,2850,SFD,1110,1,1,500,1995,783545.34,5845811.27
1111,2843,SFD,1111,1,1,500,1995,801382.52,5803066.97
1112,2259,SFD,1112,1,1,500,1995,778366.14,5846456.26
1113,283,SFD,1113,1,1,500,1995,778983.86,5810641.53
1114,1124,SFD,1114,1,1,500,1995,784126.35,5838137.11
1115,3080,SFD,1115,1,1,500,1995,778327.88,5812276.88
1116,1767,SFD,1116,1,1,500,1995,782211.05,5845493.65
1117,1988,SFD,1117,1,1,500,1995,788056.15,5852441.85
1118,2981,SFD,1118,1,1,500,1995,781803.42,5809868.5
1119,2449,SFD,1119,1,1,500,1995,767445.8,5811430.9
1120,3113,SFD,1120,1,1,500,1995,773707.16,5814743.53
1121,1576,SFD,1121,1,1,500,1995,788356.94,5815214.14
1122,3130,SFD,1122,1,1,500,1995,765365.4,5809319.19
1123,2989,SFD,1123,1,1,500,1995,766829.53,5813234.88
1124,2167,SFD,1124,1,1,500,1995,788247.55,5848760.3
1125,2089,SFD,1125,1,1,500,1995,819556.46,5804398.56
1126,2439,SFD,1126,1,1,500,1995,767711.21,5808314.88
1127,3046,SFD,1127,1,1,500,1995,804272.28,5806557.51
1128,455,SFD,1128,1,1,500,1995,795818.4,5842397.06
1129,1964,SFD,1129,1,1,500,1995,818119.1,5828756.05
1130,2870,SFD,1130,1,1,500,1995,802910.39,5792830.83
1131,2990,SFD,1131,1,1,500,1995,816368.48,5845112.18
1132,1653,SFD,1132,1,1,500,1995,815564.76,5827438.45
1133,2157,SFD,1133,1,1,500,1995,790058.86,5810626.95
1134,2914,SFD,1134,1,1,500,1995,783132.57,5848952.55
1135,296,SFD,1135,1,1,500,1995,755568.36,5820872.02
1136,1817,SFD,1136,1,1,500,1995,811058.22,5832058.7
1137,733,SFD,1137,1,1,500,1995,767532.75,5808665.61
1138,2027,SFD,1138,1,1,500,1995,815316.99,5808362.49
1139,2677,SFD,1139,1,1,500,1995,777002.87,5831106.91
1140,2472,SFD,1140,1,1,500,1995,817994.48,5802141.97
1141,2949,SFD,1141,1,1,500,1995,817433.19,5829434.9
1142,1577,SFD,1142,1,1,500,1995,784227.29,5837656.14
1143,537,SFD,1143,1,1,500,1995,781971.14,5809973.18
1144,2251,SFD,1144,1,1,500,1995,820774.04,5822624.9
1145,804,SFD,1145,1,1,500,1995,813930.47,5804148.04
1146,2161,SFD,1146,1,1,500,1995,861858.8,5740589.98
1147,260,SFD,1147,1,1,500,1995,786956.37,5814499.79
1148,1728,SFD,1148,1,1,500,1995,766712.01,5829178.67
1149,1878,SFD,1149,1,1,500,1995,755843.87,5807936.19
1150,695,SFD,1150,1,1,500,1995,766812.46,5811517.25
1151,1777,SFD,1151,1,1,500,1995,774305.7,5798446.05
1152,2046,SFD,1152,1,1,500,1995,783765.41,5841287.21
1153,725,SFD,1153,1,1,500,1995,772518.55,5821756.92
1154,3144,SFD,1154,1,1,500,1995,785569.46,5809509.1
1155,3398,SFD,1155,1,1,500,1995,812129.84,5813709.64
1156,1580,SFD,1156,1,1,500,1995,801340.4,5803344.05
1157,2374,SFD,1157,1,1,500,1995,819308.05,5828957.24
1158,180,SFD,1158,1,1,500,1995,733067.89,5812343.62
1159,3255,SFD,1159,1,1,500,1995,802449.76,5815846.48
1160,2638,SFD,1160,1,1,500,1995,809658.09,5844866.69
1161,1772,SFD,1161,1,1,500,1995,795607.5,5841086.86
1162,930,SFD,1162,1,1,500,1995,762611.67,5835934.02
1163,3069,SFD,1163,1,1,500,1995,788748.03,5810941.96
1164,545,SFD,1164,1,1,500,1995,793192.69,5853667.75
1165,2696,SFD,1165,1,1,500,1995,807561.11,5843742.43
1166,321,SFD,1166,1,1,500,1995,772356.61,5853941.87
1167,976,SFD,1167,1,1,500,1995,796533.98,5841809.36
1168,2144,SFD,1168,1,1,500,1995,768301.77,5808985.86
1169,2480,SFD,1169,1,1,500,1995,800308.97,5810089.08
1170,480,SFD,1170,1,1,500,1995,801203.41,5709527.92
1171,1389,SFD,1171,1,1,500,1995,783800.66,5795986.4
1172,1203,SFD,1172,1,1,500,1995,744521.73,5811669.83
1173,3204,SFD,1173,1,1,500,1995,846995.75,5830502.53
1174,600,SFD,1174,1,1,500,1995,762752.43,5835700.89
1175,1302,SFD,1175,1,1,500,1995,774376.04,5811989.56
1176,928,SFD,1176,1,1,500,1995,805858.95,5844878.57
1177,2712,SFD,1177,1,1,500,1995,776102.57,5805360.64
1178,2821,SFD,1178,1,1,500,1995,867886.54,5746028.48
1179,184,SFD,1179,1,1,500,1995,770218.79,5813300.35
1180,1420,SFD,1180,1,1,500,1995,823369.66,5832611.97
1181,79,SFD,1181,1,1,500,1995,800060.13,5845731.03
1182,2671,SFD,1182,1,1,500,1995,823668.7,5818598.3
1183,3198,SFD,1183,1,1,500,1995,781368.18,5811303.58
1184,1733,SFD,1184,1,1,500,1995,814070.91,5810145.4
1185,2745,SFD,1185,1,1,500,1995,793303.7383481271,5837792.410375205
1186,1556,SFD,1186,1,1,500,1995,797864.4345558248,5824637.2209217
1187,2299,SFD,1187,1,1,500,1995,800085.3331639887,5813914.891990731
1188,239,SFD,1188,1,1,500,1995,801381.9859291137,5821514.1108268015
1189,199,SFD,1189,1,1,500,1995,801727.4209485119,5827844.284784432
1190,1751,SFD,1190,1,1,500,1995,798161.0777030685,5825633.402087367
1191,3354,SFD,1191,1,1,500,1995,805258.609416672,5826394.936252884
1192,2285,SFD,1192,1,1,500,1995,812201.459383507,5818161.310854931
1193,2036,SFD,1193,1,1,500,1995,794797.3949824473,5833680.983867185
1194,247,SFD,1194,1,1,500,1995,802963.5267008392,5829363.76746469
1195,3471,SFD,1195,1,1,500,1995,791616.4485160769,5828170.94319013
1196,774,SFD,1196,1,1,500,1995,802168.5926247161,5832293.608015553
1197,2172,SFD,1197,1,1,500,1995,790864.3075876103,5834943.410895376
1198,1159,SFD,1198,1,1,500,1995,795085.352054866,5833284.771950934
1199,2039,SFD,1199,1,1,500,1995,793498.9866169547,5823995.413010482
1200,3028,SFD,1200,1,1,500,1995,799026.8882090078,5829417.068782084
1201,2738,SFD,1201,1,1,500,1995,798436.0792967359,5824313.330199868
1202,2322,SFD,1202,1,1,500,1995,801301.5500642895,5826016.729947993
1203,2396,SFD,1203,1,1,500,1995,810550.1143112599,5819930.575050492
1204,293,SFD,1204,1,1,500,1995,810874.7900443631,5821241.976238951
1205,1660,SFD,1205,1,1,500,1995,794574.2737682334,5824847.710661105
1206,1704,SFD,1206,1,1,500,1995,809755.2394870948,5834353.475434803
1207,1327,SFD,1207,1,1,500,1995,800478.3786364815,5823148.961057437
1208,2637,SFD,1208,1,1,500,1995,803336.1665597187,5839777.111752457
1209,2522,SFD,1209,1,1,500,1995,801630.6107035463,5831728.551968611
1210,2216,SFD,1210,1,1,500,1995,787104.7953717795,5836305.240461295
1211,1723,SFD,1211,1,1,500,1995,811262.4124385668,5815802.898929502
1212,1544,SFD,1212,1,1,500,1995,794961.4623472721,5826036.332151156
1213,1704,SFD,1213,1,1,500,1995,781423.2338777897,5831257.946326793
1214,3008,SFD,1214,1,1,500,1995,801616.5735877329,5822269.5022316715
1215,3115,SFD,1215,1,1,500,1995,800503.4019231823,5823830.967426825
1216,3182,SFD,1216,1,1,500,1995,810302.1345311722,5834049.074701855
1217,2300,SFD,1217,1,1,500,1995,798948.4260617923,5826895.922100549
1218,3159,SFD,1218,1,1,500,1995,805354.7178194148,5822177.80169234
1219,2625,SFD,1219,1,1,500,1995,801910.8411460007,5824927.193399148
1220,1553,SFD,1220,1,1,500,1995,806902.4849318675,5823468.907070326
1221,540,SFD,1221,1,1,500,1995,802971.9740653161,5832416.957766724
1222,3305,SFD,1222,1,1,500,1995,793946.0224779581,5833495.71207583
1223,2870,SFD,1223,1,1,500,1995,802001.2730436635,5819180.834526386
1224,703,SFD,1224,1,1,500,1995,795080.1459022331,5821269.395833466
1225,3134,SFD,1225,1,1,500,1995,811394.9907010037,5817350.682233429
1226,1206,SFD,1226,1,1,500,1995,789835.864567582,5835173.541350127
1227,214,SFD,1227,1,1,500,1995,811533.1885994088,5830119.051417007
1228,1093,SFD,1228,1,1,500,1995,811751.9749670923,5818906.856646358
1229,2606,SFD,1229,1,1,500,1995,797815.0958362822,5818093.474615912
1230,2637,SFD,1230,1,1,500,1995,797084.7883362267,5832460.132705501
1231,1080,SFD,1231,1,1,500,1995,791879.2034724823,5819842.984489429
1232,3195,SFD,1232,1,1,500,1995,795958.9063801694,5819924.752206929
1233,2217,SFD,1233,1,1,500,1995,795320.9915416416,5831724.844910321
1234,651,SFD,1234,1,1,500,1995,798853.7241065861,5827002.414177136
1235,1511,SFD,1235,1,1,500,1995,804581.935719037,5823092.5555665195
1236,481,SFD,1236,1,1,500,1995,805859.6917411663,5826013.66195641
1237,2967,SFD,1237,1,1,500,1995,792201.1894097123,5826019.667126735
1238,2581,SFD,1238,1,1,500,1995,797227.1211904755,5831485.03679043
1239,2219,SFD,1239,1,1,500,1995,805313.136859261,5834669.8517075945
1240,844,SFD,1240,1,1,500,1995,800487.7218318211,5837113.639966033
1241,3099,SFD,1241,1,1,500,1995,794549.9005821261,5825097.587902737
1242,739,SFD,1242,1,1,500,1995,789786.7674775057,5835118.817117146
1243,2883,SFD,1243,1,1,500,1995,806116.4055492762,5825645.880316369
1244,3243,SFD,1244,1,1,500,1995,801449.375680497,5823141.054832136
1245,152,SFD,1245,1,1,500,1995,789321.4165610286,5823217.617930482
1246,2715,SFD,1246,1,1,500,1995,798433.5833297791,5819556.435073148
1247,2673,SFD,1247,1,1,500,1995,797657.2213120818,5832017.60051324
1248,3413,SFD,1248,1,1,500,1995,794661.4633920463,5830769.624009898
1249,1972,SFD,1249,1,1,500,1995,802263.0639723684,5827796.705587938
1250,1302,SFD,1250,1,1,500,1995,811307.2569585593,5827698.281426672
1251,265,SFD,1251,1,1,500,1995,813337.174826907,5830856.2423922
1252,1080,SFD,1252,1,1,500,1995,803334.4388860748,5825440.929881518
1253,329,SFD,1253,1,1,500,1995,799944.5607316715,5826581.154832989
1254,2078,SFD,1254,1,1,500,1995,784793.6162932849,5827460.778078056
1255,160,SFD,1255,1,1,500,1995,796745.5624836967,5834826.163991281
1256,2339,SFD,1256,1,1,500,1995,790732.164880579,5816047.304748628
1257,2968,SFD,1257,1,1,500,1995,803691.1960560116,5839360.479997773
1258,926,SFD,1258,1,1,500,1995,795453.3385361633,5824496.2717816625
1259,1587,SFD,1259,1,1,500,1995,782389.9940204781,5827375.491944558
1260,353,SFD,1260,1,1,500,1995,800288.1964746523,5823950.1662969235
1261,3025,SFD,1261,1,1,500,1995,789858.0929201331,5833808.880210101
1262,3230,SFD,1262,1,1,500,1995,795330.498866657,5819890.921378115
1263,1603,SFD,1263,1,1,500,1995,802426.3640440195,5827490.977277274
1264,1427,SFD,1264,1,1,500,1995,810868.9831422858,5819444.569429668
1265,2474,SFD,1265,1,1,500,1995,796491.7575990395,5821264.712861777
1266,1578,SFD,1266,1,1,500,1995,800616.2310823936,5813458.175261375
1267,2332,SFD,1267,1,1,500,1995,804240.6683068865,5822667.646151867
1268,3152,SFD,1268,1,1,500,1995,793123.9836234724,5824138.089789252
1269,519,SFD,1269,1,1,500,1995,794680.6826243489,5830583.185482797
1270,3254,SFD,1270,1,1,500,1995,800519.0918718015,5824593.7271938035
1271,2743,SFD,1271,1,1,500,1995,800021.0114365392,5830526.961371099
1272,3183,SFD,1272,1,1,500,1995,798928.9572948646,5831839.949895837
1273,1987,SFD,1273,1,1,500,1995,803118.8658110758,5826886.413274651
1274,3157,SFD,1274,1,1,500,1995,798353.9366008958,5830393.147147501
1275,2035,SFD,1275,1,1,500,1995,786852.9453700176,5826065.198647725
1276,3161,SFD,1276,1,1,500,1995,806009.4180154705,5834158.554850131
1277,3031,SFD,1277,1,1,500,1995,792166.9726352277,5825174.153241022
1278,3324,SFD,1278,1,1,500,1995,801174.1437880762,5823975.933624283
1279,1399,SFD,1279,1,1,500,1995,793599.4896666635,5836425.2278194055
1280,2318,SFD,1280,1,1,500,1995,803607.8373590396,5831455.821040689
1281,919,SFD,1281,1,1,500,1995,799579.1633520732,5815595.7250914015
1282,998,SFD,1282,1,1,500,1995,795082.8360995754,5837110.506524483
1283,233,SFD,1283,1,1,500,1995,806006.8417932033,5825454.346167319
1284,2084,SFD,1284,1,1,500,1995,803326.3942215483,5829079.203235419
1285,883,SFD,1285,1,1,500,1995,794496.5605597834,5825157.956410316
1286,309,SFD,1286,1,1,500,1995,797233.9535388933,5821784.816376468
1287,2611,SFD,1287,1,1,500,1995,794761.4396706047,5833711.5518852845
1288,602,SFD,1288,1,1,500,1995,811935.916522112,5818081.677014753
1289,3031,SFD,1289,1,1,500,1995,809750.0164914535,5831378.323661803
1290,1878,SFD,1290,1,1,500,1995,798927.7853244597,5824589.396083496
1291,1271,SFD,1291,1,1,500,1995,796129.5811230938,5823637.586404299
1292,2171,SFD,1292,1,1,500,1995,801434.8668289899,5833533.667767398
1293,2813,SFD,1293,1,1,500,1995,780381.6914486691,5820134.381432537
1294,2647,SFD,1294,1,1,500,1995,794394.3646568983,5829067.44906593
1295,2722,SFD,1295,1,1,500,1995,800622.6274890896,5827391.257111421
1296,1986,SFD,1296,1,1,500,1995,806113.8736295933,5826491.724409887
1297,101,SFD,1297,1,1,500,1995,789427.2827692598,5833180.613456827
1298,788,SFD,1298,1,1,500,1995,799994.4299792568,5814813.918653613
1299,2989,SFD,1299,1,1,500,1995,794049.0756550259,5824803.83574754
1300,573,SFD,1300,1,1,500,1995,801139.498187674,5824022.14475931
1301,2475,SFD,1301,1,1,500,1995,789890.9405852107,5827038.346495772
1302,2404,SFD,1302,1,1,500,1995,793337.7810011655,5834075.221166971
1303,3115,SFD,1303,1,1,500,1995,805854.2737953253,5816627.7625207435
1304,11,SFD,1304,1,1,500,1995,793628.9724545486,5825420.290044482
1305,2358,SFD,1305,1,1,500,1995,792905.6888288977,5824734.593408985
1306,141,SFD,1306,1,1,500,1995,810541.4743005139,5832187.833289982
1307,275,SFD,1307,1,1,500,1995,794211.4312010583,5822466.256996752
1308,2623,SFD,1308,1,1,500,1995,800675.1667875396,5828324.753700947
1309,93,SFD,1309,1,1,500,1995,796117.5248325237,5825388.483103234
1310,834,SFD,1310,1,1,500,1995,783073.3621794973,5825808.68901579
1311,2658,SFD,1311,1,1,500,1995,797112.8535009137,5829408.72836704
1312,2149,SFD,1312,1,1,500,1995,804611.068474919,5833530.838107158
1313,2670,SFD,1313,1,1,500,1995,797037.8406435931,5821217.632172363
1314,2686,SFD,1314,1,1,500,1995,792888.2241319297,5820652.713581329
1315,495,SFD,1315,1,1,500,1995,798450.4811645504,5833470.120733648
1316,711,SFD,1316,1,1,500,1995,797600.2998645057,5833683.167655997
1317,3248,SFD,1317,1,1,500,1995,791414.3094767078,5822656.757826886
1318,2511,SFD,1318,1,1,500,1995,802301.1341020018,5826281.280370275
1319,2911,SFD,1319,1,1,500,1995,790710.8964443605,5837630.791060921
1320,125,SFD,1320,1,1,500,1995,813272.5940228573,5829869.253022919
1321,1082,SFD,1321,1,1,500,1995,804061.0713000989,5827485.57589504
1322,2568,SFD,1322,1,1,500,1995,802233.530724097,5828024.1645300435
1323,768,SFD,1323,1,1,500,1995,795161.1588306669,5825377.241959459
1324,1034,SFD,1324,1,1,500,1995,784688.4299863781,5830061.097368489
1325,1619,SFD,1325,1,1,500,1995,803988.7758495371,5826514.653869919
1326,1792,SFD,1326,1,1,500,1995,801215.0204951614,5826255.498756517
1327,2890,SFD,1327,1,1,500,1995,797596.8572707935,5822894.773705555
1328,2129,SFD,1328,1,1,500,1995,803216.0049145817,5829947.053802082
1329,2937,SFD,1329,1,1,500,1995,800347.6269305521,5819644.246915093
1330,3195,SFD,1330,1,1,500,1995,803718.8072576411,5829470.538393736
1331,3364,SFD,1331,1,1,500,1995,783279.2203213207,5827203.383125109
1332,9,SFD,1332,1,1,500,1995,795863.1222281517,5829085.377667001
1333,1460,SFD,1333,1,1,500,1995,794370.3823231917,5819857.926228069
1334,3175,SFD,1334,1,1,500,1995,789735.9407551647,5827347.970767432
1335,2734,SFD,1335,1,1,500,1995,794747.6969865473,5821023.591329181
1336,961,SFD,1336,1,1,500,1995,793127.7281211702,5832889.908951267
1337,1064,SFD,1337,1,1,500,1995,791392.6984219914,5816217.8954518465
1338,381,SFD,1338,1,1,500,1995,789772.0924158671,5824903.621238634
1339,2815,SFD,1339,1,1,500,1995,809550.0335355422,5831951.1010609185
1340,876,SFD,1340,1,1,500,1995,798916.8818018251,5833235.199292476
1341,1571,SFD,1341,1,1,500,1995,799441.722632853,5831602.708436145
1342,1366,SFD,1342,1,1,500,1995,808997.377728546,5833118.241865546
1343,3498,SFD,1343,1,1,500,1995,791971.4364289372,5826889.024121947
1344,2845,SFD,1344,1,1,500,1995,794633.9054013584,5823954.062333886
1345,897,SFD,1345,1,1,500,1995,792358.8422065795,5828143.409798717
1346,14,SFD,1346,1,1,500,1995,815590.0498034214,5829522.422161821
1347,110,SFD,1347,1,1,500,1995,799684.1725513574,5830801.315579585
1348,1400,SFD,1348,1,1,500,1995,797337.4176505915,5836647.9639277095
1349,555,SFD,1349,1,1,500,1995,808222.3080847812,5830759.513717435
1350,1076,SFD,1350,1,1,500,1995,790910.5096676799,5826759.267024097
1351,166,SFD,1351,1,1,500,1995,800526.6903930464,5831147.275387457
1352,646,SFD,1352,1,1,500,1995,795803.5895438417,5816922.526936891
1353,995,SFD,1353,1,1,500,1995,804948.3219967973,5827786.859879236
1354,819,SFD,1354,1,1,500,1995,796863.2563002314,5830690.37578834
1355,3216,SFD,1355,1,1,500,1995,806503.9949993996,5833474.2990340395
1356,3126,SFD,1356,1,1,500,1995,814289.5645950737,5820862.128510389
1357,1498,SFD,1357,1,1,500,1995,799349.0489086453,5826585.199459982
1358,2532,SFD,1358,1,1,500,1995,802697.2614530795,5832769.791758766
1359,954,SFD,1359,1,1,500,1995,802634.5308217288,5826077.220840762
1360,2180,SFD,1360,1,1,500,1995,789422.9261281274,5829396.1666199295
1361,2367,SFD,1361,1,1,500,1995,793821.0549900355,5824155.91344317
1362,1424,SFD,1362,1,1,500,1995,793450.6582098948,5823502.010484385
1363,3491,SFD,1363,1,1,500,1995,797085.5082054934,5824241.269804575
1364,1031,SFD,1364,1,1,500,1995,794808.732330709,5833875.264210314
1365,2740,SFD,1365,1,1,500,1995,799308.5234050911,5831742.22723148
1366,363,SFD,1366,1,1,500,1995,801565.1175031567,5828546.97201283
1367,1012,SFD,1367,1,1,500,1995,794022.8766053224,5817076.400758243
1368,3451,SFD,1368,1,1,500,1995,793350.0362020149,5821970.252025225
1369,2044,SFD,1369,1,1,500,1995,808029.4235470644,5816528.52490363
1370,1289,SFD,1370,1,1,500,1995,794445.3271841542,5821893.087064092
1371,3235,SFD,1371,1,1,500,1995,800514.5515727478,5823166.046105341
1372,2461,SFD,1372,1,1,500,1995,795364.0700854681,5820149.0097966995
1373,84,SFD,1373,1,1,500,1995,800193.4173377252,5825403.279431339
1374,2992,SFD,1374,1,1,500,1995,800159.2807795692,5823451.6353735505
1375,3122,SFD,1375,1,1,500,1995,800357.6286000736,5833407.037824764
1376,1528,SFD,1376,1,1,500,1995,798759.2471201054,5828404.358014003
1377,1540,SFD,1377,1,1,500,1995,795762.1335965453,5819802.597161359
1378,1362,SFD,1378,1,1,500,1995,791676.2968511182,5826069.426597719
1379,1417,SFD,1379,1,1,500,1995,804543.7224206505,5821929.696991924
1380,2648,SFD,1380,1,1,500,1995,800471.0039402996,5829536.108273295
1381,3037,SFD,1381,1,1,500,1995,799658.4648032534,5832618.857337621
1382,1399,SFD,1382,1,1,500,1995,814623.2772158606,5821525.730561644
1383,2593,SFD,1383,1,1,500,1995,800186.6228311746,5825159.318975552
1384,1362,SFD,1384,1,1,500,1995,802849.1126615668,5829628.941673131
1385,2308,SFD,1385,1,1,500,1995,800569.7821521265,5829244.717048544
1386,796,SFD,1386,1,1,500,1995,805541.2411387875,5830284.157388548
1387,3145,SFD,1387,1,1,500,1995,784961.3831480333,5827901.078141824
1388,2300,SFD,1388,1,1,500,1995,800756.6150272576,5814342.792261157
1389,414,SFD,1389,1,1,500,1995,793271.348036955,5825797.954869086
1390,3024,SFD,1390,1,1,500,1995,807626.0190655441,5815987.861024424
1391,3463,SFD,1391,1,1,500,1995,804691.5651771226,5830702.620664576
1392,239,SFD,1392,1,1,500,1995,795785.4068522672,5828363.741726371
1393,1968,SFD,1393,1,1,500,1995,798903.8648478908,5831146.912083398
1394,1440,SFD,1394,1,1,500,1995,797205.0773329418,5824866.708488363
1395,669,SFD,1395,1,1,500,1995,802649.3009516145,5829542.827446585
1396,2351,SFD,1396,1,1,500,1995,799484.6995824245,5829783.106357541
1397,1098,SFD,1397,1,1,500,1995,790681.055637537,5818528.577172504
1398,551,SFD,1398,1,1,500,1995,802725.4367531079,5827752.9535362935
1399,1770,SFD,1399,1,1,500,1995,800404.9011038748,5828638.705799245
1400,1486,SFD,1400,1,1,500,1995,798359.4683677573,5833652.969435663
1401,691,SFD,1401,1,1,500,1995,802385.5243212865,5817279.020061979
1402,183,SFD,1402,1,1,500,1995,804469.8262202195,5841197.384405285
1403,1587,SFD,1403,1,1,500,1995,796267.3193316066,5817629.220884392
1404,121,SFD,1404,1,1,500,1995,810595.7216615995,5819733.284931243
1405,392,SFD,1405,1,1,500,1995,800211.7331555083,5823058.259446667
1406,1071,SFD,1406,1,1,500,1995,802655.1742631621,5825362.651208156
1407,1238,SFD,1407,1,1,500,1995,797379.5359050559,5821476.606491558
1408,1644,SFD,1408,1,1,500,1995,796856.8443989496,5821957.6150452485
1409,1250,SFD,1409,1,1,500,1995,808970.7773599697,5833093.552319606
1410,3050,SFD,1410,1,1,500,1995,795186.9312535578,5827955.687266646
1411,1550,SFD,1411,1,1,500,1995,805266.5429178664,5827785.655862469
1412,2525,SFD,1412,1,1,500,1995,812355.3697265411,5825218.8937739
1413,3032,SFD,1413,1,1,500,1995,809372.7346755876,5825131.035741306
1414,2141,SFD,1414,1,1,500,1995,811574.658115692,5829246.267511418
1415,3467,SFD,1415,1,1,500,1995,794417.9373657178,5825702.12554279
1416,1985,SFD,1416,1,1,500,1995,800519.1887562147,5831198.57967254
1417,3082,SFD,1417,1,1,500,1995,791370.2821160927,5824910.032236333
1418,369,SFD,1418,1,1,500,1995,782467.6615603146,5830695.441744709
1419,217,SFD,1419,1,1,500,1995,784740.5627225863,5826976.420695888
1420,1447,SFD,1420,1,1,500,1995,790164.8084850442,5839592.354277747
1421,1031,SFD,1421,1,1,500,1995,802139.9948578347,5820211.4052963555
1422,3248,SFD,1422,1,1,500,1995,801577.3063110458,5824646.718031098
1423,456,SFD,1423,1,1,500,1995,807327.622810951,5827586.86981357
1424,86,SFD,1424,1,1,500,1995,797617.1789209484,5824903.310689041
1425,1961,SFD,1425,1,1,500,1995,796285.5365101912,5829093.629035114
1426,1514,SFD,1426,1,1,500,1995,795660.1897722255,5831073.31242916
1427,1489,SFD,1427,1,1,500,1995,803067.511704271,5819855.088798761
1428,1206,SFD,1428,1,1,500,1995,796916.7056154322,5822852.336190783
1429,746,SFD,1429,1,1,500,1995,805105.1839705404,5825957.446470399
1430,2627,SFD,1430,1,1,500,1995,795212.1948481026,5820105.138095298
1431,2652,SFD,1431,1,1,500,1995,782597.8478950582,5827412.216545498
1432,3222,SFD,1432,1,1,500,1995,791213.7133153232,5827200.472894459
1433,3217,SFD,1433,1,1,500,1995,807317.0327459539,5824483.671360142
1434,256,SFD,1434,1,1,500,1995,780545.1513649363,5826824.037233437
1435,339,SFD,1435,1,1,500,1995,810971.1414823835,5831774.555789584
1436,2973,SFD,1436,1,1,500,1995,803967.5829132517,5842872.172929412
1437,1480,SFD,1437,1,1,500,1995,799175.8461332552,5828577.369111113
1438,1768,SFD,1438,1,1,500,1995,812095.6055982297,5820544.486403317
1439,2551,SFD,1439,1,1,500,1995,800408.2620349792,5823787.7967829155
1440,78,SFD,1440,1,1,500,1995,801742.8928130069,5820270.931440545
1441,2093,SFD,1441,1,1,500,1995,801521.4729294546,5822825.959072321
1442,2178,SFD,1442,1,1,500,1995,801211.8848363473,5827754.643996735
1443,1535,SFD,1443,1,1,500,1995,801797.3212057512,5825850.418085345
1444,171,SFD,1444,1,1,500,1995,802705.4647630397,5827859.178330094
1445,71,SFD,1445,1,1,500,1995,784432.7151527776,5832354.781289635
1446,241,SFD,1446,1,1,500,1995,799741.4117113684,5832536.700596194
1447,3426,SFD,1447,1,1,500,1995,800267.0135231401,5816571.622506076
1448,711,SFD,1448,1,1,500,1995,784331.541738036,5829432.794566106
1449,2977,SFD,1449,1,1,500,1995,800778.9927204147,5824153.356948263
1450,3311,SFD,1450,1,1,500,1995,801861.7691677837,5824290.864377426
1451,110,SFD,1451,1,1,500,1995,793959.2135811425,5828078.0463909535
1452,2744,SFD,1452,1,1,500,1995,798950.5291219786,5830158.860650574
1453,3010,SFD,1453,1,1,500,1995,798091.1888440968,5822017.393893469
1454,1931,SFD,1454,1,1,500,1995,805174.5504607768,5818681.38492921
1455,2558,SFD,1455,1,1,500,1995,807125.64941259,5817474.338161193
1456,32,SFD,1456,1,1,500,1995,792287.175740483,5819088.348253038
1457,3325,SFD,1457,1,1,500,1995,808031.1842904205,5830304.807013781
1458,3314,SFD,1458,1,1,500,1995,795879.3292783174,5832147.595982281
1459,1757,SFD,1459,1,1,500,1995,800458.2180556031,5831246.782052416
1460,315,SFD,1460,1,1,500,1995,809533.827375493,5831546.921648149
1461,2121,SFD,1461,1,1,500,1995,794088.801415913,5823198.293140837
1462,1785,SFD,1462,1,1,500,1995,792524.285000386,5815460.656313422
1463,2869,SFD,1463,1,1,500,1995,798855.902790353,5831250.045498755
1464,1319,SFD,1464,1,1,500,1995,782050.1021922752,5826800.208828944
1465,1090,SFD,1465,1,1,500,1995,783656.3755258882,5829903.375262945
1466,2049,SFD,1466,1,1,500,1995,792985.5408637065,5837529.1688259095
1467,691,SFD,1467,1,1,500,1995,802176.6971446788,5828675.227805548
1468,2843,SFD,1468,1,1,500,1995,795692.3964048775,5824636.201234134
1469,2962,SFD,1469,1,1,500,1995,798271.3320046954,5829579.129381125
1470,2979,SFD,1470,1,1,500,1995,782760.2459487737,5830852.368032694
1471,53,SFD,1471,1,1,500,1995,793452.758595523,5825025.335411569
1472,2358,SFD,1472,1,1,500,1995,797986.6807507883,5832909.79609561
1473,823,SFD,1473,1,1,500,1995,790490.358428634,5827154.885858738
1474,2299,SFD,1474,1,1,500,1995,802674.2951874698,5831583.018808769
1475,470,SFD,1475,1,1,500,1995,796422.9621049733,5833564.1485395515
1476,1716,SFD,1476,1,1,500,1995,797402.1357530782,5821059.874025255
1477,1610,SFD,1477,1,1,500,1995,810639.9765819006,5825418.793387924
1478,2628,SFD,1478,1,1,500,1995,786494.1447829206,5817517.713174818
1479,3198,SFD,1479,1,1,500,1995,805512.7267621732,5816655.32682919
1480,68,SFD,1480,1,1,500,1995,799866.5659439133,5837642.092513997
1481,241,SFD,1481,1,1,500,1995,782448.4574449435,5827233.1098068785
1482,299,SFD,1482,1,1,500,1995,801387.7482203043,5822544.033557179
1483,1738,SFD,1483,1,1,500,1995,795947.8958225411,5824062.385161704
1484,1570,SFD,1484,1,1,500,1995,800050.508417607,5838376.171401702
1485,2834,SFD,1485,1,1,500,1995,805710.4972967312,5831273.872502927
1486,2558,SFD,1486,1,1,500,1995,784829.155258808,5826306.76712099
1487,2000,SFD,1487,1,1,500,1995,805034.0473990527,5827881.564986915
1488,1211,SFD,1488,1,1,500,1995,790948.7131236827,5817905.996513522
1489,1178,SFD,1489,1,1,500,1995,799538.268826486,5826096.68327549
1490,252,SFD,1490,1,1,500,1995,811877.550228041,5830579.857085486
1491,3348,SFD,1491,1,1,500,1995,808164.0602928383,5831360.704517692
1492,1522,SFD,1492,1,1,500,1995,796015.9006303308,5819391.237091687
1493,202,SFD,1493,1,1,500,1995,802591.8952509952,5827090.964529992
1494,2715,SFD,1494,1,1,500,1995,798774.9375942885,5832782.056688162
1495,1169,SFD,1495,1,1,500,1995,804087.7360827249,5828732.82555041
1496,304,SFD,1496,1,1,500,1995,810897.5242121259,5820371.047801674
1497,805,SFD,1497,1,1,500,1995,801911.1895779474,5832125.323200563
1498,1633,SFD,1498,1,1,500,1995,812083.6803042775,5820235.1575636305
1499,379,SFD,1499,1,1,500,1995,805543.8925305186,5826233.409126689
1500,2518,SFD,1500,1,1,500,1995,787849.1089164949,5817628.600895549
1501,257,SFD,1501,1,1,500,1995,804332.1771906784,5817500.892225569
1502,1883,SFD,1502,1,1,500,1995,784793.7892026232,5831154.398450001
1503,2591,SFD,1503,1,1,500,1995,802807.497928818,5827560.386457092
1504,1733,SFD,1504,1,1,500,1995,798178.4161094318,5826097.1283209715
1505,1553,SFD,1505,1,1,500,1995,799612.6527789228,5829709.2594380295
1506,2627,SFD,1506,1,1,500,1995,822122.9887727872,5819154.0468741255
1507,98,SFD,1507,1,1,500,1995,795198.6798699992,5820391.094286209
1508,1483,SFD,1508,1,1,500,1995,806166.0674426572,5825827.6928496035
1509,1566,SFD,1509,1,1,500,1995,797648.9896828025,5836536.583320839
1510,3090,SFD,1510,1,1,500,1995,801730.413984813,5823628.306681554
1511,1920,SFD,1511,1,1,500,1995,794542.6151678725,5831260.892870314
1512,1059,SFD,1512,1,1,500,1995,806193.991062674,5823696.626281047
1513,2741,SFD,1513,1,1,500,1995,805920.0711949982,5818728.258962968
1514,1128,SFD,1514,1,1,500,1995,801700.4898680903,5819233.346829454
1515,2263,SFD,1515,1,1,500,1995,794561.472373685,5830781.124340729
1516,5,SFD,1516,1,1,500,1995,792016.876834034,5827154.133553312
1517,2403,SFD,1517,1,1,500,1995,800830.7950516506,5829798.07565912
1518,357,SFD,1518,1,1,500,1995,782856.36963623,5815667.494094965
1519,2708,SFD,1519,1,1,500,1995,799387.3145512261,5830969.357422538
1520,1922,SFD,1520,1,1,500,1995,793882.6739089786,5822729.228633955
1521,1994,SFD,1521,1,1,500,1995,799663.3670766595,5838608.346141404
1522,2972,SFD,1522,1,1,500,1995,801630.9285543747,5829207.25931902
1523,669,SFD,1523,1,1,500,1995,797574.6725045145,5819518.352028995
1524,2384,SFD,1524,1,1,500,1995,795473.7275892964,5830755.102946417
1525,701,SFD,1525,1,1,500,1995,798707.5369093762,5825664.066391362
1526,2086,SFD,1526,1,1,500,1995,800465.8299957069,5823190.724844472
1527,874,SFD,1527,1,1,500,1995,812068.8234819048,5829234.516640433
1528,2779,SFD,1528,1,1,500,1995,800476.101092268,5824800.032723365
1529,2488,SFD,1529,1,1,500,1995,793292.0429627202,5819329.841676099
1530,2584,SFD,1530,1,1,500,1995,784402.1525922879,5830371.255715382
1531,2627,SFD,1531,1,1,500,1995,800607.6834453158,5822073.042821722
1532,3059,SFD,1532,1,1,500,1995,799619.0908134083,5837765.731736524
1533,2550,SFD,1533,1,1,500,1995,805233.4298575523,5826652.999949762
1534,2353,SFD,1534,1,1,500,1995,800700.2005487087,5826082.306525455
1535,1218,SFD,1535,1,1,500,1995,797648.6637928635,5825648.753895445
1536,2993,SFD,1536,1,1,500,1995,800077.8681372169,5837927.789583966
1537,2050,SFD,1537,1,1,500,1995,795558.6174356977,5833409.121512052
1538,2124,SFD,1538,1,1,500,1995,799157.1133550601,5812205.257144026
1539,2587,SFD,1539,1,1,500,1995,794319.296018783,5838140.449955708
1540,2681,SFD,1540,1,1,500,1995,795848.5148952708,5828127.7562417295
1541,2109,SFD,1541,1,1,500,1995,804561.0853996954,5830033.726369287
1542,1875,SFD,1542,1,1,500,1995,788791.5301305312,5817477.783514104
1543,399,SFD,1543,1,1,500,1995,789802.098347167,5834063.841864759
1544,1782,SFD,1544,1,1,500,1995,801234.6758174659,5831598.4394980585
1545,2626,SFD,1545,1,1,500,1995,798077.5738555179,5818925.909077539
1546,1410,SFD,1546,1,1,500,1995,811061.6718573357,5827432.043519826
1547,647,SFD,1547,1,1,500,1995,803378.5462181111,5818900.210707315
1548,2726,SFD,1548,1,1,500,1995,789922.196735725,5824372.131255967
1549,566,SFD,1549,1,1,500,1995,808851.4126654733,5831515.19922953
1550,3055,SFD,1550,1,1,500,1995,791000.8301990378,5829285.458980669
1551,2586,SFD,1551,1,1,500,1995,785085.1368970287,5829581.329538749
1552,64,SFD,1552,1,1,500,1995,813013.567181072,5831150.56529838
1553,2851,SFD,1553,1,1,500,1995,804101.0451899812,5829272.967200201
1554,1043,SFD,1554,1,1,500,1995,795737.8983968915,5829307.286231733
1555,2174,SFD,1555,1,1,500,1995,790865.3791893902,5829290.82038813
1556,3085,SFD,1556,1,1,500,1995,804847.8351183131,5831610.073344023
1557,2851,SFD,1557,1,1,500,1995,797967.0904069234,5836287.116110671
1558,2157,SFD,1558,1,1,500,1995,794878.6672676401,5821912.955311311
1559,689,SFD,1559,1,1,500,1995,797212.8271002492,5821010.894498554
1560,1834,SFD,1560,1,1,500,1995,796314.9243596792,5824356.773570392
1561,3177,SFD,1561,1,1,500,1995,798848.4157344177,5829236.753389471
1562,422,SFD,1562,1,1,500,1995,793091.4186779944,5827455.701404052
1563,1719,SFD,1563,1,1,500,1995,796025.2684994079,5824796.341113281
1564,356,SFD,1564,1,1,500,1995,801704.9362389813,5823907.399585458
1565,1979,SFD,1565,1,1,500,1995,809481.6676415785,5830093.685425898
1566,2449,SFD,1566,1,1,500,1995,808365.0265486323,5830002.340496304
1567,1757,SFD,1567,1,1,500,1995,793956.9559021597,5827902.193177104
1568,2406,SFD,1568,1,1,500,1995,795630.488691729,5825363.373093749
1569,3147,SFD,1569,1,1,500,1995,791424.1430367179,5822633.954704073
1570,2633,SFD,1570,1,1,500,1995,795370.6841548134,5832308.271705296
1571,2732,SFD,1571,1,1,500,1995,812817.2842213213,5824503.4741137745
1572,916,SFD,1572,1,1,500,1995,792468.6208499181,5833081.536721115
1573,1646,SFD,1573,1,1,500,1995,798671.0899113489,5830100.6420289725
1574,2566,SFD,1574,1,1,500,1995,800654.1774135425,5824297.010124831
1575,1644,SFD,1575,1,1,500,1995,791375.8605250942,5822888.431060357
1576,799,SFD,1576,1,1,500,1995,794699.598765995,5815532.032675357
1577,604,SFD,1577,1,1,500,1995,791331.3962537748,5824101.539510506
1578,1609,SFD,1578,1,1,500,1995,801742.7873598858,5829129.858549438
1579,2441,SFD,1579,1,1,500,1995,808800.5900301131,5815534.904818858
1580,1252,SFD,1580,1,1,500,1995,796557.8181104364,5815992.112731414
1581,3245,SFD,1581,1,1,500,1995,802132.9701273137,5828640.194009104
1582,1785,SFD,1582,1,1,500,1995,798347.2428679045,5829807.022090356
1583,719,SFD,1583,1,1,500,1995,799721.9304309275,5832212.009160866
1584,1110,SFD,1584,1,1,500,1995,808297.1276010929,5825128.830004711
1585,933,SFD,1585,1,1,500,1995,792350.0686088603,5818632.799273971
1586,3027,SFD,1586,1,1,500,1995,804478.2829621461,5826509.517444858
1587,2542,SFD,1587,1,1,500,1995,790519.1789597094,5834883.498109145
1588,3335,SFD,1588,1,1,500,1995,794360.3046496105,5816616.494215607
1589,1946,SFD,1589,1,1,500,1995,803263.5804284681,5827219.449434969
1590,2381,SFD,1590,1,1,500,1995,803071.7180142466,5818116.826142354
1591,1300,SFD,1591,1,1,500,1995,798938.8962649412,5818164.924990486
1592,1463,SFD,1592,1,1,500,1995,802355.8821554934,5831538.17948628
1593,1445,SFD,1593,1,1,500,1995,792791.7727529027,5833169.8524461165
1594,895,SFD,1594,1,1,500,1995,799352.6384517058,5829072.50255207
1595,52,SFD,1595,1,1,500,1995,792516.5300535116,5816936.833247315
1596,3261,SFD,1596,1,1,500,1995,787878.1927720171,5830263.5326569155
1597,2887,SFD,1597,1,1,500,1995,791136.1849205394,5821589.300751962
1598,2954,SFD,1598,1,1,500,1995,799527.8898685875,5832445.983855621
1599,321,SFD,1599,1,1,500,1995,794941.8002380575,5830050.0910508875
1600,2566,SFD,1600,1,1,500,1995,795031.525769886,5830852.553631435
1601,857,SFD,1601,1,1,500,1995,801199.4023350801,5825881.538389351
1602,1630,SFD,1602,1,1,500,1995,805232.9256634817,5826858.194466714
1603,599,SFD,1603,1,1,500,1995,784977.734415194,5829653.1813111575
1604,1136,SFD,1604,1,1,500,1995,791239.6528631268,5823632.853468619
1605,1638,SFD,1605,1,1,500,1995,794151.2700141749,5836526.924264868
1606,1928,SFD,1606,1,1,500,1995,800277.2772146757,5812714.566800821
1607,1299,SFD,1607,1,1,500,1995,801127.3800200496,5827542.282798639
1608,2436,SFD,1608,1,1,500,1995,807030.1008688502,5826374.8625993645
1609,943,SFD,1609,1,1,500,1995,813427.6319916202,5827801.782507421
1610,3317,SFD,1610,1,1,500,1995,782440.4325358736,5828284.823919884
1611,405,SFD,1611,1,1,500,1995,796048.583472152,5833042.256459321
1612,1892,SFD,1612,1,1,500,1995,792953.588060386,5821921.135319771
1613,3363,SFD,1613,1,1,500,1995,798870.0079430618,5821785.258977533
1614,2811,SFD,1614,1,1,500,1995,783171.4213430164,5829453.557767433
1615,823,SFD,1615,1,1,500,1995,793405.4009949358,5821815.109050703
1616,589,SFD,1616,1,1,500,1995,799031.6054501203,5832625.756280746
1617,3482,SFD,1617,1,1,500,1995,799352.8473734036,5825411.512608631
1618,1226,SFD,1618,1,1,500,1995,800897.2411170163,5834656.63569673
1619,141,SFD,1619,1,1,500,1995,810417.0379544437,5820027.89434849
1620,716,SFD,1620,1,1,500,1995,791264.708358374,5817580.933369854
1621,2288,SFD,1621,1,1,500,1995,807001.6184846612,5826469.313414881
1622,1142,SFD,1622,1,1,500,1995,805948.7543411984,5825635.407939979
1623,1327,SFD,1623,1,1,500,1995,791475.8734850073,5829712.866750674
1624,2124,SFD,1624,1,1,500,1995,805186.6204237259,5828038.594803819
1625,1439,SFD,1625,1,1,500,1995,813939.3881555648,5821179.345401309
1626,3063,SFD,1626,1,1,500,1995,797529.978917334,5824177.222566826
1627,2748,SFD,1627,1,1,500,1995,791547.9558829481,5827964.585622136
1628,413,SFD,1628,1,1,500,1995,803151.3205901525,5824309.906008788
1629,862,SFD,1629,1,1,500,1995,793057.1862543263,5834979.828403924
1630,169,SFD,1630,1,1,500,1995,800636.2467964616,5824983.074014071
1631,1489,SFD,1631,1,1,500,1995,794397.4976702209,5828077.03069283
1632,2732,SFD,1632,1,1,500,1995,802077.8955956541,5830267.595234738
1633,742,SFD,1633,1,1,500,1995,803392.5662997878,5827542.2160280105
1634,772,SFD,1634,1,1,500,1995,801147.3317950761,5822536.354890004
1635,2439,SFD,1635,1,1,500,1995,785402.0726154085,5830237.027955193
1636,2768,SFD,1636,1,1,500,1995,809267.5940744723,5831255.972386115
1637,2415,SFD,1637,1,1,500,1995,805737.6693910662,5828119.998081016
1638,1580,SFD,1638,1,1,500,1995,802202.9684630336,5821070.359965318
1639,2307,SFD,1639,1,1,500,1995,800803.7166823465,5831517.006153108
1640,1383,SFD,1640,1,1,500,1995,806324.3614886224,5829784.620204357
1641,274,SFD,1641,1,1,500,1995,793765.8359876858,5824111.530476115
1642,2631,SFD,1642,1,1,500,1995,814525.1209682993,5820602.441083297
1643,1690,SFD,1643,1,1,500,1995,795106.4191842477,5836500.14468077
1644,3353,SFD,1644,1,1,500,1995,791823.1373689966,5827529.665706714
1645,1017,SFD,1645,1,1,500,1995,791790.2915727424,5825536.264558406
1646,1828,SFD,1646,1,1,500,1995,784401.7004807809,5827274.060003264
1647,1977,SFD,1647,1,1,500,1995,793203.7022876781,5825251.538868314
1648,2939,SFD,1648,1,1,500,1995,782231.0012099044,5828232.3297386775
1649,1300,SFD,1649,1,1,500,1995,792952.7921747817,5827099.6118710665
1650,1739,SFD,1650,1,1,500,1995,796457.4995099715,5824301.416585619
1651,1863,SFD,1651,1,1,500,1995,800898.0635871006,5824377.211423496
1652,3500,SFD,1652,1,1,500,1995,785414.4964411274,5830959.546786146
1653,785,SFD,1653,1,1,500,1995,799289.5511724006,5829344.104883717
1654,2627,SFD,1654,1,1,500,1995,793828.9770562532,5833751.086744448
1655,2058,SFD,1655,1,1,500,1995,801371.1521011555,5828774.093390544
1656,395,SFD,1656,1,1,500,1995,797340.2745006536,5823780.800803558
1657,3313,SFD,1657,1,1,500,1995,794178.3688233206,5827866.0581691805
1658,2043,SFD,1658,1,1,500,1995,793344.9385085569,5819733.046366979
1659,1480,SFD,1659,1,1,500,1995,782513.4629661804,5827504.123601963
1660,884,SFD,1660,1,1,500,1995,803353.105805946,5822180.09698249
1661,1708,SFD,1661,1,1,500,1995,785142.9133161295,5830288.253709819
1662,778,SFD,1662,1,1,500,1995,796796.2263871743,5831840.688262335
1663,2234,SFD,1663,1,1,500,1995,790472.0881196698,5826558.674602636
1664,2240,SFD,1664,1,1,500,1995,801185.1000592092,5816649.979911048
1665,1482,SFD,1665,1,1,500,1995,799797.7803134412,5832481.777573118
1666,3013,SFD,1666,1,1,500,1995,790704.2901202854,5824685.236045738
1667,1844,SFD,1667,1,1,500,1995,791792.7906252143,5838248.144090858
1668,532,SFD,1668,1,1,500,1995,797304.6216139239,5824662.37917925
1669,2028,SFD,1669,1,1,500,1995,802535.7875590243,5828886.653066561
1670,348,SFD,1670,1,1,500,1995,794179.383202241,5828471.500597303
1671,3204,SFD,1671,1,1,500,1995,793960.7101910759,5825332.3562403275
1672,2613,SFD,1672,1,1,500,1995,791463.6729840394,5825433.253351108
1673,194,SFD,1673,1,1,500,1995,795386.3069691402,5824772.467805074
1674,3042,SFD,1674,1,1,500,1995,802817.0179372531,5831947.345739645
1675,2086,SFD,1675,1,1,500,1995,787019.4245365341,5816715.7516950965
1676,2256,SFD,1676,1,1,500,1995,801929.6663726962,5827106.403435843
1677,1501,SFD,1677,1,1,500,1995,797368.4170041059,5819411.48714957
1678,1313,SFD,1678,1,1,500,1995,781199.6092598368,5830828.884088852
1679,1977,SFD,1679,1,1,500,1995,804766.6076941104,5827694.692550853
1680,3437,SFD,1680,1,1,500,1995,792190.8190287163,5827519.329877114
1681,1552,SFD,1681,1,1,500,1995,801229.133023176,5824474.6901627
1682,1050,SFD,1682,1,1,500,1995,802787.8339100897,5827956.163260253
1683,12,SFD,1683,1,1,500,1995,804964.3444464332,5831227.685579966
1684,358,SFD,1684,1,1,500,1995,807721.5813643401,5824384.987784323
1685,247,SFD,1685,1,1,500,1995,810397.2623435749,5815536.097261364
1686,1305,SFD,1686,1,1,500,1995,791679.542746784,5822394.528694077
1687,1459,SFD,1687,1,1,500,1995,801990.2367169182,5827591.770675843
1688,1462,SFD,1688,1,1,500,1995,785445.1816542291,5830092.287968399
1689,3485,SFD,1689,1,1,500,1995,794116.2097379086,5827219.333031592
1690,1198,SFD,1690,1,1,500,1995,803598.7522404268,5821998.275775276
1691,1684,SFD,1691,1,1,500,1995,802372.203785135,5829436.259185723
1692,2967,SFD,1692,1,1,500,1995,801310.8936170823,5825899.5262715835
1693,2214,SFD,1693,1,1,500,1995,793888.1281956941,5827869.509652037
1694,2620,SFD,1694,1,1,500,1995,802256.0235999068,5817967.074914463
1695,1099,SFD,1695,1,1,500,1995,787885.1228598945,5819184.150941026
1696,1165,SFD,1696,1,1,500,1995,789068.7850723854,5819537.080413048
1697,303,SFD,1697,1,1,500,1995,797459.8797255906,5832849.745056155
1698,87,SFD,1698,1,1,500,1995,792729.0758494195,5822140.600489615
1699,3290,SFD,1699,1,1,500,1995,806028.0089481843,5815159.384658514
1700,65,SFD,1700,1,1,500,1995,807028.5903083093,5824529.244878449
1701,2441,SFD,1701,1,1,500,1995,783970.0837655677,5830374.843587245
1702,2381,SFD,1702,1,1,500,1995,811296.1092635865,5823472.405883365
1703,807,SFD,1703,1,1,500,1995,799882.1855057064,5826820.787650587
1704,366,SFD,1704,1,1,500,1995,795286.2059914405,5831303.746124703
1705,704,SFD,1705,1,1,500,1995,799240.811742207,5825961.6228045365
1706,2449,SFD,1706,1,1,500,1995,807440.8597823,5836209.8564100275
1707,1624,SFD,1707,1,1,500,1995,794638.7912945386,5817081.504078904
1708,236,SFD,1708,1,1,500,1995,789868.2444019197,5826405.332933517
1709,221,SFD,1709,1,1,500,1995,793273.3418621097,5818593.8079312295
1710,2886,SFD,1710,1,1,500,1995,804841.951333402,5822510.199889637
1711,2244,SFD,1711,1,1,500,1995,810551.2290926864,5824520.666456699
1712,2899,SFD,1712,1,1,500,1995,793116.1604411057,5821434.061833263
1713,2078,SFD,1713,1,1,500,1995,791470.0678422346,5825822.036503334
1714,1731,SFD,1714,1,1,500,1995,794813.4416067805,5819497.344568548
1715,2976,SFD,1715,1,1,500,1995,802766.3621388776,5838573.276713563
1716,1406,SFD,1716,1,1,500,1995,809544.065959254,5820801.813577106
1717,352,SFD,1717,1,1,500,1995,789571.6641704929,5815459.644121294
1718,3399,SFD,1718,1,1,500,1995,801318.3515582148,5826011.942473743
1719,557,SFD,1719,1,1,500,1995,796790.8701659075,5816639.181109539
1720,662,SFD,1720,1,1,500,1995,798666.2906004977,5832243.242293598
1721,1532,SFD,1721,1,1,500,1995,804907.413144833,5830352.5413198145
1722,1991,SFD,1722,1,1,500,1995,785158.1643823881,5816590.6461601965
1723,2277,SFD,1723,1,1,500,1995,798779.9163068556,5832699.707034388
1724,1505,SFD,1724,1,1,500,1995,781209.2368634839,5827886.3757812185
1725,1483,SFD,1725,1,1,500,1995,791600.7100192595,5826306.150711344
1726,1708,SFD,1726,1,1,500,1995,798212.3006591002,5829644.3371985555
1727,849,SFD,1727,1,1,500,1995,803031.6238474157,5828888.906999965
1728,2793,SFD,1728,1,1,500,1995,799875.7585069868,5836188.084801072
1729,519,SFD,1729,1,1,500,1995,804445.5622618305,5817221.384478167
1730,1417,SFD,1730,1,1,500,1995,800560.1850494435,5825686.613430427
1731,653,SFD,1731,1,1,500,1995,794164.1001522858,5835619.08658883
1732,2866,SFD,1732,1,1,500,1995,795167.0816216418,5830255.787835474
1733,422,SFD,1733,1,1,500,1995,800070.3956458666,5829642.241481496
1734,846,SFD,1734,1,1,500,1995,795669.9599281647,5817634.076376739
1735,3140,SFD,1735,1,1,500,1995,803913.2840432848,5827257.027130852
1736,2090,SFD,1736,1,1,500,1995,803198.2142883982,5832715.899517619
1737,793,SFD,1737,1,1,500,1995,799361.5676300314,5831221.79410389
1738,1394,SFD,1738,1,1,500,1995,803133.1439166648,5827195.05975847
1739,452,SFD,1739,1,1,500,1995,800739.2587849777,5829597.702577449
1740,1877,SFD,1740,1,1,500,1995,813049.9814031891,5825036.702033551
1741,1456,SFD,1741,1,1,500,1995,794699.897352034,5832294.602732485
1742,1758,SFD,1742,1,1,500,1995,796717.8019086872,5832609.0788281495
1743,3406,SFD,1743,1,1,500,1995,791804.3894007254,5829297.160878034
1744,581,SFD,1744,1,1,500,1995,797833.0900368585,5829059.354998127
1745,1626,SFD,1745,1,1,500,1995,800510.0528276728,5823830.948911469
1746,870,SFD,1746,1,1,500,1995,790938.6982334952,5827557.146154674
1747,2675,SFD,1747,1,1,500,1995,804502.3277649547,5830159.591770495
1748,2077,SFD,1748,1,1,500,1995,800982.2887686687,5824290.724361484
1749,791,SFD,1749,1,1,500,1995,811528.390645456,5819764.937117325
1750,1103,SFD,1750,1,1,500,1995,806331.2078490625,5829339.876107323
1751,2494,SFD,1751,1,1,500,1995,804954.0415179953,5833767.510628401
1752,3215,SFD,1752,1,1,500,1995,792482.3999529607,5815535.409352766
1753,2909,SFD,1753,1,1,500,1995,794085.4154661252,5829105.0734628225
1754,824,SFD,1754,1,1,500,1995,802150.7138517182,5837174.772954131
1755,2025,SFD,1755,1,1,500,1995,800263.3365136737,5831979.355023244
1756,370,SFD,1756,1,1,500,1995,798178.0834672551,5824514.104569437
1757,1028,SFD,1757,1,1,500,1995,791392.9369843503,5838605.9360483475
1758,1274,SFD,1758,1,1,500,1995,793622.3050853927,5823312.452020397
1759,2499,SFD,1759,1,1,500,1995,783290.1789874434,5830025.878367765
1760,98,SFD,1760,1,1,500,1995,796672.33318361,5817521.896739869
1761,747,SFD,1761,1,1,500,1995,800022.8347528927,5813372.498344422
1762,431,SFD,1762,1,1,500,1995,793764.3051068056,5821793.103114052
1763,1709,SFD,1763,1,1,500,1995,796889.0907475679,5819743.096393486
1764,487,SFD,1764,1,1,500,1995,792685.5054550595,5822056.563111679
1765,708,SFD,1765,1,1,500,1995,795380.0644263254,5837295.32606064
1766,3305,SFD,1766,1,1,500,1995,791550.2732635227,5817232.927161065
1767,1886,SFD,1767,1,1,500,1995,813151.290578206,5830648.240235682
1768,2753,SFD,1768,1,1,500,1995,795185.1819141041,5825696.839692319
1769,2672,SFD,1769,1,1,500,1995,793747.9726619273,5823371.64138295
1770,2332,SFD,1770,1,1,500,1995,794780.0685316692,5818910.161505082
1771,1922,SFD,1771,1,1,500,1995,799035.9627085128,5831165.1573332865
1772,2124,SFD,1772,1,1,500,1995,808422.7768340902,5833932.408830174
1773,179,SFD,1773,1,1,500,1995,803968.9486092799,5826313.925309573
1774,570,SFD,1774,1,1,500,1995,811892.9538311476,5822733.749176184
1775,1494,SFD,1775,1,1,500,1995,784329.7524556664,5828456.295429777
1776,3027,SFD,1776,1,1,500,1995,804923.4678758539,5818590.6924484875
1777,327,SFD,1777,1,1,500,1995,800585.3218985288,5831099.54082477
1778,120,SFD,1778,1,1,500,1995,804335.8304630336,5834170.140941986
1779,513,SFD,1779,1,1,500,1995,799941.9882827897,5829706.950831339
1780,3198,SFD,1780,1,1,500,1995,794027.9957671005,5821524.830982281
1781,2145,SFD,1781,1,1,500,1995,791464.6197573184,5825385.967250819
1782,1379,SFD,1782,1,1,500,1995,798482.7064011563,5819878.692077025
1783,406,SFD,1783,1,1,500,1995,800702.211358704,5830760.362090369
1784,2133,SFD,1784,1,1,500,1995,784885.397153914,5829091.188969963
1785,2858,SFD,1785,1,1,500,1995,784617.7846536586,5827200.507665883
1786,1845,SFD,1786,1,1,500,1995,802020.9530586561,5827592.612846938
1787,2125,SFD,1787,1,1,500,1995,780736.4627566562,5826867.857653689
1788,575,SFD,1788,1,1,500,1995,799040.9746986583,5819763.9042278705
1789,2219,SFD,1789,1,1,500,1995,794957.978281392,5818957.634876915
1790,2229,SFD,1790,1,1,500,1995,799503.0763508313,5830714.410875614
1791,578,SFD,1791,1,1,500,1995,797186.5506082562,5824821.443355492
1792,2721,SFD,1792,1,1,500,1995,806291.0823286176,5817899.80521486
1793,3063,SFD,1793,1,1,500,1995,799287.121418802,5829001.020495548
1794,89,SFD,1794,1,1,500,1995,795044.6159949015,5824541.58873238
1795,330,SFD,1795,1,1,500,1995,795417.0326082057,5824759.911541773
1796,2265,SFD,1796,1,1,500,1995,805004.3776734675,5828121.86627593
1797,2334,SFD,1797,1,1,500,1995,796981.2296696745,5821092.109088744
1798,503,SFD,1798,1,1,500,1995,805566.5938543975,5821544.31033211
1799,3230,SFD,1799,1,1,500,1995,792970.8769626223,5824249.394042817
1800,3163,SFD,1800,1,1,500,1995,793889.4049755184,5819154.216029484
1801,339,SFD,1801,1,1,500,1995,790430.2862736472,5816324.473769871
1802,1856,SFD,1802,1,1,500,1995,785110.4138598806,5830351.626485622
1803,2941,SFD,1803,1,1,500,1995,804062.3355364243,5820601.0657492755
1804,3204,SFD,1804,1,1,500,1995,809726.2046673317,5832057.65480415
1805,1504,SFD,1805,1,1,500,1995,801925.0076006515,5822753.017039163
1806,49,SFD,1806,1,1,500,1995,793783.9721441248,5820830.268997291
1807,1965,SFD,1807,1,1,500,1995,799593.0081524308,5837324.614856796
1808,612,SFD,1808,1,1,500,1995,811703.6770621415,5830540.750684803
1809,2886,SFD,1809,1,1,500,1995,804712.444827164,5817560.1966836415
1810,3412,SFD,1810,1,1,500,1995,785928.5214311355,5837940.776889993
1811,3310,SFD,1811,1,1,500,1995,809960.9179966969,5831199.891669768
1812,3178,SFD,1812,1,1,500,1995,794297.4047048115,5837666.138976454
1813,1629,SFD,1813,1,1,500,1995,794390.4113699705,5823942.888628789
1814,2483,SFD,1814,1,1,500,1995,796759.253292989,5820628.989179788
1815,926,SFD,1815,1,1,500,1995,801599.3678480667,5822904.465556621
1816,752,SFD,1816,1,1,500,1995,799668.0889534785,5830884.718831756
1817,1141,SFD,1817,1,1,500,1995,804076.8376943709,5828912.873611281
1818,892,SFD,1818,1,1,500,1995,793411.1863810271,5833107.973736817
1819,3174,SFD,1819,1,1,500,1995,797508.209787026,5821502.056516825
1820,1380,SFD,1820,1,1,500,1995,810958.6490546386,5828533.962007145
1821,446,SFD,1821,1,1,500,1995,805950.444254486,5821344.720999148
1822,1046,SFD,1822,1,1,500,1995,800206.4984913168,5830542.294168011
1823,1270,SFD,1823,1,1,500,1995,792141.9870520025,5820611.867805448
1824,3030,SFD,1824,1,1,500,1995,796874.8903409274,5836242.765626849
1825,3399,SFD,1825,1,1,500,1995,820293.3230374546,5820854.5912846085
1826,2011,SFD,1826,1,1,500,1995,804043.7169597582,5822636.10544529
1827,2792,SFD,1827,1,1,500,1995,795302.0383737893,5830048.111575396
1828,2107,SFD,1828,1,1,500,1995,803213.2027236891,5827955.101120274
1829,1277,SFD,1829,1,1,500,1995,799679.1534370582,5825157.760146045
1830,2291,SFD,1830,1,1,500,1995,785040.6821749103,5827486.781417346
1831,2147,SFD,1831,1,1,500,1995,801339.3147167701,5817058.813701199
1832,604,SFD,1832,1,1,500,1995,792640.5572975699,5824797.4138034955
1833,3208,SFD,1833,1,1,500,1995,788894.5369195543,5830128.5857012365
1834,2900,SFD,1834,1,1,500,1995,792839.135670494,5825244.586794565
1835,247,SFD,1835,1,1,500,1995,800190.6465121045,5829954.691668303
1836,425,SFD,1836,1,1,500,1995,798523.1480665808,5828523.782483718
1837,1398,SFD,1837,1,1,500,1995,803232.7419266922,5831647.921768742
1838,448,SFD,1838,1,1,500,1995,791179.0107095484,5827104.327474956
1839,2830,SFD,1839,1,1,500,1995,799016.627863229,5830057.68058421
1840,2982,SFD,1840,1,1,500,1995,807659.3050668866,5817748.696505643
1841,2639,SFD,1841,1,1,500,1995,803479.9324594392,5829612.145989255
1842,2053,SFD,1842,1,1,500,1995,791293.9640360193,5836566.78491716
1843,2258,SFD,1843,1,1,500,1995,806831.4711868044,5821365.380823905
1844,804,SFD,1844,1,1,500,1995,799335.9317856734,5825430.694005537
1845,2083,SFD,1845,1,1,500,1995,799793.8201609312,5815358.63624002
1846,2857,SFD,1846,1,1,500,1995,802881.0425259012,5821004.400702637
1847,3105,SFD,1847,1,1,500,1995,790898.6415032558,5823210.696608838
1848,1287,SFD,1848,1,1,500,1995,802483.5875159872,5820012.585718794
1849,1651,SFD,1849,1,1,500,1995,801093.3526558704,5821276.460836463
1850,1214,SFD,1850,1,1,500,1995,790760.2037073805,5833722.427809671
1851,2786,SFD,1851,1,1,500,1995,782633.1262404957,5821309.30396248
1852,591,SFD,1852,1,1,500,1995,802690.5801801297,5829241.855732822
1853,1036,SFD,1853,1,1,500,1995,813521.0704319227,5830742.023484152
1854,1400,SFD,1854,1,1,500,1995,800382.348501089,5813530.521836892
1855,822,SFD,1855,1,1,500,1995,805593.7178412974,5827180.163401198
1856,2245,SFD,1856,1,1,500,1995,793336.8399936063,5826381.273655601
1857,2018,SFD,1857,1,1,500,1995,793348.8656742369,5818451.610830793
1858,525,SFD,1858,1,1,500,1995,800752.9845291165,5821243.346316124
1859,2539,SFD,1859,1,1,500,1995,793407.9585896549,5833111.872712367
1860,1622,SFD,1860,1,1,500,1995,797925.7609330452,5819543.936338406
1861,2963,SFD,1861,1,1,500,1995,801689.3102014689,5825038.351786515
1862,970,SFD,1862,1,1,500,1995,793886.618766418,5836620.419327096
1863,2306,SFD,1863,1,1,500,1995,793261.3133950869,5818208.770588845
1864,1536,SFD,1864,1,1,500,1995,798737.575607928,5816911.11395156
1865,553,SFD,1865,1,1,500,1995,801132.911620176,5836582.695937925
1866,2490,SFD,1866,1,1,500,1995,808576.0652437315,5826271.523512505
1867,771,SFD,1867,1,1,500,1995,801986.0619944165,5821991.948860639
1868,3240,SFD,1868,1,1,500,1995,783598.3163911244,5825964.837535292
1869,1233,SFD,1869,1,1,500,1995,785657.383571553,5831608.676633887
1870,1471,SFD,1870,1,1,500,1995,806182.2426580912,5834268.396474634
1871,910,SFD,1871,1,1,500,1995,804454.3865048994,5830691.777644114
1872,1123,SFD,1872,1,1,500,1995,780777.3221608131,5829554.669356073
1873,310,SFD,1873,1,1,500,1995,806807.2470787233,5818492.096685935
1874,2733,SFD,1874,1,1,500,1995,792940.5981533381,5839067.124539296
1875,1689,SFD,1875,1,1,500,1995,809121.3345052743,5830187.536572884
1876,2500,SFD,1876,1,1,500,1995,803249.1429454496,5818741.772756764
1877,1927,SFD,1877,1,1,500,1995,798853.3810670108,5819755.446993079
1878,3414,SFD,1878,1,1,500,1995,799830.3558596873,5825653.307349289
1879,676,SFD,1879,1,1,500,1995,792933.3868389803,5815650.374718478
1880,3016,SFD,1880,1,1,500,1995,801429.0662060555,5823543.822725725
1881,2276,SFD,1881,1,1,500,1995,801087.9601916464,5838065.911360812
1882,316,SFD,1882,1,1,500,1995,806580.4484238675,5833868.163186019
1883,395,SFD,1883,1,1,500,1995,804720.3662717924,5820453.98804704
1884,1898,SFD,1884,1,1,500,1995,804378.9222647134,5828230.1555322055
1885,2182,SFD,1885,1,1,500,1995,807137.7763302525,5833799.315514912
1886,700,SFD,1886,1,1,500,1995,798743.6251177508,5824708.756864446
1887,1414,SFD,1887,1,1,500,1995,794256.4684216499,5823202.908090487
1888,1766,SFD,1888,1,1,500,1995,791737.4178146459,5826212.788274937
1889,3045,SFD,1889,1,1,500,1995,787358.563539297,5816840.049369544
1890,3408,SFD,1890,1,1,500,1995,790630.863034934,5821635.0072505195
1891,2059,SFD,1891,1,1,500,1995,793914.9192654358,5820753.943794789
1892,3041,SFD,1892,1,1,500,1995,792886.7533805266,5834794.407118207
1893,2002,SFD,1893,1,1,500,1995,805500.6354376134,5827477.972273549
1894,256,SFD,1894,1,1,500,1995,807029.5627525786,5822472.24978159
1895,1086,SFD,1895,1,1,500,1995,793526.3876593048,5820054.986071994
1896,2258,SFD,1896,1,1,500,1995,792102.9568540534,5817427.622771112
1897,2734,SFD,1897,1,1,500,1995,793591.2144968157,5823483.617585054
1898,1932,SFD,1898,1,1,500,1995,797411.946511976,5824841.968669925
1899,2245,SFD,1899,1,1,500,1995,802499.7875085921,5827261.028075347
1900,1349,SFD,1900,1,1,500,1995,785497.8142937953,5832051.99393132
1901,3190,SFD,1901,1,1,500,1995,799231.7232774767,5825641.177259697
1902,2478,SFD,1902,1,1,500,1995,787113.7798917007,5830194.63428438
1903,1344,SFD,1903,1,1,500,1995,797492.4203327908,5820901.876741036
1904,357,SFD,1904,1,1,500,1995,794316.8996229171,5832885.102482307
1905,2211,SFD,1905,1,1,500,1995,803164.5389154553,5832025.470796194
1906,811,SFD,1906,1,1,500,1995,780544.5964509541,5819103.284665981
1907,1071,SFD,1907,1,1,500,1995,809648.7527756176,5834435.806198288
1908,2643,SFD,1908,1,1,500,1995,791816.3005232956,5826724.429289337
1909,1189,SFD,1909,1,1,500,1995,803379.6721575225,5818594.085123382
1910,1157,SFD,1910,1,1,500,1995,798994.8761796246,5816365.979999523
1911,3007,SFD,1911,1,1,500,1995,799833.4989533187,5821738.82926748
1912,1293,SFD,1912,1,1,500,1995,808350.6463037156,5829198.118508593
1913,3112,SFD,1913,1,1,500,1995,794998.5301384663,5833157.858343103
1914,3281,SFD,1914,1,1,500,1995,804127.1163201148,5818951.559548747
1915,2207,SFD,1915,1,1,500,1995,801878.5008522703,5827429.902703286
1916,1061,SFD,1916,1,1,500,1995,809751.1055356117,5833635.900239445
1917,1335,SFD,1917,1,1,500,1995,785533.5837369692,5830988.717833043
1918,2950,SFD,1918,1,1,500,1995,792163.7156795333,5826976.456711047
1919,2327,SFD,1919,1,1,500,1995,805333.9140532059,5834571.285844536
1920,173,SFD,1920,1,1,500,1995,792111.1547957376,5826534.3991102185
1921,868,SFD,1921,1,1,500,1995,786640.9436595074,5833360.556162635
1922,3155,SFD,1922,1,1,500,1995,811222.1319268605,5827333.749756475
1923,808,SFD,1923,1,1,500,1995,793285.7398086443,5823276.794672526
1924,3061,SFD,1924,1,1,500,1995,806476.2605224994,5821444.286705188
1925,3373,SFD,1925,1,1,500,1995,785946.3623202976,5831274.15716179
1926,1180,SFD,1926,1,1,500,1995,821734.8997904232,5819035.109067696
1927,1004,SFD,1927,1,1,500,1995,793139.8229560065,5835545.5348402355
1928,1380,SFD,1928,1,1,500,1995,800861.9076216558,5826235.377467032
1929,729,SFD,1929,1,1,500,1995,800171.2211803544,5824531.329851268
1930,1440,SFD,1930,1,1,500,1995,794384.3883477075,5825215.984458142
1931,1457,SFD,1931,1,1,500,1995,792409.8993182445,5833791.918031807
1932,886,SFD,1932,1,1,500,1995,803105.8512068326,5829148.038628769
1933,2692,SFD,1933,1,1,500,1995,803205.7710431772,5827810.812901867
1934,1364,SFD,1934,1,1,500,1995,805448.5032658945,5826587.02640287
1935,1041,SFD,1935,1,1,500,1995,793866.0838668749,5824243.89092069
1936,1238,SFD,1936,1,1,500,1995,810913.523511774,5821327.041229689
1937,3193,SFD,1937,1,1,500,1995,797546.8718792123,5821782.0796845965
1938,2668,SFD,1938,1,1,500,1995,805951.0489558328,5822262.491487481
1939,3168,SFD,1939,1,1,500,1995,796301.0338194652,5818403.044942615
1940,1352,SFD,1940,1,1,500,1995,795288.8901850153,5818598.829684001
1941,2894,SFD,1941,1,1,500,1995,801633.7579185036,5817360.244422461
1942,492,SFD,1942,1,1,500,1995,804561.891397296,5833680.04164382
1943,2117,SFD,1943,1,1,500,1995,783662.5853801537,5828894.468214398
1944,2532,SFD,1944,1,1,500,1995,791010.4362035766,5832891.105968501
1945,586,SFD,1945,1,1,500,1995,794086.5501212883,5831430.092065268
1946,2969,SFD,1946,1,1,500,1995,803369.3287187439,5827164.267062875
1947,2696,SFD,1947,1,1,500,1995,805559.763869748,5826715.248833883
1948,2875,SFD,1948,1,1,500,1995,794728.0771957459,5833725.241438548
1949,1899,SFD,1949,1,1,500,1995,796080.1470404428,5830652.027211759
1950,74,SFD,1950,1,1,500,1995,799728.4184058057,5832211.294603819
1951,753,SFD,1951,1,1,500,1995,794442.1041170242,5832882.476402426
1952,2910,SFD,1952,1,1,500,1995,804599.0173877504,5818469.132700264
1953,2983,SFD,1953,1,1,500,1995,794924.1123447093,5824601.364383435
1954,2185,SFD,1954,1,1,500,1995,793601.4793287178,5835931.721254165
1955,3006,SFD,1955,1,1,500,1995,789255.1687377489,5817657.2310771635
1956,1401,SFD,1956,1,1,500,1995,804114.4465409366,5840211.526804046
1957,2133,SFD,1957,1,1,500,1995,789823.3566583826,5834072.193318253
1958,3191,SFD,1958,1,1,500,1995,809267.94480944,5833133.220369681
1959,2995,SFD,1959,1,1,500,1995,809357.1127047281,5819934.513773073
1960,1916,SFD,1960,1,1,500,1995,800326.5551325676,5822253.198346917
1961,3280,SFD,1961,1,1,500,1995,810391.457370684,5819696.399158136
1962,2349,SFD,1962,1,1,500,1995,799800.7833452323,5829403.311742548
1963,1871,SFD,1963,1,1,500,1995,793103.0368383834,5820562.963723993
1964,1669,SFD,1964,1,1,500,1995,791475.3873657167,5826448.861086684
1965,2663,SFD,1965,1,1,500,1995,798864.6503110963,5831364.867655026
1966,1478,SFD,1966,1,1,500,1995,804772.238365287,5832009.793833462
1967,68,SFD,1967,1,1,500,1995,788907.664542723,5816429.6286836
1968,3043,SFD,1968,1,1,500,1995,806113.9402248256,5826112.744378851
1969,3065,SFD,1969,1,1,500,1995,806353.7919621306,5834465.313074405
1970,2226,SFD,1970,1,1,500,1995,810034.5385203292,5833774.51705531
1971,1724,SFD,1971,1,1,500,1995,808414.5714805985,5824251.165054773
1972,1860,SFD,1972,1,1,500,1995,812124.083907977,5818850.79972193
1973,2129,SFD,1973,1,1,500,1995,796820.3248028908,5831404.334325923
1974,1968,SFD,1974,1,1,500,1995,794369.902738462,5827141.744085775
1975,2187,SFD,1975,1,1,500,1995,804237.3201796999,5817174.149242821
1976,2367,SFD,1976,1,1,500,1995,801445.0235211421,5823089.596266036
1977,1447,SFD,1977,1,1,500,1995,803404.4362890362,5839787.399913071
1978,1448,SFD,1978,1,1,500,1995,801281.3332513289,5821141.247617865
1979,3436,SFD,1979,1,1,500,1995,795269.7631703657,5823240.304630107
1980,440,SFD,1980,1,1,500,1995,794161.2959749172,5828132.492413446
1981,542,SFD,1981,1,1,500,1995,814001.331892913,5821571.031065217
1982,2371,SFD,1982,1,1,500,1995,796697.2857977683,5832205.274053453
1983,2539,SFD,1983,1,1,500,1995,794606.1940856891,5833265.673721064
1984,2549,SFD,1984,1,1,500,1995,813458.1481458741,5816434.356196712
1985,1973,SFD,1985,1,1,500,1995,794880.8561652999,5816891.185598015
1986,2488,SFD,1986,1,1,500,1995,797405.3367061943,5836518.777165272
1987,2834,SFD,1987,1,1,500,1995,794886.3894057,5830149.476005986
1988,3189,SFD,1988,1,1,500,1995,791158.0476923751,5839350.540658612
1989,2693,SFD,1989,1,1,500,1995,812748.7811575301,5821321.227614312
1990,2965,SFD,1990,1,1,500,1995,799629.537217459,5832010.418969435
1991,3216,SFD,1991,1,1,500,1995,799827.4344722738,5827766.950526313
1992,3287,SFD,1992,1,1,500,1995,786411.0428549844,5831236.684407164
1993,3440,SFD,1993,1,1,500,1995,805053.6479345333,5831585.9386880575
1994,2375,SFD,1994,1,1,500,1995,800408.1774861754,5822015.698008042
1995,3123,SFD,1995,1,1,500,1995,809392.2608112434,5821385.587868345
1996,2246,SFD,1996,1,1,500,1995,807026.5116047838,5824573.008605167
1997,2964,SFD,1997,1,1,500,1995,809619.7292019057,5816446.884262877
1998,563,SFD,1998,1,1,500,1995,794448.2342682232,5833591.932556644
1999,2778,SFD,1999,1,1,500,1995,800185.091647729,5829712.018319432
2000,2464,SFD,2000,1,1,500,1995,803871.158259083,5830169.053175988
2001,2831,SFD,2001,1,1,500,1995,809366.4001195183,5833855.825127411
2002,2759,SFD,2002,1,1,500,1995,796359.1526953429,5836359.230434155
2003,1367,SFD,2003,1,1,500,1995,792544.4633984787,5817540.250774135
2004,3078,SFD,2004,1,1,500,1995,797409.6867238402,5829699.117599074
2005,87,SFD,2005,1,1,500,1995,809666.8869565157,5834201.995592664
2006,2757,SFD,2006,1,1,500,1995,808113.7073916302,5828762.5998486215
2007,3252,SFD,2007,1,1,500,1995,804930.9417504355,5826704.326314858
2008,2395,SFD,2008,1,1,500,1995,811936.0832851547,5820064.301001958
2009,2883,SFD,2009,1,1,500,1995,800193.7529658334,5832078.567385099
2010,2,SFD,2010,1,1,500,1995,796951.4536717184,5822705.022530514
2011,2789,SFD,2011,1,1,500,1995,792478.3261449486,5825798.901009256
2012,721,SFD,2012,1,1,500,1995,810274.6204490075,5832366.943257339
2013,65,SFD,2013,1,1,500,1995,810008.4210989708,5832850.582789124
2014,1858,SFD,2014,1,1,500,1995,798839.0637515382,5815315.547295526
2015,2558,SFD,2015,1,1,500,1995,796374.9642043848,5817208.875745234
2016,2385,SFD,2016,1,1,500,1995,810098.9930613684,5816914.757472936
2017,3044,SFD,2017,1,1,500,1995,801773.3506588668,5821990.616780435
2018,1140,SFD,2018,1,1,500,1995,798917.5918732865,5831743.762401075
2019,1978,SFD,2019,1,1,500,1995,799582.8532490963,5824771.78119608
2020,1826,SFD,2020,1,1,500,1995,794495.2398966041,5822313.184966085
2021,2001,SFD,2021,1,1,500,1995,803391.6429420324,5827224.235008026
2022,3305,SFD,2022,1,1,500,1995,804848.4336081261,5822222.98714352
2023,554,SFD,2023,1,1,500,1995,805193.5172388757,5827117.7543774685
2024,1390,SFD,2024,1,1,500,1995,803247.7547817104,5828984.71740834
2025,3041,SFD,2025,1,1,500,1995,809618.7424434724,5824340.62579917
2026,1119,SFD,2026,1,1,500,1995,805593.8172759162,5828023.80286792
2027,1510,SFD,2027,1,1,500,1995,793410.2659458627,5821990.052279159
2028,2004,SFD,2028,1,1,500,1995,799375.1598163915,5817494.552358443
2029,477,SFD,2029,1,1,500,1995,810695.8093739087,5832132.091382751
2030,1741,SFD,2030,1,1,500,1995,804797.140042167,5831766.674924868
2031,1098,SFD,2031,1,1,500,1995,796670.1508671583,5824555.687136381
2032,218,SFD,2032,1,1,500,1995,793828.5520892069,5824956.749117894
2033,2711,SFD,2033,1,1,500,1995,794328.6371443074,5821190.825050516
2034,2698,SFD,2034,1,1,500,1995,801170.5581590901,5827951.506578432
2035,390,SFD,2035,1,1,500,1995,791529.7842984728,5824195.340343445
2036,3150,SFD,2036,1,1,500,1995,800901.0595653487,5830896.770261691
2037,1155,SFD,2037,1,1,500,1995,794225.683058318,5821877.145182338
2038,3030,SFD,2038,1,1,500,1995,803391.6994879907,5827395.2001575995
2039,3228,SFD,2039,1,1,500,1995,792236.3787417307,5824742.750603859
2040,2581,SFD,2040,1,1,500,1995,794472.7738986376,5820710.30396494
2041,3490,SFD,2041,1,1,500,1995,784520.3523280255,5827220.477688627
2042,3412,SFD,2042,1,1,500,1995,793648.9406683514,5824226.997124809
2043,1078,SFD,2043,1,1,500,1995,804475.9953373014,5825608.812793034
2044,2185,SFD,2044,1,1,500,1995,788724.1912972939,5818525.128312945
2045,3070,SFD,2045,1,1,500,1995,804124.0431205874,5822351.971240328
2046,3482,SFD,2046,1,1,500,1995,811514.1400832111,5821607.969953808
2047,449,SFD,2047,1,1,500,1995,792951.9981154522,5837324.611387303
2048,1728,SFD,2048,1,1,500,1995,794731.3217494498,5823492.600673121
2049,2758,SFD,2049,1,1,500,1995,801285.7504536185,5824327.504656689
2050,2855,SFD,2050,1,1,500,1995,793712.1328217098,5837240.209316181
2051,1659,SFD,2051,1,1,500,1995,788823.2008900864,5827329.745220177
2052,3151,SFD,2052,1,1,500,1995,782982.4126339271,5829858.288408104
2053,2557,SFD,2053,1,1,500,1995,793780.3806952313,5821049.011887395
2054,1496,SFD,2054,1,1,500,1995,799820.9128719115,5816364.718222898
2055,750,SFD,2055,1,1,500,1995,801344.8739588843,5833367.860782571
2056,1267,SFD,2056,1,1,500,1995,804375.2958088121,5830533.788688381
2057,3075,SFD,2057,1,1,500,1995,811173.0345634185,5817062.872506233
2058,399,SFD,2058,1,1,500,1995,792463.148611877,5815441.0057476815
2059,166,SFD,2059,1,1,500,1995,811593.9628373067,5831819.744043862
2060,3179,SFD,2060,1,1,500,1995,795306.595255886,5837403.757742109
2061,1844,SFD,2061,1,1,500,1995,816901.1806625347,5816283.666673262
2062,457,SFD,2062,1,1,500,1995,801562.6598520608,5818654.453505724
2063,2129,SFD,2063,1,1,500,1995,793305.1620045254,5828339.248893874
2064,698,SFD,2064,1,1,500,1995,807321.6548408462,5827556.9906269265
2065,2780,SFD,2065,1,1,500,1995,791016.1754966971,5827166.64601597
2066,2226,SFD,2066,1,1,500,1995,806569.0862436894,5822162.093437516
2067,2431,SFD,2067,1,1,500,1995,793595.3893165952,5817135.420615183
2068,2925,SFD,2068,1,1,500,1995,793843.3694765798,5819549.246450585
2069,2053,SFD,2069,1,1,500,1995,800310.7201727624,5826054.575346495
2070,3456,SFD,2070,1,1,500,1995,805566.4748955066,5817160.793911804
2071,2549,SFD,2071,1,1,500,1995,800173.2633728299,5831286.715967228
2072,1307,SFD,2072,1,1,500,1995,802642.7806351337,5827850.569272163
2073,796,SFD,2073,1,1,500,1995,798364.5769136328,5831536.905092
2074,3216,SFD,2074,1,1,500,1995,801459.0316954183,5823702.6002748
2075,1594,SFD,2075,1,1,500,1995,801427.9426035497,5820731.831634561
2076,1997,SFD,2076,1,1,500,1995,799612.1021879723,5834094.8676760495
2077,2160,SFD,2077,1,1,500,1995,800534.5048308368,5833231.506266227
2078,1036,SFD,2078,1,1,500,1995,794377.4593120409,5822489.586278162
2079,2360,SFD,2079,1,1,500,1995,801199.6198505845,5827677.514952167
2080,1052,SFD,2080,1,1,500,1995,804931.084163697,5842329.654917191
2081,2056,SFD,2081,1,1,500,1995,816991.2090299318,5816688.0935952375
2082,1439,SFD,2082,1,1,500,1995,800716.2823190796,5822347.428864003
2083,893,SFD,2083,1,1,500,1995,782903.4391645674,5829348.668343512
2084,1816,SFD,2084,1,1,500,1995,797848.6896882395,5830491.03267951
2085,2478,SFD,2085,1,1,500,1995,783229.0205436882,5830417.245344679
2086,1650,SFD,2086,1,1,500,1995,797854.1544627578,5818733.708314765
2087,3320,SFD,2087,1,1,500,1995,792543.8818968546,5833044.755864109
2088,211,SFD,2088,1,1,500,1995,808055.5912664777,5821882.822116809
2089,2913,SFD,2089,1,1,500,1995,798967.1108696565,5831175.136251313
2090,2729,SFD,2090,1,1,500,1995,794661.1483054769,5836804.891500518
2091,536,SFD,2091,1,1,500,1995,813610.9398475988,5831265.464712641
2092,1216,SFD,2092,1,1,500,1995,808714.612991658,5833152.33192673
2093,2197,SFD,2093,1,1,500,1995,803904.9480398949,5817626.036152484
2094,2182,SFD,2094,1,1,500,1995,802211.3204625756,5817214.730279714
2095,75,SFD,2095,1,1,500,1995,811140.9126828889,5828041.83652947
2096,2419,SFD,2096,1,1,500,1995,800216.1283300001,5830260.26693265
2097,1892,SFD,2097,1,1,500,1995,787445.3485292117,5829592.191096588
2098,2642,SFD,2098,1,1,500,1995,795467.2749541791,5818190.816051926
2099,2207,SFD,2099,1,1,500,1995,799499.6245642807,5824590.469109325
2100,931,SFD,2100,1,1,500,1995,796149.9369575994,5819404.133907449
2101,3281,SFD,2101,1,1,500,1995,796270.0445038893,5824171.1392042665
2102,1494,SFD,2102,1,1,500,1995,792897.4602581642,5825564.263012412
2103,828,SFD,2103,1,1,500,1995,787333.9999610779,5817100.176399453
2104,1934,SFD,2104,1,1,500,1995,799528.6759532555,5834094.719827414
2105,2984,SFD,2105,1,1,500,1995,812561.0128221309,5829162.859421471
2106,2400,SFD,2106,1,1,500,1995,789153.0402542499,5829814.50936535
2107,2971,SFD,2107,1,1,500,1995,799762.9617083005,5832541.942794569
2108,3252,SFD,2108,1,1,500,1995,797890.0374307265,5819727.389694496
2109,2572,SFD,2109,1,1,500,1995,813011.5603907024,5823446.857336312
2110,612,SFD,2110,1,1,500,1995,780054.7162425062,5829808.186079896
2111,545,SFD,2111,1,1,500,1995,793467.3279077392,5824308.297112467
2112,1202,SFD,2112,1,1,500,1995,813321.4215157572,5831204.740841831
2113,273,SFD,2113,1,1,500,1995,805776.6846644487,5841554.855833234
2114,1058,SFD,2114,1,1,500,1995,794697.2373318847,5830763.265703376
2115,917,SFD,2115,1,1,500,1995,792217.7917550853,5824856.994029728
2116,1794,SFD,2116,1,1,500,1995,804970.0977006173,5822139.381628545
2117,2339,SFD,2117,1,1,500,1995,798762.0305232422,5826828.240223753
2118,1970,SFD,2118,1,1,500,1995,792697.5689898925,5832760.530830111
2119,2311,SFD,2119,1,1,500,1995,808727.9237889135,5831127.262127624
2120,2666,SFD,2120,1,1,500,1995,808754.7096533208,5833968.097725658
2121,1564,SFD,2121,1,1,500,1995,805390.9004399506,5815887.722159958
2122,1784,SFD,2122,1,1,500,1995,805494.5907321707,5830146.329527323
2123,1828,SFD,2123,1,1,500,1995,802939.9950981268,5826024.083344342
2124,2934,SFD,2124,1,1,500,1995,788923.2353933288,5816079.86760192
2125,1890,SFD,2125,1,1,500,1995,797414.3293574182,5831521.467035298
2126,3010,SFD,2126,1,1,500,1995,790095.9213564154,5824148.788010943
2127,1183,SFD,2127,1,1,500,1995,790508.1414547155,5836145.032574128
2128,604,SFD,2128,1,1,500,1995,795930.6295355326,5829017.633523493
2129,917,SFD,2129,1,1,500,1995,811414.7023320775,5829176.619958316
2130,2935,SFD,2130,1,1,500,1995,807620.6698911076,5821826.3722086735
2131,1939,SFD,2131,1,1,500,1995,798332.2310722205,5828558.934876806
2132,1326,SFD,2132,1,1,500,1995,790219.0977749708,5826637.112886334
2133,2963,SFD,2133,1,1,500,1995,784370.348325003,5831134.700186241
2134,1333,SFD,2134,1,1,500,1995,799291.939548865,5832671.822414607
2135,2204,SFD,2135,1,1,500,1995,804837.0891930816,5828398.009035401
2136,3441,SFD,2136,1,1,500,1995,795446.458235963,5824579.946458961
2137,603,SFD,2137,1,1,500,1995,790942.2582525839,5827330.883037302
2138,615,SFD,2138,1,1,500,1995,793466.1122626644,5822031.975178762
2139,340,SFD,2139,1,1,500,1995,794881.658337732,5823256.730364493
2140,394,SFD,2140,1,1,500,1995,802881.0900824608,5826998.505674752
2141,296,SFD,2141,1,1,500,1995,799284.2146268783,5831987.27048388
2142,2754,SFD,2142,1,1,500,1995,796770.5222625721,5829710.561720466
2143,1765,SFD,2143,1,1,500,1995,792589.8103131108,5835756.701958098
2144,1459,SFD,2144,1,1,500,1995,795870.1750212975,5816100.388478257
2145,67,SFD,2145,1,1,500,1995,808163.2578193592,5817923.399169545
2146,3194,SFD,2146,1,1,500,1995,796727.4368600333,5832402.592807606
2147,2241,SFD,2147,1,1,500,1995,799823.233195632,5830006.266918345
2148,3089,SFD,2148,1,1,500,1995,783209.5085875688,5826157.86772952
2149,2216,SFD,2149,1,1,500,1995,799951.5597246843,5832536.345104865
2150,2789,SFD,2150,1,1,500,1995,802719.6683680995,5825992.235753846
2151,1639,SFD,2151,1,1,500,1995,791808.28071769,5816902.51132772
2152,447,SFD,2152,1,1,500,1995,806555.9029162773,5824321.363657151
2153,1436,SFD,2153,1,1,500,1995,811567.5752565479,5820171.211738318
2154,1568,SFD,2154,1,1,500,1995,798776.3055138357,5834955.884899493
2155,2758,SFD,2155,1,1,500,1995,795548.4712825711,5830623.943377166
2156,3162,SFD,2156,1,1,500,1995,800255.0146069443,5836654.8998500975
2157,2573,SFD,2157,1,1,500,1995,799015.5586004038,5825788.042947147
2158,1774,SFD,2158,1,1,500,1995,794974.8607926161,5821644.92319422
2159,389,SFD,2159,1,1,500,1995,795824.7305835101,5818691.687643283
2160,3269,SFD,2160,1,1,500,1995,791567.2075225962,5834924.595777597
2161,2659,SFD,2161,1,1,500,1995,810550.789231482,5828298.74984982
2162,1442,SFD,2162,1,1,500,1995,794051.8777436989,5821906.320439559
2163,2857,SFD,2163,1,1,500,1995,784126.3371783358,5816279.953530858
2164,1340,SFD,2164,1,1,500,1995,811625.01157601,5822237.519141926
2165,3356,SFD,2165,1,1,500,1995,805290.2849391506,5830358.43255226
2166,1993,SFD,2166,1,1,500,1995,807047.2449864638,5833711.444704309
2167,494,SFD,2167,1,1,500,1995,803569.7548425372,5828404.343319262
2168,1746,SFD,2168,1,1,500,1995,783868.1326912986,5829961.972475973
2169,1933,SFD,2169,1,1,500,1995,812340.6485244213,5829971.576286166
2170,3417,SFD,2170,1,1,500,1995,809596.2857909547,5825590.135306956
2171,3212,SFD,2171,1,1,500,1995,801498.722829698,5836309.8880463345
2172,1380,SFD,2172,1,1,500,1995,808192.0457632757,5816659.204304196
2173,479,SFD,2173,1,1,500,1995,794015.6944925719,5835073.259086811
2174,3485,SFD,2174,1,1,500,1995,798020.6542208507,5830889.357650284
2175,3099,SFD,2175,1,1,500,1995,794337.9303574627,5823834.162465801
2176,2909,SFD,2176,1,1,500,1995,789344.1860138968,5826040.722241015
2177,3472,SFD,2177,1,1,500,1995,808564.083609428,5830579.527779454
2178,2490,SFD,2178,1,1,500,1995,801415.6868749263,5824367.879618188
2179,2275,SFD,2179,1,1,500,1995,789084.1086617986,5819687.045283637
2180,899,SFD,2180,1,1,500,1995,801624.8875586279,5823669.658659377
2181,469,SFD,2181,1,1,500,1995,812099.573460368,5821115.972867359
2182,779,SFD,2182,1,1,500,1995,797177.8214660927,5828189.058184651
2183,277,SFD,2183,1,1,500,1995,800553.2404937558,5825621.68050015
2184,2084,SFD,2184,1,1,500,1995,817282.865948438,5818062.233138218
2185,1933,SFD,2185,1,1,500,1995,797935.7925025637,5833176.635234607
2186,2501,SFD,2186,1,1,500,1995,794729.3831316456,5817625.739737305
2187,691,SFD,2187,1,1,500,1995,782116.104047565,5827146.281867483
2188,1839,SFD,2188,1,1,500,1995,798077.7294198534,5826535.35143192
2189,3417,SFD,2189,1,1,500,1995,800544.5426113452,5825115.683644826
2190,2121,SFD,2190,1,1,500,1995,792175.8713176767,5818211.175872159
2191,10,SFD,2191,1,1,500,1995,793928.9403446697,5823274.687917841
2192,2701,SFD,2192,1,1,500,1995,799127.3126279142,5831832.472792663
2193,2760,SFD,2193,1,1,500,1995,805320.5037268489,5815694.509183607
2194,1624,SFD,2194,1,1,500,1995,798389.4440817378,5834724.75018794
2195,1786,SFD,2195,1,1,500,1995,794047.4216185083,5820561.3618026525
2196,1997,SFD,2196,1,1,500,1995,798517.8735487957,5825767.3679091735
2197,3343,SFD,2197,1,1,500,1995,792513.0502832497,5819538.963466788
2198,590,SFD,2198,1,1,500,1995,799438.4018807183,5832274.005655633
2199,2649,SFD,2199,1,1,500,1995,812122.8313395476,5818258.364727613
2200,2252,SFD,2200,1,1,500,1995,794748.9703142323,5822907.032441058
2201,1006,SFD,2201,1,1,500,1995,798539.8029190497,5831462.402402235
2202,3394,SFD,2202,1,1,500,1995,802086.1747624474,5828409.738687079
2203,2833,SFD,2203,1,1,500,1995,801749.104331786,5825079.473360533
2204,689,SFD,2204,1,1,500,1995,811674.9855441081,5828828.016511188
2205,1805,SFD,2205,1,1,500,1995,797974.6356370384,5830806.784783127
2206,869,SFD,2206,1,1,500,1995,796252.856978423,5824273.893134219
2207,2545,SFD,2207,1,1,500,1995,807985.8159016538,5815320.266689849
2208,281,SFD,2208,1,1,500,1995,792511.1871975443,5825851.957316134
2209,609,SFD,2209,1,1,500,1995,801089.1002265606,5816605.5192038715
2210,1722,SFD,2210,1,1,500,1995,794180.5940246014,5832476.804250684
2211,1093,SFD,2211,1,1,500,1995,784986.3181626687,5827875.789560903
2212,175,SFD,2212,1,1,500,1995,792736.6544586064,5833384.810658454
2213,315,SFD,2213,1,1,500,1995,800840.4579854135,5812953.392378457
2214,1195,SFD,2214,1,1,500,1995,806339.7100543268,5827086.440269304
2215,2705,SFD,2215,1,1,500,1995,795964.0607182261,5823568.336515828
2216,3248,SFD,2216,1,1,500,1995,799633.133919318,5817257.316527991
2217,3,SFD,2217,1,1,500,1995,788955.1051956282,5815986.427411115
2218,1163,SFD,2218,1,1,500,1995,811256.8057181397,5831726.357235589
2219,157,SFD,2219,1,1,500,1995,793364.70312141,5822060.058234316
2220,1069,SFD,2220,1,1,500,1995,804586.2099668242,5817252.858761591
2221,2983,SFD,2221,1,1,500,1995,791631.095829234,5821358.208445648
2222,2668,SFD,2222,1,1,500,1995,791379.3054324837,5825246.556714871
2223,2174,SFD,2223,1,1,500,1995,800812.14821771,5813531.897608325
2224,630,SFD,2224,1,1,500,1995,796728.3854648744,5831211.175214299
2225,2802,SFD,2225,1,1,500,1995,801831.1251847516,5824740.343979013
2226,1907,SFD,2226,1,1,500,1995,806552.519474338,5820290.206750748
2227,1487,SFD,2227,1,1,500,1995,788277.6498877555,5816584.714089498
2228,124,SFD,2228,1,1,500,1995,809705.3208732302,5832016.445302673
2229,2653,SFD,2229,1,1,500,1995,786606.4007468119,5818284.582969695
2230,2619,SFD,2230,1,1,500,1995,792666.7517206832,5815174.371251217
2231,882,SFD,2231,1,1,500,1995,793389.3430396989,5822293.374786909
2232,1258,SFD,2232,1,1,500,1995,793166.0012530868,5822235.513341121
2233,1249,SFD,2233,1,1,500,1995,808453.7102064335,5831496.415816705
2234,1955,SFD,2234,1,1,500,1995,809316.4082433735,5828075.632909683
2235,1474,SFD,2235,1,1,500,1995,797995.2842411022,5826606.865958304
2236,2418,SFD,2236,1,1,500,1995,797416.1079988338,5828170.609653183
2237,83,SFD,2237,1,1,500,1995,800162.0401216547,5829420.768435586
2238,3316,SFD,2238,1,1,500,1995,795499.2079835203,5820083.647580093
2239,2347,SFD,2239,1,1,500,1995,786747.1700839563,5830431.327065213
2240,171,SFD,2240,1,1,500,1995,801253.2511367728,5822816.978369077
2241,2298,SFD,2241,1,1,500,1995,802558.2534059677,5817298.037303748
2242,2466,SFD,2242,1,1,500,1995,794236.2201255092,5825813.576425735
2243,592,SFD,2243,1,1,500,1995,806333.0702541332,5826110.822118374
2244,1374,SFD,2244,1,1,500,1995,799782.5631752245,5813494.734752937
2245,2437,SFD,2245,1,1,500,1995,800113.9638774078,5838059.651807985
2246,2574,SFD,2246,1,1,500,1995,803456.4234952824,5838037.162073322
2247,918,SFD,2247,1,1,500,1995,790384.0310573603,5820141.2285341825
2248,2438,SFD,2248,1,1,500,1995,794792.8374831981,5830901.534819548
2249,2369,SFD,2249,1,1,500,1995,799409.2555014403,5826270.808458452
2250,3223,SFD,2250,1,1,500,1995,797124.0329670528,5835384.90875616
2251,421,SFD,2251,1,1,500,1995,796034.3421536759,5825452.1213001665
2252,2441,SFD,2252,1,1,500,1995,790539.6932709343,5829637.669297335
2253,485,SFD,2253,1,1,500,1995,797514.1312924426,5835706.841974932
2254,2291,SFD,2254,1,1,500,1995,791828.4964209227,5825246.719812352
2255,632,SFD,2255,1,1,500,1995,796728.7883262491,5831360.061688931
2256,50,SFD,2256,1,1,500,1995,805355.5759252214,5834433.688746501
2257,1267,SFD,2257,1,1,500,1995,801576.6356989245,5821606.879070258
2258,2905,SFD,2258,1,1,500,1995,796161.4157816197,5833288.101996056
2259,3274,SFD,2259,1,1,500,1995,799009.4075100662,5813379.177356478
2260,245,SFD,2260,1,1,500,1995,792329.134153733,5824942.590995727
2261,3412,SFD,2261,1,1,500,1995,809614.4604881719,5832588.697281674
2262,2085,SFD,2262,1,1,500,1995,796465.8930554864,5819728.702730344
2263,1936,SFD,2263,1,1,500,1995,805278.1096228377,5817729.926425009
2264,3014,SFD,2264,1,1,500,1995,804947.8058686976,5827365.034136891
2265,3467,SFD,2265,1,1,500,1995,794756.4525646013,5817894.673612781
2266,1970,SFD,2266,1,1,500,1995,806890.7374263278,5833792.083098422
2267,1035,SFD,2267,1,1,500,1995,795017.9101942261,5829303.326591544
2268,2070,SFD,2268,1,1,500,1995,794037.4737721483,5827519.708428788
2269,2536,SFD,2269,1,1,500,1995,811621.5213419502,5817078.792730373
2270,1412,SFD,2270,1,1,500,1995,799116.6392657987,5831193.458712479
2271,2662,SFD,2271,1,1,500,1995,804138.221298486,5817624.991874137
2272,1343,SFD,2272,1,1,500,1995,807589.6453984547,5825183.630018654
2273,1950,SFD,2273,1,1,500,1995,806912.3299403121,5826333.3073002575
2274,2587,SFD,2274,1,1,500,1995,812011.8876024873,5826514.358992841
2275,2513,SFD,2275,1,1,500,1995,799485.3408153462,5824576.733897065
2276,10,SFD,2276,1,1,500,1995,785097.7119925716,5826196.228324994
2277,2739,SFD,2277,1,1,500,1995,796340.8201228762,5830550.810421031
2278,2592,SFD,2278,1,1,500,1995,793035.1286264809,5816560.549005197
2279,3461,SFD,2279,1,1,500,1995,810114.8939634738,5829932.836170295
2280,980,SFD,2280,1,1,500,1995,784991.9306787523,5827276.7800485
2281,1772,SFD,2281,1,1,500,1995,801006.8057654395,5833628.979672001
2282,1203,SFD,2282,1,1,500,1995,784145.8375905788,5829044.044630861
2283,92,SFD,2283,1,1,500,1995,811037.7656822992,5821127.860497293
2284,366,SFD,2284,1,1,500,1995,800689.7202159872,5825217.72613393
2285,1569,SFD,2285,1,1,500,1995,800494.5402787583,5823116.035887479
2286,1157,SFD,2286,1,1,500,1995,799921.6034103143,5829602.899595901
2287,241,SFD,2287,1,1,500,1995,782462.9063638006,5827393.288068952
2288,1835,SFD,2288,1,1,500,1995,802629.3563559671,5827660.792692064
2289,3093,SFD,2289,1,1,500,1995,803170.3783552791,5819731.788082722
2290,305,SFD,2290,1,1,500,1995,799177.1901800015,5836779.014954113
2291,2813,SFD,2291,1,1,500,1995,793115.8242903813,5826722.801356826
2292,569,SFD,2292,1,1,500,1995,794548.4548010263,5815443.886429998
2293,3370,SFD,2293,1,1,500,1995,795213.6373839196,5817308.0785092
2294,3463,SFD,2294,1,1,500,1995,811745.1423932886,5815643.317079163
2295,1617,SFD,2295,1,1,500,1995,799906.374936195,5827690.5128882015
2296,1086,SFD,2296,1,1,500,1995,789300.3901489645,5839587.169969291
2297,2240,SFD,2297,1,1,500,1995,789278.1408181293,5824681.248948313
2298,1061,SFD,2298,1,1,500,1995,798817.242995723,5828932.787654069
2299,144,SFD,2299,1,1,500,1995,788881.9347636721,5827013.738755235
2300,1781,SFD,2300,1,1,500,1995,795017.3950030359,5825408.663544639
2301,104,SFD,2301,1,1,500,1995,808369.1450158206,5828995.461658903
2302,1582,SFD,2302,1,1,500,1995,801179.8133927553,5825649.014675814
2303,137,SFD,2303,1,1,500,1995,804688.0371732013,5833873.448885116
2304,480,SFD,2304,1,1,500,1995,802194.7487034611,5822940.353812501
2305,670,SFD,2305,1,1,500,1995,795030.6335733503,5823284.63674883
2306,163,SFD,2306,1,1,500,1995,795630.0546502088,5831261.644949279
2307,3158,SFD,2307,1,1,500,1995,800194.386960689,5829415.419161337
2308,1011,SFD,2308,1,1,500,1995,803226.597596853,5824320.0038243085
2309,1490,SFD,2309,1,1,500,1995,794574.2256559124,5824926.409642324
2310,1152,SFD,2310,1,1,500,1995,794848.9571135908,5833214.6977489125
2311,345,SFD,2311,1,1,500,1995,798536.3794533226,5829202.678580147
2312,3436,SFD,2312,1,1,500,1995,796920.9736601604,5826797.022750241
2313,1688,SFD,2313,1,1,500,1995,803234.0671249324,5827061.930582996
2314,2141,SFD,2314,1,1,500,1995,812360.1960537254,5831413.505331693
2315,2144,SFD,2315,1,1,500,1995,793477.7865874481,5824577.9567111125
2316,3229,SFD,2316,1,1,500,1995,792205.9730421723,5826782.3611243
2317,2759,SFD,2317,1,1,500,1995,801663.1960580035,5824147.661802883
2318,3359,SFD,2318,1,1,500,1995,796594.8048642166,5833423.851441761
2319,1948,SFD,2319,1,1,500,1995,793352.2528950205,5833759.718763209
2320,3183,SFD,2320,1,1,500,1995,797961.5122302562,5824298.766494619
2321,180,SFD,2321,1,1,500,1995,803079.9767886853,5827457.475348469
2322,1375,SFD,2322,1,1,500,1995,791816.716527985,5833824.030327084
2323,3366,SFD,2323,1,1,500,1995,798431.0594555058,5834231.582924179
2324,1691,SFD,2324,1,1,500,1995,800404.4921414353,5821992.65074005
2325,2250,SFD,2325,1,1,500,1995,804585.6678909529,5833696.298284549
2326,1306,SFD,2326,1,1,500,1995,800032.9568012479,5830255.11179932
2327,1033,SFD,2327,1,1,500,1995,792518.1170890233,5819427.560904523
2328,8,SFD,2328,1,1,500,1995,796398.5276568055,5814747.530354922
2329,864,SFD,2329,1,1,500,1995,817041.7870422576,5817037.943464493
2330,1995,SFD,2330,1,1,500,1995,803608.0594718411,5831451.9522433765
2331,2209,SFD,2331,1,1,500,1995,800265.167682632,5822800.442829399
2332,800,SFD,2332,1,1,500,1995,793757.8115997255,5821456.441394413
2333,1059,SFD,2333,1,1,500,1995,806021.9942724406,5818837.724605726
2334,753,SFD,2334,1,1,500,1995,806433.0084740771,5822594.234485005
2335,489,SFD,2335,1,1,500,1995,795193.410404619,5824250.7210521605
2336,492,SFD,2336,1,1,500,1995,793722.3939679815,5836191.08538387
2337,2203,SFD,2337,1,1,500,1995,794365.5515583537,5821241.315410209
2338,2352,SFD,2338,1,1,500,1995,797568.3778307621,5821386.096729109
2339,2693,SFD,2339,1,1,500,1995,797122.9270302318,5829378.853275192
2340,1359,SFD,2340,1,1,500,1995,790051.9562406213,5829327.056184893
2341,2661,SFD,2341,1,1,500,1995,787335.4624485383,5817361.927380683
2342,1935,SFD,2342,1,1,500,1995,795731.7750863646,5828109.42919284
2343,1866,SFD,2343,1,1,500,1995,806713.506548211,5824026.794648397
2344,2339,SFD,2344,1,1,500,1995,789736.0593860161,5818673.771971872
2345,3353,SFD,2345,1,1,500,1995,793591.5104557012,5824142.727371404
2346,784,SFD,2346,1,1,500,1995,808988.5998330209,5832495.294189332
2347,1478,SFD,2347,1,1,500,1995,798003.1188700191,5832101.484257237
2348,2773,SFD,2348,1,1,500,1995,804620.8549356769,5817352.653567226
2349,1321,SFD,2349,1,1,500,1995,791336.9155977564,5822872.231262196
2350,1769,SFD,2350,1,1,500,1995,798391.6680540575,5824662.330846599
2351,1358,SFD,2351,1,1,500,1995,805997.4347597385,5825590.042774424
2352,1431,SFD,2352,1,1,500,1995,804466.3600750954,5839224.332854349
2353,298,SFD,2353,1,1,500,1995,812922.9631922335,5831112.633544075
2354,1700,SFD,2354,1,1,500,1995,795498.7119576305,5830324.935588568
2355,2335,SFD,2355,1,1,500,1995,800058.2869366097,5826818.92904294
2356,2359,SFD,2356,1,1,500,1995,800429.3055504605,5827345.907510671
2357,2145,SFD,2357,1,1,500,1995,811200.5500240326,5827280.397992076
2358,3478,SFD,2358,1,1,500,1995,799420.8859568143,5831000.762523991
2359,949,SFD,2359,1,1,500,1995,781178.9692257007,5814682.597626511
2360,1054,SFD,2360,1,1,500,1995,804516.5016510226,5839423.207878178
2361,379,SFD,2361,1,1,500,1995,793160.6670592257,5826070.135627192
2362,80,SFD,2362,1,1,500,1995,801830.765469773,5821972.0348614715
2363,1322,SFD,2363,1,1,500,1995,794887.0359496758,5837396.573009006
2364,2750,SFD,2364,1,1,500,1995,780668.1249160772,5819432.232002272
2365,686,SFD,2365,1,1,500,1995,798999.2037857089,5828723.836715396
2366,994,SFD,2366,1,1,500,1995,796429.4873807782,5835056.255213471
2367,46,SFD,2367,1,1,500,1995,789944.6424772545,5818858.045049225
2368,3026,SFD,2368,1,1,500,1995,795486.2412998215,5815663.974283403
2369,2514,SFD,2369,1,1,500,1995,797769.3667291536,5821747.475762158
2370,481,SFD,2370,1,1,500,1995,795885.6410635868,5835210.044352704
2371,2521,SFD,2371,1,1,500,1995,798438.1360027456,5826277.004644552
2372,801,SFD,2372,1,1,500,1995,785666.1351104558,5833518.463049283
2373,2900,SFD,2373,1,1,500,1995,795580.3788285158,5827855.195224927
2374,2101,SFD,2374,1,1,500,1995,798093.6074114491,5834533.682195605
2375,1290,SFD,2375,1,1,500,1995,794898.2692455465,5837320.684208542
2376,2022,SFD,2376,1,1,500,1995,800368.6454436992,5821907.362254268
2377,26,SFD,2377,1,1,500,1995,795820.8425612457,5829063.744318618
2378,2680,SFD,2378,1,1,500,1995,810844.057722118,5824443.42088372
2379,311,SFD,2379,1,1,500,1995,805968.9326022386,5834701.2954209475
2380,58,SFD,2380,1,1,500,1995,801811.0660430861,5822786.266344176
2381,2073,SFD,2381,1,1,500,1995,791156.3143429258,5829634.735401916
2382,2326,SFD,2382,1,1,500,1995,809954.2448100157,5832407.392993153
2383,766,SFD,2383,1,1,500,1995,795829.2637078094,5815249.41771202
2384,3203,SFD,2384,1,1,500,1995,793279.2718437968,5835456.539042012
2385,3093,SFD,2385,1,1,500,1995,808178.0599455776,5830066.393346965
2386,378,SFD,2386,1,1,500,1995,798588.6921630288,5834019.527513556
2387,546,SFD,2387,1,1,500,1995,801684.357630977,5830983.910692809
2388,1398,SFD,2388,1,1,500,1995,811541.1248356462,5819620.5497278655
2389,1262,SFD,2389,1,1,500,1995,794560.5603956659,5822614.835275413
2390,2474,SFD,2390,1,1,500,1995,793328.9200540847,5815975.3969415305
2391,3013,SFD,2391,1,1,500,1995,799294.5337374103,5826449.167469174
2392,2185,SFD,2392,1,1,500,1995,783220.2259619094,5826063.717147168
2393,412,SFD,2393,1,1,500,1995,793155.7030716843,5821190.543600397
2394,2616,SFD,2394,1,1,500,1995,792493.768937079,5817435.335134779
2395,967,SFD,2395,1,1,500,1995,793270.3894182651,5835368.809152695
2396,1076,SFD,2396,1,1,500,1995,798038.8753816675,5836370.9275011895
2397,1200,SFD,2397,1,1,500,1995,800127.2433653777,5822919.902928608
2398,2625,SFD,2398,1,1,500,1995,792145.5398928006,5827524.063305246
2399,2379,SFD,2399,1,1,500,1995,796442.9844100409,5815383.239029952
2400,889,SFD,2400,1,1,500,1995,798959.5777480681,5833846.580710312
2401,878,SFD,2401,1,1,500,1995,795044.0800914969,5817699.381057621
2402,782,SFD,2402,1,1,500,1995,792633.5642474887,5821091.211008627
2403,3149,SFD,2403,1,1,500,1995,781559.6792668947,5830479.859197248
2404,22,SFD,2404,1,1,500,1995,800462.212822377,5828660.17636526
2405,2199,SFD,2405,1,1,500,1995,799634.2575497096,5832206.054701132
2406,877,SFD,2406,1,1,500,1995,796093.9279452353,5833694.358798089
2407,1686,SFD,2407,1,1,500,1995,793075.3751219765,5821417.036234932
2408,279,SFD,2408,1,1,500,1995,800797.5311139415,5824569.503456867
2409,1097,SFD,2409,1,1,500,1995,813185.7705282106,5831121.162817162
2410,3309,SFD,2410,1,1,500,1995,791240.0040541625,5826082.858649961
2411,2413,SFD,2411,1,1,500,1995,796236.1570161781,5823469.741125607
2412,2361,SFD,2412,1,1,500,1995,801996.6731590298,5823671.8397876145
2413,3334,SFD,2413,1,1,500,1995,802830.4773258672,5832646.281604404
2414,2460,SFD,2414,1,1,500,1995,808994.5933711708,5833151.510752515
2415,1845,SFD,2415,1,1,500,1995,795163.9374923926,5828813.626400478
2416,2491,SFD,2416,1,1,500,1995,795513.0317436239,5819848.979900316
2417,1994,SFD,2417,1,1,500,1995,800408.794745879,5832007.604763342
2418,51,SFD,2418,1,1,500,1995,799504.6966010856,5813940.759673698
2419,3093,SFD,2419,1,1,500,1995,792924.8041039087,5818668.442288152
2420,691,SFD,2420,1,1,500,1995,794799.9427955956,5831007.858892025
2421,2433,SFD,2421,1,1,500,1995,802024.6621898813,5831260.955814679
2422,1543,SFD,2422,1,1,500,1995,797671.4746836,5832117.2116781715
2423,1312,SFD,2423,1,1,500,1995,797815.616358274,5825846.220031974
2424,529,SFD,2424,1,1,500,1995,810490.2379587649,5821375.471234517
2425,2112,SFD,2425,1,1,500,1995,808424.9205612176,5827721.538157974
2426,3395,SFD,2426,1,1,500,1995,797593.8089090267,5825223.72831725
2427,2728,SFD,2427,1,1,500,1995,780556.2919573467,5827632.444385785
2428,2753,SFD,2428,1,1,500,1995,798099.7535038537,5833741.504855039
2429,2549,SFD,2429,1,1,500,1995,803665.8349206559,5842217.880370273
2430,685,SFD,2430,1,1,500,1995,793850.1129440961,5818166.859721804
2431,3052,SFD,2431,1,1,500,1995,794678.25367692,5831689.182256607
2432,2738,SFD,2432,1,1,500,1995,798176.6849962638,5832894.041577454
2433,1418,SFD,2433,1,1,500,1995,802295.7537121715,5822908.909807912
2434,3099,SFD,2434,1,1,500,1995,804037.512929279,5839347.594949995
2435,2435,SFD,2435,1,1,500,1995,805082.272827279,5815684.36770891
2436,3164,SFD,2436,1,1,500,1995,801925.1067613931,5823498.547315072
2437,3251,SFD,2437,1,1,500,1995,791453.2589427996,5838524.0926912
2438,2360,SFD,2438,1,1,500,1995,797990.4109952645,5831028.629910356
2439,2497,SFD,2439,1,1,500,1995,789655.2615987528,5840485.605375942
2440,2323,SFD,2440,1,1,500,1995,796410.7778356732,5816149.466517827
2441,2888,SFD,2441,1,1,500,1995,795048.1671179696,5828568.940587959
2442,548,SFD,2442,1,1,500,1995,808309.2459823217,5831550.920775783
2443,2838,SFD,2443,1,1,500,1995,796239.4128088432,5833425.339609229
2444,3233,SFD,2444,1,1,500,1995,789549.8617535295,5818018.38887602
2445,2621,SFD,2445,1,1,500,1995,804743.1795395759,5831540.174381699
2446,1084,SFD,2446,1,1,500,1995,805636.211536196,5817371.803340025
2447,2818,SFD,2447,1,1,500,1995,798706.3551593611,5834848.974579634
2448,3247,SFD,2448,1,1,500,1995,792336.659070756,5824834.787776761
2449,473,SFD,2449,1,1,500,1995,795697.1217920198,5824875.337971841
2450,3294,SFD,2450,1,1,500,1995,790182.98488961,5815486.904945555
2451,255,SFD,2451,1,1,500,1995,794967.6301389358,5827848.954275305
2452,327,SFD,2452,1,1,500,1995,794574.8401807897,5822200.7458989285
2453,2014,SFD,2453,1,1,500,1995,787898.9268202416,5818069.157404953
2454,1277,SFD,2454,1,1,500,1995,798679.1308966969,5813723.943345971
2455,2838,SFD,2455,1,1,500,1995,779640.6762420322,5827704.550802903
2456,230,SFD,2456,1,1,500,1995,792665.1917008035,5834283.575142227
2457,2471,SFD,2457,1,1,500,1995,799190.8924046293,5831868.620113876
2458,705,SFD,2458,1,1,500,1995,794087.1888180913,5833852.660809935
2459,1597,SFD,2459,1,1,500,1995,791210.2898849578,5818443.999387739
2460,3217,SFD,2460,1,1,500,1995,780038.6156178722,5826637.5977750495
2461,510,SFD,2461,1,1,500,1995,793633.9790936371,5822214.588373278
2462,2639,SFD,2462,1,1,500,1995,799328.7538492512,5826355.272535507
2463,478,SFD,2463,1,1,500,1995,808246.7545662615,5831445.861195539
2464,2706,SFD,2464,1,1,500,1995,795408.3525848044,5819988.581144097
2465,2673,SFD,2465,1,1,500,1995,787426.285377461,5830210.241778687
2466,2029,SFD,2466,1,1,500,1995,801840.8504311193,5821637.931969809
2467,2069,SFD,2467,1,1,500,1995,791617.9680226857,5827282.008683309
2468,991,SFD,2468,1,1,500,1995,797592.0601840243,5819271.983679232
2469,999,SFD,2469,1,1,500,1995,791939.8819159388,5827685.990427312
2470,309,SFD,2470,1,1,500,1995,790338.2865531214,5840852.258214505
2471,485,SFD,2471,1,1,500,1995,810256.3972776713,5814477.350110426
2472,233,SFD,2472,1,1,500,1995,781080.2452559456,5828674.683357841
2473,751,SFD,2473,1,1,500,1995,799391.2166950147,5824876.93988813
2474,1675,SFD,2474,1,1,500,1995,813219.5380033555,5821532.087389776
2475,3024,SFD,2475,1,1,500,1995,812247.4474476728,5819432.838011393
2476,2471,SFD,2476,1,1,500,1995,804290.4900640893,5817287.308115023
2477,1452,SFD,2477,1,1,500,1995,799277.6910482389,5826460.721137781
2478,477,SFD,2478,1,1,500,1995,810754.7782412053,5814436.475630084
2479,2582,SFD,2479,1,1,500,1995,801139.9694914802,5824021.430687788
2480,2014,SFD,2480,1,1,500,1995,803672.515040085,5829010.3879300095
2481,3402,SFD,2481,1,1,500,1995,804430.2678976364,5831732.992203114
2482,1783,SFD,2482,1,1,500,1995,792115.0713251705,5827430.499403154
2483,2023,SFD,2483,1,1,500,1995,795941.583616248,5818479.7880566465
2484,97,SFD,2484,1,1,500,1995,788982.068915824,5827244.731777346
2485,1398,SFD,2485,1,1,500,1995,802159.2711359232,5827018.331242872
2486,3447,SFD,2486,1,1,500,1995,793729.7116906035,5820351.952016936
2487,3096,SFD,2487,1,1,500,1995,787983.9745531837,5818030.993218442
2488,1172,SFD,2488,1,1,500,1995,799678.530637101,5827982.526923133
2489,3309,SFD,2489,1,1,500,1995,793988.9612446881,5822083.273078214
2490,939,SFD,2490,1,1,500,1995,790301.7868711109,5815581.154564578
2491,1134,SFD,2491,1,1,500,1995,804409.7352380028,5826026.8498947285
2492,597,SFD,2492,1,1,500,1995,781797.8092972622,5815774.363102156
2493,2957,SFD,2493,1,1,500,1995,803519.0803913224,5827494.469796183
2494,3267,SFD,2494,1,1,500,1995,795382.4004352005,5833774.10687372
2495,517,SFD,2495,1,1,500,1995,802874.2524661061,5818760.92757785
2496,3295,SFD,2496,1,1,500,1995,802123.5914604163,5831617.078342674
2497,1372,SFD,2497,1,1,500,1995,797289.5833525145,5836917.807361913
2498,3018,SFD,2498,1,1,500,1995,808849.451444752,5833824.3453039415
2499,1485,SFD,2499,1,1,500,1995,797689.9554448951,5820871.008039449
2500,1145,SFD,2500,1,1,500,1995,809352.9813438425,5833833.038226422
2501,323,SFD,2501,1,1,500,1995,802104.9999508075,5828536.141486672
2502,2842,SFD,2502,1,1,500,1995,802090.2551595531,5832273.847222511
2503,2822,SFD,2503,1,1,500,1995,800408.3915039153,5837102.671997111
2504,1623,SFD,2504,1,1,500,1995,805828.4790171217,5827914.09137807
2505,2160,SFD,2505,1,1,500,1995,803287.0480674156,5818992.175589582
2506,1476,SFD,2506,1,1,500,1995,812861.2659509818,5830309.331907449
2507,2765,SFD,2507,1,1,500,1995,797802.6445655504,5819389.835435246
2508,1666,SFD,2508,1,1,500,1995,814378.2522649993,5820863.043758878
2509,1137,SFD,2509,1,1,500,1995,798328.5565253821,5831673.0544208735
2510,1801,SFD,2510,1,1,500,1995,793853.3937223377,5827619.478846254
2511,2316,SFD,2511,1,1,500,1995,781605.7591345719,5830065.539892858
2512,1258,SFD,2512,1,1,500,1995,798327.4263421206,5819009.926794342
2513,1956,SFD,2513,1,1,500,1995,798892.3672123693,5829055.904063118
2514,1182,SFD,2514,1,1,500,1995,783167.6001160236,5825755.5622856915
2515,123,SFD,2515,1,1,500,1995,798035.8227297978,5824279.545266526
2516,2530,SFD,2516,1,1,500,1995,794321.466217143,5821580.867895374
2517,1380,SFD,2517,1,1,500,1995,813186.8776150609,5830739.277544297
2518,1334,SFD,2518,1,1,500,1995,797378.9742114674,5821168.308926469
2519,1026,SFD,2519,1,1,500,1995,800566.9941587171,5814453.31172027
2520,3290,SFD,2520,1,1,500,1995,791100.7285764047,5838701.501855311
2521,965,SFD,2521,1,1,500,1995,796194.8546367073,5816166.851189338
2522,1000,SFD,2522,1,1,500,1995,793701.4791806785,5821694.244073429
2523,2783,SFD,2523,1,1,500,1995,798022.9487579374,5829622.87829801
2524,236,SFD,2524,1,1,500,1995,798420.6228733324,5835377.756997477
2525,2825,SFD,2525,1,1,500,1995,805267.7199435687,5830364.748093594
2526,1516,SFD,2526,1,1,500,1995,800060.9066934999,5825107.613335699
2527,740,SFD,2527,1,1,500,1995,798254.182775704,5826703.408898176
2528,442,SFD,2528,1,1,500,1995,809030.340117587,5818997.758186071
2529,15,SFD,2529,1,1,500,1995,798837.4205739682,5814318.072466902
2530,156,SFD,2530,1,1,500,1995,810653.1341317323,5825921.35539757
2531,1798,SFD,2531,1,1,500,1995,795248.0538802278,5835851.389836373
2532,1425,SFD,2532,1,1,500,1995,794014.753902252,5817033.290343586
2533,180,SFD,2533,1,1,500,1995,794626.5793198196,5829337.458466949
2534,3172,SFD,2534,1,1,500,1995,801146.1346841744,5823911.72684037
2535,2921,SFD,2535,1,1,500,1995,802041.5680987422,5830807.45619622
2536,2524,SFD,2536,1,1,500,1995,794512.1529486948,5824624.193984095
2537,3137,SFD,2537,1,1,500,1995,797537.0554150277,5832647.071576711
2538,1234,SFD,2538,1,1,500,1995,793251.800564986,5821740.7398409005
2539,2032,SFD,2539,1,1,500,1995,798347.217456239,5835707.343201819
2540,3447,SFD,2540,1,1,500,1995,815179.2414448815,5821266.825953414
2541,2024,SFD,2541,1,1,500,1995,798668.9584716435,5826308.3811251065
2542,728,SFD,2542,1,1,500,1995,803996.7437133415,5827226.073198304
2543,985,SFD,2543,1,1,500,1995,819999.2061661191,5819306.233447109
2544,1173,SFD,2544,1,1,500,1995,786289.3206735977,5834981.002122351
2545,780,SFD,2545,1,1,500,1995,792927.1109025418,5833001.848923513
2546,2855,SFD,2546,1,1,500,1995,799155.3550190394,5829266.435966413
2547,1982,SFD,2547,1,1,500,1995,784546.2397986907,5827823.395124514
2548,2589,SFD,2548,1,1,500,1995,794225.6818689923,5831600.605521389
2549,1064,SFD,2549,1,1,500,1995,797427.9609158186,5832079.068468642
2550,2426,SFD,2550,1,1,500,1995,797752.6082628907,5826447.995591345
2551,87,SFD,2551,1,1,500,1995,780805.7899594278,5827907.723108888
2552,1594,SFD,2552,1,1,500,1995,794801.2884479023,5833326.829734882
2553,3041,SFD,2553,1,1,500,1995,797771.1653046171,5826136.929120391
2554,2668,SFD,2554,1,1,500,1995,800206.2983966806,5825397.92423581
2555,188,SFD,2555,1,1,500,1995,790810.7732113895,5824449.0282960255
2556,911,SFD,2556,1,1,500,1995,805475.6669302513,5834440.992724879
2557,2343,SFD,2557,1,1,500,1995,806212.4758913087,5827680.876006149
2558,1783,SFD,2558,1,1,500,1995,793134.2928729695,5821971.779174427
2559,1644,SFD,2559,1,1,500,1995,791730.848133967,5839183.4611644065
2560,2155,SFD,2560,1,1,500,1995,790897.0037911648,5817996.922997297
2561,1425,SFD,2561,1,1,500,1995,787191.404522364,5830161.365029688
2562,142,SFD,2562,1,1,500,1995,798738.1657364357,5816569.251800755
2563,2096,SFD,2563,1,1,500,1995,785629.1746874359,5833308.957399424
2564,1520,SFD,2564,1,1,500,1995,802725.7260955889,5828668.10296622
2565,1705,SFD,2565,1,1,500,1995,794589.3193489322,5815863.085072921
2566,2462,SFD,2566,1,1,500,1995,792307.6602433181,5819086.1065611765
2567,1689,SFD,2567,1,1,500,1995,802073.8672674254,5816583.005578091
2568,784,SFD,2568,1,1,500,1995,797537.4887061974,5823751.869617384
2569,1635,SFD,2569,1,1,500,1995,792263.0535154371,5829091.183451266
2570,893,SFD,2570,1,1,500,1995,806017.8569714043,5819668.9136215765
2571,568,SFD,2571,1,1,500,1995,809537.7466439311,5824042.8975777235
2572,3133,SFD,2572,1,1,500,1995,800871.4977344775,5825370.910801214
2573,1671,SFD,2573,1,1,500,1995,804683.9705815059,5827611.746524142
2574,1883,SFD,2574,1,1,500,1995,819755.0017734967,5813169.522864065
2575,532,SFD,2575,1,1,500,1995,793830.6304130324,5819461.107479171
2576,1865,SFD,2576,1,1,500,1995,804188.6931952399,5817183.210239419
2577,290,SFD,2577,1,1,500,1995,794697.4788379767,5837424.237180451
2578,2190,SFD,2578,1,1,500,1995,795655.3745616925,5832478.049855971
2579,2884,SFD,2579,1,1,500,1995,792472.6832871072,5822413.994761879
2580,2186,SFD,2580,1,1,500,1995,801618.6305184669,5822260.362334975
2581,346,SFD,2581,1,1,500,1995,799948.9429169141,5825781.770927682
2582,2426,SFD,2582,1,1,500,1995,808156.8814195015,5825082.600848213
2583,144,SFD,2583,1,1,500,1995,806654.1161622505,5833257.147873283
2584,1975,SFD,2584,1,1,500,1995,797961.5119261284,5831306.824700802
2585,2955,SFD,2585,1,1,500,1995,796405.8435946574,5829024.701086427
2586,3207,SFD,2586,1,1,500,1995,804215.7857750554,5838975.5837306185
2587,257,SFD,2587,1,1,500,1995,809265.1886386763,5816999.756534855
2588,373,SFD,2588,1,1,500,1995,803198.6449380019,5827877.879890002
2589,121,SFD,2589,1,1,500,1995,809945.6867071799,5832277.154172327
2590,2188,SFD,2590,1,1,500,1995,802874.5225358864,5829355.072947801
2591,2820,SFD,2591,1,1,500,1995,796224.3542091437,5817585.147740933
2592,1950,SFD,2592,1,1,500,1995,794805.502743576,5817154.557405787
2593,208,SFD,2593,1,1,500,1995,797536.2107732816,5820061.855553789
2594,96,SFD,2594,1,1,500,1995,781675.7814949625,5828237.722448765
2595,3394,SFD,2595,1,1,500,1995,799217.936073595,5814661.693238702
2596,1392,SFD,2596,1,1,500,1995,802091.0768820129,5823919.094188475
2597,850,SFD,2597,1,1,500,1995,787511.546650162,5816335.800192592
2598,2358,SFD,2598,1,1,500,1995,795433.4446041387,5833467.353049748
2599,1183,SFD,2599,1,1,500,1995,794636.4908236258,5821371.3356466945
2600,1166,SFD,2600,1,1,500,1995,792644.5713363457,5818446.071034532
2601,2066,SFD,2601,1,1,500,1995,812270.7776135376,5817471.653052798
2602,1097,SFD,2602,1,1,500,1995,789345.2591365594,5829184.377430325
2603,1107,SFD,2603,1,1,500,1995,805720.5946912036,5833299.517906145
2604,1580,SFD,2604,1,1,500,1995,800360.7344026268,5825584.9802643275
2605,2456,SFD,2605,1,1,500,1995,809616.6264180236,5833655.43416593
2606,174,SFD,2606,1,1,500,1995,789889.914109746,5833812.809657724
2607,430,SFD,2607,1,1,500,1995,811769.7960728051,5830979.858844004
2608,744,SFD,2608,1,1,500,1995,787678.8141614317,5816336.986771004
2609,2886,SFD,2609,1,1,500,1995,784525.3733187742,5831895.877196662
2610,3156,SFD,2610,1,1,500,1995,795288.9892593579,5821975.511129923
2611,2924,SFD,2611,1,1,500,1995,809393.8457360417,5833155.833998485
2612,2658,SFD,2612,1,1,500,1995,797921.363750003,5824645.790358116
2613,2675,SFD,2613,1,1,500,1995,789775.5539597636,5825852.338241655
2614,1375,SFD,2614,1,1,500,1995,794384.0318105627,5828262.100130096
2615,100,SFD,2615,1,1,500,1995,791106.3622466777,5823334.127360562
2616,1340,SFD,2616,1,1,500,1995,807599.278262683,5825090.310164519
2617,3407,SFD,2617,1,1,500,1995,794319.1601556464,5823994.142338098
2618,2893,SFD,2618,1,1,500,1995,790872.563162382,5826835.347515303
2619,226,SFD,2619,1,1,500,1995,806555.2851304977,5820490.913612486
2620,663,SFD,2620,1,1,500,1995,800100.6563814718,5818941.136966942
2621,1506,SFD,2621,1,1,500,1995,803125.2848269034,5823168.065085469
2622,2946,SFD,2622,1,1,500,1995,802075.3897944768,5821205.8635333
2623,3281,SFD,2623,1,1,500,1995,810800.5209524361,5829055.99376588
2624,1663,SFD,2624,1,1,500,1995,784009.9148695228,5829792.851512514
2625,1282,SFD,2625,1,1,500,1995,810381.6493478771,5820015.455133101
2626,1142,SFD,2626,1,1,500,1995,808921.3506507934,5815728.307174896
2627,3234,SFD,2627,1,1,500,1995,809287.0372321447,5831864.35039361
2628,557,SFD,2628,1,1,500,1995,803342.90642457,5817724.338139877
2629,907,SFD,2629,1,1,500,1995,783137.2732993661,5827502.765500599
2630,3289,SFD,2630,1,1,500,1995,802094.2538937943,5831866.179080082
2631,3479,SFD,2631,1,1,500,1995,782303.1372089371,5827211.830349052
2632,2887,SFD,2632,1,1,500,1995,800682.6897482452,5825318.146756636
2633,202,SFD,2633,1,1,500,1995,805761.8560672139,5832173.723067235
2634,2134,SFD,2634,1,1,500,1995,786908.8945992254,5816953.668259913
2635,32,SFD,2635,1,1,500,1995,800297.0949440436,5815746.218547881
2636,700,SFD,2636,1,1,500,1995,782252.4198756572,5827486.96777913
2637,2390,SFD,2637,1,1,500,1995,800438.3769725519,5815717.25625993
2638,245,SFD,2638,1,1,500,1995,813049.88207051,5829212.055155763
2639,3143,SFD,2639,1,1,500,1995,793881.5856740703,5832070.819847864
2640,1148,SFD,2640,1,1,500,1995,795658.2045457874,5833034.058487482
2641,3155,SFD,2641,1,1,500,1995,793297.6892385782,5826443.958043826
2642,3024,SFD,2642,1,1,500,1995,805158.9877827383,5829597.234811584
2643,1224,SFD,2643,1,1,500,1995,792888.0384879524,5817624.148739251
2644,2180,SFD,2644,1,1,500,1995,799763.0811319635,5828041.2514733225
2645,2186,SFD,2645,1,1,500,1995,797848.3626185416,5828581.120740067
2646,3429,SFD,2646,1,1,500,1995,782646.3556399895,5826422.684511622
2647,2020,SFD,2647,1,1,500,1995,806425.1161380619,5822755.571828303
2648,1962,SFD,2648,1,1,500,1995,807449.8708859187,5828189.185381116
2649,583,SFD,2649,1,1,500,1995,791258.5104239322,5826402.3161496315
2650,2119,SFD,2650,1,1,500,1995,802007.5758971104,5824879.254161281
2651,3492,SFD,2651,1,1,500,1995,806678.5168449166,5824262.81984594
2652,1432,SFD,2652,1,1,500,1995,805594.474038478,5834922.181917303
2653,2282,SFD,2653,1,1,500,1995,790542.0707287525,5829319.019132593
2654,2590,SFD,2654,1,1,500,1995,795608.3472283459,5830109.68389776
2655,3390,SFD,2655,1,1,500,1995,797767.4456563056,5824868.8632926345
2656,1629,SFD,2656,1,1,500,1995,793998.6960698108,5833764.106371796
2657,3156,SFD,2657,1,1,500,1995,791842.8214132034,5833564.130023257
2658,2700,SFD,2658,1,1,500,1995,791916.7512280683,5828686.076608897
2659,1351,SFD,2659,1,1,500,1995,799615.3290831795,5827816.359898408
2660,1410,SFD,2660,1,1,500,1995,801134.2175747738,5829978.947572446
2661,1529,SFD,2661,1,1,500,1995,784552.2051366504,5831167.086157279
2662,2250,SFD,2662,1,1,500,1995,795298.8658343666,5819550.555165382
2663,1812,SFD,2663,1,1,500,1995,804651.6791433992,5830351.603438273
2664,2688,SFD,2664,1,1,500,1995,794502.0954273578,5830718.3316891
2665,1047,SFD,2665,1,1,500,1995,796190.198461546,5830632.998491212
2666,1593,SFD,2666,1,1,500,1995,807542.1640589086,5827658.489938283
2667,18,SFD,2667,1,1,500,1995,809247.5531215416,5831610.8095114855
2668,2763,SFD,2668,1,1,500,1995,784585.8480121786,5832184.730709296
2669,1,SFD,2669,1,1,500,1995,788842.2037864332,5829870.138720937
2670,1019,SFD,2670,1,1,500,1995,789349.2096365187,5826707.702219004
2671,3462,SFD,2671,1,1,500,1995,793039.4415916002,5835815.5232559275
2672,2267,SFD,2672,1,1,500,1995,794808.4500576959,5817683.985972328
2673,1043,SFD,2673,1,1,500,1995,792821.5518753901,5823276.587103584
2674,3158,SFD,2674,1,1,500,1995,803062.1654602524,5824443.013324238
2675,1163,SFD,2675,1,1,500,1995,793492.1143884019,5835080.206261548
2676,1337,SFD,2676,1,1,500,1995,794895.9767751385,5837328.658654335
2677,728,SFD,2677,1,1,500,1995,812401.5917333673,5830052.8422981035
2678,863,SFD,2678,1,1,500,1995,809389.8302148645,5826212.918361323
2679,3111,SFD,2679,1,1,500,1995,796912.2384853633,5834670.531945928
2680,1222,SFD,2680,1,1,500,1995,802103.537866769,5823169.686701138
2681,1089,SFD,2681,1,1,500,1995,796907.2637352236,5821417.9129122365
2682,1231,SFD,2682,1,1,500,1995,801126.0964728183,5817257.774201569
2683,421,SFD,2683,1,1,500,1995,804137.2188142531,5826015.303524534
2684,1832,SFD,2684,1,1,500,1995,795284.1531315618,5823303.644373516
2685,949,SFD,2685,1,1,500,1995,792258.1766993052,5838955.084554201
2686,1320,SFD,2686,1,1,500,1995,795124.329439329,5829283.150300282
2687,448,SFD,2687,1,1,500,1995,800053.1427895892,5813406.3677246
2688,2226,SFD,2688,1,1,500,1995,796404.2256579743,5826080.594628031
2689,2889,SFD,2689,1,1,500,1995,801791.4450033599,5828720.0994667895
2690,3219,SFD,2690,1,1,500,1995,785313.9902045007,5830122.175551963
2691,249,SFD,2691,1,1,500,1995,795549.572553895,5819532.177047582
2692,503,SFD,2692,1,1,500,1995,789646.7380682756,5815312.753213018
2693,543,SFD,2693,1,1,500,1995,797494.798539401,5832573.128356236
2694,603,SFD,2694,1,1,500,1995,792697.7513705168,5826521.360298658
2695,2658,SFD,2695,1,1,500,1995,787382.2077086696,5829523.756584291
2696,2191,SFD,2696,1,1,500,1995,808670.6441075875,5825874.713231714
2697,336,SFD,2697,1,1,500,1995,791213.2184489556,5824484.76451917
2698,3496,SFD,2698,1,1,500,1995,802316.0243728,5832598.893078441
2699,2087,SFD,2699,1,1,500,1995,793636.979379344,5825745.016636148
2700,218,SFD,2700,1,1,500,1995,795914.8292249608,5824069.403352768
2701,1266,SFD,2701,1,1,500,1995,794254.8842951856,5828273.00078715
2702,773,SFD,2702,1,1,500,1995,794633.2033245759,5828296.14521361
2703,20,SFD,2703,1,1,500,1995,795580.892608078,5828366.633560489
2704,1818,SFD,2704,1,1,500,1995,793901.2658532553,5824471.167821442
2705,2692,SFD,2705,1,1,500,1995,795537.5712397927,5828425.104292363
2706,2082,SFD,2706,1,1,500,1995,787405.5457412754,5818138.870675215
2707,3281,SFD,2707,1,1,500,1995,785894.370854442,5831414.109649368
2708,1791,SFD,2708,1,1,500,1995,791502.50600032,5819817.87748109
2709,2443,SFD,2709,1,1,500,1995,801324.803336822,5833656.464085808
2710,1514,SFD,2710,1,1,500,1995,813488.8987224785,5830245.965903504
2711,1398,SFD,2711,1,1,500,1995,793307.3537954863,5827844.529318934
2712,1658,SFD,2712,1,1,500,1995,794865.9786581697,5829989.252324578
2713,1623,SFD,2713,1,1,500,1995,799526.9697947796,5831145.145075444
2714,3191,SFD,2714,1,1,500,1995,813497.0381785373,5821866.359214211
2715,230,SFD,2715,1,1,500,1995,802972.7048345776,5827932.908551443
2716,732,SFD,2716,1,1,500,1995,799743.5948072379,5833734.985766924
2717,1744,SFD,2717,1,1,500,1995,802620.5995539947,5835915.7798254015
2718,1851,SFD,2718,1,1,500,1995,804256.4775354058,5831778.95169505
2719,1678,SFD,2719,1,1,500,1995,801956.7823054155,5828605.681377095
2720,869,SFD,2720,1,1,500,1995,798410.2513395399,5833073.171997235
2721,2591,SFD,2721,1,1,500,1995,807794.4681190022,5815850.079034618
2722,633,SFD,2722,1,1,500,1995,790294.0036119883,5826386.987938643
2723,3032,SFD,2723,1,1,500,1995,800426.1256540228,5832649.121411213
2724,1265,SFD,2724,1,1,500,1995,797187.1983110567,5819614.5850606775
2725,1485,SFD,2725,1,1,500,1995,805956.5868924918,5825410.341182079
2726,2657,SFD,2726,1,1,500,1995,795269.2405267123,5837433.986993389
2727,1398,SFD,2727,1,1,500,1995,800453.9179403763,5824329.866569137
2728,913,SFD,2728,1,1,500,1995,808073.2907471308,5832073.115976143
2729,1934,SFD,2729,1,1,500,1995,795989.9720943833,5825948.611839115
2730,2781,SFD,2730,1,1,500,1995,793523.8923101107,5821790.788506917
2731,518,SFD,2731,1,1,500,1995,802781.4650484312,5820920.272533618
2732,811,SFD,2732,1,1,500,1995,803122.3959780994,5825515.322717286
2733,1432,SFD,2733,1,1,500,1995,790065.7677643909,5817533.290842414
2734,2575,SFD,2734,1,1,500,1995,793391.1338965306,5824643.976147678
2735,2392,SFD,2735,1,1,500,1995,804890.7396963013,5826114.137951232
2736,1209,SFD,2736,1,1,500,1995,793010.9777192704,5834173.611547804
2737,2071,SFD,2737,1,1,500,1995,813292.8664745495,5829990.12502261
2738,520,SFD,2738,1,1,500,1995,797764.2420764328,5832775.7388036
2739,2110,SFD,2739,1,1,500,1995,797646.7963543478,5829276.800506687
2740,633,SFD,2740,1,1,500,1995,801854.7245899221,5824038.411898702
2741,1357,SFD,2741,1,1,500,1995,800117.3489795852,5824994.244573944
2742,814,SFD,2742,1,1,500,1995,783371.6469130348,5826271.764601588
2743,608,SFD,2743,1,1,500,1995,794423.6794953853,5825346.422014677
2744,1715,SFD,2744,1,1,500,1995,793087.9764453489,5827206.070926001
2745,2311,SFD,2745,1,1,500,1995,800379.3656019614,5829398.17369068
2746,2314,SFD,2746,1,1,500,1995,810650.3375061469,5828212.5893352395
2747,2211,SFD,2747,1,1,500,1995,809147.4420906147,5832534.014030701
2748,1235,SFD,2748,1,1,500,1995,782957.7298900558,5828120.328043139
2749,1778,SFD,2749,1,1,500,1995,797661.8131783104,5826349.229630579
2750,2268,SFD,2750,1,1,500,1995,794034.6669114348,5824886.369818532
2751,129,SFD,2751,1,1,500,1995,801638.3902564934,5829059.895318491
2752,649,SFD,2752,1,1,500,1995,796858.890372009,5820226.327353189
2753,1660,SFD,2753,1,1,500,1995,793301.0221596236,5823545.609772498
2754,2584,SFD,2754,1,1,500,1995,793974.8425955996,5831991.315395695
2755,3488,SFD,2755,1,1,500,1995,802059.3424809063,5831144.135839951
2756,2375,SFD,2756,1,1,500,1995,793157.2251405888,5821437.843124245
2757,1968,SFD,2757,1,1,500,1995,805414.8833819395,5817697.897447762
2758,3367,SFD,2758,1,1,500,1995,808638.6834270806,5832458.060443133
2759,1032,SFD,2759,1,1,500,1995,803813.0547575753,5817359.396910172
2760,3390,SFD,2760,1,1,500,1995,804298.2378777299,5820204.134615302
2761,2173,SFD,2761,1,1,500,1995,808212.4689193546,5830918.623055806
2762,1975,SFD,2762,1,1,500,1995,801860.0140016044,5824663.288613906
2763,123,SFD,2763,1,1,500,1995,808422.9832770134,5830419.929516644
2764,2065,SFD,2764,1,1,500,1995,797869.8819826028,5824371.566431889
2765,579,SFD,2765,1,1,500,1995,792821.8233869374,5818378.941778103
2766,3180,SFD,2766,1,1,500,1995,785071.5236841277,5816175.700345105
2767,2306,SFD,2767,1,1,500,1995,801119.174995913,5819705.01839769
2768,1684,SFD,2768,1,1,500,1995,789135.8662228659,5826876.487612199
2769,123,SFD,2769,1,1,500,1995,807065.3632323283,5821119.238163481
2770,2048,SFD,2770,1,1,500,1995,781991.1603474851,5830982.239239848
2771,1318,SFD,2771,1,1,500,1995,810285.4954773644,5834232.32219086
2772,3265,SFD,2772,1,1,500,1995,794472.9486626064,5829162.866864029
2773,721,SFD,2773,1,1,500,1995,790172.0930538601,5826598.204983106
2774,1706,SFD,2774,1,1,500,1995,810684.3004521762,5816435.339493756
2775,1878,SFD,2775,1,1,500,1995,802566.6989923287,5820628.63560926
2776,2441,SFD,2776,1,1,500,1995,806823.7276279719,5822214.298971974
2777,2745,SFD,2777,1,1,500,1995,796479.6060739214,5835194.745047427
2778,1184,SFD,2778,1,1,500,1995,791001.9519686361,5827339.252369624
2779,3357,SFD,2779,1,1,500,1995,796204.7257479739,5815849.343227216
2780,3029,SFD,2780,1,1,500,1995,797078.9244116056,5823830.413387668
2781,1088,SFD,2781,1,1,500,1995,797011.9697318284,5827424.895099228
2782,554,SFD,2782,1,1,500,1995,800093.4461170919,5831406.640716851
2783,2308,SFD,2783,1,1,500,1995,794398.2277689474,5827251.402190542
2784,915,SFD,2784,1,1,500,1995,812927.7939917708,5828109.595734736
2785,2861,SFD,2785,1,1,500,1995,779632.5607666587,5827780.718170979
2786,783,SFD,2786,1,1,500,1995,799784.4270047693,5825909.075663827
2787,397,SFD,2787,1,1,500,1995,804486.2527851223,5822055.78381308
2788,1529,SFD,2788,1,1,500,1995,795222.3199603385,5822072.817432023
2789,2982,SFD,2789,1,1,500,1995,798870.6607994224,5835740.873499664
2790,3415,SFD,2790,1,1,500,1995,809968.6981260558,5831209.832280953
2791,643,SFD,2791,1,1,500,1995,810143.4890591264,5830237.646122474
2792,2214,SFD,2792,1,1,500,1995,802884.5526238087,5820998.194156458
2793,2144,SFD,2793,1,1,500,1995,791616.1253570721,5825890.198588781
2794,1790,SFD,2794,1,1,500,1995,801790.1843794447,5827659.452951436
2795,2902,SFD,2795,1,1,500,1995,785363.8029801671,5829441.743748912
2796,2849,SFD,2796,1,1,500,1995,793862.2637227116,5820017.145986618
2797,2500,SFD,2797,1,1,500,1995,811101.4141493707,5831398.84674689
2798,833,SFD,2798,1,1,500,1995,789926.0391110135,5840227.069937688
2799,127,SFD,2799,1,1,500,1995,794987.6208613941,5828820.695426252
2800,2598,SFD,2800,1,1,500,1995,810496.1847239772,5815936.305432864
2801,1386,SFD,2801,1,1,500,1995,793962.3523111742,5823043.9350481555
2802,1127,SFD,2802,1,1,500,1995,809178.3891640147,5830778.375167708
2803,3173,SFD,2803,1,1,500,1995,796468.7788118618,5824064.013193618
2804,2267,SFD,2804,1,1,500,1995,797900.1417674279,5826516.515931447
2805,2844,SFD,2805,1,1,500,1995,783769.6805897814,5829734.3210908575
2806,251,SFD,2806,1,1,500,1995,806491.0133995768,5822414.339002656
2807,544,SFD,2807,1,1,500,1995,782859.6922137758,5830037.050702466
2808,1880,SFD,2808,1,1,500,1995,803334.518977537,5832041.934048857
2809,1047,SFD,2809,1,1,500,1995,800371.8103197392,5832523.667272512
2810,3153,SFD,2810,1,1,500,1995,801840.3563950231,5823591.942904226
2811,390,SFD,2811,1,1,500,1995,798724.9991796569,5830965.445794702
2812,3483,SFD,2812,1,1,500,1995,790141.9833200858,5819211.857321114
2813,2188,SFD,2813,1,1,500,1995,810578.3918660071,5832203.9705890855
2814,3427,SFD,2814,1,1,500,1995,798891.1504324831,5838064.560570213
2815,2660,SFD,2815,1,1,500,1995,799982.5092954631,5824780.778813633
2816,3172,SFD,2816,1,1,500,1995,787493.0198900449,5830143.765873196
2817,2530,SFD,2817,1,1,500,1995,811141.291275576,5831403.226190016
2818,546,SFD,2818,1,1,500,1995,803499.6606766994,5832849.077727671
2819,775,SFD,2819,1,1,500,1995,786076.8657782178,5817541.82051328
2820,212,SFD,2820,1,1,500,1995,806250.096029593,5827624.926626247
2821,3393,SFD,2821,1,1,500,1995,812323.4151257419,5830960.375259376
2822,2058,SFD,2822,1,1,500,1995,793428.550519761,5829105.371250205
2823,1956,SFD,2823,1,1,500,1995,800704.7041024545,5824388.2436762145
2824,2245,SFD,2824,1,1,500,1995,793385.5104527452,5828911.405455604
2825,2825,SFD,2825,1,1,500,1995,800620.575521417,5825598.925304682
2826,2734,SFD,2826,1,1,500,1995,806152.5051956594,5822171.115701459
2827,3239,SFD,2827,1,1,500,1995,806577.4650356276,5824202.278712633
2828,2818,SFD,2828,1,1,500,1995,800680.3650327532,5829510.740425959
2829,1905,SFD,2829,1,1,500,1995,807895.6614536534,5829862.722892094
2830,2410,SFD,2830,1,1,500,1995,801503.0658788125,5823168.880120207
2831,1591,SFD,2831,1,1,500,1995,800130.8184487135,5836657.626371925
2832,2393,SFD,2832,1,1,500,1995,787922.3507646135,5837385.85528474
2833,834,SFD,2833,1,1,500,1995,798402.0208816982,5833007.097637668
2834,1651,SFD,2834,1,1,500,1995,806832.8927080835,5820513.646642149
2835,2135,SFD,2835,1,1,500,1995,805390.345158302,5834900.806234141
2836,1767,SFD,2836,1,1,500,1995,801511.99701792,5825779.536626627
2837,700,SFD,2837,1,1,500,1995,802413.3300076525,5820560.831289008
2838,665,SFD,2838,1,1,500,1995,804637.9615913541,5839518.213889433
2839,396,SFD,2839,1,1,500,1995,799115.1390229985,5816418.425241195
2840,3440,SFD,2840,1,1,500,1995,804842.4559739782,5831816.147381897
2841,2947,SFD,2841,1,1,500,1995,806818.3306347514,5833583.605884672
2842,3213,SFD,2842,1,1,500,1995,798222.8684194247,5824228.6146903215
2843,2844,SFD,2843,1,1,500,1995,786744.8219564848,5838155.873607577
2844,292,SFD,2844,1,1,500,1995,804689.0314235248,5827640.333927811
2845,1892,SFD,2845,1,1,500,1995,794856.4681886153,5821269.0689734025
2846,1252,SFD,2846,1,1,500,1995,794570.6277872976,5822500.7130531
2847,3053,SFD,2847,1,1,500,1995,799920.6603371608,5829400.326792056
2848,2606,SFD,2848,1,1,500,1995,808369.0603162579,5831775.797703009
2849,3039,SFD,2849,1,1,500,1995,787363.3274195117,5829766.3907756405
2850,2181,SFD,2850,1,1,500,1995,804934.5668608509,5822740.766937215
2851,1842,SFD,2851,1,1,500,1995,791517.8469225902,5827155.071507605
2852,2855,SFD,2852,1,1,500,1995,802331.0785617491,5827856.333288394
2853,1941,SFD,2853,1,1,500,1995,796882.9265165785,5817387.9232078735
2854,1755,SFD,2854,1,1,500,1995,790527.8577177201,5818415.260262949
2855,1618,SFD,2855,1,1,500,1995,800383.5470117396,5824061.10370641
2856,1619,SFD,2856,1,1,500,1995,809938.2601895939,5818213.820022098
2857,1946,SFD,2857,1,1,500,1995,802377.7667212752,5823012.268561341
2858,600,SFD,2858,1,1,500,1995,806832.1121614692,5827292.612561936
2859,1482,SFD,2859,1,1,500,1995,806590.132286645,5820804.796111149
2860,2993,SFD,2860,1,1,500,1995,801748.8381476897,5830156.11122818
2861,3197,SFD,2861,1,1,500,1995,813416.8022332559,5830489.853069448
2862,98,SFD,2862,1,1,500,1995,793370.1579014641,5824156.959901087
2863,1245,SFD,2863,1,1,500,1995,797519.388345232,5821898.260261601
2864,1512,SFD,2864,1,1,500,1995,801963.8675023913,5830731.50009709
2865,1456,SFD,2865,1,1,500,1995,787741.8924692075,5817697.2183430325
2866,274,SFD,2866,1,1,500,1995,789620.1830602566,5816559.141555056
2867,1008,SFD,2867,1,1,500,1995,786026.8699324904,5834856.821839329
2868,1818,SFD,2868,1,1,500,1995,797480.0838675692,5829637.449190587
2869,471,SFD,2869,1,1,500,1995,786235.1322779846,5826192.223189284
2870,1251,SFD,2870,1,1,500,1995,790043.1208587902,5835437.697185513
2871,1621,SFD,2871,1,1,500,1995,797615.2573509989,5823924.566868827
2872,24,SFD,2872,1,1,500,1995,803072.2359568111,5827408.013276963
2873,2222,SFD,2873,1,1,500,1995,792242.5982995465,5816180.640886268
2874,1937,SFD,2874,1,1,500,1995,800016.7800137326,5817398.298825509
2875,1097,SFD,2875,1,1,500,1995,793017.2206480631,5827254.982675326
2876,1541,SFD,2876,1,1,500,1995,794376.7046433128,5820647.596325333
2877,539,SFD,2877,1,1,500,1995,808168.1312796129,5829737.580392376
2878,3272,SFD,2878,1,1,500,1995,804427.8111992893,5823323.715230556
2879,106,SFD,2879,1,1,500,1995,782756.5166642983,5830854.336791157
2880,626,SFD,2880,1,1,500,1995,796432.3152864489,5825637.264206553
2881,115,SFD,2881,1,1,500,1995,785612.1234096931,5828198.9240068775
2882,3485,SFD,2882,1,1,500,1995,796554.1131532558,5824785.3580717575
2883,2890,SFD,2883,1,1,500,1995,791542.477031287,5832938.73818019
2884,451,SFD,2884,1,1,500,1995,799003.1785222266,5829989.12220467
2885,1448,SFD,2885,1,1,500,1995,800943.9453094444,5823333.463142813
2886,15,SFD,2886,1,1,500,1995,781346.6028205656,5815161.737909679
2887,818,SFD,2887,1,1,500,1995,798791.8509571883,5830290.902781006
2888,3431,SFD,2888,1,1,500,1995,791565.3674296426,5826936.025879532
2889,3220,SFD,2889,1,1,500,1995,792314.1536329298,5828012.593825703
2890,1282,SFD,2890,1,1,500,1995,804809.2475365539,5827628.645429908
2891,527,SFD,2891,1,1,500,1995,806686.6299438259,5815243.399436298
2892,2917,SFD,2892,1,1,500,1995,802622.1596120817,5827116.157157583
2893,409,SFD,2893,1,1,500,1995,799678.3096825832,5827108.221639546
2894,1142,SFD,2894,1,1,500,1995,810049.0132731872,5834314.017804686
2895,1398,SFD,2895,1,1,500,1995,802863.4545959239,5827584.154539668
2896,2814,SFD,2896,1,1,500,1995,798891.5932735163,5829352.827899732
2897,1056,SFD,2897,1,1,500,1995,798495.8854419081,5819629.319404096
2898,2891,SFD,2898,1,1,500,1995,794538.0378302408,5824699.037133881
2899,3128,SFD,2899,1,1,500,1995,798443.1760565764,5833834.720473857
2900,1988,SFD,2900,1,1,500,1995,802360.9734294536,5832301.844744561
2901,1305,SFD,2901,1,1,500,1995,791591.4069168337,5826245.797556512
2902,214,SFD,2902,1,1,500,1995,802635.7039672988,5832464.835567119
2903,1841,SFD,2903,1,1,500,1995,810704.4521476252,5821972.614775459
2904,2606,SFD,2904,1,1,500,1995,800605.5642041641,5814092.115058494
2905,940,SFD,2905,1,1,500,1995,801243.0842907121,5824306.372651364
2906,3419,SFD,2906,1,1,500,1995,801504.832388421,5823130.185381531
2907,2406,SFD,2907,1,1,500,1995,794151.1678198236,5834579.535277772
2908,1945,SFD,2908,1,1,500,1995,804701.730761379,5817173.126119665
2909,2822,SFD,2909,1,1,500,1995,807595.6069638613,5825307.640966618
2910,1257,SFD,2910,1,1,500,1995,801098.4545486831,5822832.199882076
2911,2403,SFD,2911,1,1,500,1995,790173.7374251086,5826351.878256537
2912,744,SFD,2912,1,1,500,1995,799903.9594282105,5821801.427120841
2913,87,SFD,2913,1,1,500,1995,798181.7851295513,5829928.83617741
2914,1204,SFD,2914,1,1,500,1995,798099.5305046691,5816776.9845700655
2915,2023,SFD,2915,1,1,500,1995,809383.085125722,5834146.231322564
2916,15,SFD,2916,1,1,500,1995,811736.6680435061,5831305.767441154
2917,1064,SFD,2917,1,1,500,1995,802031.0683723954,5832693.215899807
2918,30,SFD,2918,1,1,500,1995,806071.9737754529,5826365.172591821
2919,2055,SFD,2919,1,1,500,1995,802104.6879913199,5824792.785331635
2920,3331,SFD,2920,1,1,500,1995,799019.7578449175,5830161.708869468
2921,2995,SFD,2921,1,1,500,1995,812779.5182446106,5830920.716719546
2922,1110,SFD,2922,1,1,500,1995,800013.4941064683,5826035.213969672
2923,3469,SFD,2923,1,1,500,1995,783953.2494262079,5830126.23744025
2924,1022,SFD,2924,1,1,500,1995,804929.8610381144,5826700.17815257
2925,2631,SFD,2925,1,1,500,1995,796915.1317175962,5833451.178175732
2926,3289,SFD,2926,1,1,500,1995,793681.7441108227,5825203.032678193
2927,2549,SFD,2927,1,1,500,1995,795951.4066500543,5835073.88940104
2928,1733,SFD,2928,1,1,500,1995,800937.0128502653,5822533.211854062
2929,317,SFD,2929,1,1,500,1995,799972.8617571443,5835377.323668794
2930,3066,SFD,2930,1,1,500,1995,805644.3077811622,5827938.41013374
2931,2703,SFD,2931,1,1,500,1995,810362.1104111103,5819720.344869491
2932,1752,SFD,2932,1,1,500,1995,797893.4576698315,5832167.6014727745
2933,708,SFD,2933,1,1,500,1995,802658.7128809078,5826937.144769756
2934,1214,SFD,2934,1,1,500,1995,802282.2517994663,5828527.159263372
2935,460,SFD,2935,1,1,500,1995,811599.6326506325,5830122.872396079
2936,857,SFD,2936,1,1,500,1995,792728.2873648242,5819306.568733216
2937,2001,SFD,2937,1,1,500,1995,807941.7861816171,5825920.54525216
2938,1569,SFD,2938,1,1,500,1995,797442.9948404984,5829109.7438487
2939,988,SFD,2939,1,1,500,1995,797390.2454419561,5830168.254218266
2940,2545,SFD,2940,1,1,500,1995,811659.2322605554,5822560.105880986
2941,3488,SFD,2941,1,1,500,1995,795108.441780655,5835813.237334344
2942,3212,SFD,2942,1,1,500,1995,802878.5121828737,5838834.477131218
2943,969,SFD,2943,1,1,500,1995,790481.2270565468,5822253.537994296
2944,968,SFD,2944,1,1,500,1995,800300.1223007657,5823056.461059122
2945,1483,SFD,2945,1,1,500,1995,794965.1243139757,5837324.866193674
2946,1592,SFD,2946,1,1,500,1995,799731.125617084,5824956.262502657
2947,277,SFD,2947,1,1,500,1995,789186.9318279703,5826493.274386068
2948,96,SFD,2948,1,1,500,1995,791570.9339944983,5828409.148101789
2949,2057,SFD,2949,1,1,500,1995,793621.425213428,5824525.944766267
2950,855,SFD,2950,1,1,500,1995,810041.7239373474,5829472.957380371
2951,1670,SFD,2951,1,1,500,1995,803425.5897809459,5827056.736228292
2952,877,SFD,2952,1,1,500,1995,799739.8444486369,5824807.479644228
2953,1558,SFD,2953,1,1,500,1995,809120.5321173824,5831825.846548053
2954,3151,SFD,2954,1,1,500,1995,802811.0719740225,5831925.414641253
2955,2115,SFD,2955,1,1,500,1995,799532.0605478812,5830564.695847743
2956,3413,SFD,2956,1,1,500,1995,796281.9798635441,5823899.209669647
2957,1301,SFD,2957,1,1,500,1995,796899.8701375608,5816808.935476425
2958,1636,SFD,2958,1,1,500,1995,799357.9810351204,5830603.267590799
2959,3035,SFD,2959,1,1,500,1995,807459.7637183482,5816529.221137809
2960,975,SFD,2960,1,1,500,1995,805461.0540437803,5834641.968974061
2961,2713,SFD,2961,1,1,500,1995,796139.9819205119,5832878.115725709
2962,1660,SFD,2962,1,1,500,1995,803148.2735867907,5826787.48314625
2963,281,SFD,2963,1,1,500,1995,813822.3371077811,5820773.006088616
2964,2418,SFD,2964,1,1,500,1995,809247.523914936,5829658.262025756
2965,3430,SFD,2965,1,1,500,1995,792038.2403598235,5831841.810103194
2966,302,SFD,2966,1,1,500,1995,794368.9070620763,5820829.772619632
2967,3060,SFD,2967,1,1,500,1995,800616.7216464533,5826581.005676687
2968,572,SFD,2968,1,1,500,1995,794738.9355544089,5822858.930673826
2969,252,SFD,2969,1,1,500,1995,793532.341183363,5832455.571388454
2970,2898,SFD,2970,1,1,500,1995,800773.2554358996,5824237.422603102
2971,2666,SFD,2971,1,1,500,1995,801579.2317707373,5827768.14222357
2972,172,SFD,2972,1,1,500,1995,805266.9467277089,5833805.619993515
2973,3045,SFD,2973,1,1,500,1995,800468.4444180431,5812628.40999148
2974,2421,SFD,2974,1,1,500,1995,794507.0308697638,5824246.704455555
2975,1796,SFD,2975,1,1,500,1995,811626.701327552,5829008.869924458
2976,2561,SFD,2976,1,1,500,1995,783901.9505720182,5827431.107703058
2977,591,SFD,2977,1,1,500,1995,790824.2697442379,5826275.5507900305
2978,3444,SFD,2978,1,1,500,1995,802934.4029002798,5827148.384453485
2979,2632,SFD,2979,1,1,500,1995,819410.220272368,5820604.306852508
2980,1725,SFD,2980,1,1,500,1995,796029.160433072,5832166.567804807
2981,2677,SFD,2981,1,1,500,1995,799850.2442334262,5819850.065551
2982,903,SFD,2982,1,1,500,1995,792369.7694947787,5819321.223037243
2983,3490,SFD,2983,1,1,500,1995,783603.0879664575,5829338.970775568
2984,811,SFD,2984,1,1,500,1995,796422.6394519488,5831632.512561955
2985,3043,SFD,2985,1,1,500,1995,794633.1131079171,5837309.207315914
2986,157,SFD,2986,1,1,500,1995,790168.0553342846,5833732.620071353
2987,1366,SFD,2987,1,1,500,1995,799915.0959823009,5839043.284174889
2988,1037,SFD,2988,1,1,500,1995,784911.5345105873,5827706.541553115
2989,3314,SFD,2989,1,1,500,1995,798681.744784732,5831853.236774433
2990,399,SFD,2990,1,1,500,1995,812304.2729513535,5830017.8579296945
2991,2875,SFD,2991,1,1,500,1995,799321.9028766025,5826749.933417873
2992,2769,SFD,2992,1,1,500,1995,794253.386636626,5822654.706316192
2993,1614,SFD,2993,1,1,500,1995,792456.843238854,5822614.188961029
2994,687,SFD,2994,1,1,500,1995,793946.7341758246,5818591.774075251
2995,299,SFD,2995,1,1,500,1995,796893.0074312214,5832049.127194263
2996,830,SFD,2996,1,1,500,1995,794488.888050988,5817378.242101836
2997,1946,SFD,2997,1,1,500,1995,799928.4103691336,5825985.52674234
2998,695,SFD,2998,1,1,500,1995,798096.7112040119,5833278.042083426
2999,2970,SFD,2999,1,1,500,1995,782174.5694698169,5827435.157669128
3000,64,SFD,3000,1,1,500,1995,799782.1264442778,5831012.980557441
3001,194,SFD,3001,1,1,500,1995,793664.9891957294,5817390.053827093
3002,678,SFD,3002,1,1,500,1995,799940.6426017692,5832027.992383444
3003,3147,SFD,3003,1,1,500,1995,797579.820098952,5825063.715821319
3004,886,SFD,3004,1,1,500,1995,796930.3818470698,5817191.255760883
3005,1621,SFD,3005,1,1,500,1995,808925.4092562662,5833208.152847398
3006,3387,SFD,3006,1,1,500,1995,800728.7496209207,5817006.439292007
3007,1135,SFD,3007,1,1,500,1995,794159.7888271437,5824399.699667503
3008,645,SFD,3008,1,1,500,1995,792158.9991593944,5826792.367131715
3009,542,SFD,3009,1,1,500,1995,800646.6062705744,5822087.383366363
3010,1672,SFD,3010,1,1,500,1995,791851.9232110421,5829342.251416734
3011,1905,SFD,3011,1,1,500,1995,809720.5321052186,5832136.89177502
3012,322,SFD,3012,1,1,500,1995,791566.1396371671,5825231.05838412
3013,2138,SFD,3013,1,1,500,1995,792101.3231613922,5826934.899760807
3014,1978,SFD,3014,1,1,500,1995,793366.9138414438,5823498.881532227
3015,2032,SFD,3015,1,1,500,1995,804997.783241325,5830068.934374068
3016,439,SFD,3016,1,1,500,1995,801604.8012891922,5825018.273557477
3017,3364,SFD,3017,1,1,500,1995,793328.8824783782,5818963.103954892
3018,2008,SFD,3018,1,1,500,1995,811445.1227661535,5828875.761235785
3019,3159,SFD,3019,1,1,500,1995,802397.3252371207,5824299.639053081
3020,18,SFD,3020,1,1,500,1995,800052.0163448739,5826926.242557574
3021,2403,SFD,3021,1,1,500,1995,793435.4331460895,5827893.550367015
3022,266,SFD,3022,1,1,500,1995,793177.0666245916,5837313.31920584
3023,762,SFD,3023,1,1,500,1995,800305.8259087548,5823527.502839603
3024,1155,SFD,3024,1,1,500,1995,790640.9184956905,5822989.316597502
3025,2953,SFD,3025,1,1,500,1995,790711.9350181813,5835178.474079543
3026,1497,SFD,3026,1,1,500,1995,810197.6194254255,5831270.475534375
3027,735,SFD,3027,1,1,500,1995,795089.727699801,5823131.419265133
3028,218,SFD,3028,1,1,500,1995,788604.4279338148,5827092.832812252
3029,1401,SFD,3029,1,1,500,1995,801235.9358971335,5822527.884263724
3030,796,SFD,3030,1,1,500,1995,805162.2889852214,5830184.603271563
3031,188,SFD,3031,1,1,500,1995,789429.8707473432,5819396.268857175
3032,3234,SFD,3032,1,1,500,1995,797735.6895782858,5828931.048407768
3033,3499,SFD,3033,1,1,500,1995,797856.0729639684,5824412.90259199
3034,2433,SFD,3034,1,1,500,1995,781160.7798006162,5827696.862964715
3035,3181,SFD,3035,1,1,500,1995,797148.5681845751,5821580.160283515
3036,1576,SFD,3036,1,1,500,1995,800624.973495682,5824528.088889065
3037,1641,SFD,3037,1,1,500,1995,801621.1109610316,5822991.935647169
3038,715,SFD,3038,1,1,500,1995,800361.3825901052,5823114.58752385
3039,2118,SFD,3039,1,1,500,1995,802160.5557838148,5830295.870982072
3040,627,SFD,3040,1,1,500,1995,806024.4977108894,5826898.891997933
3041,2542,SFD,3041,1,1,500,1995,799550.781911168,5825097.546953499
3042,252,SFD,3042,1,1,500,1995,805009.7932956329,5826365.223928713
3043,10,SFD,3043,1,1,500,1995,799535.2118341933,5824488.461166064
3044,3304,SFD,3044,1,1,500,1995,794417.7221639407,5834956.185839029
3045,1415,SFD,3045,1,1,500,1995,806663.9013872568,5817881.788665398
3046,1456,SFD,3046,1,1,500,1995,794316.8834580405,5818430.462658366
3047,819,SFD,3047,1,1,500,1995,795320.9932291545,5836805.032404895
3048,230,SFD,3048,1,1,500,1995,787719.5878330932,5817645.206925585
3049,2705,SFD,3049,1,1,500,1995,792538.7687142638,5825209.186798571
3050,941,SFD,3050,1,1,500,1995,781869.6181341617,5828568.872530063
3051,926,SFD,3051,1,1,500,1995,788974.1267470979,5816203.887209709
3052,45,SFD,3052,1,1,500,1995,802909.277393857,5838313.522208784
3053,1306,SFD,3053,1,1,500,1995,795567.8560465305,5825889.435818706
3054,1268,SFD,3054,1,1,500,1995,811473.7149135757,5829574.508958268
3055,3104,SFD,3055,1,1,500,1995,800023.7361138688,5826576.502599004
3056,725,SFD,3056,1,1,500,1995,804849.8767421045,5822321.445652438
3057,86,SFD,3057,1,1,500,1995,803644.7068670066,5827281.755584304
3058,2621,SFD,3058,1,1,500,1995,789703.2312966576,5815459.505090265
3059,2498,SFD,3059,1,1,500,1995,793989.8690684063,5835954.2886195
3060,1467,SFD,3060,1,1,500,1995,805485.9927576575,5832798.800764352
3061,1301,SFD,3061,1,1,500,1995,809649.1811698899,5831248.679452709
3062,2390,SFD,3062,1,1,500,1995,805781.6766443648,5825972.386305866
3063,482,SFD,3063,1,1,500,1995,790530.2944165622,5824160.7386458
3064,3200,SFD,3064,1,1,500,1995,801516.2279772047,5823613.448939655
3065,1935,SFD,3065,1,1,500,1995,794249.7756670521,5827141.305184002
3066,944,SFD,3066,1,1,500,1995,800712.063873996,5829380.856458611
3067,2782,SFD,3067,1,1,500,1995,802715.5215052849,5828828.6193678435
3068,3469,SFD,3068,1,1,500,1995,814190.013798212,5828697.0059592
3069,1711,SFD,3069,1,1,500,1995,790853.4160445565,5818538.265692749
3070,3436,SFD,3070,1,1,500,1995,795599.3729218103,5831679.867839705
3071,71,SFD,3071,1,1,500,1995,795715.8790470212,5833100.518004514
3072,1806,SFD,3072,1,1,500,1995,801421.8957298899,5824674.240379684
3073,1285,SFD,3073,1,1,500,1995,791564.456754193,5827405.533561908
3074,20,SFD,3074,1,1,500,1995,784276.6064983688,5827368.913345613
3075,2184,SFD,3075,1,1,500,1995,795461.1539323957,5829340.956258863
3076,2622,SFD,3076,1,1,500,1995,792368.4266450361,5826087.626124923
3077,1904,SFD,3077,1,1,500,1995,805594.3113079848,5827833.101321622
3078,2416,SFD,3078,1,1,500,1995,784426.9697319614,5830158.619361929
3079,256,SFD,3079,1,1,500,1995,800818.8962495134,5829867.073503874
3080,2228,SFD,3080,1,1,500,1995,814027.3046625315,5828855.599138901
3081,1412,SFD,3081,1,1,500,1995,800398.815969921,5816840.488507325
3082,662,SFD,3082,1,1,500,1995,786323.7835996272,5834615.758776494
3083,2563,SFD,3083,1,1,500,1995,791745.2830134137,5826274.970136555
3084,2362,SFD,3084,1,1,500,1995,801671.818543561,5829034.948672072
3085,390,SFD,3085,1,1,500,1995,797343.6011475731,5831327.3632727545
3086,1866,SFD,3086,1,1,500,1995,794467.9918349022,5830737.424201039
3087,1224,SFD,3087,1,1,500,1995,794520.6657377763,5828489.520014233
3088,2299,SFD,3088,1,1,500,1995,784338.593682033,5831594.805529013
3089,2648,SFD,3089,1,1,500,1995,791554.118605318,5829843.155577796
3090,1942,SFD,3090,1,1,500,1995,790826.8191283596,5817556.917997771
3091,3064,SFD,3091,1,1,500,1995,800466.9955037537,5823468.317027794
3092,287,SFD,3092,1,1,500,1995,791499.2332336113,5835110.858537894
3093,668,SFD,3093,1,1,500,1995,798320.7992541206,5828874.203192969
3094,2677,SFD,3094,1,1,500,1995,809059.5897528435,5817022.021852786
3095,3,SFD,3095,1,1,500,1995,796601.8954083619,5817752.005083078
3096,1395,SFD,3096,1,1,500,1995,798001.462817271,5828991.840698229
3097,3106,SFD,3097,1,1,500,1995,796105.0716869225,5819478.801057743
3098,106,SFD,3098,1,1,500,1995,797119.8847871143,5822626.234259472
3099,844,SFD,3099,1,1,500,1995,809790.659533302,5833733.042854012
3100,1570,SFD,3100,1,1,500,1995,800487.3719718303,5827547.1946087545
3101,1310,SFD,3101,1,1,500,1995,791725.3364581105,5828313.185460322
3102,2723,SFD,3102,1,1,500,1995,802062.5645238378,5820789.446261075
3103,1295,SFD,3103,1,1,500,1995,785043.2830594617,5832464.476678373
3104,2276,SFD,3104,1,1,500,1995,799140.3473861886,5829435.997966181
3105,2152,SFD,3105,1,1,500,1995,796160.4435598049,5830784.974380485
3106,2937,SFD,3106,1,1,500,1995,805480.7206127425,5833068.61037612
3107,3167,SFD,3107,1,1,500,1995,797530.5374174963,5819412.088000383
3108,3472,SFD,3108,1,1,500,1995,806469.9403751303,5827081.531833875
3109,998,SFD,3109,1,1,500,1995,804998.7107630833,5831926.781802839
3110,290,SFD,3110,1,1,500,1995,792043.6631443612,5835628.874820803
3111,3119,SFD,3111,1,1,500,1995,800701.1444725994,5829807.437378773
3112,1877,SFD,3112,1,1,500,1995,780621.8142334676,5820125.56420279
3113,2348,SFD,3113,1,1,500,1995,793391.3131344237,5817890.172913011
3114,3217,SFD,3114,1,1,500,1995,810314.0008685563,5822319.510476409
3115,1874,SFD,3115,1,1,500,1995,806681.3446146289,5824937.043437054
3116,1759,SFD,3116,1,1,500,1995,805461.8078112588,5827511.048864823
3117,2143,SFD,3117,1,1,500,1995,800291.0232820512,5823745.848942417
3118,1715,SFD,3118,1,1,500,1995,796904.4326159345,5819652.561995116
3119,1306,SFD,3119,1,1,500,1995,791617.5062711574,5834473.646399111
3120,2753,SFD,3120,1,1,500,1995,803220.7736116966,5826614.408133031
3121,1728,SFD,3121,1,1,500,1995,796037.6449275424,5830455.237751283
3122,2895,SFD,3122,1,1,500,1995,802379.5883131821,5827383.077639009
3123,866,SFD,3123,1,1,500,1995,798470.6744649305,5828737.84022387
3124,369,SFD,3124,1,1,500,1995,798478.7547057571,5833077.729555479
3125,2882,SFD,3125,1,1,500,1995,789207.581073852,5827377.646597348
3126,53,SFD,3126,1,1,500,1995,794147.6017235657,5823845.375866118
3127,2596,SFD,3127,1,1,500,1995,792465.9682549145,5833113.465227704
3128,139,SFD,3128,1,1,500,1995,798781.3222634959,5828786.281627106
3129,667,SFD,3129,1,1,500,1995,795326.4152047661,5824319.633355849
3130,2078,SFD,3130,1,1,500,1995,797068.1780285309,5819498.159532847
3131,870,SFD,3131,1,1,500,1995,803870.833511553,5828685.0550486855
3132,710,SFD,3132,1,1,500,1995,783251.5504544991,5831566.191284172
3133,2639,SFD,3133,1,1,500,1995,801230.0662051926,5821994.00711563
3134,3216,SFD,3134,1,1,500,1995,795252.1697709328,5835787.602535042
3135,2037,SFD,3135,1,1,500,1995,800506.261281098,5832119.932652187
3136,695,SFD,3136,1,1,500,1995,798030.1655707534,5829821.872281151
3137,2202,SFD,3137,1,1,500,1995,809829.2201440273,5819393.587061411
3138,1698,SFD,3138,1,1,500,1995,799981.0300108612,5815359.7711067675
3139,3472,SFD,3139,1,1,500,1995,795549.0834002888,5823386.918925071
3140,2731,SFD,3140,1,1,500,1995,808811.007635687,5826724.630645304
3141,1032,SFD,3141,1,1,500,1995,793782.6328141676,5836411.811716436
3142,1924,SFD,3142,1,1,500,1995,807886.0958778351,5815265.982798754
3143,99,SFD,3143,1,1,500,1995,800115.1686132783,5822999.151224927
3144,2853,SFD,3144,1,1,500,1995,804473.8326574658,5830522.014062453
3145,924,SFD,3145,1,1,500,1995,796924.7841894508,5820223.969568125
3146,2885,SFD,3146,1,1,500,1995,811745.4074152546,5830630.028528336
3147,1407,SFD,3147,1,1,500,1995,805191.3173887496,5826696.45056229
3148,1175,SFD,3148,1,1,500,1995,801528.3550256088,5827443.934837841
3149,1066,SFD,3149,1,1,500,1995,804535.3972696033,5817419.238578667
3150,464,SFD,3150,1,1,500,1995,805610.450220902,5841560.617378197
3151,1679,SFD,3151,1,1,500,1995,802528.4076296312,5826918.059968117
3152,1043,SFD,3152,1,1,500,1995,796704.6459513016,5833595.002615645
3153,3214,SFD,3153,1,1,500,1995,809744.2939162843,5832125.512710103
3154,1413,SFD,3154,1,1,500,1995,802117.6357897029,5819469.818406058
3155,3322,SFD,3155,1,1,500,1995,785335.0412015724,5831957.05334792
3156,2250,SFD,3156,1,1,500,1995,795090.767209058,5825187.545077376
3157,185,SFD,3157,1,1,500,1995,799349.4077829223,5829424.68758028
3158,565,SFD,3158,1,1,500,1995,801240.7349459061,5817670.576841397
3159,1608,SFD,3159,1,1,500,1995,797781.4032776388,5832932.734066374
3160,880,SFD,3160,1,1,500,1995,790687.6726547072,5835915.762028978
3161,547,SFD,3161,1,1,500,1995,796002.3153657207,5831746.981539641
3162,958,SFD,3162,1,1,500,1995,792613.6506440623,5822604.209308568
3163,331,SFD,3163,1,1,500,1995,797746.1691699761,5831666.611309725
3164,3357,SFD,3164,1,1,500,1995,788779.6898113362,5816896.316345981
3165,492,SFD,3165,1,1,500,1995,781491.4921094992,5830224.828660325
3166,2454,SFD,3166,1,1,500,1995,784753.5707980212,5830183.697716467
3167,2526,SFD,3167,1,1,500,1995,798672.0315442195,5829301.792269118
3168,1196,SFD,3168,1,1,500,1995,814394.4415629574,5821714.571009079
3169,2409,SFD,3169,1,1,500,1995,795056.1962762331,5821159.219888977
3170,2370,SFD,3170,1,1,500,1995,802871.700636653,5826955.083823498
3171,2393,SFD,3171,1,1,500,1995,796459.636131488,5818602.250665657
3172,1799,SFD,3172,1,1,500,1995,790978.3693723283,5820843.765332434
3173,394,SFD,3173,1,1,500,1995,789860.2160313756,5833938.285652137
3174,724,SFD,3174,1,1,500,1995,796842.4178894344,5831582.3091307115
3175,2672,SFD,3175,1,1,500,1995,794997.4446627354,5829153.38336334
3176,3176,SFD,3176,1,1,500,1995,791179.989038182,5835325.655723367
3177,3265,SFD,3177,1,1,500,1995,800533.7700385265,5823221.353991485
3178,1866,SFD,3178,1,1,500,1995,800649.0783490377,5823729.76147146
3179,139,SFD,3179,1,1,500,1995,797362.494038587,5831412.776724223
3180,1395,SFD,3180,1,1,500,1995,803891.4378120482,5819150.1694725575
3181,1046,SFD,3181,1,1,500,1995,794551.9255230003,5831572.656482263
3182,141,SFD,3182,1,1,500,1995,805782.3196002299,5827146.790364023
3183,1083,SFD,3183,1,1,500,1995,796562.8646408475,5833468.053338942
3184,1157,SFD,3184,1,1,500,1995,793507.3961101779,5835152.390001175
3185,866,SFD,3185,1,1,500,1995,806056.7250749198,5833973.49330724
3186,2181,SFD,3186,1,1,500,1995,799862.4674418018,5831752.847294914
3187,2009,SFD,3187,1,1,500,1995,809306.4987856856,5819695.212105301
3188,2509,SFD,3188,1,1,500,1995,791773.2219914615,5826809.905412544
3189,2355,SFD,3189,1,1,500,1995,805146.4597224474,5827669.665112822
3190,558,SFD,3190,1,1,500,1995,791167.6407779541,5836116.117357979
3191,3196,SFD,3191,1,1,500,1995,799901.5047009343,5829731.710438182
3192,325,SFD,3192,1,1,500,1995,793570.6994504295,5821510.823316479
3193,1474,SFD,3193,1,1,500,1995,813403.2771325539,5831315.07629368
3194,3477,SFD,3194,1,1,500,1995,807679.5151552423,5815530.775807108
3195,1765,SFD,3195,1,1,500,1995,802022.740408971,5828475.095127983
3196,1912,SFD,3196,1,1,500,1995,805967.3561420138,5820195.358998289
3197,2764,SFD,3197,1,1,500,1995,807600.6203152767,5815298.901839996
3198,1299,SFD,3198,1,1,500,1995,802828.8071014214,5817773.564106442
3199,1261,SFD,3199,1,1,500,1995,790158.2383834786,5829790.277968318
3200,1831,SFD,3200,1,1,500,1995,796310.8539246297,5830415.450133087
3201,2411,SFD,3201,1,1,500,1995,795871.1945464734,5832957.96923617
3202,119,SFD,3202,1,1,500,1995,797384.7270647285,5831985.879949496
3203,199,SFD,3203,1,1,500,1995,788880.61473317,5830364.978281059
3204,2098,SFD,3204,1,1,500,1995,793602.9289499565,5821937.760695229
3205,744,SFD,3205,1,1,500,1995,797340.7441076994,5821057.855395477
3206,1634,SFD,3206,1,1,500,1995,796972.6662715479,5829821.083141692
3207,111,SFD,3207,1,1,500,1995,800885.6020410338,5823120.564204585
3208,1866,SFD,3208,1,1,500,1995,796653.3018646608,5821160.771724348
3209,907,SFD,3209,1,1,500,1995,797744.8732302693,5819777.305418805
3210,3112,SFD,3210,1,1,500,1995,801405.7444797528,5831813.231586032
3211,1232,SFD,3211,1,1,500,1995,807862.4214695019,5818965.723506159
3212,317,SFD,3212,1,1,500,1995,799609.8573692555,5829340.570483349
3213,3195,SFD,3213,1,1,500,1995,799993.0956375243,5826154.297368081
3214,2901,SFD,3214,1,1,500,1995,804187.2550519584,5825958.360319592
3215,2057,SFD,3215,1,1,500,1995,798552.3283631911,5828737.062588447
3216,1690,SFD,3216,1,1,500,1995,810047.2533324388,5820257.098366517
3217,2528,SFD,3217,1,1,500,1995,794688.9539604073,5837366.908342062
3218,1728,SFD,3218,1,1,500,1995,794797.1134829568,5829001.274032093
3219,2936,SFD,3219,1,1,500,1995,796982.2994707145,5817469.15363137
3220,2146,SFD,3220,1,1,500,1995,790399.4221646909,5834944.887815619
3221,743,SFD,3221,1,1,500,1995,793202.7228963276,5837551.247344079
3222,2067,SFD,3222,1,1,500,1995,810717.9095158366,5825514.881059927
3223,2871,SFD,3223,1,1,500,1995,797765.9770910756,5830396.200705473
3224,1036,SFD,3224,1,1,500,1995,787386.0518251474,5830209.890558975
3225,1804,SFD,3225,1,1,500,1995,783437.8458074296,5830682.770328279
3226,227,SFD,3226,1,1,500,1995,804608.7235906519,5820612.690345742
3227,2375,SFD,3227,1,1,500,1995,796748.8426116789,5824629.2662274055
3228,2442,SFD,3228,1,1,500,1995,794312.1550679272,5829093.610598968
3229,1899,SFD,3229,1,1,500,1995,790984.9638438612,5840789.410862367
3230,952,SFD,3230,1,1,500,1995,804338.6830061134,5816527.352222492
3231,1751,SFD,3231,1,1,500,1995,803685.0517673225,5818195.24218688
3232,332,SFD,3232,1,1,500,1995,797056.8741992306,5828949.066035153
3233,121,SFD,3233,1,1,500,1995,803832.8590331513,5826287.207455971
3234,2713,SFD,3234,1,1,500,1995,795584.102949895,5818066.918477438
3235,3451,SFD,3235,1,1,500,1995,801713.3171521225,5825147.335663749
3236,1207,SFD,3236,1,1,500,1995,806206.0546523707,5832425.031282211
3237,563,SFD,3237,1,1,500,1995,788788.7976119096,5817053.556051305
3238,2567,SFD,3238,1,1,500,1995,800219.9584431655,5829438.453037077
3239,524,SFD,3239,1,1,500,1995,802300.1200144782,5832332.358666234
3240,526,SFD,3240,1,1,500,1995,797237.2509324284,5835647.877302911
3241,505,SFD,3241,1,1,500,1995,802050.4548627085,5823912.00397478
3242,2147,SFD,3242,1,1,500,1995,806062.0112039177,5826746.693016505
3243,2999,SFD,3243,1,1,500,1995,801207.1008416141,5825722.593688059
3244,701,SFD,3244,1,1,500,1995,811534.4792952879,5818479.340261889
3245,169,SFD,3245,1,1,500,1995,789737.8584263925,5816593.661818286
3246,1686,SFD,3246,1,1,500,1995,797243.5321469324,5832202.7611757
3247,1977,SFD,3247,1,1,500,1995,794710.046111339,5831756.957452931
3248,796,SFD,3248,1,1,500,1995,802929.4855769698,5819552.797126039
3249,3431,SFD,3249,1,1,500,1995,795012.9148319532,5836553.300529621
3250,1660,SFD,3250,1,1,500,1995,808158.1620642026,5817658.056710879
3251,305,SFD,3251,1,1,500,1995,801873.7503221328,5827850.7844772
3252,3446,SFD,3252,1,1,500,1995,809502.6703695357,5830423.526447524
3253,1653,SFD,3253,1,1,500,1995,784701.3135878219,5831891.064596664
3254,2125,SFD,3254,1,1,500,1995,790144.0841197527,5833672.017487684
3255,618,SFD,3255,1,1,500,1995,794559.254434234,5819023.843300782
3256,1464,SFD,3256,1,1,500,1995,800650.512638028,5824222.235857267
3257,860,SFD,3257,1,1,500,1995,800287.1507554064,5838857.472280945
3258,3173,SFD,3258,1,1,500,1995,791422.795834257,5834439.397945676
3259,2729,SFD,3259,1,1,500,1995,812160.1948703479,5818035.291249396
3260,408,SFD,3260,1,1,500,1995,803054.8302401863,5819884.709070406
3261,2618,SFD,3261,1,1,500,1995,792993.3239093777,5833020.216498287
3262,1364,SFD,3262,1,1,500,1995,797860.6407635119,5831020.070681232
3263,1119,SFD,3263,1,1,500,1995,820349.8000104101,5820638.174549586
3264,2435,SFD,3264,1,1,500,1995,781186.6797451002,5827652.153356851
3265,1575,SFD,3265,1,1,500,1995,801609.325064322,5823730.477308164
3266,1914,SFD,3266,1,1,500,1995,792969.4664627698,5825487.673762942
3267,2607,SFD,3267,1,1,500,1995,792940.270564959,5838482.751506112
3268,3043,SFD,3268,1,1,500,1995,803625.1381667256,5841490.078143957
3269,550,SFD,3269,1,1,500,1995,792180.0975810587,5827500.227401896
3270,787,SFD,3270,1,1,500,1995,811773.3268710001,5831572.86126207
3271,1242,SFD,3271,1,1,500,1995,785144.749600943,5829653.274826887
3272,1734,SFD,3272,1,1,500,1995,798313.5400638025,5830055.287476144
3273,3172,SFD,3273,1,1,500,1995,794883.9534476383,5825088.106127562
3274,775,SFD,3274,1,1,500,1995,808525.9425539755,5830826.655142535
3275,1992,SFD,3275,1,1,500,1995,811935.5555538349,5817673.269810273
3276,141,SFD,3276,1,1,500,1995,789192.3357815859,5829378.652598123
3277,3097,SFD,3277,1,1,500,1995,799519.7357486072,5831877.989400671
3278,473,SFD,3278,1,1,500,1995,811558.6149733795,5827698.765814455
3279,28,SFD,3279,1,1,500,1995,808868.8690634456,5832876.825440394
3280,1177,SFD,3280,1,1,500,1995,802979.2043668455,5839086.485308225
3281,1772,SFD,3281,1,1,500,1995,798836.3170712687,5828525.707569579
3282,959,SFD,3282,1,1,500,1995,809421.6065124918,5826101.843484005
3283,1982,SFD,3283,1,1,500,1995,797476.0204970468,5825953.931814256
3284,888,SFD,3284,1,1,500,1995,794384.784461966,5833696.982635954
3285,1058,SFD,3285,1,1,500,1995,795218.7168418204,5819785.30454463
3286,1392,SFD,3286,1,1,500,1995,806266.9389437479,5833565.8790528355
3287,2732,SFD,3287,1,1,500,1995,789685.6446896254,5839505.952866197
3288,3284,SFD,3288,1,1,500,1995,792668.0705844248,5833240.960403544
3289,279,SFD,3289,1,1,500,1995,793009.158299519,5837499.742661101
3290,1425,SFD,3290,1,1,500,1995,810066.1807655694,5833895.58130858
3291,2483,SFD,3291,1,1,500,1995,794383.995459347,5829225.2265415015
3292,1641,SFD,3292,1,1,500,1995,802693.8158734797,5817056.771596293
3293,572,SFD,3293,1,1,500,1995,816873.2933110866,5817117.769240915
3294,137,SFD,3294,1,1,500,1995,795193.3322744366,5824309.04908792
3295,1751,SFD,3295,1,1,500,1995,792048.966048297,5828199.8301507225
3296,2200,SFD,3296,1,1,500,1995,795013.3257741862,5836558.728408823
3297,2796,SFD,3297,1,1,500,1995,784402.1147448372,5817055.482765615
3298,603,SFD,3298,1,1,500,1995,801425.2421418396,5823116.1735221725
3299,157,SFD,3299,1,1,500,1995,801722.700642308,5831962.845554731
3300,1452,SFD,3300,1,1,500,1995,799847.823497186,5813834.665430087
3301,1502,SFD,3301,1,1,500,1995,813287.7185094769,5829710.586288598
3302,3234,SFD,3302,1,1,500,1995,789537.7505507339,5824700.87844162
3303,1330,SFD,3303,1,1,500,1995,785597.6461775142,5827202.184484735
3304,1592,SFD,3304,1,1,500,1995,806313.3734207357,5815385.955514128
3305,2025,SFD,3305,1,1,500,1995,810761.0299990873,5819710.934784287
3306,3037,SFD,3306,1,1,500,1995,789525.0775832108,5826831.477665448
3307,1240,SFD,3307,1,1,500,1995,800703.1501569963,5824747.030097887
3308,2784,SFD,3308,1,1,500,1995,787728.2139647813,5830140.946577484
3309,1398,SFD,3309,1,1,500,1995,795364.9446184409,5823520.581292483
3310,301,SFD,3310,1,1,500,1995,787097.8766560936,5830195.41754362
3311,2138,SFD,3311,1,1,500,1995,800382.3470872066,5825977.777831351
3312,3034,SFD,3312,1,1,500,1995,807112.52456431,5823848.916597087
3313,1859,SFD,3313,1,1,500,1995,802262.354889086,5823750.772094374
3314,148,SFD,3314,1,1,500,1995,803610.601295225,5828648.218079909
3315,1849,SFD,3315,1,1,500,1995,804752.8573591165,5840545.90826624
3316,1121,SFD,3316,1,1,500,1995,796609.2712590013,5817997.750469296
3317,1865,SFD,3317,1,1,500,1995,794096.6452658696,5832157.763157433
3318,2676,SFD,3318,1,1,500,1995,805547.4094802415,5827285.894251814
3319,1786,SFD,3319,1,1,500,1995,804283.9133419266,5817441.870428016
3320,1493,SFD,3320,1,1,500,1995,799800.8635801105,5825588.113421617
3321,809,SFD,3321,1,1,500,1995,801280.8232484551,5836572.877429277
3322,2513,SFD,3322,1,1,500,1995,804163.8031837194,5831269.466838315
3323,3361,SFD,3323,1,1,500,1995,789397.7118262631,5839319.038385663
3324,1645,SFD,3324,1,1,500,1995,805310.4599970272,5831712.390319705
3325,3009,SFD,3325,1,1,500,1995,796392.5661300011,5825127.385356115
3326,3320,SFD,3326,1,1,500,1995,800430.7527080751,5822917.369417181
3327,2247,SFD,3327,1,1,500,1995,793509.8072667555,5823997.780766919
3328,2635,SFD,3328,1,1,500,1995,796991.6525110446,5831398.480532405
3329,170,SFD,3329,1,1,500,1995,794810.4909817292,5820030.511903503
3330,1689,SFD,3330,1,1,500,1995,798418.8190572379,5814102.651532771
3331,2051,SFD,3331,1,1,500,1995,800484.832969466,5829600.118938594
3332,1494,SFD,3332,1,1,500,1995,798381.926244911,5831056.309425928
3333,797,SFD,3333,1,1,500,1995,789015.5594523847,5817606.313146555
3334,2207,SFD,3334,1,1,500,1995,795236.5064288082,5817890.651928609
3335,199,SFD,3335,1,1,500,1995,810902.8512752545,5828635.270941718
3336,762,SFD,3336,1,1,500,1995,785465.9926339565,5816797.849947309
3337,2857,SFD,3337,1,1,500,1995,789625.7246653563,5823819.649436296
3338,884,SFD,3338,1,1,500,1995,797997.6006128343,5821186.718509153
3339,2521,SFD,3339,1,1,500,1995,795503.3364238624,5830685.476122089
3340,1895,SFD,3340,1,1,500,1995,791825.5684468835,5827345.99148576
3341,1748,SFD,3341,1,1,500,1995,793154.2910567232,5822910.442493204
3342,784,SFD,3342,1,1,500,1995,785890.252693369,5836762.578441835
3343,126,SFD,3343,1,1,500,1995,795502.4815501145,5819553.235353925
3344,3112,SFD,3344,1,1,500,1995,791932.3933986677,5825079.795364496
3345,2588,SFD,3345,1,1,500,1995,793507.5500707388,5834735.365369317
3346,987,SFD,3346,1,1,500,1995,790874.9892842054,5827519.346254772
3347,3204,SFD,3347,1,1,500,1995,811932.904989171,5819512.942632007
3348,944,SFD,3348,1,1,500,1995,811670.5282282298,5821583.593858437
3349,2990,SFD,3349,1,1,500,1995,811619.9284600182,5831839.287776628
3350,1632,SFD,3350,1,1,500,1995,801474.965281893,5823939.148445105
3351,1964,SFD,3351,1,1,500,1995,800673.6319217972,5823387.23469993
3352,3148,SFD,3352,1,1,500,1995,795061.4187944313,5821562.661547804
3353,818,SFD,3353,1,1,500,1995,800500.5347449968,5813529.12490329
3354,2504,SFD,3354,1,1,500,1995,789534.373742216,5815237.338822475
3355,590,SFD,3355,1,1,500,1995,802211.8449566341,5826988.671243108
3356,1265,SFD,3356,1,1,500,1995,813566.5835394554,5831250.575734769
3357,733,SFD,3357,1,1,500,1995,800708.343227783,5821395.497095745
3358,2648,SFD,3358,1,1,500,1995,799977.6332841942,5829422.603178912
3359,748,SFD,3359,1,1,500,1995,810179.9692769801,5832575.760663549
3360,3,SFD,3360,1,1,500,1995,790227.7747090079,5822400.162456296
3361,547,SFD,3361,1,1,500,1995,799580.0232667271,5827320.031466983
3362,2803,SFD,3362,1,1,500,1995,794949.8769167978,5821276.285076765
3363,1199,SFD,3363,1,1,500,1995,804356.8614160845,5830574.781621172
3364,1159,SFD,3364,1,1,500,1995,799608.8253805675,5816814.32309009
3365,753,SFD,3365,1,1,500,1995,796572.2649618436,5830910.668400369
3366,2195,SFD,3366,1,1,500,1995,790523.3585080418,5835422.890110509
3367,30,SFD,3367,1,1,500,1995,794728.2108331955,5832877.328497517
3368,374,SFD,3368,1,1,500,1995,791152.6448594254,5816155.233000519
3369,2775,SFD,3369,1,1,500,1995,797709.9278158906,5825721.023130713
3370,476,SFD,3370,1,1,500,1995,792806.3466026476,5821620.753232135
3371,2177,SFD,3371,1,1,500,1995,811982.469789939,5824381.785459356
3372,1500,SFD,3372,1,1,500,1995,804950.5650290771,5822357.03252703
3373,1456,SFD,3373,1,1,500,1995,801676.9251929885,5822103.370999878
3374,790,SFD,3374,1,1,500,1995,810375.5816296996,5820268.824915232
3375,1317,SFD,3375,1,1,500,1995,797187.2453592159,5820724.780503647
3376,321,SFD,3376,1,1,500,1995,795422.171496004,5818218.6491979025
3377,546,SFD,3377,1,1,500,1995,788919.736204205,5819894.7107039215
3378,637,SFD,3378,1,1,500,1995,791915.5951203813,5833144.0896712635
3379,117,SFD,3379,1,1,500,1995,798933.6680953554,5832573.545321215
3380,1354,SFD,3380,1,1,500,1995,795794.9795086905,5824287.586551377
3381,1946,SFD,3381,1,1,500,1995,807051.9401744376,5833712.720237653
3382,1224,SFD,3382,1,1,500,1995,804955.0615556398,5834206.698677926
3383,3317,SFD,3383,1,1,500,1995,793884.8504564769,5821021.202629909
3384,1903,SFD,3384,1,1,500,1995,794944.7336693287,5817815.503247621
3385,666,SFD,3385,1,1,500,1995,804439.8207355118,5830508.159485077
3386,1142,SFD,3386,1,1,500,1995,792282.3655711771,5833467.71934385
3387,2596,SFD,3387,1,1,500,1995,807091.6471560642,5816786.533287754
3388,2708,SFD,3388,1,1,500,1995,799094.2546476556,5829196.436951934
3389,2889,SFD,3389,1,1,500,1995,802723.4720694952,5827970.3361395085
3390,3074,SFD,3390,1,1,500,1995,797739.8241352402,5830827.616293695
3391,2989,SFD,3391,1,1,500,1995,809870.7594056479,5829418.394891828
3392,1806,SFD,3392,1,1,500,1995,803304.7439259165,5827378.310913709
3393,732,SFD,3393,1,1,500,1995,790014.9331992094,5827042.231419663
3394,2917,SFD,3394,1,1,500,1995,797016.7332357264,5823405.23289979
3395,1355,SFD,3395,1,1,500,1995,813301.4184735753,5830000.933828699
3396,118,SFD,3396,1,1,500,1995,808163.9004281543,5815817.407803461
3397,2345,SFD,3397,1,1,500,1995,803772.2737799061,5818107.460470535
3398,802,SFD,3398,1,1,500,1995,793139.3748587088,5824401.229216214
3399,1022,SFD,3399,1,1,500,1995,793765.7285954439,5836348.732444707
3400,441,SFD,3400,1,1,500,1995,799607.2919160007,5824904.754305567
3401,3114,SFD,3401,1,1,500,1995,784493.4985574351,5830667.029808953
3402,2437,SFD,3402,1,1,500,1995,803495.9570880195,5831652.821922931
3403,1510,SFD,3403,1,1,500,1995,781700.2019073076,5829789.1591800945
3404,3003,SFD,3404,1,1,500,1995,807610.7309356588,5827752.279504915
3405,109,SFD,3405,1,1,500,1995,809919.1428301138,5832138.173007966
3406,3269,SFD,3406,1,1,500,1995,804523.2455218277,5826561.930928309
3407,3234,SFD,3407,1,1,500,1995,791952.6924085531,5833025.746254621
3408,470,SFD,3408,1,1,500,1995,792062.2000789281,5824802.230404831
3409,483,SFD,3409,1,1,500,1995,798620.5872679866,5829271.158175077
3410,728,SFD,3410,1,1,500,1995,803211.0338833353,5829118.093595936
3411,3018,SFD,3411,1,1,500,1995,810285.480050466,5833714.81008643
3412,3154,SFD,3412,1,1,500,1995,791290.2744898648,5827139.973664473
3413,156,SFD,3413,1,1,500,1995,798945.8957376879,5826559.490759886
3414,2938,SFD,3414,1,1,500,1995,795561.3569943048,5817710.810527148
3415,2357,SFD,3415,1,1,500,1995,795871.0947416693,5815560.349384506
3416,2015,SFD,3416,1,1,500,1995,793823.0306787653,5819130.400693275
3417,2060,SFD,3417,1,1,500,1995,806495.019150346,5815569.382528248
3418,1263,SFD,3418,1,1,500,1995,809598.4459258136,5833668.7851327965
3419,1866,SFD,3419,1,1,500,1995,797626.9915411604,5831986.604731913
3420,2311,SFD,3420,1,1,500,1995,796410.4924184233,5832984.531507662
3421,1004,SFD,3421,1,1,500,1995,799853.6437179679,5828819.74211332
3422,1898,SFD,3422,1,1,500,1995,796881.2471396273,5819663.347263824
3423,3483,SFD,3423,1,1,500,1995,789780.5375194168,5823474.994806604
3424,590,SFD,3424,1,1,500,1995,786053.5891425486,5817952.111485589
3425,1516,SFD,3425,1,1,500,1995,799800.9659624372,5815460.094667721
3426,559,SFD,3426,1,1,500,1995,792993.8295733661,5827400.323344604
3427,3093,SFD,3427,1,1,500,1995,795118.4826578316,5824043.472331595
3428,472,SFD,3428,1,1,500,1995,810429.4896824555,5826862.858692731
3429,3038,SFD,3429,1,1,500,1995,789201.8927427843,5839631.355833106
3430,1523,SFD,3430,1,1,500,1995,810883.2490004896,5828947.959138192
3431,728,SFD,3431,1,1,500,1995,794505.9968775532,5823971.801071044
3432,1411,SFD,3432,1,1,500,1995,798457.2494919153,5824786.47605692
3433,649,SFD,3433,1,1,500,1995,798734.346011478,5828114.415194613
3434,971,SFD,3434,1,1,500,1995,782800.0251485085,5830841.283396907
3435,2282,SFD,3435,1,1,500,1995,790476.7460780067,5827254.115033284
3436,127,SFD,3436,1,1,500,1995,793434.3959666888,5828952.943139783
3437,1543,SFD,3437,1,1,500,1995,810583.673052916,5821565.182903266
3438,1447,SFD,3438,1,1,500,1995,793592.5906383746,5819513.7739312695
3439,2298,SFD,3439,1,1,500,1995,800947.9093304637,5813456.891742655
3440,2791,SFD,3440,1,1,500,1995,792328.5810976963,5833730.438364104
3441,2569,SFD,3441,1,1,500,1995,788958.0190781194,5816091.158466439
3442,2690,SFD,3442,1,1,500,1995,802589.1793366175,5819676.4283754425
3443,2186,SFD,3443,1,1,500,1995,795314.139287207,5817339.524299775
3444,312,SFD,3444,1,1,500,1995,793988.3060477905,5822565.5564417755
3445,604,SFD,3445,1,1,500,1995,791824.9649450812,5828325.516546259
3446,2360,SFD,3446,1,1,500,1995,804125.1145364186,5841838.163423341
3447,1513,SFD,3447,1,1,500,1995,797171.8364589112,5833090.608547526
3448,1824,SFD,3448,1,1,500,1995,799497.3162196067,5830979.040619393
3449,2593,SFD,3449,1,1,500,1995,780905.0023306274,5828538.442413683
3450,447,SFD,3450,1,1,500,1995,793190.2607758027,5823997.154795361
3451,3320,SFD,3451,1,1,500,1995,781094.8784863971,5827615.078087657
3452,2433,SFD,3452,1,1,500,1995,790117.411096694,5834780.063466113
3453,1430,SFD,3453,1,1,500,1995,803087.8797301296,5827488.719898673
3454,3423,SFD,3454,1,1,500,1995,800065.2417142754,5812253.105604008
3455,186,SFD,3455,1,1,500,1995,793418.4554762244,5816251.433135865
3456,1309,SFD,3456,1,1,500,1995,796419.1355688146,5833712.039393562
3457,3389,SFD,3457,1,1,500,1995,790759.3041110251,5823869.927700889
3458,2913,SFD,3458,1,1,500,1995,800025.9776736496,5829897.954811817
3459,2352,SFD,3459,1,1,500,1995,799462.5815234871,5830701.593230386
3460,2199,SFD,3460,1,1,500,1995,812227.6735182779,5819298.229791274
3461,1742,SFD,3461,1,1,500,1995,793217.8721422195,5815586.620124975
3462,1623,SFD,3462,1,1,500,1995,802733.0031940441,5827364.927790033
3463,1827,SFD,3463,1,1,500,1995,803973.1668491638,5840224.867513746
3464,2344,SFD,3464,1,1,500,1995,798882.8487475358,5819678.501432502
3465,1657,SFD,3465,1,1,500,1995,812272.3498414775,5828052.440100867
3466,3162,SFD,3466,1,1,500,1995,808496.1578510144,5832013.557727783
3467,239,SFD,3467,1,1,500,1995,801788.4087164917,5817649.659411341
3468,52,SFD,3468,1,1,500,1995,789952.760050422,5841104.770080667
3469,3194,SFD,3469,1,1,500,1995,799931.1811646868,5832907.443332185
3470,1817,SFD,3470,1,1,500,1995,789279.5330320199,5839344.287266923
3471,196,SFD,3471,1,1,500,1995,793558.1965123529,5822710.860803079
3472,607,SFD,3472,1,1,500,1995,789679.4396251112,5817581.258418174
3473,713,SFD,3473,1,1,500,1995,794780.2984611816,5819954.4075376
3474,754,SFD,3474,1,1,500,1995,809637.8620085502,5826975.751261215
3475,540,SFD,3475,1,1,500,1995,807879.7886138809,5815348.058029769
3476,2941,SFD,3476,1,1,500,1995,790773.0691800488,5817634.116179566
3477,2914,SFD,3477,1,1,500,1995,797657.0727374647,5824609.630861973
3478,2575,SFD,3478,1,1,500,1995,796297.1451808703,5817974.731743462
3479,957,SFD,3479,1,1,500,1995,797988.1889112347,5826498.310366557
3480,2958,SFD,3480,1,1,500,1995,792325.308434013,5822568.302269807
3481,2577,SFD,3481,1,1,500,1995,788971.1423717807,5817778.8025977975
3482,1283,SFD,3482,1,1,500,1995,794481.964407787,5822857.745518655
3483,3370,SFD,3483,1,1,500,1995,796545.4246093608,5832539.713484124
3484,3262,SFD,3484,1,1,500,1995,801618.8630712198,5823106.59674031
3485,1804,SFD,3485,1,1,500,1995,796556.8998409591,5836362.730569123
3486,2442,SFD,3486,1,1,500,1995,811550.3987975272,5823181.875988661
3487,2437,SFD,3487,1,1,500,1995,789999.8375067713,5829433.490027077
3488,2041,SFD,3488,1,1,500,1995,792900.0958793173,5821104.888999243
3489,849,SFD,3489,1,1,500,1995,799518.4884759529,5829346.423906489
3490,3331,SFD,3490,1,1,500,1995,793723.9091593637,5823692.601293705
3491,827,SFD,3491,1,1,500,1995,805554.6313567267,5819747.18876057
3492,63,SFD,3492,1,1,500,1995,790611.4545374741,5818182.817189163
3493,31,SFD,3493,1,1,500,1995,792765.9142842288,5819080.086202518
3494,413,SFD,3494,1,1,500,1995,799162.4458154729,5838029.322410175
3495,1188,SFD,3495,1,1,500,1995,798126.121080919,5818940.93884268
3496,3088,SFD,3496,1,1,500,1995,788904.7542820654,5827118.814457594
3497,74,SFD,3497,1,1,500,1995,803569.6932570895,5828800.863173365
3498,1763,SFD,3498,1,1,500,1995,801502.7239129925,5822576.269653085
3499,535,SFD,3499,1,1,500,1995,812348.0947784133,5818664.760970712
3500,2162,SFD,3500,1,1,500,1995,809390.1871110855,5825771.227623729
3501,3011,SFD,3501,1,1,500,1995,792884.0149184795,5832757.819208696
3502,3230,SFD,3502,1,1,500,1995,795134.2212346841,5823180.623720666
3503,1221,SFD,3503,1,1,500,1995,795192.6697214529,5833803.260069631
3504,1544,SFD,3504,1,1,500,1995,795305.2263111,5837321.453662143
3505,1370,SFD,3505,1,1,500,1995,800636.6098406423,5812727.724921545
3506,568,SFD,3506,1,1,500,1995,801057.8145612954,5823362.815576879
3507,3066,SFD,3507,1,1,500,1995,799043.9278352844,5814135.296540646
3508,984,SFD,3508,1,1,500,1995,796445.1106292476,5824798.685215773
3509,2391,SFD,3509,1,1,500,1995,808988.9018818287,5819321.881018958
3510,3166,SFD,3510,1,1,500,1995,793059.6056899747,5817884.00435772
3511,908,SFD,3511,1,1,500,1995,802569.3685779473,5831548.325110988
3512,1725,SFD,3512,1,1,500,1995,803845.7628777638,5822505.169610001
3513,3076,SFD,3513,1,1,500,1995,793923.632718487,5824771.128239664
3514,2421,SFD,3514,1,1,500,1995,784936.4619649439,5829804.933098531
3515,92,SFD,3515,1,1,500,1995,804868.939282865,5822018.37525972
3516,3343,SFD,3516,1,1,500,1995,783671.3839775514,5825222.283647493
3517,716,SFD,3517,1,1,500,1995,796258.2651889342,5815685.132501682
3518,2759,SFD,3518,1,1,500,1995,795588.5222208754,5815697.946847272
3519,1445,SFD,3519,1,1,500,1995,784804.5929656025,5827470.661102575
3520,2911,SFD,3520,1,1,500,1995,797269.9314505334,5823708.630617624
3521,1341,SFD,3521,1,1,500,1995,787878.4376445614,5829898.815744092
3522,10,SFD,3522,1,1,500,1995,792294.842983582,5837206.465751351
3523,944,SFD,3523,1,1,500,1995,795775.1510875907,5820327.5676832665
3524,3482,SFD,3524,1,1,500,1995,806535.2908593882,5822370.082067752
3525,73,SFD,3525,1,1,500,1995,784826.0267990879,5827073.43604537
3526,1931,SFD,3526,1,1,500,1995,795377.6962814408,5819469.405895392
3527,1554,SFD,3527,1,1,500,1995,793632.8900986207,5825701.879774005
3528,243,SFD,3528,1,1,500,1995,790791.2067324517,5840576.273442216
3529,727,SFD,3529,1,1,500,1995,795111.6405045594,5830971.04142101
3530,3073,SFD,3530,1,1,500,1995,795127.537009456,5819609.208625838
3531,3088,SFD,3531,1,1,500,1995,790639.6077228653,5834123.479573958
3532,2990,SFD,3532,1,1,500,1995,798998.0875695646,5829064.525201154
3533,1785,SFD,3533,1,1,500,1995,814604.8575936521,5821476.338792792
3534,2763,SFD,3534,1,1,500,1995,797518.1682042468,5825101.58818353
3535,2076,SFD,3535,1,1,500,1995,804960.8422928124,5827754.624733946
3536,3133,SFD,3536,1,1,500,1995,789449.7883667758,5829733.561028712
3537,1666,SFD,3537,1,1,500,1995,800297.983673244,5829950.199945857
3538,400,SFD,3538,1,1,500,1995,816894.5142797191,5817322.915231735
3539,991,SFD,3539,1,1,500,1995,791269.9309875207,5836785.025234466
3540,2361,SFD,3540,1,1,500,1995,789650.6805965084,5828375.20589548
3541,1066,SFD,3541,1,1,500,1995,802107.348080838,5824450.619306113
3542,882,SFD,3542,1,1,500,1995,800246.9135992134,5829552.011792717
3543,1923,SFD,3543,1,1,500,1995,804801.5238706076,5826577.273628333
3544,2909,SFD,3544,1,1,500,1995,800220.2711897432,5824690.440251347
3545,2905,SFD,3545,1,1,500,1995,786567.6285704907,5826342.955342824
3546,2859,SFD,3546,1,1,500,1995,793735.7477641174,5824615.095009333
3547,443,SFD,3547,1,1,500,1995,814286.4630549137,5828468.1147413915
3548,2807,SFD,3548,1,1,500,1995,803800.5505061095,5826494.490042893
3549,1537,SFD,3549,1,1,500,1995,797640.4314697784,5827066.87655149
3550,2469,SFD,3550,1,1,500,1995,793882.9834713424,5821730.481395228
3551,1577,SFD,3551,1,1,500,1995,813324.2476181957,5831174.21648161
3552,631,SFD,3552,1,1,500,1995,786331.4128286865,5817566.905391151
3553,1737,SFD,3553,1,1,500,1995,807636.5310669807,5827706.5445743855
3554,2372,SFD,3554,1,1,500,1995,811062.592823531,5827287.546187762
3555,1494,SFD,3555,1,1,500,1995,799098.8591566102,5816613.433205854
3556,755,SFD,3556,1,1,500,1995,790815.1910810533,5838733.626264755
3557,3170,SFD,3557,1,1,500,1995,792329.2769521527,5822431.779785625
3558,3107,SFD,3558,1,1,500,1995,801738.1689513561,5831076.768944165
3559,2538,SFD,3559,1,1,500,1995,792724.1135828875,5825091.280000457
3560,365,SFD,3560,1,1,500,1995,793032.3434799366,5827242.483146784
3561,246,SFD,3561,1,1,500,1995,806801.2813015627,5821242.518189779
3562,363,SFD,3562,1,1,500,1995,807344.2913678759,5821830.5882439865
3563,1132,SFD,3563,1,1,500,1995,799656.200154401,5834996.945149859
3564,772,SFD,3564,1,1,500,1995,801106.3925169464,5836725.265654483
3565,2620,SFD,3565,1,1,500,1995,803083.9561059154,5827474.692020444
3566,820,SFD,3566,1,1,500,1995,791221.0477071743,5834786.347649875
3567,1594,SFD,3567,1,1,500,1995,797599.7022682757,5820737.9322596695
3568,1017,SFD,3568,1,1,500,1995,801262.5452260126,5824229.265541315
3569,399,SFD,3569,1,1,500,1995,781812.6157615861,5830249.360513592
3570,594,SFD,3570,1,1,500,1995,794779.4924123301,5830052.97230023
3571,102,SFD,3571,1,1,500,1995,792514.9370961742,5818903.708214057
3572,3025,SFD,3572,1,1,500,1995,792275.0136012513,5833572.253002205
3573,2743,SFD,3573,1,1,500,1995,810596.0137111571,5821443.04464197
3574,819,SFD,3574,1,1,500,1995,794045.2186440763,5818671.081728014
3575,1933,SFD,3575,1,1,500,1995,805361.048205381,5833689.985391571
3576,1477,SFD,3576,1,1,500,1995,810954.2376316563,5820404.620157612
3577,737,SFD,3577,1,1,500,1995,795037.0026455201,5819539.72103883
3578,1284,SFD,3578,1,1,500,1995,802095.6598289981,5826277.579129824
3579,29,SFD,3579,1,1,500,1995,807860.7491609256,5821889.428572976
3580,1999,SFD,3580,1,1,500,1995,803138.5891258679,5818711.043978921
3581,1200,SFD,3581,1,1,500,1995,795853.2277032353,5826163.617949506
3582,373,SFD,3582,1,1,500,1995,803981.7594720001,5822165.15303408
3583,2754,SFD,3583,1,1,500,1995,809095.2055077974,5832563.179488449
3584,3385,SFD,3584,1,1,500,1995,806307.7546884266,5815344.957008756
3585,1456,SFD,3585,1,1,500,1995,803345.6863056184,5827325.27173072
3586,7,SFD,3586,1,1,500,1995,793968.6666372123,5828790.694932022
3587,2937,SFD,3587,1,1,500,1995,812523.4512283502,5827236.688978396
3588,519,SFD,3588,1,1,500,1995,793465.4937290107,5822697.11348663
3589,3048,SFD,3589,1,1,500,1995,812094.6673704089,5830952.535976383
3590,1689,SFD,3590,1,1,500,1995,801205.9568064759,5825372.600239348
3591,2979,SFD,3591,1,1,500,1995,803311.0445012195,5828102.303717294
3592,3493,SFD,3592,1,1,500,1995,789551.4626659034,5819853.93781792
3593,1869,SFD,3593,1,1,500,1995,810703.3179394861,5832081.314827856
3594,1727,SFD,3594,1,1,500,1995,800775.6006274588,5837768.3841534415
3595,1350,SFD,3595,1,1,500,1995,793197.3211454088,5824084.449546852
3596,3495,SFD,3596,1,1,500,1995,805973.5257150594,5821253.788231423
3597,2413,SFD,3597,1,1,500,1995,804088.4405691151,5839435.57913859
3598,2448,SFD,3598,1,1,500,1995,793261.4000728755,5816339.340165487
3599,1035,SFD,3599,1,1,500,1995,793591.1296289759,5823481.260299944
3600,1650,SFD,3600,1,1,500,1995,804083.9203647984,5825181.630019391
3601,2418,SFD,3601,1,1,500,1995,803237.7556168302,5818962.659236161
3602,2766,SFD,3602,1,1,500,1995,807031.3151834309,5822540.822226037
3603,877,SFD,3603,1,1,500,1995,793922.8150589803,5817670.157629244
3604,2528,SFD,3604,1,1,500,1995,794240.1516168682,5831599.080068988
3605,3402,SFD,3605,1,1,500,1995,805938.4121940413,5820108.552184014
3606,2652,SFD,3606,1,1,500,1995,806205.7337624517,5825917.524921415
3607,3382,SFD,3607,1,1,500,1995,782106.8542496104,5827418.748708575
3608,1063,SFD,3608,1,1,500,1995,800825.8579034621,5821257.801725896
3609,3356,SFD,3609,1,1,500,1995,782159.8084164017,5828456.692136333
3610,2316,SFD,3610,1,1,500,1995,805896.7867913938,5826894.548206024
3611,2687,SFD,3611,1,1,500,1995,800462.9789352039,5826244.846276017
3612,522,SFD,3612,1,1,500,1995,798848.5796313427,5815412.059401765
3613,1151,SFD,3613,1,1,500,1995,795509.4351301154,5833642.248098714
3614,3383,SFD,3614,1,1,500,1995,787470.1769875288,5830101.900007432
3615,3259,SFD,3615,1,1,500,1995,794452.3519959296,5820009.88259999
3616,1821,SFD,3616,1,1,500,1995,804440.0852618285,5817365.87334217
3617,3120,SFD,3617,1,1,500,1995,794900.9480124386,5824347.616476783
3618,478,SFD,3618,1,1,500,1995,810326.5824548013,5819521.232521393
3619,2108,SFD,3619,1,1,500,1995,798130.8575180188,5831131.771473065
3620,264,SFD,3620,1,1,500,1995,784777.1723283131,5828308.899928562
3621,2810,SFD,3621,1,1,500,1995,789741.5175970903,5829396.6812142925
3622,3382,SFD,3622,1,1,500,1995,796571.5177743224,5817468.378039827
3623,1998,SFD,3623,1,1,500,1995,799826.7415325511,5835907.422707787
3624,2793,SFD,3624,1,1,500,1995,793013.0824431825,5825277.599578402
3625,901,SFD,3625,1,1,500,1995,799217.8227652992,5830919.167721949
3626,545,SFD,3626,1,1,500,1995,781640.3043678273,5830996.561221111
3627,2049,SFD,3627,1,1,500,1995,789050.5849666179,5826488.57151531
3628,1375,SFD,3628,1,1,500,1995,819647.2949325733,5819338.108524619
3629,2502,SFD,3629,1,1,500,1995,800439.1119849263,5829601.309896663
3630,1064,SFD,3630,1,1,500,1995,791007.505500573,5826981.797167167
3631,1682,SFD,3631,1,1,500,1995,793562.0045084376,5820232.8813322075
3632,2878,SFD,3632,1,1,500,1995,802146.0867832003,5830118.9247409655
3633,823,SFD,3633,1,1,500,1995,792056.5662994527,5833150.000500441
3634,1401,SFD,3634,1,1,500,1995,802097.6004158081,5832254.661785226
3635,2779,SFD,3635,1,1,500,1995,785331.4875569008,5828716.283166443
3636,500,SFD,3636,1,1,500,1995,792701.9792978503,5826846.6733702505
3637,2304,SFD,3637,1,1,500,1995,805630.7555167088,5819141.57601047
3638,3446,SFD,3638,1,1,500,1995,796739.5547174494,5830221.933908301
3639,3024,SFD,3639,1,1,500,1995,801584.4550976267,5817542.765628671
3640,2633,SFD,3640,1,1,500,1995,793187.5787804024,5822473.39539759
3641,2982,SFD,3641,1,1,500,1995,801673.0618391394,5828261.995824339
3642,2963,SFD,3642,1,1,500,1995,791602.4583883989,5822858.91538984
3643,1353,SFD,3643,1,1,500,1995,812710.8087905562,5830177.296675126
3644,108,SFD,3644,1,1,500,1995,794097.064807604,5815923.3695297325
3645,2309,SFD,3645,1,1,500,1995,789447.1818463355,5815756.977297674
3646,2286,SFD,3646,1,1,500,1995,786618.0813792874,5832888.0516207265
3647,1984,SFD,3647,1,1,500,1995,797695.497085618,5821432.027580252
3648,2867,SFD,3648,1,1,500,1995,805294.083335601,5831713.395482048
3649,3391,SFD,3649,1,1,500,1995,794657.0573413111,5827590.416217422
3650,1965,SFD,3650,1,1,500,1995,787563.8723751483,5825760.495262303
3651,273,SFD,3651,1,1,500,1995,795219.6353994156,5833128.488090181
3652,2098,SFD,3652,1,1,500,1995,813893.5850158447,5825499.507620635
3653,348,SFD,3653,1,1,500,1995,795067.3131939543,5828089.887595803
3654,102,SFD,3654,1,1,500,1995,799325.9503023869,5831362.749544147
3655,1491,SFD,3655,1,1,500,1995,821294.426985829,5818887.247923814
3656,959,SFD,3656,1,1,500,1995,805741.4359901885,5834156.646324346
3657,1509,SFD,3657,1,1,500,1995,798529.1014404363,5824827.757166617
3658,1503,SFD,3658,1,1,500,1995,786478.3109510138,5834437.8598788995
3659,1543,SFD,3659,1,1,500,1995,797528.7892120054,5832849.183703355
3660,897,SFD,3660,1,1,500,1995,794451.3301114233,5823201.060168081
3661,2450,SFD,3661,1,1,500,1995,800168.7900375893,5829377.025322095
3662,3127,SFD,3662,1,1,500,1995,806466.9104833327,5821638.349539766
3663,875,SFD,3663,1,1,500,1995,804228.4135373875,5822211.027498294
3664,786,SFD,3664,1,1,500,1995,820301.6272426095,5818922.857434952
3665,1441,SFD,3665,1,1,500,1995,798172.5179596045,5831102.65140014
3666,2742,SFD,3666,1,1,500,1995,796125.4638570271,5823702.810111048
3667,576,SFD,3667,1,1,500,1995,801406.1177824319,5827901.52987475
3668,1091,SFD,3668,1,1,500,1995,793331.0662326465,5835449.931978702
3669,3340,SFD,3669,1,1,500,1995,805420.5793696315,5830197.305350371
3670,861,SFD,3670,1,1,500,1995,805974.2660868844,5834612.178926463
3671,2584,SFD,3671,1,1,500,1995,791851.4012807121,5826479.048366507
3672,325,SFD,3672,1,1,500,1995,793540.958678727,5824416.795946851
3673,375,SFD,3673,1,1,500,1995,803252.2848931261,5827753.115460195
3674,914,SFD,3674,1,1,500,1995,811110.2477556617,5820226.35593435
3675,535,SFD,3675,1,1,500,1995,781631.5959948353,5829491.784885715
3676,150,SFD,3676,1,1,500,1995,792962.8624454486,5826430.239647616
3677,518,SFD,3677,1,1,500,1995,798654.9208688971,5813484.949575568
3678,1375,SFD,3678,1,1,500,1995,793298.2120596925,5815591.186628731
3679,855,SFD,3679,1,1,500,1995,784928.4993167588,5829178.318208293
3680,2431,SFD,3680,1,1,500,1995,789331.8556078668,5819563.623190259
3681,1910,SFD,3681,1,1,500,1995,802858.097384588,5832552.83885766
3682,2153,SFD,3682,1,1,500,1995,794585.2456251346,5836269.526822039
3683,1159,SFD,3683,1,1,500,1995,795124.2198172708,5837383.498948506
3684,296,SFD,3684,1,1,500,1995,796321.1644626791,5826142.284055135
3685,2447,SFD,3685,1,1,500,1995,799071.2398189153,5813659.2586126765
3686,1657,SFD,3686,1,1,500,1995,794267.8763307396,5821590.596813544
3687,501,SFD,3687,1,1,500,1995,797595.7850498281,5824781.541864057
3688,1684,SFD,3688,1,1,500,1995,802607.9609120934,5829252.848613935
3689,1611,SFD,3689,1,1,500,1995,799675.9223300201,5830405.69428759
3690,2294,SFD,3690,1,1,500,1995,800798.2139422635,5824461.593191133
3691,2483,SFD,3691,1,1,500,1995,804737.9780948604,5827628.903764046
3692,2856,SFD,3692,1,1,500,1995,782317.9576213704,5827970.526583361
3693,2482,SFD,3693,1,1,500,1995,794759.8979124064,5836174.789344636
3694,2875,SFD,3694,1,1,500,1995,803984.2867887387,5823310.93033997
3695,1895,SFD,3695,1,1,500,1995,806738.8580938648,5825973.495958004
3696,2075,SFD,3696,1,1,500,1995,796235.3083251034,5830973.193042887
3697,1489,SFD,3697,1,1,500,1995,799871.0612173954,5828443.375973479
3698,2029,SFD,3698,1,1,500,1995,806544.085056048,5822466.151034677
3699,1144,SFD,3699,1,1,500,1995,802666.8672530337,5825375.176669821
3700,109,SFD,3700,1,1,500,1995,803998.7208325745,5839058.7017595805
3701,1902,SFD,3701,1,1,500,1995,782264.3895349216,5827130.650846952
3702,2436,SFD,3702,1,1,500,1995,800912.7876958442,5822557.7917653825
3703,877,SFD,3703,1,1,500,1995,816048.7533271923,5812899.889412629
3704,57,SFD,3704,1,1,500,1995,792412.342750897,5817279.120670352
3705,2786,SFD,3705,1,1,500,1995,798237.1246832933,5829848.033524292
3706,2247,SFD,3706,1,1,500,1995,797516.2847514173,5832611.530950725
3707,2454,SFD,3707,1,1,500,1995,788780.9814293087,5829888.435850446
3708,2348,SFD,3708,1,1,500,1995,799205.2448784829,5830570.52618085
3709,3486,SFD,3709,1,1,500,1995,810460.2374596806,5820170.68896803
3710,2245,SFD,3710,1,1,500,1995,799845.6050381279,5832350.437579605
3711,3273,SFD,3711,1,1,500,1995,790003.6799468715,5826984.076759057
3712,776,SFD,3712,1,1,500,1995,794727.4961679333,5818324.213285594
3713,2305,SFD,3713,1,1,500,1995,803484.2758599826,5832213.238264397
3714,1536,SFD,3714,1,1,500,1995,797943.659403387,5821431.861999263
3715,1430,SFD,3715,1,1,500,1995,797744.2052233083,5829981.320248192
3716,1266,SFD,3716,1,1,500,1995,798215.3421008745,5821785.489825634
3717,426,SFD,3717,1,1,500,1995,793886.4132983412,5836534.035320493
3718,3174,SFD,3718,1,1,500,1995,802628.5966333386,5826967.18973927
3719,2480,SFD,3719,1,1,500,1995,783222.0969229934,5827632.867369981
3720,3037,SFD,3720,1,1,500,1995,794755.2946476641,5828744.563265363
3721,213,SFD,3721,1,1,500,1995,781730.425672662,5828356.128993981
3722,2679,SFD,3722,1,1,500,1995,782998.8165578984,5825845.319492993
3723,1572,SFD,3723,1,1,500,1995,794538.870122277,5821979.971812582
3724,1764,SFD,3724,1,1,500,1995,799991.4211631169,5824585.305630429
3725,2124,SFD,3725,1,1,500,1995,814543.198185731,5821032.60755441
3726,558,SFD,3726,1,1,500,1995,793719.2703540504,5824374.039896129
3727,2134,SFD,3727,1,1,500,1995,788954.1108330588,5819565.927802247
3728,635,SFD,3728,1,1,500,1995,798896.7167711314,5820080.015899913
3729,188,SFD,3729,1,1,500,1995,799455.3549759407,5826267.71908581
3730,1086,SFD,3730,1,1,500,1995,809732.2270167309,5826711.386695485
3731,2007,SFD,3731,1,1,500,1995,804503.170317464,5833721.099705645
3732,1789,SFD,3732,1,1,500,1995,795770.1943481294,5830321.1421776945
3733,1443,SFD,3733,1,1,500,1995,797041.4546878447,5824077.65916318
3734,2072,SFD,3734,1,1,500,1995,801747.4397275163,5826013.894677462
3735,2608,SFD,3735,1,1,500,1995,796009.4751140084,5831570.8847052185
3736,478,SFD,3736,1,1,500,1995,797394.3712084296,5832286.03934177
3737,524,SFD,3737,1,1,500,1995,804841.8845953383,5833996.301310845
3738,280,SFD,3738,1,1,500,1995,796059.7105038001,5831561.905542537
3739,908,SFD,3739,1,1,500,1995,807401.4585659953,5822283.97992125
3740,168,SFD,3740,1,1,500,1995,798040.1386620962,5826271.553758773
3741,910,SFD,3741,1,1,500,1995,791182.9284205781,5817510.431223553
3742,1926,SFD,3742,1,1,500,1995,798287.3126137693,5830989.29105746
3743,2921,SFD,3743,1,1,500,1995,801564.4839856997,5821751.109680989
3744,1248,SFD,3744,1,1,500,1995,789169.5280187861,5826688.752172159
3745,459,SFD,3745,1,1,500,1995,784665.1735199371,5817031.704167141
3746,128,SFD,3746,1,1,500,1995,807250.7104924906,5824516.04637371
3747,270,SFD,3747,1,1,500,1995,796307.6498882326,5829436.967936397
3748,253,SFD,3748,1,1,500,1995,800386.0239649884,5823853.271607572
3749,1813,SFD,3749,1,1,500,1995,799401.9733401134,5829945.185761149
3750,1210,SFD,3750,1,1,500,1995,791491.9730885099,5838274.636219259
3751,1945,SFD,3751,1,1,500,1995,800267.4765263593,5823181.897464272
3752,3452,SFD,3752,1,1,500,1995,802975.7716733715,5831984.358395413
3753,1788,SFD,3753,1,1,500,1995,803639.5457708257,5829691.163391759
3754,1945,SFD,3754,1,1,500,1995,802138.1775020175,5826250.345357032
3755,1440,SFD,3755,1,1,500,1995,798985.0446316142,5829678.05635077
3756,3034,SFD,3756,1,1,500,1995,803762.0757723625,5834250.530606262
3757,1623,SFD,3757,1,1,500,1995,812888.9612746164,5829283.156400616
3758,3184,SFD,3758,1,1,500,1995,790609.027636404,5840067.748550799
3759,507,SFD,3759,1,1,500,1995,784352.6771660657,5827316.773864079
3760,3463,SFD,3760,1,1,500,1995,790632.3438035592,5824564.86828347
3761,1023,SFD,3761,1,1,500,1995,797636.584426325,5822797.662113082
3762,993,SFD,3762,1,1,500,1995,793674.5561082397,5822916.052120465
3763,2292,SFD,3763,1,1,500,1995,808214.285642083,5831463.485633163
3764,955,SFD,3764,1,1,500,1995,794493.8839540129,5836276.779958941
3765,3438,SFD,3765,1,1,500,1995,805255.1980007071,5825987.4135344485
3766,2881,SFD,3766,1,1,500,1995,806328.4154819504,5827448.2330915015
3767,1728,SFD,3767,1,1,500,1995,801724.6656144061,5824995.564718291
3768,376,SFD,3768,1,1,500,1995,811105.6199080397,5830949.089078795
3769,3309,SFD,3769,1,1,500,1995,805609.2137526303,5834058.1270936355
3770,88,SFD,3770,1,1,500,1995,784605.0973070741,5827783.790758709
3771,2666,SFD,3771,1,1,500,1995,799451.7868492035,5825875.966374421
3772,3444,SFD,3772,1,1,500,1995,801889.4136221022,5821163.919794696
3773,2625,SFD,3773,1,1,500,1995,804993.2938085857,5831089.611469709
3774,508,SFD,3774,1,1,500,1995,799739.8191638333,5829658.3482668465
3775,1201,SFD,3775,1,1,500,1995,795348.0848551114,5836044.473164922
3776,1149,SFD,3776,1,1,500,1995,793584.797114426,5825558.476472078
3777,45,SFD,3777,1,1,500,1995,811179.8116414463,5819039.439852274
3778,1728,SFD,3778,1,1,500,1995,797884.2651268428,5820101.562201445
3779,183,SFD,3779,1,1,500,1995,801896.1678783633,5825125.746143791
3780,380,SFD,3780,1,1,500,1995,811298.7847833727,5819037.319859941
3781,669,SFD,3781,1,1,500,1995,799591.9743692135,5824763.450997024
3782,384,SFD,3782,1,1,500,1995,799973.2398745754,5825140.647622137
3783,944,SFD,3783,1,1,500,1995,802380.7122459644,5820138.5262506055
3784,2550,SFD,3784,1,1,500,1995,805996.5974948829,5826065.459556061
3785,2900,SFD,3785,1,1,500,1995,793913.1356626028,5836631.962317794
3786,3404,SFD,3786,1,1,500,1995,800460.5031806605,5824218.500955424
3787,2866,SFD,3787,1,1,500,1995,793687.9537393547,5831922.277403309
3788,3358,SFD,3788,1,1,500,1995,798066.26377524,5819505.976239775
3789,1079,SFD,3789,1,1,500,1995,783697.6176452615,5831283.392444904
3790,1230,SFD,3790,1,1,500,1995,791540.552236182,5825749.841383347
3791,563,SFD,3791,1,1,500,1995,791240.5985661875,5824014.190737255
3792,2991,SFD,3792,1,1,500,1995,799547.8127942625,5819655.469685282
3793,2269,SFD,3793,1,1,500,1995,785567.351716947,5827313.837535686
3794,1722,SFD,3794,1,1,500,1995,793553.7622264302,5828440.127516523
3795,2665,SFD,3795,1,1,500,1995,804534.976399859,5816465.189482896
3796,1804,SFD,3796,1,1,500,1995,800548.36993239,5828368.335337687
3797,2267,SFD,3797,1,1,500,1995,795181.8362347117,5823215.14302426
3798,2698,SFD,3798,1,1,500,1995,793500.8235885852,5824944.731994297
3799,399,SFD,3799,1,1,500,1995,801411.0341313041,5824362.961978802
3800,2475,SFD,3800,1,1,500,1995,790699.4696569259,5816629.856571524
3801,1613,SFD,3801,1,1,500,1995,808751.7359923425,5830976.710176786
3802,2051,SFD,3802,1,1,500,1995,803213.1688962335,5827468.564843567
3803,396,SFD,3803,1,1,500,1995,797476.192432646,5824870.974744604
3804,2648,SFD,3804,1,1,500,1995,792008.5966852811,5818196.347327034
3805,56,SFD,3805,1,1,500,1995,805036.8341685615,5822804.309868487
3806,1255,SFD,3806,1,1,500,1995,798095.714611166,5813420.176489698
3807,1,SFD,3807,1,1,500,1995,812206.2249113026,5829958.96460337
3808,1641,SFD,3808,1,1,500,1995,793763.3097335539,5817469.406620721
3809,2163,SFD,3809,1,1,500,1995,797696.1636427956,5824042.835798308
3810,1000,SFD,3810,1,1,500,1995,803452.0871210592,5825729.129677533
3811,701,SFD,3811,1,1,500,1995,781942.0750701121,5815205.787695606
3812,363,SFD,3812,1,1,500,1995,801575.5034864496,5825481.454454908
3813,161,SFD,3813,1,1,500,1995,802754.3765325504,5826647.615133821
3814,3141,SFD,3814,1,1,500,1995,781321.783411247,5828552.1927185105
3815,2848,SFD,3815,1,1,500,1995,799287.4044277382,5831710.132529453
3816,3395,SFD,3816,1,1,500,1995,793286.8908570374,5821214.806036674
3817,361,SFD,3817,1,1,500,1995,799429.222793935,5826869.061948139
3818,2840,SFD,3818,1,1,500,1995,797775.2084890555,5826412.183236748
3819,2246,SFD,3819,1,1,500,1995,792913.4805042658,5820686.4036399415
3820,2290,SFD,3820,1,1,500,1995,794594.0932515083,5816781.796268179
3821,668,SFD,3821,1,1,500,1995,799411.3983079318,5824597.793923607
3822,776,SFD,3822,1,1,500,1995,795417.8999261691,5818857.16892417
3823,2273,SFD,3823,1,1,500,1995,793851.1251347596,5820925.179072857
3824,826,SFD,3824,1,1,500,1995,790878.9280196831,5823243.714293988
3825,905,SFD,3825,1,1,500,1995,793773.8412886746,5834354.8406880405
3826,3154,SFD,3826,1,1,500,1995,805510.4362668222,5834403.9739498105
3827,117,SFD,3827,1,1,500,1995,807951.7060240601,5829786.169477312
3828,2839,SFD,3828,1,1,500,1995,805961.0859542782,5826452.233783815
3829,2682,SFD,3829,1,1,500,1995,790680.9507598334,5839656.18126361
3830,3356,SFD,3830,1,1,500,1995,820556.6469773578,5820442.1839849735
3831,1081,SFD,3831,1,1,500,1995,792919.2167765063,5827162.880911891
3832,1699,SFD,3832,1,1,500,1995,808268.1641317105,5831557.149032177
3833,2068,SFD,3833,1,1,500,1995,792277.5219329731,5833068.512955264
3834,1281,SFD,3834,1,1,500,1995,794180.1312277801,5822170.243400459
3835,3099,SFD,3835,1,1,500,1995,798940.1210269053,5828200.478522074
3836,1231,SFD,3836,1,1,500,1995,813846.0515414672,5821706.675772529
3837,225,SFD,3837,1,1,500,1995,790688.5012780953,5816944.694845511
3838,2624,SFD,3838,1,1,500,1995,808845.8272901417,5822592.105023696
3839,1346,SFD,3839,1,1,500,1995,805680.6190322966,5826142.685034157
3840,2882,SFD,3840,1,1,500,1995,792345.4246384604,5832826.218366145
3841,1153,SFD,3841,1,1,500,1995,808391.031461962,5831717.217607527
3842,2616,SFD,3842,1,1,500,1995,796364.7234170137,5832521.873167157
3843,1084,SFD,3843,1,1,500,1995,802566.7346288008,5832347.659248545
3844,2803,SFD,3844,1,1,500,1995,798368.3874730762,5830427.999949216
3845,3197,SFD,3845,1,1,500,1995,802020.2073376426,5828490.5434684185
3846,721,SFD,3846,1,1,500,1995,785295.2750014935,5832617.966332884
3847,2938,SFD,3847,1,1,500,1995,802136.36211584,5824935.494986165
3848,1543,SFD,3848,1,1,500,1995,810976.7648626278,5828026.348440963
3849,3310,SFD,3849,1,1,500,1995,811102.899374228,5831191.018845552
3850,733,SFD,3850,1,1,500,1995,803855.7547924928,5827320.225815966
3851,244,SFD,3851,1,1,500,1995,795563.3669814174,5830418.8828869285
3852,2292,SFD,3852,1,1,500,1995,800227.5083226513,5829175.798981396
3853,363,SFD,3853,1,1,500,1995,795836.680166099,5830355.420534611
3854,2486,SFD,3854,1,1,500,1995,780938.7971444374,5819797.794574154
3855,3337,SFD,3855,1,1,500,1995,796321.6403167538,5824724.298516955
3856,3174,SFD,3856,1,1,500,1995,803405.1350053994,5818659.2446363885
3857,2570,SFD,3857,1,1,500,1995,796369.8787699143,5826097.1879207
3858,851,SFD,3858,1,1,500,1995,784416.4514594483,5832219.463716596
3859,1440,SFD,3859,1,1,500,1995,790197.001646106,5829229.352435435
3860,81,SFD,3860,1,1,500,1995,796148.2984978235,5831240.622058385
3861,2080,SFD,3861,1,1,500,1995,800464.8779031618,5826124.411745888
3862,2670,SFD,3862,1,1,500,1995,799521.7544606435,5835276.334708287
3863,1707,SFD,3863,1,1,500,1995,806167.2837189059,5823766.062114456
3864,3024,SFD,3864,1,1,500,1995,808657.8510873422,5817292.540481573
3865,821,SFD,3865,1,1,500,1995,793692.4630447718,5822635.698417311
3866,1126,SFD,3866,1,1,500,1995,806959.0359770933,5833813.861246378
3867,2101,SFD,3867,1,1,500,1995,793068.923015557,5833133.305627072
3868,33,SFD,3868,1,1,500,1995,804285.5501593918,5817714.729415551
3869,2938,SFD,3869,1,1,500,1995,795099.8634744324,5817454.186199152
3870,2907,SFD,3870,1,1,500,1995,800824.8488205804,5821258.943108367
3871,2323,SFD,3871,1,1,500,1995,795611.6790779538,5823857.505140056
3872,2489,SFD,3872,1,1,500,1995,791362.8363726463,5826396.958493093
3873,959,SFD,3873,1,1,500,1995,794604.32175428,5828322.121885824
3874,3332,SFD,3874,1,1,500,1995,802918.9219782578,5832296.086012317
3875,2652,SFD,3875,1,1,500,1995,803251.1392971356,5828052.873513193
3876,2771,SFD,3876,1,1,500,1995,800318.4366703152,5827793.657235211
3877,1589,SFD,3877,1,1,500,1995,795037.5055682741,5823957.430900199
3878,2035,SFD,3878,1,1,500,1995,797283.0828229166,5831774.202191389
3879,865,SFD,3879,1,1,500,1995,806884.2514076274,5825766.588525305
3880,1921,SFD,3880,1,1,500,1995,812640.4275302838,5830888.768594082
3881,692,SFD,3881,1,1,500,1995,798985.4314873323,5832352.327175963
3882,2788,SFD,3882,1,1,500,1995,800673.4417495198,5817302.632667483
3883,2624,SFD,3883,1,1,500,1995,811162.1656890234,5831401.299940917
3884,2416,SFD,3884,1,1,500,1995,792552.7739866698,5824943.194660745
3885,1507,SFD,3885,1,1,500,1995,793878.680815157,5827734.969913779
3886,1011,SFD,3886,1,1,500,1995,790744.3150216129,5826052.071565562
3887,3357,SFD,3887,1,1,500,1995,793398.8739399773,5826248.995099713
3888,1922,SFD,3888,1,1,500,1995,799985.0850512256,5833287.990644612
3889,2741,SFD,3889,1,1,500,1995,783476.4273757593,5823249.3399768295
3890,3367,SFD,3890,1,1,500,1995,797201.9465813211,5832941.52360657
3891,1763,SFD,3891,1,1,500,1995,801404.0958914817,5832403.642209632
3892,313,SFD,3892,1,1,500,1995,791891.2722188231,5827705.380922392
3893,196,SFD,3893,1,1,500,1995,783173.3203340028,5829258.134898786
3894,1486,SFD,3894,1,1,500,1995,793408.4697915479,5821942.757924874
3895,1609,SFD,3895,1,1,500,1995,793918.9368326785,5824825.324560088
3896,1186,SFD,3896,1,1,500,1995,799589.6665258701,5825759.128709404
3897,2961,SFD,3897,1,1,500,1995,799995.0505049912,5832609.358325013
3898,1595,SFD,3898,1,1,500,1995,798341.2380311589,5825078.015196087
3899,36,SFD,3899,1,1,500,1995,794340.4271955405,5815561.119964489
3900,1699,SFD,3900,1,1,500,1995,789676.487062424,5842912.3104580995
3901,854,SFD,3901,1,1,500,1995,793737.0905359562,5827912.293061399
3902,196,SFD,3902,1,1,500,1995,802411.7322213207,5824090.154799165
3903,3145,SFD,3903,1,1,500,1995,795714.060072097,5830747.980545348
3904,1090,SFD,3904,1,1,500,1995,784732.0994282505,5831437.77619273
3905,16,SFD,3905,1,1,500,1995,820290.3046019829,5819429.955686349
3906,2172,SFD,3906,1,1,500,1995,791605.5022375071,5828049.33803832
3907,997,SFD,3907,1,1,500,1995,789958.3515630872,5818947.315820364
3908,1724,SFD,3908,1,1,500,1995,804809.0615301265,5830064.462704467
3909,626,SFD,3909,1,1,500,1995,794023.0880535836,5822893.547602176
3910,1976,SFD,3910,1,1,500,1995,797719.6320826316,5824763.173543594
3911,1966,SFD,3911,1,1,500,1995,793783.7235941231,5815997.598476814
3912,463,SFD,3912,1,1,500,1995,793882.9764996266,5836540.3172575785
3913,491,SFD,3913,1,1,500,1995,804610.8167440451,5841177.290657811
3914,531,SFD,3914,1,1,500,1995,802157.7404323216,5823096.095211546
3915,3142,SFD,3915,1,1,500,1995,793991.7669125386,5822362.771383994
3916,3061,SFD,3916,1,1,500,1995,796468.5275635755,5814661.292980371
3917,1164,SFD,3917,1,1,500,1995,801717.0601794068,5827950.767088684
3918,572,SFD,3918,1,1,500,1995,800586.5781303424,5826245.291410776
3919,2662,SFD,3919,1,1,500,1995,802281.3110225606,5824754.9263574295
3920,1945,SFD,3920,1,1,500,1995,798167.0603832455,5829502.649432203
3921,2694,SFD,3921,1,1,500,1995,796109.3184089831,5824288.250831272
3922,3065,SFD,3922,1,1,500,1995,811460.3253473793,5822534.860914372
3923,2764,SFD,3923,1,1,500,1995,797580.9931656516,5821921.238977374
3924,1715,SFD,3924,1,1,500,1995,794273.2619821962,5831617.800373953
3925,1122,SFD,3925,1,1,500,1995,804191.5729260894,5828508.491576525
3926,434,SFD,3926,1,1,500,1995,804256.6347052006,5833057.479395899
3927,42,SFD,3927,1,1,500,1995,789134.2509758216,5826728.586715083
3928,2940,SFD,3928,1,1,500,1995,792742.4919423591,5821987.10730623
3929,2684,SFD,3929,1,1,500,1995,807536.960850381,5824261.412993942
3930,1579,SFD,3930,1,1,500,1995,798148.7509433201,5820196.674582593
3931,3194,SFD,3931,1,1,500,1995,809720.582419012,5832180.7439778745
3932,180,SFD,3932,1,1,500,1995,796914.5838099477,5828868.645314838
3933,1530,SFD,3933,1,1,500,1995,800263.6969033604,5822907.463082425
3934,2506,SFD,3934,1,1,500,1995,799530.8562396986,5827054.019233603
3935,928,SFD,3935,1,1,500,1995,796689.8726988714,5832339.949422037
3936,509,SFD,3936,1,1,500,1995,793806.1750363372,5822177.837448815
3937,193,SFD,3937,1,1,500,1995,789704.7713014726,5817477.70243272
3938,1061,SFD,3938,1,1,500,1995,790922.7236557166,5829413.76161939
3939,2235,SFD,3939,1,1,500,1995,783365.6528586692,5826998.213723773
3940,1225,SFD,3940,1,1,500,1995,814479.4428025156,5821740.455078989
3941,359,SFD,3941,1,1,500,1995,789818.5445516356,5826831.336664177
3942,1444,SFD,3942,1,1,500,1995,804728.1295573832,5834308.802894907
3943,3080,SFD,3943,1,1,500,1995,801921.2646187549,5823121.759800197
3944,1512,SFD,3944,1,1,500,1995,790880.0655485593,5827148.945871657
3945,1083,SFD,3945,1,1,500,1995,797848.3314895963,5829935.671530916
3946,3220,SFD,3946,1,1,500,1995,799180.3319295696,5828610.798684572
3947,710,SFD,3947,1,1,500,1995,793229.7788926485,5816247.551943997
3948,119,SFD,3948,1,1,500,1995,783458.4771794756,5830024.041092672
3949,1103,SFD,3949,1,1,500,1995,790211.3602188276,5816990.248786619
3950,2629,SFD,3950,1,1,500,1995,797690.7851199511,5818228.202487053
3951,1187,SFD,3951,1,1,500,1995,797819.2442481144,5832609.514102904
3952,785,SFD,3952,1,1,500,1995,790084.040533334,5833971.3153518755
3953,376,SFD,3953,1,1,500,1995,801734.8944682444,5827030.568688514
3954,3473,SFD,3954,1,1,500,1995,788180.4740024906,5819627.757491034
3955,400,SFD,3955,1,1,500,1995,810876.5143854853,5822491.824391412
3956,2036,SFD,3956,1,1,500,1995,795286.5722980886,5823952.365866255
3957,1507,SFD,3957,1,1,500,1995,798541.0133012886,5832300.042428153
3958,1158,SFD,3958,1,1,500,1995,802879.7730942493,5827868.4114805395
3959,1962,SFD,3959,1,1,500,1995,784003.3793284288,5831301.826096668
3960,3328,SFD,3960,1,1,500,1995,807411.2181706929,5822091.526376814
3961,825,SFD,3961,1,1,500,1995,801957.4175690925,5827117.997133551
3962,1717,SFD,3962,1,1,500,1995,796584.0016941829,5830202.668798846
3963,1753,SFD,3963,1,1,500,1995,792235.2615607446,5818017.369648374
3964,1025,SFD,3964,1,1,500,1995,804041.1227471948,5818300.116524425
3965,2929,SFD,3965,1,1,500,1995,804840.5530784889,5826562.2642835295
3966,3426,SFD,3966,1,1,500,1995,800770.8247282044,5824950.7232352905
3967,771,SFD,3967,1,1,500,1995,791494.2360748536,5817660.972047637
3968,3178,SFD,3968,1,1,500,1995,800195.4707679405,5816840.719973294
3969,2698,SFD,3969,1,1,500,1995,800823.7271014102,5822183.403208212
3970,1118,SFD,3970,1,1,500,1995,796264.5973026556,5817640.323787476
3971,2842,SFD,3971,1,1,500,1995,801522.4595219248,5822311.082781195
3972,1847,SFD,3972,1,1,500,1995,789467.7934258825,5819775.765078997
3973,856,SFD,3973,1,1,500,1995,808849.0699843573,5830848.440284014
3974,954,SFD,3974,1,1,500,1995,795625.8284713435,5819971.002786212
3975,2704,SFD,3975,1,1,500,1995,799057.7393085493,5831197.557762926
3976,1019,SFD,3976,1,1,500,1995,790408.7454100893,5829640.221761825
3977,108,SFD,3977,1,1,500,1995,813120.5914115424,5827950.467040768
3978,2334,SFD,3978,1,1,500,1995,794740.7733504209,5820369.398117788
3979,3156,SFD,3979,1,1,500,1995,790914.6968702304,5817363.637429397
3980,779,SFD,3980,1,1,500,1995,805753.3663621945,5827311.3743641265
3981,2735,SFD,3981,1,1,500,1995,796872.9839237009,5821854.511919487
3982,173,SFD,3982,1,1,500,1995,799747.9475536753,5825917.135150485
3983,117,SFD,3983,1,1,500,1995,800479.4137763169,5829136.1277692765
3984,444,SFD,3984,1,1,500,1995,794459.8546718427,5828339.31872639
3985,1308,SFD,3985,1,1,500,1995,783110.1849545316,5827069.828922275
3986,2988,SFD,3986,1,1,500,1995,786902.0729681847,5830585.054872896
3987,955,SFD,3987,1,1,500,1995,810678.1013540858,5819715.452078282
3988,1295,SFD,3988,1,1,500,1995,787437.1131583101,5826049.960133835
3989,3242,SFD,3989,1,1,500,1995,800261.5667013468,5828173.767911145
3990,939,SFD,3990,1,1,500,1995,801727.1078055607,5824750.672653173
3991,2490,SFD,3991,1,1,500,1995,801589.0513744997,5823088.504602221
3992,2876,SFD,3992,1,1,500,1995,796743.0429347986,5831538.929550815
3993,3102,SFD,3993,1,1,500,1995,781645.1659388334,5819923.14011576
3994,639,SFD,3994,1,1,500,1995,797677.4187515049,5821918.070216132
3995,2579,SFD,3995,1,1,500,1995,798369.6459599696,5827633.840039034
3996,1217,SFD,3996,1,1,500,1995,797525.5752295016,5825096.470116663
3997,3471,SFD,3997,1,1,500,1995,799002.7536693293,5824522.499517798
3998,183,SFD,3998,1,1,500,1995,797965.0326039216,5818737.3040106585
3999,539,SFD,3999,1,1,500,1995,798388.7358270807,5829543.4959486425
4000,3325,SFD,4000,1,1,500,1995,788097.3987268959,5837287.102683251
4001,1651,SFD,4001,1,1,500,1995,797760.7133893436,5830048.003415612
4002,570,SFD,4002,1,1,500,1995,801409.884783423,5839060.831585703
4003,2602,SFD,4003,1,1,500,1995,812343.2584694682,5814838.311417342
4004,2697,SFD,4004,1,1,500,1995,794124.8043817584,5817767.993021653
4005,3429,SFD,4005,1,1,500,1995,807802.0960612977,5829937.374044671
4006,468,SFD,4006,1,1,500,1995,798351.0211844163,5828945.1934460355
4007,2833,SFD,4007,1,1,500,1995,806829.1827149991,5821031.456519458
4008,797,SFD,4008,1,1,500,1995,790907.8798044008,5823358.903030747
4009,1773,SFD,4009,1,1,500,1995,803381.6417747115,5827232.150500969
4010,801,SFD,4010,1,1,500,1995,791342.6500355647,5825709.649589071
4011,368,SFD,4011,1,1,500,1995,800457.1926782525,5824742.580722319
4012,440,SFD,4012,1,1,500,1995,800452.1035096172,5822877.49384746
4013,1932,SFD,4013,1,1,500,1995,783308.0244491939,5829703.2681178795
4014,2761,SFD,4014,1,1,500,1995,811264.9859974524,5830464.751114166
4015,759,SFD,4015,1,1,500,1995,794349.9837049271,5838191.321766987
4016,599,SFD,4016,1,1,500,1995,814581.8530936781,5829090.8611589195
4017,2227,SFD,4017,1,1,500,1995,795629.4811104506,5816050.597715983
4018,772,SFD,4018,1,1,500,1995,793510.2213771762,5829090.725437974
4019,3009,SFD,4019,1,1,500,1995,789514.0256440758,5829897.771048221
4020,2417,SFD,4020,1,1,500,1995,803840.1215539828,5822199.864064163
4021,499,SFD,4021,1,1,500,1995,794980.4595354842,5830178.2795871645
4022,2005,SFD,4022,1,1,500,1995,795537.0156611113,5818512.0369255785
4023,2942,SFD,4023,1,1,500,1995,793725.6055701599,5819762.068858935
4024,3217,SFD,4024,1,1,500,1995,794421.1606229526,5817570.133780925
4025,3397,SFD,4025,1,1,500,1995,803194.7068830777,5839402.779335656
4026,1672,SFD,4026,1,1,500,1995,795446.1188653109,5827838.481810247
4027,1578,SFD,4027,1,1,500,1995,790663.4613038825,5818676.7076184135
4028,652,SFD,4028,1,1,500,1995,792178.8017543682,5824909.32663366
4029,1312,SFD,4029,1,1,500,1995,786387.966587224,5838565.953056584
4030,219,SFD,4030,1,1,500,1995,792541.1909011884,5819470.097898458
4031,1459,SFD,4031,1,1,500,1995,786838.4222345126,5830780.418688961
4032,2670,SFD,4032,1,1,500,1995,788994.6840628032,5830355.606573914
4033,568,SFD,4033,1,1,500,1995,807366.4227539966,5821877.36266192
4034,811,SFD,4034,1,1,500,1995,813302.6942067633,5825457.833222388
4035,920,SFD,4035,1,1,500,1995,799024.4325401394,5824520.649407814
4036,919,SFD,4036,1,1,500,1995,794668.794304454,5827832.465891756
4037,1011,SFD,4037,1,1,500,1995,801490.9587149182,5831242.595199993
4038,3443,SFD,4038,1,1,500,1995,808834.8880617403,5833761.080991913
4039,1268,SFD,4039,1,1,500,1995,803282.7365825842,5829096.115756409
4040,1039,SFD,4040,1,1,500,1995,803662.0978300888,5839646.559335391
4041,1695,SFD,4041,1,1,500,1995,791821.2965260685,5829513.753110093
4042,1869,SFD,4042,1,1,500,1995,793070.8897128999,5822515.873298725
4043,90,SFD,4043,1,1,500,1995,789654.5272651745,5829253.242437355
4044,2475,SFD,4044,1,1,500,1995,802039.0319483599,5827415.688165544
4045,1783,SFD,4045,1,1,500,1995,804602.2714566889,5830396.513465949
4046,3460,SFD,4046,1,1,500,1995,801254.0597011761,5834447.728749846
4047,2771,SFD,4047,1,1,500,1995,800906.9133082293,5824851.652688885
4048,2838,SFD,4048,1,1,500,1995,804504.7353449913,5831690.764908991
4049,2974,SFD,4049,1,1,500,1995,792193.7303274381,5833259.013001602
4050,1863,SFD,4050,1,1,500,1995,800288.2511661515,5824262.047447263
4051,1494,SFD,4051,1,1,500,1995,787149.447430444,5838606.0279599335
4052,913,SFD,4052,1,1,500,1995,810723.7797538019,5828149.908979221
4053,3090,SFD,4053,1,1,500,1995,791647.9476188205,5826505.23191699
4054,2316,SFD,4054,1,1,500,1995,798140.0872642379,5829616.933595552
4055,2141,SFD,4055,1,1,500,1995,799049.8811179153,5817418.150931478
4056,3348,SFD,4056,1,1,500,1995,806977.9786187538,5817106.124872479
4057,259,SFD,4057,1,1,500,1995,802846.6880427828,5827380.237525135
4058,637,SFD,4058,1,1,500,1995,812777.1162513844,5825724.193910691
4059,2928,SFD,4059,1,1,500,1995,804006.3197333214,5827645.2547785975
4060,407,SFD,4060,1,1,500,1995,798947.8589755802,5827604.696419464
4061,1865,SFD,4061,1,1,500,1995,809069.3737186617,5819270.720293103
4062,1603,SFD,4062,1,1,500,1995,785606.4786239592,5832055.00904801
4063,459,SFD,4063,1,1,500,1995,799506.000807515,5825221.046895968
4064,764,SFD,4064,1,1,500,1995,792674.384882147,5825177.388580403
4065,2100,SFD,4065,1,1,500,1995,797561.2614062411,5826202.051970678
4066,1681,SFD,4066,1,1,500,1995,793494.9771584941,5835595.178443862
4067,2594,SFD,4067,1,1,500,1995,791030.1718092551,5826982.541059924
4068,2506,SFD,4068,1,1,500,1995,805458.3455146336,5827449.175128716
4069,2061,SFD,4069,1,1,500,1995,799228.1853350031,5825739.697773288
4070,914,SFD,4070,1,1,500,1995,798538.8597430366,5828735.48800836
4071,1444,SFD,4071,1,1,500,1995,792186.6673957017,5833449.443640811
4072,427,SFD,4072,1,1,500,1995,805374.8407618694,5831479.834172443
4073,1210,SFD,4073,1,1,500,1995,805818.9171337726,5826213.6941370675
4074,2170,SFD,4074,1,1,500,1995,802442.6644346614,5823902.588166234
4075,1786,SFD,4075,1,1,500,1995,795459.4124802166,5821363.6826193575
4076,43,SFD,4076,1,1,500,1995,792092.412979862,5818416.245727784
4077,330,SFD,4077,1,1,500,1995,797463.8132594978,5819604.168729622
4078,2651,SFD,4078,1,1,500,1995,808302.6519456794,5831630.0094628865
4079,1409,SFD,4079,1,1,500,1995,800303.823714853,5825619.3312821705
4080,569,SFD,4080,1,1,500,1995,796613.1346592676,5832464.153449119
4081,2584,SFD,4081,1,1,500,1995,795804.1408529332,5831254.484459765
4082,96,SFD,4082,1,1,500,1995,784646.0226710634,5826803.689734628
4083,2683,SFD,4083,1,1,500,1995,793367.5310777548,5821621.006002721
4084,1440,SFD,4084,1,1,500,1995,784991.9846920511,5827590.773931873
4085,2860,SFD,4085,1,1,500,1995,784627.6755282921,5830131.635004015
4086,3499,SFD,4086,1,1,500,1995,795504.9320353966,5819776.411925787
4087,187,SFD,4087,1,1,500,1995,797459.479488578,5828997.0469992915
4088,2391,SFD,4088,1,1,500,1995,800208.6164947097,5813509.358642374
4089,1668,SFD,4089,1,1,500,1995,796031.4912651628,5831873.367093211
4090,3128,SFD,4090,1,1,500,1995,800107.1462630467,5815015.6242988175
4091,291,SFD,4091,1,1,500,1995,798853.4487640477,5824690.063550037
4092,1993,SFD,4092,1,1,500,1995,792735.0491676335,5815776.235871668
4093,2252,SFD,4093,1,1,500,1995,790259.4229996745,5821660.909186056
4094,2538,SFD,4094,1,1,500,1995,795351.2420052963,5831385.763425234
4095,472,SFD,4095,1,1,500,1995,794322.3761535538,5824333.758015446
4096,2657,SFD,4096,1,1,500,1995,802213.1142120915,5817413.418298868
4097,2152,SFD,4097,1,1,500,1995,800314.006355972,5825158.702012617
4098,634,SFD,4098,1,1,500,1995,794935.5546488257,5831566.104389847
4099,329,SFD,4099,1,1,500,1995,798490.7747197221,5824802.416816098
4100,2249,SFD,4100,1,1,500,1995,780649.4709863465,5820400.29532869
4101,1440,SFD,4101,1,1,500,1995,799941.2403861897,5829924.861147361
4102,747,SFD,4102,1,1,500,1995,811434.7232473389,5814589.474014498
4103,3262,SFD,4103,1,1,500,1995,800520.1907846746,5826475.943401909
4104,354,SFD,4104,1,1,500,1995,801909.2766252966,5823648.800117179
4105,2238,SFD,4105,1,1,500,1995,788182.9630722792,5837296.903369099
4106,709,SFD,4106,1,1,500,1995,789093.6730072657,5824354.350355246
4107,3268,SFD,4107,1,1,500,1995,794607.9111550066,5837288.643878103
4108,2364,SFD,4108,1,1,500,1995,793438.4306714064,5821649.809857401
4109,1183,SFD,4109,1,1,500,1995,801327.8570524725,5824519.576606181
4110,1834,SFD,4110,1,1,500,1995,804898.2021863207,5834025.859329958
4111,3258,SFD,4111,1,1,500,1995,801052.367186033,5822621.075110614
4112,3032,SFD,4112,1,1,500,1995,793355.8819732107,5828106.676238201
4113,1292,SFD,4113,1,1,500,1995,811927.3728355417,5825154.225805009
4114,2814,SFD,4114,1,1,500,1995,804339.615896489,5825505.269501413
4115,1394,SFD,4115,1,1,500,1995,798736.5159102605,5829749.314612435
4116,884,SFD,4116,1,1,500,1995,811061.4720687217,5827240.841922847
4117,2788,SFD,4117,1,1,500,1995,807665.0608108562,5828102.720701825
4118,75,SFD,4118,1,1,500,1995,790255.2473759172,5826239.807109437
4119,1730,SFD,4119,1,1,500,1995,796788.8601251643,5816227.545244574
4120,1119,SFD,4120,1,1,500,1995,805248.6996898206,5833831.340083169
4121,2935,SFD,4121,1,1,500,1995,781839.8161222932,5828484.96362141
4122,1399,SFD,4122,1,1,500,1995,794629.7374489685,5832797.875595905
4123,1314,SFD,4123,1,1,500,1995,801450.895841781,5829365.661465676
4124,1074,SFD,4124,1,1,500,1995,788783.6454403591,5826389.748483347
4125,2544,SFD,4125,1,1,500,1995,784682.9599879179,5830558.575407258
4126,2862,SFD,4126,1,1,500,1995,795207.8505180584,5837381.035446412
4127,3234,SFD,4127,1,1,500,1995,794580.4411162704,5817080.132622781
4128,347,SFD,4128,1,1,500,1995,799149.1614105182,5818790.039435467
4129,1992,SFD,4129,1,1,500,1995,798017.9302842142,5828808.12958135
4130,2047,SFD,4130,1,1,500,1995,790132.729070027,5829207.363140417
4131,3133,SFD,4131,1,1,500,1995,806984.9488784501,5823973.776851413
4132,2152,SFD,4132,1,1,500,1995,792746.6178554532,5825247.796077701
4133,2678,SFD,4133,1,1,500,1995,801802.4260116172,5825111.357217313
4134,2110,SFD,4134,1,1,500,1995,787619.0174277528,5818318.654785841
4135,1126,SFD,4135,1,1,500,1995,792628.9566729583,5822613.8604442235
4136,3004,SFD,4136,1,1,500,1995,794841.0570140242,5825966.539042733
4137,3434,SFD,4137,1,1,500,1995,813499.1378727793,5830305.707464086
4138,2024,SFD,4138,1,1,500,1995,804820.0488411608,5827496.260790679
4139,2244,SFD,4139,1,1,500,1995,804399.3150026826,5826488.734138568
4140,2047,SFD,4140,1,1,500,1995,803210.3673933365,5829326.254233522
4141,1754,SFD,4141,1,1,500,1995,787534.22719023,5829583.912655123
4142,1788,SFD,4142,1,1,500,1995,800557.2728865661,5826092.98740634
4143,3497,SFD,4143,1,1,500,1995,819286.1062760474,5820174.312881006
4144,815,SFD,4144,1,1,500,1995,808284.8537146642,5828937.155379519
4145,257,SFD,4145,1,1,500,1995,805985.5647561292,5832803.312719829
4146,1144,SFD,4146,1,1,500,1995,810650.5014011456,5828482.784511685
4147,2524,SFD,4147,1,1,500,1995,802943.6455801055,5828079.951031168
4148,1368,SFD,4148,1,1,500,1995,806614.2136694477,5833305.73320225
4149,202,SFD,4149,1,1,500,1995,821156.3955425345,5818544.910417031
4150,1903,SFD,4150,1,1,500,1995,805824.0167677782,5826327.295067104
4151,2171,SFD,4151,1,1,500,1995,809095.2331988848,5832558.149100064
4152,3160,SFD,4152,1,1,500,1995,795043.8325705279,5817587.36269934
4153,934,SFD,4153,1,1,500,1995,808452.3181360187,5828953.77528744
4154,3248,SFD,4154,1,1,500,1995,800717.5653275168,5831930.696022035
4155,2268,SFD,4155,1,1,500,1995,792970.0247198262,5818760.921471944
4156,2687,SFD,4156,1,1,500,1995,799705.7801118543,5824824.288403063
4157,918,SFD,4157,1,1,500,1995,806623.0463521129,5821443.210593381
4158,588,SFD,4158,1,1,500,1995,797728.539317554,5824751.139518572
4159,1700,SFD,4159,1,1,500,1995,803639.7265260727,5835285.546140632
4160,3159,SFD,4160,1,1,500,1995,802584.0218631546,5818470.305997407
4161,1943,SFD,4161,1,1,500,1995,803392.8971432203,5827545.598522697
4162,2405,SFD,4162,1,1,500,1995,801143.3980933919,5816736.727488679
4163,2951,SFD,4163,1,1,500,1995,811130.1359611643,5831636.788176323
4164,20,SFD,4164,1,1,500,1995,797377.956736719,5835898.2340158755
4165,89,SFD,4165,1,1,500,1995,811573.6802120975,5828476.267672439
4166,1037,SFD,4166,1,1,500,1995,790409.8165785752,5824113.2104988545
4167,259,SFD,4167,1,1,500,1995,791575.5184711199,5829746.4426651485
4168,2189,SFD,4168,1,1,500,1995,797263.7322101099,5816244.01480996
4169,1303,SFD,4169,1,1,500,1995,793820.2250126773,5832321.27726046
4170,2445,SFD,4170,1,1,500,1995,798258.3183801379,5824683.835112955
4171,166,SFD,4171,1,1,500,1995,810438.5931948052,5820246.898753261
4172,1815,SFD,4172,1,1,500,1995,799481.9649054948,5825334.372658038
4173,197,SFD,4173,1,1,500,1995,799322.0638350872,5832145.169216165
4174,2151,SFD,4174,1,1,500,1995,793055.4535715277,5818202.581488486
4175,2571,SFD,4175,1,1,500,1995,794249.420369951,5816714.993781226
4176,842,SFD,4176,1,1,500,1995,807057.8524202931,5825179.385466759
4177,2776,SFD,4177,1,1,500,1995,792950.3987575955,5822501.137538378
4178,575,SFD,4178,1,1,500,1995,801961.464622458,5827818.056957936
4179,2997,SFD,4179,1,1,500,1995,800434.7883638836,5813585.467366629
4180,733,SFD,4180,1,1,500,1995,813344.1988398833,5829794.906403658
4181,3183,SFD,4181,1,1,500,1995,810539.7658052503,5825307.841102416
4182,1125,SFD,4182,1,1,500,1995,800124.2296896655,5827969.249208318
4183,1293,SFD,4183,1,1,500,1995,796031.6624113761,5825508.756683384
4184,1722,SFD,4184,1,1,500,1995,797581.2603651433,5821080.022982247
4185,2363,SFD,4185,1,1,500,1995,795267.3177729275,5830916.5053974725
4186,1217,SFD,4186,1,1,500,1995,793825.9035664455,5827719.392812712
4187,1271,SFD,4187,1,1,500,1995,796890.4728307212,5822988.577426914
4188,1700,SFD,4188,1,1,500,1995,794154.9242869198,5822074.697495703
4189,484,SFD,4189,1,1,500,1995,800636.473389219,5826387.117289521
4190,2391,SFD,4190,1,1,500,1995,797059.0694803311,5824277.716722135
4191,2255,SFD,4191,1,1,500,1995,791939.2225433426,5822315.350102846
4192,2370,SFD,4192,1,1,500,1995,795976.7372187369,5829468.221882618
4193,779,SFD,4193,1,1,500,1995,796391.7871439891,5824853.903940299
4194,1419,SFD,4194,1,1,500,1995,808656.6393692512,5815977.727494299
4195,517,SFD,4195,1,1,500,1995,799433.0039543202,5825706.350760834
4196,1469,SFD,4196,1,1,500,1995,811991.746939477,5824151.511567104
4197,2532,SFD,4197,1,1,500,1995,799288.8093162121,5816893.5942835165
4198,686,SFD,4198,1,1,500,1995,804508.6136962101,5820241.78046248
4199,213,SFD,4199,1,1,500,1995,791811.8005680343,5817007.316008935
4200,221,SFD,4200,1,1,500,1995,795540.8609677943,5824875.678165638
4201,1669,SFD,4201,1,1,500,1995,794563.5794939485,5822472.706601088
4202,35,SFD,4202,1,1,500,1995,798169.3097217738,5828713.244208722
4203,2611,SFD,4203,1,1,500,1995,793184.1225544134,5825441.098256149
4204,3292,SFD,4204,1,1,500,1995,799948.350475423,5829430.1162627805
4205,710,SFD,4205,1,1,500,1995,801891.6805095182,5822472.732418615
4206,2116,SFD,4206,1,1,500,1995,793175.5246527605,5819189.936071815
4207,1800,SFD,4207,1,1,500,1995,798999.9622875424,5830307.478412779
4208,2681,SFD,4208,1,1,500,1995,805513.356758242,5818176.079845361
4209,3457,SFD,4209,1,1,500,1995,802340.9603316698,5831326.691485657
4210,2992,SFD,4210,1,1,500,1995,792007.3168819118,5817011.888671625
4211,630,SFD,4211,1,1,500,1995,791800.8335939051,5829768.870832046
4212,2269,SFD,4212,1,1,500,1995,799351.1688486363,5826782.394426903
4213,1834,SFD,4213,1,1,500,1995,796365.0482731936,5815860.656335208
4214,1842,SFD,4214,1,1,500,1995,797147.0515391019,5819592.761644725
4215,1509,SFD,4215,1,1,500,1995,793277.6212978053,5819197.612437393
4216,1004,SFD,4216,1,1,500,1995,804083.4814902043,5829407.881051937
4217,1939,SFD,4217,1,1,500,1995,782273.4164902808,5827010.882311359
4218,29,SFD,4218,1,1,500,1995,799029.0465693909,5830091.85188175
4219,1834,SFD,4219,1,1,500,1995,799512.9286935206,5817512.859696626
4220,2368,SFD,4220,1,1,500,1995,796534.8577398483,5815466.2534248335
4221,1157,SFD,4221,1,1,500,1995,799902.6479667424,5825216.728008464
4222,2644,SFD,4222,1,1,500,1995,794777.0603737095,5822389.486593995
4223,1034,SFD,4223,1,1,500,1995,808830.1735064143,5832521.943609206
4224,3286,SFD,4224,1,1,500,1995,799324.275556495,5830816.721652418
4225,3078,SFD,4225,1,1,500,1995,797160.2281081809,5829906.765711017
4226,385,SFD,4226,1,1,500,1995,791948.9335703859,5831373.463704933
4227,1708,SFD,4227,1,1,500,1995,790387.6400181769,5826443.61118545
4228,2966,SFD,4228,1,1,500,1995,791817.9494839644,5833844.170120666
4229,1684,SFD,4229,1,1,500,1995,805967.0599428669,5833877.779944992
4230,2005,SFD,4230,1,1,500,1995,795122.6996321353,5836506.534933366
4231,245,SFD,4231,1,1,500,1995,795145.8252450742,5823208.196312869
4232,1163,SFD,4232,1,1,500,1995,811140.9491080672,5820611.43030831
4233,1592,SFD,4233,1,1,500,1995,797750.0426108793,5832180.783618527
4234,2482,SFD,4234,1,1,500,1995,795579.3535826474,5836374.165762139
4235,1901,SFD,4235,1,1,500,1995,791712.4904662992,5828555.519567493
4236,1743,SFD,4236,1,1,500,1995,809245.0431009729,5833851.480295668
4237,152,SFD,4237,1,1,500,1995,796191.7615231727,5831302.631533379
4238,2194,SFD,4238,1,1,500,1995,798154.9942216601,5829898.509291309
4239,167,SFD,4239,1,1,500,1995,783761.29023104,5829048.024026082
4240,1379,SFD,4240,1,1,500,1995,798338.1380950463,5826084.8341448745
4241,2627,SFD,4241,1,1,500,1995,806555.7810175032,5827454.292657148
4242,104,SFD,4242,1,1,500,1995,804253.5639584952,5829958.7713699825
4243,121,SFD,4243,1,1,500,1995,794101.5045689428,5827974.271581987
4244,884,SFD,4244,1,1,500,1995,809657.9410542307,5819625.104229631
4245,1691,SFD,4245,1,1,500,1995,802126.6717140237,5823538.198035433
4246,1393,SFD,4246,1,1,500,1995,799962.5646164496,5835653.931851856
4247,1286,SFD,4247,1,1,500,1995,795376.9391720971,5823343.904944789
4248,2220,SFD,4248,1,1,500,1995,807752.3279996403,5822095.866045002
4249,973,SFD,4249,1,1,500,1995,801519.9368152893,5827414.174588374
4250,133,SFD,4250,1,1,500,1995,805738.8835679367,5816969.024163556
4251,2869,SFD,4251,1,1,500,1995,800408.489247459,5821906.421635478
4252,2371,SFD,4252,1,1,500,1995,809023.542584542,5831358.278342386
4253,3097,SFD,4253,1,1,500,1995,801743.2589751987,5827178.739233567
4254,1183,SFD,4254,1,1,500,1995,794055.122743752,5825336.194732052
4255,450,SFD,4255,1,1,500,1995,796949.4662303904,5831545.222636222
4256,1900,SFD,4256,1,1,500,1995,796483.8459711168,5833079.900004239
4257,697,SFD,4257,1,1,500,1995,798639.6280795286,5815137.754191559
4258,2915,SFD,4258,1,1,500,1995,791739.9722819915,5826348.829449579
4259,2169,SFD,4259,1,1,500,1995,784128.8187072263,5826453.241789866
4260,2831,SFD,4260,1,1,500,1995,801099.1711730366,5830595.268332442
4261,3447,SFD,4261,1,1,500,1995,794543.6740186574,5831263.612636813
4262,3352,SFD,4262,1,1,500,1995,802621.6486027818,5829080.800160075
4263,1311,SFD,4263,1,1,500,1995,815068.0961601345,5821364.648917175
4264,2789,SFD,4264,1,1,500,1995,795382.8361844965,5830642.626738182
4265,1976,SFD,4265,1,1,500,1995,797925.4675088914,5820877.04954742
4266,2015,SFD,4266,1,1,500,1995,808573.0965874097,5819410.166550289
4267,1673,SFD,4267,1,1,500,1995,785725.0429584415,5833440.842746735
4268,2460,SFD,4268,1,1,500,1995,800325.9706224375,5825875.64020441
4269,844,SFD,4269,1,1,500,1995,794647.4356358713,5826146.712099591
4270,2823,SFD,4270,1,1,500,1995,795962.2611913115,5826131.111102267
4271,425,SFD,4271,1,1,500,1995,782462.7995255034,5827470.125038844
4272,2750,SFD,4272,1,1,500,1995,799917.6803710117,5837557.122583678
4273,2468,SFD,4273,1,1,500,1995,795773.5901860562,5825081.682479535
4274,2401,SFD,4274,1,1,500,1995,782356.516883803,5827384.230878351
4275,3016,SFD,4275,1,1,500,1995,800713.3079767672,5824945.810979114
4276,1933,SFD,4276,1,1,500,1995,790013.0414876635,5834958.486903372
4277,3202,SFD,4277,1,1,500,1995,793518.0739810809,5821903.103997521
4278,2188,SFD,4278,1,1,500,1995,794493.7120335083,5828868.094347724
4279,2038,SFD,4279,1,1,500,1995,792593.710105852,5825813.084688327
4280,3117,SFD,4280,1,1,500,1995,794261.4218427431,5833309.719158591
4281,1079,SFD,4281,1,1,500,1995,796610.8312461474,5820152.912385725
4282,1659,SFD,4282,1,1,500,1995,788781.670442794,5827469.560761651
4283,599,SFD,4283,1,1,500,1995,795153.0962496891,5833891.299078945
4284,57,SFD,4284,1,1,500,1995,801926.2417282676,5836418.487477238
4285,3153,SFD,4285,1,1,500,1995,800076.3393957266,5831993.454300698
4286,2672,SFD,4286,1,1,500,1995,806703.5659219922,5815337.312048676
4287,1867,SFD,4287,1,1,500,1995,810010.7786028798,5832945.668216662
4288,1176,SFD,4288,1,1,500,1995,797169.4461209765,5820347.964727402
4289,1464,SFD,4289,1,1,500,1995,799670.4538476026,5834951.5381550165
4290,1869,SFD,4290,1,1,500,1995,786646.126550127,5836794.207843327
4291,2022,SFD,4291,1,1,500,1995,795448.6677913438,5831879.42002199
4292,3320,SFD,4292,1,1,500,1995,803727.1515330306,5826435.207462281
4293,2163,SFD,4293,1,1,500,1995,789773.9221413468,5840901.717545179
4294,2541,SFD,4294,1,1,500,1995,796120.8547925891,5818499.713522857
4295,1262,SFD,4295,1,1,500,1995,790425.7513102444,5840689.512140978
4296,858,SFD,4296,1,1,500,1995,793776.9866790399,5836218.961486481
4297,3008,SFD,4297,1,1,500,1995,794867.13389501,5832234.54449474
4298,480,SFD,4298,1,1,500,1995,788260.740844961,5818227.285145888
4299,1924,SFD,4299,1,1,500,1995,795874.0856743255,5826096.153336182
4300,162,SFD,4300,1,1,500,1995,800997.4804819687,5820950.522604052
4301,336,SFD,4301,1,1,500,1995,799032.6827607143,5818896.533540373
4302,2524,SFD,4302,1,1,500,1995,790717.8395890876,5826502.511533125
4303,2373,SFD,4303,1,1,500,1995,800901.1197712596,5822048.192819893
4304,1052,SFD,4304,1,1,500,1995,796535.1992728426,5832389.877464262
4305,1318,SFD,4305,1,1,500,1995,808067.2894382067,5821119.787100603
4306,2345,SFD,4306,1,1,500,1995,811371.7320339173,5828606.120910482
4307,85,SFD,4307,1,1,500,1995,794938.1012172587,5823240.852012484
4308,524,SFD,4308,1,1,500,1995,795381.2135283691,5831359.014432146
4309,3140,SFD,4309,1,1,500,1995,803143.9508808962,5829425.443974838
4310,2960,SFD,4310,1,1,500,1995,797127.7688792832,5826371.423016228
4311,3005,SFD,4311,1,1,500,1995,797713.9603473316,5831592.009635307
4312,1738,SFD,4312,1,1,500,1995,814943.5199611902,5821026.592259636
4313,2411,SFD,4313,1,1,500,1995,800584.3949094621,5831817.349833743
4314,517,SFD,4314,1,1,500,1995,802777.0691568742,5827147.7188521
4315,2278,SFD,4315,1,1,500,1995,794029.9380450025,5822462.68126852
4316,3055,SFD,4316,1,1,500,1995,794399.7621095027,5829131.024231701
4317,1824,SFD,4317,1,1,500,1995,802291.7066040997,5831322.1731869215
4318,1166,SFD,4318,1,1,500,1995,797741.3114845564,5830999.8870099895
4319,1679,SFD,4319,1,1,500,1995,805285.0564116659,5827660.412347765
4320,2557,SFD,4320,1,1,500,1995,794907.8526780773,5821336.844674956
4321,3406,SFD,4321,1,1,500,1995,791920.2383551068,5817237.31690208
4322,256,SFD,4322,1,1,500,1995,799550.3108064393,5837299.677939177
4323,161,SFD,4323,1,1,500,1995,800196.544893122,5830859.7612047745
4324,2930,SFD,4324,1,1,500,1995,795025.4623652592,5818526.681284218
4325,2624,SFD,4325,1,1,500,1995,803600.811394326,5827558.38498824
4326,3416,SFD,4326,1,1,500,1995,793047.5483663067,5833013.9715809245
4327,755,SFD,4327,1,1,500,1995,809257.4998551211,5831885.484074126
4328,1841,SFD,4328,1,1,500,1995,791294.3009366808,5834709.2168497015
4329,221,SFD,4329,1,1,500,1995,804500.2587820088,5830383.589564576
4330,2491,SFD,4330,1,1,500,1995,810218.8493277781,5831442.846604837
4331,1404,SFD,4331,1,1,500,1995,800479.1859149336,5825716.888336127
4332,1045,SFD,4332,1,1,500,1995,804084.1245499656,5818366.11358397
4333,3190,SFD,4333,1,1,500,1995,793533.4362410563,5834929.430900493
4334,2284,SFD,4334,1,1,500,1995,800728.7336073995,5813942.337504008
4335,2231,SFD,4335,1,1,500,1995,799880.6978540637,5836084.687770486
4336,718,SFD,4336,1,1,500,1995,791843.82126033,5833290.204214229
4337,1302,SFD,4337,1,1,500,1995,801681.7686275614,5828337.221667964
4338,1351,SFD,4338,1,1,500,1995,793080.8132090162,5826010.6725379415
4339,274,SFD,4339,1,1,500,1995,800012.1073048491,5829867.338447549
4340,2362,SFD,4340,1,1,500,1995,799894.0056715633,5831669.255990948
4341,2344,SFD,4341,1,1,500,1995,798860.1923643963,5830939.934890138
4342,340,SFD,4342,1,1,500,1995,789077.4040051245,5819691.699457902
4343,2892,SFD,4343,1,1,500,1995,793607.6419151882,5824182.016151503
4344,2061,SFD,4344,1,1,500,1995,791675.4196717602,5826041.743944932
4345,778,SFD,4345,1,1,500,1995,794699.3800960035,5828675.280849754
4346,3197,SFD,4346,1,1,500,1995,806784.5797835491,5825208.420907598
4347,1289,SFD,4347,1,1,500,1995,813406.6139440418,5827881.853064801
4348,3057,SFD,4348,1,1,500,1995,817648.1167642039,5817072.162310776
4349,1622,SFD,4349,1,1,500,1995,794560.9413324186,5824389.990204141
4350,2365,SFD,4350,1,1,500,1995,796096.3176199126,5828697.783432322
4351,921,SFD,4351,1,1,500,1995,796547.3000679711,5831655.712691113
4352,2689,SFD,4352,1,1,500,1995,795125.0318045863,5828587.751258794
4353,2785,SFD,4353,1,1,500,1995,802321.767800929,5828250.801508675
4354,2718,SFD,4354,1,1,500,1995,812885.8632130516,5829721.652066404
4355,2636,SFD,4355,1,1,500,1995,807331.769985466,5827696.817252714
4356,1821,SFD,4356,1,1,500,1995,803113.0944910147,5829615.83014808
4357,2592,SFD,4357,1,1,500,1995,783909.1746077372,5826472.398416113
4358,258,SFD,4358,1,1,500,1995,799262.3052950269,5817876.931502511
4359,3025,SFD,4359,1,1,500,1995,798066.0111920557,5816551.458324325
4360,2287,SFD,4360,1,1,500,1995,796125.5786771576,5825595.2455682885
4361,2067,SFD,4361,1,1,500,1995,803284.2561673044,5826745.4369745795
4362,1026,SFD,4362,1,1,500,1995,804510.6507252976,5822735.785387255
4363,2594,SFD,4363,1,1,500,1995,799804.7139591727,5830766.145318325
4364,3490,SFD,4364,1,1,500,1995,799782.8596908377,5830356.954566856
4365,1506,SFD,4365,1,1,500,1995,797496.3425065335,5828621.416651527
4366,772,SFD,4366,1,1,500,1995,790420.8934402523,5826279.9333182415
4367,2469,SFD,4367,1,1,500,1995,805470.3675195004,5826255.910777167
4368,3125,SFD,4368,1,1,500,1995,794979.3651763338,5822171.050011162
4369,796,SFD,4369,1,1,500,1995,793015.2942315222,5834867.962325076
4370,431,SFD,4370,1,1,500,1995,793808.882979079,5824077.050858999
4371,2473,SFD,4371,1,1,500,1995,794250.7555439792,5831631.752866009
4372,622,SFD,4372,1,1,500,1995,807051.4603884865,5823621.001678683
4373,1434,SFD,4373,1,1,500,1995,798366.7017151377,5828946.620960346
4374,2469,SFD,4374,1,1,500,1995,794852.833140196,5824226.025574587
4375,1586,SFD,4375,1,1,500,1995,804710.8842819508,5830733.190534077
4376,1252,SFD,4376,1,1,500,1995,800085.3668160408,5825012.703332591
4377,1308,SFD,4377,1,1,500,1995,793727.5893507327,5825664.7843355145
4378,1181,SFD,4378,1,1,500,1995,800702.1104903702,5832001.727497943
4379,2372,SFD,4379,1,1,500,1995,798485.21264574,5832977.28322408
4380,2766,SFD,4380,1,1,500,1995,788904.3706174309,5826211.176452433
4381,247,SFD,4381,1,1,500,1995,796187.7279524263,5816063.368997212
4382,1455,SFD,4382,1,1,500,1995,791157.3793951339,5821638.711655926
4383,2931,SFD,4383,1,1,500,1995,808807.1551997475,5830541.6093491325
4384,1575,SFD,4384,1,1,500,1995,805431.2542330208,5819717.831664492
4385,2043,SFD,4385,1,1,500,1995,804934.0086287123,5827557.9606220685
4386,2217,SFD,4386,1,1,500,1995,799284.5226256284,5831574.595344279
4387,497,SFD,4387,1,1,500,1995,808382.7042541471,5829522.377604725
4388,15,SFD,4388,1,1,500,1995,796730.3954699001,5834743.682383849
4389,2685,SFD,4389,1,1,500,1995,796218.3308244653,5830397.471896045
4390,1891,SFD,4390,1,1,500,1995,795841.394332493,5825375.259937237
4391,3469,SFD,4391,1,1,500,1995,810329.5566848179,5832377.20969691
4392,1129,SFD,4392,1,1,500,1995,789426.4904887088,5829802.082751601
4393,2614,SFD,4393,1,1,500,1995,781396.3608985342,5827712.831346889
4394,159,SFD,4394,1,1,500,1995,796255.9382343077,5825152.944125929
4395,1579,SFD,4395,1,1,500,1995,796404.6119773837,5837189.439772261
4396,3064,SFD,4396,1,1,500,1995,808307.6823631355,5821661.60791629
4397,1382,SFD,4397,1,1,500,1995,795013.1980153369,5817734.343934971
4398,2788,SFD,4398,1,1,500,1995,804629.6010548552,5834151.609760207
4399,756,SFD,4399,1,1,500,1995,800232.6671676616,5825892.896728092
4400,3347,SFD,4400,1,1,500,1995,811527.5917787813,5817400.6246123
4401,2099,SFD,4401,1,1,500,1995,797215.8511531239,5817019.530748165
4402,1470,SFD,4402,1,1,500,1995,800311.764695678,5836787.108747492
4403,268,SFD,4403,1,1,500,1995,803044.487798955,5819443.102539135
4404,424,SFD,4404,1,1,500,1995,799601.6968501653,5829305.920374306
4405,2855,SFD,4405,1,1,500,1995,792488.4264266327,5827304.250768006
4406,1199,SFD,4406,1,1,500,1995,800055.8212927931,5827988.729207358
4407,1556,SFD,4407,1,1,500,1995,806103.7851045759,5830802.92583563
4408,1604,SFD,4408,1,1,500,1995,795427.7976486667,5821547.935246877
4409,1368,SFD,4409,1,1,500,1995,782511.1250738315,5827163.916775365
4410,2648,SFD,4410,1,1,500,1995,804693.9513274219,5827946.267009983
4411,1235,SFD,4411,1,1,500,1995,800291.6977866817,5825114.456295544
4412,2110,SFD,4412,1,1,500,1995,806471.1264680376,5828899.011225997
4413,328,SFD,4413,1,1,500,1995,799065.7490328003,5817370.0243833475
4414,1946,SFD,4414,1,1,500,1995,792905.8223729696,5821949.93954968
4415,3277,SFD,4415,1,1,500,1995,783506.2439298369,5830055.439797183
4416,1766,SFD,4416,1,1,500,1995,803787.0031861914,5839652.724551119
4417,9,SFD,4417,1,1,500,1995,794799.2346120898,5830079.285755028
4418,480,SFD,4418,1,1,500,1995,791549.7668192164,5819081.100906554
4419,2506,SFD,4419,1,1,500,1995,799470.3237554232,5832545.263132995
4420,1723,SFD,4420,1,1,500,1995,801100.9517894706,5822615.288088663
4421,126,SFD,4421,1,1,500,1995,806122.180188915,5815570.399994076
4422,1947,SFD,4422,1,1,500,1995,790735.6241630837,5826649.100599475
4423,2794,SFD,4423,1,1,500,1995,805077.0764153568,5827097.634756195
4424,3405,SFD,4424,1,1,500,1995,798587.5215640794,5828118.369773431
4425,2053,SFD,4425,1,1,500,1995,801207.7828102647,5816642.707270265
4426,1201,SFD,4426,1,1,500,1995,802726.0926576325,5827141.090320554
4427,3201,SFD,4427,1,1,500,1995,802138.8616683874,5830697.312477109
4428,1687,SFD,4428,1,1,500,1995,785800.3203956084,5838842.941312168
4429,3100,SFD,4429,1,1,500,1995,811892.9195892927,5819662.857072904
4430,371,SFD,4430,1,1,500,1995,798303.0945980572,5818501.920611577
4431,1678,SFD,4431,1,1,500,1995,807133.9175142928,5833796.924403903
4432,3337,SFD,4432,1,1,500,1995,795099.0736579363,5820327.308675014
4433,2248,SFD,4433,1,1,500,1995,790021.3187892612,5833759.260190221
4434,1002,SFD,4434,1,1,500,1995,799254.8335727002,5832253.385574112
4435,2341,SFD,4435,1,1,500,1995,794151.7707470234,5821663.446797713
4436,465,SFD,4436,1,1,500,1995,796415.5644398826,5832477.328770892
4437,609,SFD,4437,1,1,500,1995,810540.2975310447,5832053.638535841
4438,973,SFD,4438,1,1,500,1995,819035.5414805918,5820412.53206808
4439,806,SFD,4439,1,1,500,1995,804696.99467772,5816106.748370729
4440,3053,SFD,4440,1,1,500,1995,796742.1859750747,5825941.602076466
4441,3288,SFD,4441,1,1,500,1995,794480.2945721102,5829053.288572442
4442,990,SFD,4442,1,1,500,1995,811475.6083957024,5820959.161809843
4443,378,SFD,4443,1,1,500,1995,801887.2941231322,5823948.0325949425
4444,1617,SFD,4444,1,1,500,1995,809251.8017630174,5831774.671268319
4445,160,SFD,4445,1,1,500,1995,793967.4605177774,5828262.895828174
4446,2406,SFD,4446,1,1,500,1995,813408.1869010366,5827878.890078499
4447,2744,SFD,4447,1,1,500,1995,806641.3840690331,5822587.079405773
4448,2344,SFD,4448,1,1,500,1995,798626.2777404711,5821659.688810614
4449,1034,SFD,4449,1,1,500,1995,795401.5377139992,5837075.39673557
4450,91,SFD,4450,1,1,500,1995,794765.6468637366,5837332.990995001
4451,2401,SFD,4451,1,1,500,1995,794857.1816155403,5829061.572196473
4452,134,SFD,4452,1,1,500,1995,801339.5058621907,5829371.52373525
4453,2864,SFD,4453,1,1,500,1995,794600.8001306434,5821558.822877697
4454,2921,SFD,4454,1,1,500,1995,795366.0169744465,5832224.758978562
4455,513,SFD,4455,1,1,500,1995,799313.2297355464,5830821.2648732625
4456,1508,SFD,4456,1,1,500,1995,816346.0500015258,5813423.978457782
4457,1441,SFD,4457,1,1,500,1995,798715.7558251552,5825347.455144173
4458,989,SFD,4458,1,1,500,1995,790345.7253632842,5822611.405023719
4459,1162,SFD,4459,1,1,500,1995,804073.443412344,5825857.872320529
4460,2500,SFD,4460,1,1,500,1995,805967.7242488831,5816760.715650285
4461,2727,SFD,4461,1,1,500,1995,802971.462298874,5827229.449183851
4462,1782,SFD,4462,1,1,500,1995,796968.5329438341,5832446.702198058
4463,2271,SFD,4463,1,1,500,1995,792395.9552106963,5833679.240465248
4464,359,SFD,4464,1,1,500,1995,800852.038061558,5821548.676899826
4465,3199,SFD,4465,1,1,500,1995,813015.7455164376,5831146.125892323
4466,3245,SFD,4466,1,1,500,1995,807597.2132280612,5824785.199773435
4467,818,SFD,4467,1,1,500,1995,795423.2970973412,5825119.210031611
4468,2672,SFD,4468,1,1,500,1995,788770.0318685761,5818287.537974324
4469,254,SFD,4469,1,1,500,1995,798926.0422233824,5832787.4956078995
4470,917,SFD,4470,1,1,500,1995,798444.8883599555,5833017.231314006
4471,1879,SFD,4471,1,1,500,1995,800497.3164818371,5835980.176881804
4472,3055,SFD,4472,1,1,500,1995,790750.3371510457,5818553.155843118
4473,494,SFD,4473,1,1,500,1995,793449.1570381485,5823127.669398275
4474,3371,SFD,4474,1,1,500,1995,804022.736176596,5822279.679981073
4475,305,SFD,4475,1,1,500,1995,800285.5776855923,5821919.076608684
4476,3373,SFD,4476,1,1,500,1995,799615.2528901175,5831815.763706843
4477,1863,SFD,4477,1,1,500,1995,796246.0419661244,5830699.997169154
4478,637,SFD,4478,1,1,500,1995,810956.0940211342,5826549.965799542
4479,3196,SFD,4479,1,1,500,1995,794667.2510876977,5820947.550475035
4480,2551,SFD,4480,1,1,500,1995,796186.2888103144,5819960.347012272
4481,3160,SFD,4481,1,1,500,1995,798053.4889855456,5830246.465295507
4482,1130,SFD,4482,1,1,500,1995,799162.1144221742,5831725.278947583
4483,2157,SFD,4483,1,1,500,1995,781791.6614920248,5830381.2096591955
4484,882,SFD,4484,1,1,500,1995,794763.3481419173,5821706.925684711
4485,3246,SFD,4485,1,1,500,1995,794131.141601975,5831280.1499272175
4486,1330,SFD,4486,1,1,500,1995,793362.2231026705,5824610.763763995
4487,1321,SFD,4487,1,1,500,1995,798146.0547997974,5825639.633298268
4488,2138,SFD,4488,1,1,500,1995,796324.9663754131,5815503.003894187
4489,3250,SFD,4489,1,1,500,1995,790360.8952527404,5826903.166651026
4490,3073,SFD,4490,1,1,500,1995,789446.9902519141,5827110.973020212
4491,2504,SFD,4491,1,1,500,1995,798023.2637957676,5829657.17525477
4492,1130,SFD,4492,1,1,500,1995,808893.664700924,5819187.333292966
4493,132,SFD,4493,1,1,500,1995,791902.9472087969,5833961.718566652
4494,969,SFD,4494,1,1,500,1995,793774.043501968,5820045.455516663
4495,2019,SFD,4495,1,1,500,1995,797855.5782471246,5819701.549956485
4496,548,SFD,4496,1,1,500,1995,799749.1124211028,5838192.510285112
4497,2780,SFD,4497,1,1,500,1995,792970.8105427338,5822221.567021535
4498,2346,SFD,4498,1,1,500,1995,803035.8221553639,5819806.0947126895
4499,6,SFD,4499,1,1,500,1995,796643.7443065518,5824488.06083685
4500,2002,SFD,4500,1,1,500,1995,812659.5927003142,5823997.6526879845
4501,286,SFD,4501,1,1,500,1995,810539.7835816181,5831984.382580291
4502,1428,SFD,4502,1,1,500,1995,811815.9077805465,5818899.210205064
4503,2199,SFD,4503,1,1,500,1995,807643.6637795465,5827708.344401583
4504,3162,SFD,4504,1,1,500,1995,796676.2150988574,5831147.224189182
4505,3103,SFD,4505,1,1,500,1995,805804.473599172,5833378.495164123
4506,2144,SFD,4506,1,1,500,1995,801088.9793551827,5831741.569642686
4507,3300,SFD,4507,1,1,500,1995,795278.2069904788,5833534.77828672
4508,1319,SFD,4508,1,1,500,1995,807077.1984751748,5833558.605092632
4509,2150,SFD,4509,1,1,500,1995,783786.0608410432,5821878.307133408
4510,3285,SFD,4510,1,1,500,1995,794846.0054786332,5816225.631142826
4511,2492,SFD,4511,1,1,500,1995,795669.344124441,5834910.449049183
4512,1561,SFD,4512,1,1,500,1995,790145.3916220842,5824316.042762918
4513,3237,SFD,4513,1,1,500,1995,795091.1516030779,5821405.953641911
4514,558,SFD,4514,1,1,500,1995,790899.3928601159,5829322.912201031
4515,1777,SFD,4515,1,1,500,1995,789455.2937875801,5835243.213939906
4516,1199,SFD,4516,1,1,500,1995,799361.1465910305,5831591.5104666315
4517,631,SFD,4517,1,1,500,1995,788667.191129145,5816520.751632812
4518,2826,SFD,4518,1,1,500,1995,796111.0840418704,5831129.92809204
4519,967,SFD,4519,1,1,500,1995,800506.3304857495,5830273.530909031
4520,2963,SFD,4520,1,1,500,1995,795531.1733474326,5831081.04686352
4521,2132,SFD,4521,1,1,500,1995,792920.1628356746,5838210.374441878
4522,2735,SFD,4522,1,1,500,1995,794968.0524326451,5832628.685120973
4523,3045,SFD,4523,1,1,500,1995,798397.4071056223,5824701.468892969
4524,1926,SFD,4524,1,1,500,1995,793336.3856523923,5820821.492149259
4525,997,SFD,4525,1,1,500,1995,798449.8754703483,5832936.590145496
4526,295,SFD,4526,1,1,500,1995,795502.0048892011,5817442.3714262685
4527,680,SFD,4527,1,1,500,1995,802376.3315896292,5826236.148014583
4528,3106,SFD,4528,1,1,500,1995,800411.5476901727,5831392.964709393
4529,3127,SFD,4529,1,1,500,1995,788906.6792298099,5830805.379032335
4530,1777,SFD,4530,1,1,500,1995,809193.0225193024,5832515.16255161
4531,832,SFD,4531,1,1,500,1995,804825.6222112665,5817251.571046601
4532,3314,SFD,4532,1,1,500,1995,808875.528372372,5827923.440287221
4533,191,SFD,4533,1,1,500,1995,803667.7273079692,5829578.661069134
4534,3341,SFD,4534,1,1,500,1995,802379.6856147529,5817678.856629532
4535,1035,SFD,4535,1,1,500,1995,800383.9645439156,5828075.700423215
4536,2806,SFD,4536,1,1,500,1995,792994.7222553722,5815620.206123551
4537,2111,SFD,4537,1,1,500,1995,780902.7701897738,5829409.890600831
4538,2628,SFD,4538,1,1,500,1995,803385.7750909108,5832283.856072243
4539,2055,SFD,4539,1,1,500,1995,789180.8647268786,5816245.758887782
4540,3201,SFD,4540,1,1,500,1995,787177.4451497897,5830035.586676041
4541,691,SFD,4541,1,1,500,1995,804322.4947768622,5834097.830870239
4542,2967,SFD,4542,1,1,500,1995,799962.3162491014,5831658.669632967
4543,649,SFD,4543,1,1,500,1995,796284.138857211,5821062.93724197
4544,2964,SFD,4544,1,1,500,1995,795147.5335666287,5815793.022415955
4545,1410,SFD,4545,1,1,500,1995,797167.928067904,5831450.260454192
4546,133,SFD,4546,1,1,500,1995,799943.230469946,5829626.0164911635
4547,1575,SFD,4547,1,1,500,1995,807803.2523244331,5821975.658696484
4548,2804,SFD,4548,1,1,500,1995,794385.3219620177,5828323.5048976345
4549,1342,SFD,4549,1,1,500,1995,799565.0076111979,5817237.242810585
4550,2188,SFD,4550,1,1,500,1995,794186.6235114681,5828066.60700122
4551,42,SFD,4551,1,1,500,1995,811825.3090742719,5830035.824736174
4552,3363,SFD,4552,1,1,500,1995,793455.8147282086,5826272.822658978
4553,2219,SFD,4553,1,1,500,1995,799950.5958218507,5831891.636104933
4554,697,SFD,4554,1,1,500,1995,793092.2607753603,5829696.944455539
4555,1135,SFD,4555,1,1,500,1995,793403.4050125879,5829020.61564811
4556,2771,SFD,4556,1,1,500,1995,789638.5825054792,5836399.744117325
4557,1872,SFD,4557,1,1,500,1995,799354.9854842075,5816589.169325159
4558,1481,SFD,4558,1,1,500,1995,796434.1359419182,5836602.2550566625
4559,2317,SFD,4559,1,1,500,1995,794227.6420350396,5820927.716744391
4560,332,SFD,4560,1,1,500,1995,784314.7939847568,5831585.389410405
4561,3295,SFD,4561,1,1,500,1995,799690.7676293261,5830381.117911082
4562,578,SFD,4562,1,1,500,1995,813734.4742696967,5828908.595091149
4563,2074,SFD,4563,1,1,500,1995,786756.8927041357,5817192.480998118
4564,1649,SFD,4564,1,1,500,1995,799237.7740875138,5830340.692486656
4565,1399,SFD,4565,1,1,500,1995,796796.4153007953,5831482.572826608
4566,1602,SFD,4566,1,1,500,1995,794971.4768246682,5824484.0814656615
4567,2835,SFD,4567,1,1,500,1995,799512.5581126007,5826087.489928056
4568,1763,SFD,4568,1,1,500,1995,797091.8283429862,5831973.982632261
4569,3405,SFD,4569,1,1,500,1995,798383.4435115873,5834048.361889697
4570,1114,SFD,4570,1,1,500,1995,799525.2796849766,5825958.677389994
4571,2138,SFD,4571,1,1,500,1995,791824.8996637044,5825977.828252637
4572,1646,SFD,4572,1,1,500,1995,790583.400983705,5836149.442998184
4573,3305,SFD,4573,1,1,500,1995,799446.2932753883,5832284.165613599
4574,1306,SFD,4574,1,1,500,1995,791858.1046280124,5825095.912735264
4575,2218,SFD,4575,1,1,500,1995,799613.4792194362,5831624.77321889
4576,449,SFD,4576,1,1,500,1995,813139.4857584136,5830761.0436553825
4577,1371,SFD,4577,1,1,500,1995,798003.4394015018,5824253.5151464995
4578,1469,SFD,4578,1,1,500,1995,811061.8788017974,5829714.198371129
4579,1526,SFD,4579,1,1,500,1995,804349.679217118,5833980.845684141
4580,1313,SFD,4580,1,1,500,1995,808822.8893730156,5815311.830559078
4581,2652,SFD,4581,1,1,500,1995,796395.9705028778,5833731.350608749
4582,1,SFD,4582,1,1,500,1995,802385.1830919143,5831574.553214949
4583,487,SFD,4583,1,1,500,1995,793486.6238803777,5833901.152697185
4584,1857,SFD,4584,1,1,500,1995,803641.2073198671,5834972.272345255
4585,1170,SFD,4585,1,1,500,1995,793835.4519215219,5829104.285501255
4586,1925,SFD,4586,1,1,500,1995,797865.6057072532,5822295.298911914
4587,2664,SFD,4587,1,1,500,1995,808508.9718845993,5821033.181769969
4588,237,SFD,4588,1,1,500,1995,797702.4177981289,5835248.462566026
4589,1481,SFD,4589,1,1,500,1995,810934.6036595335,5830964.897863249
4590,2691,SFD,4590,1,1,500,1995,797763.7437564544,5830201.5397393415
4591,52,SFD,4591,1,1,500,1995,800705.8414826668,5814105.088621017
4592,3257,SFD,4592,1,1,500,1995,792849.2561380137,5837566.137979457
4593,3486,SFD,4593,1,1,500,1995,781695.6393760978,5830369.468558183
4594,1221,SFD,4594,1,1,500,1995,796600.9937192136,5832650.221629321
4595,795,SFD,4595,1,1,500,1995,799215.331363485,5814063.820971552
4596,1210,SFD,4596,1,1,500,1995,795090.4784262697,5829109.6732853735
4597,3481,SFD,4597,1,1,500,1995,800863.3598720212,5813790.188115558
4598,1499,SFD,4598,1,1,500,1995,814902.6691483452,5821724.546227872
4599,2278,SFD,4599,1,1,500,1995,801940.7707888603,5827667.301546286
4600,48,SFD,4600,1,1,500,1995,792219.2373931541,5825282.428138781
4601,3214,SFD,4601,1,1,500,1995,791813.0425715182,5825092.982023137
4602,2312,SFD,4602,1,1,500,1995,798335.1424915453,5829309.096863038
4603,1129,SFD,4603,1,1,500,1995,794732.1738487305,5821019.074645524
4604,2147,SFD,4604,1,1,500,1995,793220.8967983369,5820317.27881281
4605,2345,SFD,4605,1,1,500,1995,791046.318316553,5836725.230650158
4606,1091,SFD,4606,1,1,500,1995,802883.8034831058,5825869.55588708
4607,967,SFD,4607,1,1,500,1995,799030.342197,5831218.3553418955
4608,1408,SFD,4608,1,1,500,1995,804631.7194369731,5822490.84257714
4609,1268,SFD,4609,1,1,500,1995,800089.7697177255,5828999.9822165845
4610,1857,SFD,4610,1,1,500,1995,792145.5926214092,5838377.910136133
4611,2710,SFD,4611,1,1,500,1995,792138.5859777769,5826801.101336736
4612,3134,SFD,4612,1,1,500,1995,792205.0099559843,5827251.184397962
4613,3127,SFD,4613,1,1,500,1995,792018.385808926,5837641.801742106
4614,1036,SFD,4614,1,1,500,1995,799542.4944400924,5819799.332115991
4615,3145,SFD,4615,1,1,500,1995,804194.0840631399,5827831.141064197
4616,2083,SFD,4616,1,1,500,1995,811384.6706666831,5829315.888936353
4617,1610,SFD,4617,1,1,500,1995,793301.4506879121,5821574.73593857
4618,1122,SFD,4618,1,1,500,1995,791064.241750225,5821598.615555845
4619,2059,SFD,4619,1,1,500,1995,810643.2267846199,5828344.314926592
4620,1153,SFD,4620,1,1,500,1995,806086.4390070294,5827079.900292381
4621,2066,SFD,4621,1,1,500,1995,806665.8428284172,5827671.034628899
4622,1388,SFD,4622,1,1,500,1995,797662.4498950916,5820676.987046292
4623,2885,SFD,4623,1,1,500,1995,807807.3785010567,5819029.146155123
4624,2531,SFD,4624,1,1,500,1995,791863.2270087285,5826412.099429803
4625,257,SFD,4625,1,1,500,1995,798448.0080042842,5813863.370188075
4626,1366,SFD,4626,1,1,500,1995,793416.0071499043,5828869.062116916
4627,2855,SFD,4627,1,1,500,1995,797110.2271317965,5829575.190845316
4628,1917,SFD,4628,1,1,500,1995,782325.5207227569,5828040.882556051
4629,162,SFD,4629,1,1,500,1995,800503.2363878826,5831612.064672856
4630,562,SFD,4630,1,1,500,1995,799211.7779197153,5832274.293511304
4631,2313,SFD,4631,1,1,500,1995,796344.4083711163,5817661.410151341
4632,439,SFD,4632,1,1,500,1995,790005.0989457313,5824352.181763585
4633,2726,SFD,4633,1,1,500,1995,802577.3752127441,5833593.591759854
4634,2901,SFD,4634,1,1,500,1995,798397.200430927,5829997.305672857
4635,2541,SFD,4635,1,1,500,1995,795338.2288899769,5836395.822595001
4636,2071,SFD,4636,1,1,500,1995,806001.8072016407,5834149.241207243
4637,161,SFD,4637,1,1,500,1995,800808.8387456655,5814496.78724919
4638,1313,SFD,4638,1,1,500,1995,802245.8368658107,5827100.155820604
4639,502,SFD,4639,1,1,500,1995,797415.4689342252,5823099.328916579
4640,1081,SFD,4640,1,1,500,1995,795687.4529653691,5817299.627488326
4641,3276,SFD,4641,1,1,500,1995,794509.3007728794,5831743.574000617
4642,601,SFD,4642,1,1,500,1995,810092.9970736599,5834214.951625625
4643,530,SFD,4643,1,1,500,1995,792742.8782130659,5822031.672607186
4644,2604,SFD,4644,1,1,500,1995,794265.5910933036,5827521.473997859
4645,590,SFD,4645,1,1,500,1995,801362.2556425245,5829784.732250375
4646,1082,SFD,4646,1,1,500,1995,798160.0814785856,5824283.247302434
4647,2885,SFD,4647,1,1,500,1995,796234.9824818326,5818783.251198889
4648,2895,SFD,4648,1,1,500,1995,790395.9323384124,5839789.91609373
4649,1423,SFD,4649,1,1,500,1995,801167.9463061444,5830376.216252083
4650,2404,SFD,4650,1,1,500,1995,794080.4930948352,5825260.007586756
4651,211,SFD,4651,1,1,500,1995,795563.8171268387,5833362.428885074
4652,302,SFD,4652,1,1,500,1995,811132.0772524048,5823105.405834221
4653,2093,SFD,4653,1,1,500,1995,795717.8183880667,5832884.674081979
4654,25,SFD,4654,1,1,500,1995,791653.1194740881,5827833.855893317
4655,393,SFD,4655,1,1,500,1995,809721.5868454217,5833642.228220399
4656,580,SFD,4656,1,1,500,1995,800328.9277525549,5822224.227243012
4657,1211,SFD,4657,1,1,500,1995,797966.1633596857,5819766.330807214
4658,1366,SFD,4658,1,1,500,1995,793917.6476340431,5824684.072986148
4659,1037,SFD,4659,1,1,500,1995,779972.2062774948,5830247.65073932
4660,1963,SFD,4660,1,1,500,1995,799421.3850637979,5834361.197781423
4661,2081,SFD,4661,1,1,500,1995,784949.5300587672,5830225.703705759
4662,2461,SFD,4662,1,1,500,1995,790218.0761942415,5819469.826684465
4663,3315,SFD,4663,1,1,500,1995,808734.9290670808,5831438.555942197
4664,754,SFD,4664,1,1,500,1995,804935.3358217143,5834192.577736729
4665,2369,SFD,4665,1,1,500,1995,793378.0963325405,5828805.630005288
4666,2234,SFD,4666,1,1,500,1995,795095.7271486577,5828760.996037192
4667,404,SFD,4667,1,1,500,1995,808103.3230388731,5829159.442626565
4668,2070,SFD,4668,1,1,500,1995,810066.118393505,5832161.166425593
4669,200,SFD,4669,1,1,500,1995,792234.6778562572,5827472.224800614
4670,1806,SFD,4670,1,1,500,1995,799834.4584086302,5816820.356086723
4671,164,SFD,4671,1,1,500,1995,799544.1385895952,5831936.714377104
4672,872,SFD,4672,1,1,500,1995,801813.9194973365,5827338.72052722
4673,1344,SFD,4673,1,1,500,1995,794828.3933309405,5824540.6201516455
4674,253,SFD,4674,1,1,500,1995,808877.9908771897,5832665.278999399
4675,836,SFD,4675,1,1,500,1995,805693.4378936503,5821115.632170116
4676,2039,SFD,4676,1,1,500,1995,800515.4686300284,5824797.094917204
4677,546,SFD,4677,1,1,500,1995,812668.1794627468,5829206.489360178
4678,127,SFD,4678,1,1,500,1995,807093.4965540459,5815317.545506634
4679,1143,SFD,4679,1,1,500,1995,795210.9676498456,5831096.05271515
4680,1467,SFD,4680,1,1,500,1995,800342.8855139085,5829960.039934406
4681,1213,SFD,4681,1,1,500,1995,798093.082312725,5835267.188528066
4682,2028,SFD,4682,1,1,500,1995,782048.8819362207,5815184.839782153
4683,1906,SFD,4683,1,1,500,1995,787486.9009322509,5827758.008160494
4684,2673,SFD,4684,1,1,500,1995,795545.8727426142,5828348.036275009
4685,2441,SFD,4685,1,1,500,1995,795401.7439155398,5830183.0568918185
4686,1610,SFD,4686,1,1,500,1995,791941.4581832016,5819489.355507923
4687,1068,SFD,4687,1,1,500,1995,800522.5325646573,5829515.3728225455
4688,3437,SFD,4688,1,1,500,1995,809248.2391409671,5829645.584216847
4689,1899,SFD,4689,1,1,500,1995,797846.2208084469,5820121.07401904
4690,1048,SFD,4690,1,1,500,1995,803778.9072953532,5827729.984662736
4691,3267,SFD,4691,1,1,500,1995,799013.6464055565,5832387.494581578
4692,287,SFD,4692,1,1,500,1995,793354.1850172965,5828862.834500641
4693,2694,SFD,4693,1,1,500,1995,812836.1079620277,5828239.288535964
4694,1796,SFD,4694,1,1,500,1995,804458.0935400326,5830853.105183503
4695,1861,SFD,4695,1,1,500,1995,794873.8360353074,5818973.99168124
4696,2491,SFD,4696,1,1,500,1995,798755.1278202881,5833714.201174926
4697,3371,SFD,4697,1,1,500,1995,790183.495295282,5823894.806281047
4698,145,SFD,4698,1,1,500,1995,799977.0447475305,5829344.95140241
4699,2903,SFD,4699,1,1,500,1995,798488.7459149437,5829547.593809799
4700,2393,SFD,4700,1,1,500,1995,792164.7361912369,5825061.157958626
4701,3434,SFD,4701,1,1,500,1995,791978.303594312,5832974.199022217
4702,2056,SFD,4702,1,1,500,1995,785678.6328509089,5831051.728945049
4703,2216,SFD,4703,1,1,500,1995,793941.6712684506,5827725.254344226
4704,3312,SFD,4704,1,1,500,1995,800748.4078403582,5834663.185887066
4705,80,SFD,4705,1,1,500,1995,811459.4962922137,5828726.568021003
4706,3317,SFD,4706,1,1,500,1995,793452.6088947898,5824866.914344255
4707,95,SFD,4707,1,1,500,1995,799022.4183039612,5825805.649496978
4708,822,SFD,4708,1,1,500,1995,783903.6561988598,5830352.614551003
4709,33,SFD,4709,1,1,500,1995,794564.2521729857,5823944.413362748
4710,3227,SFD,4710,1,1,500,1995,801380.4202764562,5822450.030159716
4711,602,SFD,4711,1,1,500,1995,805451.3334468869,5817277.594038105
4712,2085,SFD,4712,1,1,500,1995,789442.7151178191,5839709.1945036035
4713,1791,SFD,4713,1,1,500,1995,794149.4722075092,5824920.782543073
4714,2640,SFD,4714,1,1,500,1995,798041.4715220975,5834719.571246587
4715,223,SFD,4715,1,1,500,1995,794482.381083646,5836418.513784411
4716,1705,SFD,4716,1,1,500,1995,793473.607818972,5821803.162761912
4717,550,SFD,4717,1,1,500,1995,806128.6940111195,5826160.752962882
4718,922,SFD,4718,1,1,500,1995,794747.2827003051,5826175.98307596
4719,1453,SFD,4719,1,1,500,1995,785303.2911041733,5830170.764983883
4720,1547,SFD,4720,1,1,500,1995,795434.8976500373,5818119.341017176
4721,3200,SFD,4721,1,1,500,1995,800059.268531187,5813134.368224554
4722,2232,SFD,4722,1,1,500,1995,796901.142967816,5821453.902980237
4723,1756,SFD,4723,1,1,500,1995,797100.4490209413,5820179.98943367
4724,298,SFD,4724,1,1,500,1995,795931.7949947229,5825596.767238139
4725,357,SFD,4725,1,1,500,1995,805553.6753405697,5823480.57384249
4726,1253,SFD,4726,1,1,500,1995,798084.6337819378,5826548.321217483
4727,1586,SFD,4727,1,1,500,1995,801440.200770795,5827870.650985176
4728,604,SFD,4728,1,1,500,1995,792415.6717147749,5825869.449268994
4729,2611,SFD,4729,1,1,500,1995,793648.1267303119,5825106.484153901
4730,60,SFD,4730,1,1,500,1995,795492.632942165,5825070.46850684
4731,2450,SFD,4731,1,1,500,1995,800421.4677401369,5827641.9654487
4732,459,SFD,4732,1,1,500,1995,799991.7260128206,5825297.683810693
4733,2143,SFD,4733,1,1,500,1995,793428.7709317255,5824427.647785083
4734,3195,SFD,4734,1,1,500,1995,810435.2865318406,5814827.785831484
4735,847,SFD,4735,1,1,500,1995,800852.9802754468,5833067.028931489
4736,1347,SFD,4736,1,1,500,1995,796105.8902228536,5831262.095838604
4737,276,SFD,4737,1,1,500,1995,799491.4810480113,5831104.690807505
4738,450,SFD,4738,1,1,500,1995,785185.0762163057,5827126.968262036
4739,1527,SFD,4739,1,1,500,1995,793273.7380410328,5824986.0649467455
4740,3185,SFD,4740,1,1,500,1995,799339.7231022064,5831602.7014981685
4741,469,SFD,4741,1,1,500,1995,804646.0270982725,5830241.0709988065
4742,1953,SFD,4742,1,1,500,1995,810839.6028371437,5828866.589688726
4743,3114,SFD,4743,1,1,500,1995,800465.4743443041,5825615.513160326
4744,3406,SFD,4744,1,1,500,1995,799926.3806569714,5833468.594958619
4745,1239,SFD,4745,1,1,500,1995,802593.0903420083,5827822.602340514
4746,146,SFD,4746,1,1,500,1995,800161.5404488547,5829678.365115984
4747,3354,SFD,4747,1,1,500,1995,816283.373798453,5814257.641576993
4748,2939,SFD,4748,1,1,500,1995,794165.1085952801,5816891.484044297
4749,801,SFD,4749,1,1,500,1995,812008.0608716579,5830162.805661952
4750,978,SFD,4750,1,1,500,1995,794837.21574501,5818107.011494518
4751,828,SFD,4751,1,1,500,1995,802877.0786261193,5827117.160025982
4752,3028,SFD,4752,1,1,500,1995,810999.8415958763,5829694.270421151
4753,3043,SFD,4753,1,1,500,1995,798337.0467207041,5830466.588542221
4754,802,SFD,4754,1,1,500,1995,796488.7521456834,5825003.993698142
4755,3224,SFD,4755,1,1,500,1995,800805.478514733,5834133.317742777
4756,2067,SFD,4756,1,1,500,1995,807680.0231193352,5819303.21992157
4757,2139,SFD,4757,1,1,500,1995,795820.1606277616,5825562.486943596
4758,26,SFD,4758,1,1,500,1995,799832.6226708025,5838539.292076845
4759,2159,SFD,4759,1,1,500,1995,797400.8580806669,5820550.516200319
4760,142,SFD,4760,1,1,500,1995,795583.7992718816,5830416.317578295
4761,2606,SFD,4761,1,1,500,1995,802988.8693436789,5827317.805967756
4762,1761,SFD,4762,1,1,500,1995,796918.9386847187,5836373.699414532
4763,1938,SFD,4763,1,1,500,1995,796532.688358671,5815495.702306842
4764,1157,SFD,4764,1,1,500,1995,794011.945998159,5821569.092706958
4765,200,SFD,4765,1,1,500,1995,792961.58404637,5834343.629731942
4766,93,SFD,4766,1,1,500,1995,800827.5117470787,5826166.951632004
4767,3064,SFD,4767,1,1,500,1995,802815.9852360132,5818383.967333593
4768,447,SFD,4768,1,1,500,1995,799762.7446747702,5812944.56393333
4769,1575,SFD,4769,1,1,500,1995,791283.4380246922,5826986.632808005
4770,3034,SFD,4770,1,1,500,1995,802070.6027992796,5827130.733699273
4771,404,SFD,4771,1,1,500,1995,797492.0075871255,5822680.9615442855
4772,805,SFD,4772,1,1,500,1995,797487.4692799675,5819882.810507956
4773,1886,SFD,4773,1,1,500,1995,803484.7830952071,5832193.060498303
4774,2450,SFD,4774,1,1,500,1995,790810.5507788433,5825630.555037839
4775,2905,SFD,4775,1,1,500,1995,800595.3427169301,5823811.375637832
4776,1634,SFD,4776,1,1,500,1995,792008.0757810627,5819005.132872704
4777,1563,SFD,4777,1,1,500,1995,790036.743105385,5814905.686683267
4778,389,SFD,4778,1,1,500,1995,806676.5795961327,5827439.980055365
4779,1374,SFD,4779,1,1,500,1995,812767.7142529516,5830487.277358358
4780,3478,SFD,4780,1,1,500,1995,780319.7183018354,5820217.382439088
4781,361,SFD,4781,1,1,500,1995,800949.3440459456,5823325.4454008
4782,3106,SFD,4782,1,1,500,1995,783573.7283088674,5830004.274045023
4783,2874,SFD,4783,1,1,500,1995,813393.6491754372,5829840.0349684255
4784,1813,SFD,4784,1,1,500,1995,793536.8932159035,5824065.802956923
4785,680,SFD,4785,1,1,500,1995,780695.3213335334,5829329.922951315
4786,1250,SFD,4786,1,1,500,1995,803321.5389052939,5825773.709299
4787,2791,SFD,4787,1,1,500,1995,789395.8484862058,5833526.827439302
4788,2678,SFD,4788,1,1,500,1995,798492.0119659086,5819543.501469942
4789,2739,SFD,4789,1,1,500,1995,794891.9819332511,5823475.962270447
4790,991,SFD,4790,1,1,500,1995,794098.7549211076,5825566.537027585
4791,3079,SFD,4791,1,1,500,1995,800105.6622033995,5829017.789677918
4792,789,SFD,4792,1,1,500,1995,794031.7554853249,5820683.1626025215
4793,2856,SFD,4793,1,1,500,1995,806363.0531028381,5829818.502787577
4794,586,SFD,4794,1,1,500,1995,798400.4257337425,5833737.67328998
4795,857,SFD,4795,1,1,500,1995,796849.2862849227,5823542.01541788
4796,2014,SFD,4796,1,1,500,1995,794421.1255460982,5820968.947662531
4797,1676,SFD,4797,1,1,500,1995,804636.3447543613,5818939.09818893
4798,79,SFD,4798,1,1,500,1995,782162.2338496877,5829429.507461121
4799,660,SFD,4799,1,1,500,1995,802497.7363762986,5823876.328789615
4800,718,SFD,4800,1,1,500,1995,810413.0787490946,5815635.505368678
4801,2610,SFD,4801,1,1,500,1995,796127.4821002663,5825948.870347453
4802,3403,SFD,4802,1,1,500,1995,793575.7267808326,5823327.836001003
4803,1046,SFD,4803,1,1,500,1995,808544.6240668497,5830853.0745213395
4804,3125,SFD,4804,1,1,500,1995,806970.1543588769,5816448.334489283
4805,3266,SFD,4805,1,1,500,1995,794457.9207533041,5829303.392590285
4806,2477,SFD,4806,1,1,500,1995,793305.0497344583,5820206.45437026
4807,604,SFD,4807,1,1,500,1995,799406.9307695758,5830296.948975917
4808,2617,SFD,4808,1,1,500,1995,781140.7879683893,5827445.591553992
4809,2452,SFD,4809,1,1,500,1995,791815.3526205289,5822801.482248219
4810,780,SFD,4810,1,1,500,1995,792249.3293976111,5819028.903748907
4811,689,SFD,4811,1,1,500,1995,791284.0231170154,5840869.292215568
4812,2002,SFD,4812,1,1,500,1995,792338.7231063726,5818221.950304929
4813,1010,SFD,4813,1,1,500,1995,804052.1666992328,5838882.394450353
4814,2881,SFD,4814,1,1,500,1995,800947.2360995465,5830855.540400458
4815,735,SFD,4815,1,1,500,1995,801907.9524872126,5824195.019949617
4816,3258,SFD,4816,1,1,500,1995,798560.5456717378,5829501.037497302
4817,1603,SFD,4817,1,1,500,1995,793838.1650036005,5820334.316539923
4818,2056,SFD,4818,1,1,500,1995,795571.8807126601,5825340.853104183
4819,2477,SFD,4819,1,1,500,1995,784041.0310958379,5829267.175796713
4820,940,SFD,4820,1,1,500,1995,796357.5587911081,5831756.533607792
4821,3325,SFD,4821,1,1,500,1995,793406.6368199117,5836054.924902912
4822,1258,SFD,4822,1,1,500,1995,802366.9297517228,5822830.273107488
4823,259,SFD,4823,1,1,500,1995,799767.210172222,5824675.879119388
4824,2385,SFD,4824,1,1,500,1995,789707.5388204117,5829712.132135218
4825,3493,SFD,4825,1,1,500,1995,793239.7459190106,5837814.480266702
4826,322,SFD,4826,1,1,500,1995,790344.2908128162,5826870.779088568
4827,2504,SFD,4827,1,1,500,1995,796256.904086991,5832540.624013224
4828,163,SFD,4828,1,1,500,1995,797459.6034846109,5823270.549642038
4829,2396,SFD,4829,1,1,500,1995,795017.7617476752,5822598.567753765
4830,284,SFD,4830,1,1,500,1995,790337.5779621915,5817747.943078321
4831,1218,SFD,4831,1,1,500,1995,793275.7306056989,5825710.156863788
4832,2182,SFD,4832,1,1,500,1995,795562.7625225288,5831378.952210805
4833,3061,SFD,4833,1,1,500,1995,804777.8857500199,5833471.070705875
4834,1468,SFD,4834,1,1,500,1995,807917.8174979899,5829302.392639987
4835,337,SFD,4835,1,1,500,1995,800103.6758252312,5815744.857579132
4836,497,SFD,4836,1,1,500,1995,784482.6380877286,5830757.423672883
4837,2059,SFD,4837,1,1,500,1995,814223.9874091056,5821627.0930682765
4838,27,SFD,4838,1,1,500,1995,801031.0673078108,5824290.689660034
4839,2741,SFD,4839,1,1,500,1995,804128.351222686,5826984.374695281
4840,1239,SFD,4840,1,1,500,1995,804020.4969603347,5828864.90483839
4841,2829,SFD,4841,1,1,500,1995,808949.6908686047,5819082.545531627
4842,530,SFD,4842,1,1,500,1995,796073.6146472178,5838047.668947491
4843,986,SFD,4843,1,1,500,1995,795041.8896153796,5829116.500759999
4844,1576,SFD,4844,1,1,500,1995,795613.9674885187,5830180.339408796
4845,25,SFD,4845,1,1,500,1995,800943.7575354963,5824659.3282924555
4846,156,SFD,4846,1,1,500,1995,799505.2523835697,5826028.70474976
4847,3174,SFD,4847,1,1,500,1995,797895.0057725658,5820235.0580823915
4848,2978,SFD,4848,1,1,500,1995,800551.4912922624,5831701.917769957
4849,867,SFD,4849,1,1,500,1995,793084.758085808,5832794.435741744
4850,2873,SFD,4850,1,1,500,1995,805975.9615407328,5826819.801855789
4851,2134,SFD,4851,1,1,500,1995,806060.1512414977,5816159.952307651
4852,1452,SFD,4852,1,1,500,1995,796876.4218293902,5826071.93886727
4853,2253,SFD,4853,1,1,500,1995,794335.7592827759,5828111.48786636
4854,3068,SFD,4854,1,1,500,1995,805035.3771497651,5816864.99988356
4855,1115,SFD,4855,1,1,500,1995,796951.3811682761,5820582.2224671515
4856,878,SFD,4856,1,1,500,1995,792421.8750697819,5822578.815824557
4857,1461,SFD,4857,1,1,500,1995,795405.3056984593,5837364.415416092
4858,545,SFD,4858,1,1,500,1995,794878.9077982053,5816980.844394706
4859,2812,SFD,4859,1,1,500,1995,793686.0156495309,5823797.364035842
4860,199,SFD,4860,1,1,500,1995,785055.7704704682,5832485.86491033
4861,2310,SFD,4861,1,1,500,1995,792112.154490747,5824656.623121069
4862,1430,SFD,4862,1,1,500,1995,796683.806668153,5832302.119874597
4863,3284,SFD,4863,1,1,500,1995,794069.6632567467,5819934.901832468
4864,2596,SFD,4864,1,1,500,1995,784544.2055724233,5828510.886424996
4865,1756,SFD,4865,1,1,500,1995,794057.0482718537,5823170.619393573
4866,3369,SFD,4866,1,1,500,1995,801373.5718067791,5821370.65890525
4867,2937,SFD,4867,1,1,500,1995,797684.0446350763,5824513.255008625
4868,2958,SFD,4868,1,1,500,1995,793263.4582671609,5819785.238316473
4869,2432,SFD,4869,1,1,500,1995,805326.3310372834,5818833.130278547
4870,2760,SFD,4870,1,1,500,1995,806403.6261277909,5826065.4916289365
4871,336,SFD,4871,1,1,500,1995,811318.0591515468,5821501.021804954
4872,192,SFD,4872,1,1,500,1995,804558.0503688615,5839258.51328441
4873,1132,SFD,4873,1,1,500,1995,806779.4412482068,5825527.996308612
4874,3052,SFD,4874,1,1,500,1995,799538.7500341049,5831556.940568718
4875,2309,SFD,4875,1,1,500,1995,791703.282419974,5828026.12145771
4876,1579,SFD,4876,1,1,500,1995,798720.369557051,5828836.344086334
4877,3353,SFD,4877,1,1,500,1995,802456.0926882175,5831745.44845906
4878,1614,SFD,4878,1,1,500,1995,784923.0297337916,5830009.430860249
4879,520,SFD,4879,1,1,500,1995,809726.6815729325,5834302.1525103375
4880,1679,SFD,4880,1,1,500,1995,800781.3877395389,5821567.592955105
4881,1021,SFD,4881,1,1,500,1995,793058.7735572543,5822220.707442055
4882,2691,SFD,4882,1,1,500,1995,804014.3005191069,5817712.361383077
4883,654,SFD,4883,1,1,500,1995,793455.8139025292,5826012.9526094925
4884,2039,SFD,4884,1,1,500,1995,792584.2386414644,5825226.152275241
4885,1964,SFD,4885,1,1,500,1995,801106.9217557744,5825721.338366759
4886,3164,SFD,4886,1,1,500,1995,806324.1768921963,5833446.134161047
4887,1790,SFD,4887,1,1,500,1995,804562.6772257641,5817608.360581582
4888,808,SFD,4888,1,1,500,1995,794478.3760027738,5832890.9850976495
4889,2955,SFD,4889,1,1,500,1995,800912.7746341571,5825110.563480907
4890,220,SFD,4890,1,1,500,1995,788892.9284033137,5829886.810833114
4891,447,SFD,4891,1,1,500,1995,793510.5988834365,5827871.02954411
4892,38,SFD,4892,1,1,500,1995,804007.5913865769,5827709.064523487
4893,672,SFD,4893,1,1,500,1995,804288.5505374679,5830734.143043985
4894,2578,SFD,4894,1,1,500,1995,796941.0786354314,5830896.9817897985
4895,682,SFD,4895,1,1,500,1995,790996.4401167682,5836281.7549266415
4896,1,SFD,4896,1,1,500,1995,783140.8507875237,5826264.001666927
4897,103,SFD,4897,1,1,500,1995,800380.9597598794,5828147.669136525
4898,922,SFD,4898,1,1,500,1995,805815.7300298053,5833862.868983169
4899,1310,SFD,4899,1,1,500,1995,794596.2529236521,5817780.801117944
4900,1595,SFD,4900,1,1,500,1995,795471.5458099119,5823478.066483079
4901,485,SFD,4901,1,1,500,1995,804848.75184255,5821814.261834147
4902,3363,SFD,4902,1,1,500,1995,800882.0596287025,5832632.669427409
4903,116,SFD,4903,1,1,500,1995,797147.1795235869,5835445.296436082
4904,1248,SFD,4904,1,1,500,1995,799032.4312443032,5817715.8832946075
4905,1315,SFD,4905,1,1,500,1995,792670.6519457559,5826524.877235695
4906,3463,SFD,4906,1,1,500,1995,810115.6673808787,5820384.071249825
4907,994,SFD,4907,1,1,500,1995,794927.6799921626,5821049.536616311
4908,1823,SFD,4908,1,1,500,1995,798296.1350849662,5824441.125082693
4909,1294,SFD,4909,1,1,500,1995,812805.8194838332,5825075.570061759
4910,1752,SFD,4910,1,1,500,1995,797304.2315768974,5822034.587913146
4911,2164,SFD,4911,1,1,500,1995,780375.4509573986,5830057.17224992
4912,1596,SFD,4912,1,1,500,1995,799838.7770602277,5825987.670842939
4913,1717,SFD,4913,1,1,500,1995,800224.5552020812,5822881.2818568
4914,3076,SFD,4914,1,1,500,1995,812408.3181449678,5824361.064743436
4915,1477,SFD,4915,1,1,500,1995,810266.7333435923,5822706.25645535
4916,2296,SFD,4916,1,1,500,1995,794990.5922477744,5829268.246257067
4917,1853,SFD,4917,1,1,500,1995,795430.8016597421,5830368.830906567
4918,3068,SFD,4918,1,1,500,1995,798609.9591783977,5813528.707317501
4919,2096,SFD,4919,1,1,500,1995,802192.705991936,5838545.506659452
4920,1091,SFD,4920,1,1,500,1995,810082.0833235604,5829764.995352515
4921,120,SFD,4921,1,1,500,1995,797963.1180006845,5829069.399606795
4922,901,SFD,4922,1,1,500,1995,793101.743004276,5827452.694996521
4923,1506,SFD,4923,1,1,500,1995,812386.5980007184,5831292.8686790755
4924,3297,SFD,4924,1,1,500,1995,795389.7113895749,5835922.697451711
4925,3233,SFD,4925,1,1,500,1995,800012.2320757809,5825954.041052498
4926,2144,SFD,4926,1,1,500,1995,791359.8370686434,5826953.387894805
4927,1197,SFD,4927,1,1,500,1995,798257.9556188195,5819196.638065307
4928,1795,SFD,4928,1,1,500,1995,790826.0415318676,5838566.6539183315
4929,433,SFD,4929,1,1,500,1995,799873.8637198668,5831569.422993455
4930,84,SFD,4930,1,1,500,1995,801735.3521436788,5823028.771774285
4931,1356,SFD,4931,1,1,500,1995,800909.8504800403,5828398.44269357
4932,2445,SFD,4932,1,1,500,1995,793112.529272297,5823829.369104646
4933,335,SFD,4933,1,1,500,1995,793376.0304790111,5827900.1097340295
4934,1901,SFD,4934,1,1,500,1995,792537.455644397,5821170.837524384
4935,786,SFD,4935,1,1,500,1995,799882.4721036913,5832081.037842928
4936,1763,SFD,4936,1,1,500,1995,788496.3524659058,5819588.395551006
4937,2915,SFD,4937,1,1,500,1995,800593.0573937036,5817104.718785545
4938,332,SFD,4938,1,1,500,1995,792049.8730077225,5818088.63251872
4939,961,SFD,4939,1,1,500,1995,792432.3261491617,5826674.232257257
4940,1181,SFD,4940,1,1,500,1995,783306.3697769868,5831430.736575755
4941,2508,SFD,4941,1,1,500,1995,802270.0463251305,5828445.946069972
4942,1702,SFD,4942,1,1,500,1995,794735.9627654039,5825902.119694981
4943,1831,SFD,4943,1,1,500,1995,793941.673845047,5822889.207158016
4944,3356,SFD,4944,1,1,500,1995,810687.7406038581,5816564.798275555
4945,2743,SFD,4945,1,1,500,1995,793450.0232169578,5822507.46664882
4946,2563,SFD,4946,1,1,500,1995,801523.8868140317,5830344.727987513
4947,191,SFD,4947,1,1,500,1995,784962.2206688946,5830016.855742723
4948,983,SFD,4948,1,1,500,1995,805769.8630925294,5826244.372290633
4949,2876,SFD,4949,1,1,500,1995,796328.6778321108,5830827.414534664
4950,3221,SFD,4950,1,1,500,1995,804250.7147799596,5827858.0394261535
4951,3494,SFD,4951,1,1,500,1995,801618.65955083,5830563.38306119
4952,3114,SFD,4952,1,1,500,1995,794426.8312887026,5816137.906302541
4953,616,SFD,4953,1,1,500,1995,809023.0225310446,5815576.749065305
4954,278,SFD,4954,1,1,500,1995,801082.5541497037,5820998.678147811
4955,158,SFD,4955,1,1,500,1995,790122.4720091966,5818622.149744862
4956,1539,SFD,4956,1,1,500,1995,796539.7162598809,5832802.933974204
4957,1926,SFD,4957,1,1,500,1995,794419.394120606,5822461.340706175
4958,1527,SFD,4958,1,1,500,1995,793513.7033993289,5821837.034566055
4959,2401,SFD,4959,1,1,500,1995,791269.3043452797,5841180.6208393425
4960,2703,SFD,4960,1,1,500,1995,815470.7359067509,5829308.47470245
4961,1343,SFD,4961,1,1,500,1995,788745.7759361047,5816547.569107108
4962,1361,SFD,4962,1,1,500,1995,796235.6059841362,5825698.00226379
4963,1507,SFD,4963,1,1,500,1995,809254.5414694495,5819610.555020423
4964,87,SFD,4964,1,1,500,1995,805274.3408054679,5833810.9075402245
4965,1949,SFD,4965,1,1,500,1995,811927.4764514072,5820134.133669272
4966,2214,SFD,4966,1,1,500,1995,792552.5111096097,5815515.28144128
4967,1765,SFD,4967,1,1,500,1995,794203.8807949263,5827457.615395319
4968,476,SFD,4968,1,1,500,1995,801317.1377867397,5830734.295014118
4969,3079,SFD,4969,1,1,500,1995,799548.6262715207,5829645.323749275
4970,1306,SFD,4970,1,1,500,1995,803296.7902688526,5829230.95182382
4971,3186,SFD,4971,1,1,500,1995,794246.8975416911,5815714.557211616
4972,1972,SFD,4972,1,1,500,1995,802202.9656447342,5824678.097894605
4973,1400,SFD,4973,1,1,500,1995,794033.363374587,5820497.036609463
4974,3072,SFD,4974,1,1,500,1995,792568.7224259836,5825208.779785154
4975,1160,SFD,4975,1,1,500,1995,802983.680710112,5825799.469220634
4976,1865,SFD,4976,1,1,500,1995,800111.6627520166,5831924.582139128
4977,1443,SFD,4977,1,1,500,1995,795568.1725045673,5824959.077847536
4978,200,SFD,4978,1,1,500,1995,793897.5850890039,5827705.660908036
4979,840,SFD,4979,1,1,500,1995,799458.3976831578,5819513.734241247
4980,441,SFD,4980,1,1,500,1995,789148.683490929,5819321.336679425
4981,686,SFD,4981,1,1,500,1995,811264.3183758762,5819927.445256128
4982,1483,SFD,4982,1,1,500,1995,789284.824533307,5826422.270650035
4983,1268,SFD,4983,1,1,500,1995,798934.4781895626,5835442.185631206
4984,931,SFD,4984,1,1,500,1995,804612.5261834265,5840526.691850903
4985,3458,SFD,4985,1,1,500,1995,800680.4213787075,5822340.103063886
4986,3390,SFD,4986,1,1,500,1995,793258.6843529061,5821078.686463348
4987,45,SFD,4987,1,1,500,1995,796471.122644915,5832589.533272982
4988,3288,SFD,4988,1,1,500,1995,791656.2955373046,5825507.885749909
4989,3090,SFD,4989,1,1,500,1995,810612.6935415386,5825338.608381197
4990,928,SFD,4990,1,1,500,1995,797773.5944563381,5818656.091022938
4991,1245,SFD,4991,1,1,500,1995,789458.3914903719,5819139.468620189
4992,576,SFD,4992,1,1,500,1995,797569.8002258774,5831803.863834378
4993,3465,SFD,4993,1,1,500,1995,801678.9027014987,5823790.53319034
4994,299,SFD,4994,1,1,500,1995,809355.0268201245,5831475.157737642
4995,19,SFD,4995,1,1,500,1995,802743.182020422,5832756.826303216
4996,790,SFD,4996,1,1,500,1995,800319.0695566812,5827885.013367325
4997,2263,SFD,4997,1,1,500,1995,799721.694770631,5819365.003785426
4998,2714,SFD,4998,1,1,500,1995,796785.0218384531,5820075.242725241
4999,778,SFD,4999,1,1,500,1995,809398.4056756413,5834035.161868834
5000,877,SFD,5000,1,1,500,1995,797243.2999558123,5835117.317603412
5001,1489,SFD,5001,1,1,500,1995,796840.6935038153,5831398.680325517
5002,2480,SFD,5002,1,1,500,1995,801109.50211241,5830545.565652009
5003,121,SFD,5003,1,1,500,1995,802024.4579871178,5827475.223050672
5004,2993,SFD,5004,1,1,500,1995,800478.5795243022,5822849.2847522935
5005,420,SFD,5005,1,1,500,1995,797036.1310887411,5821450.198779379
5006,2925,SFD,5006,1,1,500,1995,807755.3477853173,5822026.193860314
5007,2024,SFD,5007,1,1,500,1995,802070.1360470566,5824822.189960924
5008,1805,SFD,5008,1,1,500,1995,804487.658631271,5833677.647813714
5009,2036,SFD,5009,1,1,500,1995,795929.6414128463,5831168.455555613
5010,1032,SFD,5010,1,1,500,1995,803935.8008832838,5822197.044422279
5011,2304,SFD,5011,1,1,500,1995,808122.2919042119,5818882.888633575
