id,hhid,age,gender,relationShip,race,occupation,driversLicense,workplace,income,nationality,education,homeZone,disability,schoolId
1,1,38,2,single,unknown,2,true,-1,2200,UNKNOWN,2,3131,0,0
2,2,37,1,single,unknown,2,true,-1,1533,UNKNOWN,2,2764,2,0
3,3,40,2,single,unknown,2,true,-1,1952,UNKNOWN,2,749,2,0
4,4,77,1,single,unknown,2,true,-1,1533,UNKNOWN,2,3385,0,0
5,5,31,1,single,unknown,2,true,-1,1952,UNKNOWN,2,3471,0,0
6,6,26,2,single,unknown,2,true,-1,1167,UNKNOWN,2,26,0,0
7,7,50,2,single,unknown,2,true,-1,2200,UNKNOWN,2,506,0,0
8,8,7,2,single,unknown,2,false,-1,1571,UNKNOWN,2,2419,0,0
9,9,88,1,single,unknown,2,true,-1,1200,UNKNOWN,2,2520,2,0
10,10,65,2,single,unknown,2,true,-1,250,UNKNOWN,2,2594,0,0
11,11,72,2,single,unknown,2,true,-1,1100,UNKNOWN,2,683,0,0
12,12,9,2,single,unknown,2,false,-1,1833,UNKNOWN,2,1503,0,0
13,13,5,2,single,unknown,2,false,-1,2429,UNKNOWN,2,3277,0,0
14,14,33,1,single,unknown,2,true,-1,3300,UNKNOWN,2,1793,0,0
15,15,32,2,single,unknown,2,true,-1,1533,UNKNOWN,2,2977,0,0
16,16,14,1,single,unknown,2,false,-1,1650,UNKNOWN,2,1033,0,0
17,17,32,1,single,unknown,2,true,-1,1094,UNKNOWN,2,1457,0,0
18,18,68,1,single,unknown,2,true,-1,800,UNKNOWN,2,671,0,0
19,19,32,2,single,unknown,2,true,-1,833,UNKNOWN,2,1744,0,0
20,20,74,2,single,unknown,2,true,-1,1867,UNKNOWN,2,710,0,0
21,21,90,2,single,unknown,2,true,-1,800,UNKNOWN,2,3401,0,0
22,22,5,1,single,unknown,2,false,-1,923,UNKNOWN,2,1864,0,0
23,23,44,2,single,unknown,2,true,-1,1571,UNKNOWN,2,1227,0,0
24,24,63,1,single,unknown,2,true,-1,1167,UNKNOWN,2,1914,2,0
25,25,93,1,single,unknown,2,true,-1,1533,UNKNOWN,2,1744,2,0
26,26,35,1,single,unknown,2,true,-1,2154,UNKNOWN,2,1242,0,0
27,27,72,1,single,unknown,2,true,-1,1533,UNKNOWN,2,2031,0,0
28,28,60,1,single,unknown,2,true,-1,700,UNKNOWN,2,459,2,0
29,29,67,1,single,unknown,2,true,-1,3400,UNKNOWN,2,1888,2,0
30,30,67,1,single,unknown,2,true,-1,2200,UNKNOWN,2,3247,0,0
31,31,99,2,single,unknown,2,true,-1,1533,UNKNOWN,2,1231,0,0
32,32,32,2,single,unknown,2,true,-1,1167,UNKNOWN,2,1757,0,0
33,33,17,2,single,unknown,2,false,-1,1367,UNKNOWN,2,1431,0,0
34,34,55,1,single,unknown,2,true,-1,1533,UNKNOWN,2,1586,0,0
35,35,42,2,single,unknown,2,true,-1,2346,UNKNOWN,2,718,0,0
36,36,55,2,single,unknown,2,true,-1,2550,UNKNOWN,2,2728,0,0
37,37,82,1,single,unknown,2,true,-1,1200,UNKNOWN,2,713,0,0
38,38,65,2,single,unknown,2,true,-1,250,UNKNOWN,2,594,0,0
39,39,15,1,single,unknown,2,false,-1,1867,UNKNOWN,2,3214,0,0
40,40,66,1,single,unknown,2,true,-1,2200,UNKNOWN,2,665,0,0
41,41,58,1,single,unknown,2,true,-1,3300,UNKNOWN,2,2380,2,0
42,42,34,2,single,unknown,2,true,-1,2733,UNKNOWN,2,566,0,0
43,43,16,2,single,unknown,2,false,-1,1400,UNKNOWN,2,1324,0,0
44,44,53,2,single,unknown,2,true,-1,3400,UNKNOWN,2,2738,0,0
45,45,56,1,single,unknown,2,true,-1,700,UNKNOWN,2,3476,2,0
46,46,37,2,single,unknown,2,true,-1,1833,UNKNOWN,2,2535,0,0
47,47,53,1,single,unknown,2,true,-1,2200,UNKNOWN,2,308,0,0
48,48,84,2,single,unknown,2,true,-1,2733,UNKNOWN,2,2936,0,0
49,49,39,1,single,unknown,2,true,-1,667,UNKNOWN,2,658,0,0
50,50,47,2,single,unknown,2,true,-1,2200,UNKNOWN,2,2944,0,0
51,51,43,2,single,unknown,2,true,-1,1200,UNKNOWN,2,2694,0,0
52,52,87,1,single,unknown,2,true,-1,1867,UNKNOWN,2,2941,2,0
53,53,42,2,single,unknown,2,true,-1,250,UNKNOWN,2,59,0,0
54,54,31,1,single,unknown,2,true,-1,1867,UNKNOWN,2,3257,0,0
55,55,30,1,single,unknown,2,true,-1,2200,UNKNOWN,2,661,2,0
56,56,66,2,single,unknown,2,true,-1,1167,UNKNOWN,2,911,0,0
57,57,65,2,single,unknown,2,true,-1,1167,UNKNOWN,2,3214,2,0
58,58,55,1,single,unknown,2,true,-1,3400,UNKNOWN,2,3060,0,0
59,59,62,2,single,unknown,2,true,-1,2200,UNKNOWN,2,1262,0,0
60,60,82,1,single,unknown,2,true,-1,3300,UNKNOWN,2,4,2,0
61,61,6,2,single,unknown,2,false,-1,2179,UNKNOWN,2,1898,0,0
62,62,69,2,single,unknown,2,true,-1,2733,UNKNOWN,2,2820,2,0
63,63,31,1,single,unknown,2,true,-1,2300,UNKNOWN,2,2553,0,0
64,64,4,1,single,unknown,2,false,-1,1556,UNKNOWN,2,1102,0,0
65,65,31,1,single,unknown,2,true,-1,1952,UNKNOWN,2,2095,0,0
66,66,45,1,single,unknown,2,true,-1,833,UNKNOWN,2,1795,0,0
67,67,73,1,single,unknown,2,true,-1,2800,UNKNOWN,2,1799,0,0
68,68,30,1,single,unknown,2,true,-1,1833,UNKNOWN,2,1720,0,0
69,69,91,2,single,unknown,2,true,-1,4067,UNKNOWN,2,3276,0,0
70,70,2,2,single,unknown,2,false,-1,2278,UNKNOWN,2,1000,0,0
71,71,37,2,single,unknown,2,true,-1,1952,UNKNOWN,2,2391,0,0
72,72,79,1,single,unknown,2,true,-1,1167,UNKNOWN,2,2,0,0
73,73,88,1,single,unknown,2,true,-1,800,UNKNOWN,2,1454,2,0
74,74,71,1,single,unknown,2,true,-1,1533,UNKNOWN,2,2430,0,0
75,75,40,1,single,unknown,2,true,-1,2429,UNKNOWN,2,2074,0,0
76,76,96,1,single,unknown,2,true,-1,467,UNKNOWN,2,734,0,0
77,77,68,2,single,unknown,2,true,-1,800,UNKNOWN,2,1987,0,0
78,78,70,2,single,unknown,2,true,-1,2300,UNKNOWN,2,1961,2,0
79,79,72,1,single,unknown,2,true,-1,2300,UNKNOWN,2,3126,0,0
80,80,36,1,single,unknown,2,true,-1,1094,UNKNOWN,2,2094,0,0
81,81,51,2,single,unknown,2,true,-1,1650,UNKNOWN,2,2201,0,0
82,82,47,1,single,unknown,2,true,-1,2733,UNKNOWN,2,2095,0,0
83,83,58,2,single,unknown,2,true,-1,2733,UNKNOWN,2,1904,0,0
84,84,55,1,single,unknown,2,true,-1,1200,UNKNOWN,2,2143,2,0
85,85,56,2,single,unknown,2,true,-1,1533,UNKNOWN,2,3308,0,0
86,86,64,1,single,unknown,2,true,-1,1120,UNKNOWN,2,2594,0,0
87,87,55,2,single,unknown,2,true,-1,2300,UNKNOWN,2,2110,0,0
88,88,34,1,single,unknown,2,true,-1,1200,UNKNOWN,2,2245,0,0
89,89,20,2,single,unknown,2,true,-1,920,UNKNOWN,2,2399,0,0
90,90,51,2,single,unknown,2,true,-1,4100,UNKNOWN,2,1480,2,0
91,91,43,1,single,unknown,2,true,-1,2733,UNKNOWN,2,2248,0,0
92,92,18,1,single,unknown,2,true,-1,1167,UNKNOWN,2,2197,0,0
93,93,11,2,single,unknown,2,false,-1,1435,UNKNOWN,2,424,0,0
94,94,29,2,single,unknown,2,true,-1,2050,UNKNOWN,2,796,0,0
95,95,8,1,single,unknown,2,false,-1,2346,UNKNOWN,2,760,0,0
96,96,42,2,single,unknown,2,true,-1,3300,UNKNOWN,2,3324,0,0
97,97,87,1,single,unknown,2,true,-1,1533,UNKNOWN,2,2230,2,0
98,98,67,1,single,unknown,2,true,-1,1750,UNKNOWN,2,2977,2,0
99,99,27,2,single,unknown,2,true,-1,3400,UNKNOWN,2,2977,0,0
100,100,40,2,single,unknown,2,true,-1,700,UNKNOWN,2,829,0,0
101,101,36,2,single,unknown,2,true,-1,1333,UNKNOWN,2,871,0,0
102,102,92,2,single,unknown,2,true,-1,1533,UNKNOWN,2,1141,0,0
103,103,70,1,single,unknown,2,true,-1,1533,UNKNOWN,2,3033,0,0
104,104,43,1,single,unknown,2,true,-1,2542,UNKNOWN,2,30,0,0
105,105,60,2,single,unknown,2,true,-1,1750,UNKNOWN,2,3484,0,0
106,106,52,2,single,unknown,2,true,-1,2733,UNKNOWN,2,1412,0,0
107,107,84,2,single,unknown,2,true,-1,1167,UNKNOWN,2,210,2,0
108,108,92,2,single,unknown,2,true,-1,1167,UNKNOWN,2,2747,0,0
109,109,75,2,single,unknown,2,true,-1,1200,UNKNOWN,2,776,0,0
110,110,43,1,single,unknown,2,true,-1,2050,UNKNOWN,2,1023,0,0
111,111,52,2,single,unknown,2,true,-1,800,UNKNOWN,2,2847,0,0
112,112,16,2,single,unknown,2,false,-1,3050,UNKNOWN,2,2605,0,0
113,113,42,1,single,unknown,2,true,-1,2278,UNKNOWN,2,1598,0,0
114,114,22,1,single,unknown,2,true,-1,467,UNKNOWN,2,1452,0,0
115,115,57,1,single,unknown,2,true,-1,2733,UNKNOWN,2,2532,0,0
116,116,58,2,single,unknown,2,true,-1,3400,UNKNOWN,2,671,0,0
117,117,42,2,single,unknown,2,true,-1,1577,UNKNOWN,2,807,0,0
118,118,52,2,single,unknown,2,true,-1,4067,UNKNOWN,2,3296,0,0
119,119,38,1,single,unknown,2,true,-1,761,UNKNOWN,2,1607,0,0
120,120,52,2,single,unknown,2,true,-1,1200,UNKNOWN,2,2180,0,0
121,121,50,2,single,unknown,2,true,-1,2733,UNKNOWN,2,2247,0,0
122,122,42,1,single,unknown,2,true,-1,2278,UNKNOWN,2,2729,0,0
123,123,91,1,single,unknown,2,true,-1,1750,UNKNOWN,2,2459,0,0
124,124,58,2,single,unknown,2,true,-1,4067,UNKNOWN,2,2824,0,0
125,125,63,2,single,unknown,2,true,-1,800,UNKNOWN,2,1153,2,0
126,126,70,2,single,unknown,2,true,-1,2200,UNKNOWN,2,833,0,0
127,127,1,1,single,unknown,2,false,-1,1952,UNKNOWN,2,323,0,0
128,128,33,1,single,unknown,2,true,-1,761,UNKNOWN,2,3424,0,0
129,129,35,1,single,unknown,2,true,-1,1571,UNKNOWN,2,3434,0,0
130,130,2,1,single,unknown,2,false,-1,1952,UNKNOWN,2,903,0,0
131,131,7,2,single,unknown,2,false,-1,1769,UNKNOWN,2,1353,0,0
132,132,19,1,single,unknown,2,true,-1,3050,UNKNOWN,2,1673,0,0
133,133,65,2,single,unknown,2,true,-1,1533,UNKNOWN,2,739,0,0
134,134,52,2,single,unknown,2,true,-1,2733,UNKNOWN,2,433,0,0
135,135,72,1,single,unknown,2,true,-1,2300,UNKNOWN,2,1673,0,0
136,136,57,1,single,unknown,2,true,-1,4067,UNKNOWN,2,3169,2,0
137,137,51,2,single,unknown,2,true,-1,2200,UNKNOWN,2,26,0,0
138,138,31,2,single,unknown,2,true,-1,1650,UNKNOWN,2,1943,0,0
139,139,30,1,single,unknown,2,true,-1,1952,UNKNOWN,2,2128,0,0
140,140,28,2,single,unknown,2,true,-1,1533,UNKNOWN,2,934,0,0
141,141,45,2,single,unknown,2,true,-1,1435,UNKNOWN,2,874,0,0
142,142,34,2,single,unknown,2,true,-1,250,UNKNOWN,2,3028,0,0
143,143,19,2,single,unknown,2,true,-1,1533,UNKNOWN,2,222,0,0
144,144,70,1,single,unknown,2,true,-1,2300,UNKNOWN,2,924,0,0
145,145,49,1,single,unknown,2,true,-1,2300,UNKNOWN,2,2405,0,0
146,146,37,2,single,unknown,2,true,-1,1571,UNKNOWN,2,1304,0,0
147,147,32,1,single,unknown,2,true,-1,1952,UNKNOWN,2,1779,0,0
148,148,60,2,single,unknown,2,true,-1,2733,UNKNOWN,2,2094,2,0
149,149,56,1,single,unknown,2,true,-1,1750,UNKNOWN,2,3448,0,0
150,150,12,1,single,unknown,2,false,-1,2833,UNKNOWN,2,1242,0,0
151,151,16,1,single,unknown,2,false,-1,1000,UNKNOWN,2,131,0,0
152,152,35,2,single,unknown,2,true,-1,250,UNKNOWN,2,1536,0,0
153,153,52,2,single,unknown,2,true,-1,1200,UNKNOWN,2,2022,0,0
154,154,32,1,single,unknown,2,true,-1,2278,UNKNOWN,2,256,0,0
155,155,60,1,single,unknown,2,true,-1,4067,UNKNOWN,2,1482,2,0
156,156,49,1,single,unknown,2,true,-1,2733,UNKNOWN,2,1800,0,0
157,157,40,2,single,unknown,2,true,-1,2733,UNKNOWN,2,1601,0,0
158,158,68,2,single,unknown,2,true,-1,1533,UNKNOWN,2,2652,0,0
159,159,56,1,single,unknown,2,true,-1,2200,UNKNOWN,2,343,0,0
160,160,28,1,single,unknown,2,true,-1,2200,UNKNOWN,2,942,2,0
161,161,12,1,single,unknown,2,false,-1,1640,UNKNOWN,2,3285,0,0
162,162,37,2,single,unknown,2,true,-1,2050,UNKNOWN,2,3497,0,0
163,163,58,2,single,unknown,2,true,-1,2733,UNKNOWN,2,1741,0,0
164,164,31,1,single,unknown,2,true,-1,972,UNKNOWN,2,2611,0,0
165,165,53,1,single,unknown,2,true,-1,1200,UNKNOWN,2,1066,0,0
166,166,40,1,single,unknown,2,true,-1,2733,UNKNOWN,2,2071,0,0
167,167,23,2,single,unknown,2,true,-1,1750,UNKNOWN,2,3031,0,0
168,168,44,1,single,unknown,2,true,-1,1167,UNKNOWN,2,1030,0,0
169,169,8,2,single,unknown,2,false,-1,1333,UNKNOWN,2,1030,0,0
170,170,37,1,single,unknown,2,true,-1,1952,UNKNOWN,2,1292,0,0
171,171,12,2,single,unknown,2,false,-1,2217,UNKNOWN,2,325,0,0
172,172,9,1,single,unknown,2,false,-1,1571,UNKNOWN,2,2935,0,0
173,173,53,1,single,unknown,2,true,-1,2200,UNKNOWN,2,1742,0,0
174,174,80,2,single,unknown,2,true,-1,2200,UNKNOWN,2,2809,0,0
175,175,0,2,single,unknown,2,false,-1,1571,UNKNOWN,2,1507,0,0
176,176,75,2,single,unknown,2,true,-1,1167,UNKNOWN,2,2382,0,0
177,177,58,1,single,unknown,2,true,-1,1167,UNKNOWN,2,713,0,0
178,178,52,1,single,unknown,2,true,-1,2200,UNKNOWN,2,997,0,0
179,179,75,1,single,unknown,2,true,-1,1867,UNKNOWN,2,430,0,0
180,180,70,1,single,unknown,2,true,-1,1200,UNKNOWN,2,3343,0,0
181,181,77,1,single,unknown,2,true,-1,3400,UNKNOWN,2,47,0,0
182,182,68,2,single,unknown,2,true,-1,1533,UNKNOWN,2,590,2,0
183,183,51,1,single,unknown,2,true,-1,2200,UNKNOWN,2,211,0,0
184,184,18,1,single,unknown,2,true,-1,1533,UNKNOWN,2,2000,0,0
185,185,4,1,single,unknown,2,false,-1,2278,UNKNOWN,2,275,0,0
186,186,62,2,single,unknown,2,true,-1,800,UNKNOWN,2,1786,2,0
187,187,26,1,single,unknown,2,true,-1,467,UNKNOWN,2,1037,0,0
188,188,43,2,single,unknown,2,true,-1,333,UNKNOWN,2,2746,0,0
189,189,3,1,single,unknown,2,false,-1,1952,UNKNOWN,2,2993,0,0
190,190,73,1,single,unknown,2,true,-1,2300,UNKNOWN,2,832,0,0
191,191,46,1,single,unknown,2,true,-1,2200,UNKNOWN,2,3399,0,0
192,192,23,1,single,unknown,2,true,-1,972,UNKNOWN,2,3294,0,0
193,193,72,1,single,unknown,2,true,-1,1200,UNKNOWN,2,867,2,0
194,194,3,1,single,unknown,2,false,-1,2278,UNKNOWN,2,3479,0,0
195,195,35,1,single,unknown,2,true,-1,2154,UNKNOWN,2,267,0,0
196,196,9,1,single,unknown,2,false,-1,1278,UNKNOWN,2,1380,0,0
197,197,43,1,single,unknown,2,true,-1,2278,UNKNOWN,2,2190,0,0
198,198,48,1,single,unknown,2,true,-1,1200,UNKNOWN,2,3444,0,0
199,199,52,1,single,unknown,2,true,-1,1867,UNKNOWN,2,3294,0,0
200,200,52,1,single,unknown,2,true,-1,700,UNKNOWN,2,1875,2,0
201,201,64,2,single,unknown,2,true,-1,1200,UNKNOWN,2,1710,0,0
202,202,63,2,single,unknown,2,true,-1,2300,UNKNOWN,2,169,0,0
203,203,59,1,single,unknown,2,true,-1,3400,UNKNOWN,2,3379,0,0
204,204,71,1,single,unknown,2,true,-1,1167,UNKNOWN,2,2189,2,0
205,205,52,2,single,unknown,2,true,-1,1200,UNKNOWN,2,2770,0,0
206,206,66,1,single,unknown,2,true,-1,1533,UNKNOWN,2,378,2,0
207,207,17,1,single,unknown,2,true,-1,2033,UNKNOWN,2,1623,0,0
208,208,8,2,single,unknown,2,false,-1,1095,UNKNOWN,2,1992,0,0
209,209,9,2,single,unknown,2,false,-1,2905,UNKNOWN,2,655,0,0
210,210,19,1,single,unknown,2,true,-1,2217,UNKNOWN,2,1281,0,0
211,211,70,1,single,unknown,2,true,-1,1167,UNKNOWN,2,151,2,0
212,212,61,2,single,unknown,2,true,-1,1867,UNKNOWN,2,694,0,0
213,213,32,1,single,unknown,2,true,-1,1278,UNKNOWN,2,1989,0,0
214,214,66,1,single,unknown,2,true,-1,3300,UNKNOWN,2,949,0,0
215,215,20,2,single,unknown,2,true,-1,800,UNKNOWN,2,2395,0,0
216,216,21,2,single,unknown,2,true,-1,2733,UNKNOWN,2,806,0,0
217,217,7,1,single,unknown,2,false,-1,1571,UNKNOWN,2,2360,0,0
218,218,52,2,single,unknown,2,true,-1,2733,UNKNOWN,2,2232,0,0
219,219,71,2,single,unknown,2,true,-1,4067,UNKNOWN,2,3184,0,0
220,220,74,2,single,unknown,2,true,-1,1167,UNKNOWN,2,324,0,0
221,221,66,2,single,unknown,2,true,-1,1867,UNKNOWN,2,2176,2,0
222,222,12,1,single,unknown,2,true,-1,3050,UNKNOWN,2,682,0,0
223,223,38,2,single,unknown,2,true,-1,1095,UNKNOWN,2,1512,0,0
224,224,43,2,single,unknown,2,true,-1,2542,UNKNOWN,2,344,0,0
225,225,40,2,single,unknown,2,true,-1,2200,UNKNOWN,2,1174,0,0
226,226,90,1,single,unknown,2,true,-1,1750,UNKNOWN,2,3054,0,0
227,227,78,1,single,unknown,2,true,-1,1533,UNKNOWN,2,1917,0,0
228,228,5,1,single,unknown,2,false,-1,1962,UNKNOWN,2,3494,0,0
229,229,28,2,single,unknown,2,true,-1,2200,UNKNOWN,2,1175,0,0
230,230,57,2,single,unknown,2,true,-1,1750,UNKNOWN,2,2988,0,0
231,231,14,1,single,unknown,2,false,-1,875,UNKNOWN,2,3406,0,0
232,232,53,1,single,unknown,2,true,-1,3400,UNKNOWN,2,3418,0,0
233,233,10,1,single,unknown,2,false,-1,1556,UNKNOWN,2,1119,2,0
234,234,50,2,single,unknown,2,true,-1,3050,UNKNOWN,2,3348,0,0
235,235,51,1,single,unknown,2,true,-1,4100,UNKNOWN,2,1267,0,0
236,236,77,1,single,unknown,2,true,-1,1200,UNKNOWN,2,2160,0,0
237,237,60,1,single,unknown,2,true,-1,700,UNKNOWN,2,588,2,0
238,238,15,1,single,unknown,2,false,-1,1952,UNKNOWN,2,2011,0,0
239,239,59,1,single,unknown,2,true,-1,2733,UNKNOWN,2,554,0,0
240,240,32,2,single,unknown,2,true,-1,2300,UNKNOWN,2,2291,0,0
241,241,43,1,single,unknown,2,true,-1,1533,UNKNOWN,2,3387,0,0
242,242,91,1,single,unknown,2,true,-1,1750,UNKNOWN,2,3487,2,0
243,243,39,1,single,unknown,2,true,-1,1962,UNKNOWN,2,2932,0,0
244,244,67,2,single,unknown,2,true,-1,1200,UNKNOWN,2,3231,0,0
245,245,37,1,single,unknown,2,true,-1,2542,UNKNOWN,2,1589,0,0
246,246,47,2,single,unknown,2,true,-1,1200,UNKNOWN,2,1422,0,0
247,247,68,2,single,unknown,2,true,-1,1533,UNKNOWN,2,2642,0,0
248,248,88,1,single,unknown,2,true,-1,1750,UNKNOWN,2,2892,0,0
249,249,52,2,single,unknown,2,true,-1,2905,UNKNOWN,2,231,0,0
250,250,80,2,single,unknown,2,true,-1,2200,UNKNOWN,2,676,2,0
251,251,59,2,single,unknown,2,true,-1,1200,UNKNOWN,2,1694,2,0
252,252,77,2,single,unknown,2,true,-1,1167,UNKNOWN,2,1746,2,0
253,253,3,1,single,unknown,2,false,-1,1952,UNKNOWN,2,2382,0,0
254,254,15,1,single,unknown,2,false,-1,2550,UNKNOWN,2,1426,0,0
255,255,52,2,single,unknown,2,true,-1,1200,UNKNOWN,2,1254,0,0
256,256,12,1,single,unknown,2,false,-1,1320,UNKNOWN,2,96,0,0
257,257,12,1,single,unknown,2,false,-1,1435,UNKNOWN,2,3460,0,0
258,258,5,1,single,unknown,2,false,-1,1571,UNKNOWN,2,2460,0,0
259,259,58,1,single,unknown,2,true,-1,1167,UNKNOWN,2,1316,0,0
260,260,45,2,single,unknown,2,true,-1,2278,UNKNOWN,2,132,0,0
261,261,52,1,single,unknown,2,true,-1,700,UNKNOWN,2,1859,2,0
262,262,5,1,single,unknown,2,false,-1,1094,UNKNOWN,2,10,0,0
263,263,37,1,single,unknown,2,true,-1,1750,UNKNOWN,2,3261,0,0
264,264,53,2,single,unknown,2,true,-1,1533,UNKNOWN,2,3317,0,0
265,265,76,2,single,unknown,2,true,-1,1533,UNKNOWN,2,1565,2,0
266,266,71,2,single,unknown,2,true,-1,1533,UNKNOWN,2,348,0,0
267,267,57,2,single,unknown,2,true,-1,1120,UNKNOWN,2,3066,0,0
268,268,42,2,single,unknown,2,true,-1,1278,UNKNOWN,2,1108,0,0
269,269,62,1,single,unknown,2,true,-1,700,UNKNOWN,2,2600,2,0
270,270,63,1,single,unknown,2,true,-1,1167,UNKNOWN,2,2207,0,0
271,271,72,2,single,unknown,2,true,-1,1167,UNKNOWN,2,2295,0,0
272,272,56,1,single,unknown,2,true,-1,800,UNKNOWN,2,1341,0,0
273,273,23,2,single,unknown,2,true,-1,800,UNKNOWN,2,789,0,0
274,274,35,1,single,unknown,2,true,-1,2733,UNKNOWN,2,2532,0,0
275,275,27,2,single,unknown,2,true,-1,1571,UNKNOWN,2,1011,0,0
276,276,35,2,single,unknown,2,true,-1,2733,UNKNOWN,2,2160,0,0
277,277,17,1,single,unknown,2,false,-1,1640,UNKNOWN,2,3187,0,0
278,278,30,2,single,unknown,2,true,-1,750,UNKNOWN,2,307,0,0
279,279,59,2,single,unknown,2,true,-1,3400,UNKNOWN,2,2644,0,0
280,280,68,2,single,unknown,2,true,-1,1533,UNKNOWN,2,3343,0,0
281,281,18,2,single,unknown,2,true,-1,1217,UNKNOWN,2,2568,0,0
282,282,23,2,single,unknown,2,true,-1,2050,UNKNOWN,2,2400,0,0
283,283,69,1,single,unknown,2,true,-1,2200,UNKNOWN,2,2453,0,0
284,284,56,1,single,unknown,2,true,-1,1200,UNKNOWN,2,2638,0,0
285,285,39,2,single,unknown,2,true,-1,1095,UNKNOWN,2,911,0,0
286,286,69,2,single,unknown,2,true,-1,1867,UNKNOWN,2,3367,0,0
287,287,50,1,single,unknown,2,true,-1,2733,UNKNOWN,2,2320,0,0
288,288,78,2,single,unknown,2,true,-1,800,UNKNOWN,2,1289,0,0
289,289,4,2,single,unknown,2,false,-1,3389,UNKNOWN,2,1726,0,0
290,290,37,2,single,unknown,2,true,-1,1333,UNKNOWN,2,91,0,0
291,291,4,1,single,unknown,2,false,-1,3389,UNKNOWN,2,2941,0,0
292,292,34,2,single,unknown,2,true,-1,1556,UNKNOWN,2,19,0,0
293,293,40,1,single,unknown,2,true,-1,2429,UNKNOWN,2,620,0,0
294,294,52,1,single,unknown,2,true,-1,875,UNKNOWN,2,3383,0,0
295,295,59,1,single,unknown,2,true,-1,700,UNKNOWN,2,3008,2,0
296,296,96,1,single,unknown,2,true,-1,1200,UNKNOWN,2,1538,0,0
297,297,30,1,single,unknown,2,true,-1,700,UNKNOWN,2,2964,0,0
298,298,41,1,single,unknown,2,true,-1,1833,UNKNOWN,2,76,0,0
299,299,42,2,single,unknown,2,true,-1,2429,UNKNOWN,2,242,0,0
300,300,81,1,single,unknown,2,true,-1,2050,UNKNOWN,2,2494,0,0
301,301,53,2,single,unknown,2,true,-1,1120,UNKNOWN,2,1048,0,0
302,302,74,2,single,unknown,2,true,-1,2200,UNKNOWN,2,190,0,0
303,303,16,2,single,unknown,2,false,-1,1650,UNKNOWN,2,1635,2,0
304,304,30,2,single,unknown,2,true,-1,2300,UNKNOWN,2,2167,0,0
305,305,10,2,single,unknown,2,false,-1,1095,UNKNOWN,2,1961,0,0
306,306,72,1,single,unknown,2,true,-1,1750,UNKNOWN,2,2570,0,0
307,307,53,1,single,unknown,2,true,-1,2550,UNKNOWN,2,2914,0,0
308,308,15,1,single,unknown,2,false,-1,1650,UNKNOWN,2,1134,0,0
309,309,26,2,single,unknown,2,true,-1,4100,UNKNOWN,2,2867,0,0
310,310,66,2,single,unknown,2,true,-1,800,UNKNOWN,2,1353,2,0
311,311,42,2,single,unknown,2,true,-1,3400,UNKNOWN,2,66,0,0
312,312,85,2,single,unknown,2,true,-1,2200,UNKNOWN,2,2439,0,0
313,313,73,2,single,unknown,2,true,-1,1200,UNKNOWN,2,485,0,0
314,314,5,1,single,unknown,2,false,-1,2429,UNKNOWN,2,175,0,0
315,315,72,2,single,unknown,2,true,-1,1200,UNKNOWN,2,1744,0,0
316,316,55,2,single,unknown,2,true,-1,3400,UNKNOWN,2,695,0,0
317,317,77,1,single,unknown,2,true,-1,1179,UNKNOWN,2,956,0,0
318,318,62,1,single,unknown,2,true,-1,250,UNKNOWN,2,2614,0,0
319,319,57,1,single,unknown,2,true,-1,700,UNKNOWN,2,2106,2,0
320,320,64,2,single,unknown,2,true,-1,700,UNKNOWN,2,2801,0,0
321,321,56,2,single,unknown,2,true,-1,1167,UNKNOWN,2,3388,2,0
322,322,52,2,single,unknown,2,true,-1,2652,UNKNOWN,2,3006,0,0
323,323,2,2,single,unknown,2,false,-1,1556,UNKNOWN,2,1995,0,0
324,324,13,2,single,unknown,2,false,-1,2652,UNKNOWN,2,1010,0,0
325,325,55,1,single,unknown,2,true,-1,1700,UNKNOWN,2,1689,0,0
326,326,65,2,single,unknown,2,true,-1,700,UNKNOWN,2,1519,0,0
327,327,63,2,single,unknown,2,true,-1,1750,UNKNOWN,2,130,0,0
328,328,57,1,single,unknown,2,true,-1,467,UNKNOWN,2,782,0,0
329,329,55,2,single,unknown,2,true,-1,2733,UNKNOWN,2,3487,0,0
330,330,33,1,single,unknown,2,true,-1,667,UNKNOWN,2,803,0,0
331,331,68,2,single,unknown,2,true,-1,1750,UNKNOWN,2,2249,0,0
332,332,51,1,single,unknown,2,true,-1,1167,UNKNOWN,2,2094,2,0
333,333,7,1,single,unknown,2,false,-1,885,UNKNOWN,2,1242,0,0
334,334,93,1,single,unknown,2,true,-1,700,UNKNOWN,2,1638,2,0
335,335,98,2,single,unknown,2,true,-1,2800,UNKNOWN,2,1537,0,0
336,336,92,1,single,unknown,2,true,-1,1750,UNKNOWN,2,197,2,0
337,337,25,1,single,unknown,2,true,-1,1200,UNKNOWN,2,858,0,0
338,338,31,1,single,unknown,2,true,-1,923,UNKNOWN,2,2454,0,0
339,339,23,2,single,unknown,2,true,-1,700,UNKNOWN,2,2772,0,0
340,340,63,2,single,unknown,2,true,-1,3400,UNKNOWN,2,3387,0,0
341,341,41,1,single,unknown,2,true,-1,3389,UNKNOWN,2,610,0,0
342,342,35,1,single,unknown,2,true,-1,2429,UNKNOWN,2,3295,0,0
343,343,52,2,single,unknown,2,true,-1,3300,UNKNOWN,2,508,0,0
344,344,31,2,single,unknown,2,true,-1,5100,UNKNOWN,2,2057,0,0
345,345,34,1,single,unknown,2,true,-1,1556,UNKNOWN,2,12,0,0
346,346,11,1,single,unknown,2,false,-1,958,UNKNOWN,2,1989,0,0
347,347,16,1,single,unknown,2,false,-1,2429,UNKNOWN,2,843,0,0
348,348,29,1,single,unknown,2,true,-1,800,UNKNOWN,2,1314,0,0
349,349,62,2,single,unknown,2,true,-1,2733,UNKNOWN,2,1960,0,0
350,350,14,2,single,unknown,2,false,-1,2217,UNKNOWN,2,2019,0,0
351,351,1,1,single,unknown,2,false,-1,2278,UNKNOWN,2,1225,0,0
352,352,53,1,single,unknown,2,true,-1,2550,UNKNOWN,2,558,2,0
353,353,91,2,single,unknown,2,true,-1,1867,UNKNOWN,2,1242,0,0
354,354,46,1,single,unknown,2,true,-1,2050,UNKNOWN,2,957,0,0
355,355,27,1,single,unknown,2,true,-1,2733,UNKNOWN,2,861,0,0
356,356,89,1,single,unknown,2,true,-1,1200,UNKNOWN,2,2330,2,0
357,357,32,1,single,unknown,2,true,-1,1952,UNKNOWN,2,2707,0,0
358,358,30,1,single,unknown,2,true,-1,2429,UNKNOWN,2,713,0,0
359,359,69,1,single,unknown,2,true,-1,1750,UNKNOWN,2,2508,2,0
360,360,52,1,single,unknown,2,true,-1,1867,UNKNOWN,2,3233,0,0
361,361,48,2,single,unknown,2,true,-1,2733,UNKNOWN,2,924,0,0
362,362,59,1,single,unknown,2,true,-1,250,UNKNOWN,2,78,0,0
363,363,71,2,single,unknown,2,true,-1,1750,UNKNOWN,2,3181,0,0
364,364,32,2,single,unknown,2,true,-1,3300,UNKNOWN,2,3303,0,0
365,365,52,2,single,unknown,2,true,-1,1533,UNKNOWN,2,2357,0,0
366,366,32,2,single,unknown,2,true,-1,2800,UNKNOWN,2,165,0,0
367,367,73,2,single,unknown,2,true,-1,1167,UNKNOWN,2,766,0,0
368,368,74,1,single,unknown,2,true,-1,467,UNKNOWN,2,2727,2,0
369,369,71,1,single,unknown,2,true,-1,1533,UNKNOWN,2,97,0,0
370,370,52,1,single,unknown,2,true,-1,1200,UNKNOWN,2,1381,2,0
371,371,75,1,single,unknown,2,true,-1,2200,UNKNOWN,2,2396,0,0
372,372,41,2,single,unknown,2,true,-1,1571,UNKNOWN,2,2742,0,0
373,373,33,2,single,unknown,2,true,-1,3050,UNKNOWN,2,2219,0,0
374,374,0,2,single,unknown,2,false,-1,1769,UNKNOWN,2,2082,0,0
375,375,0,1,single,unknown,2,false,-1,2905,UNKNOWN,2,1353,0,0
376,376,97,2,single,unknown,2,true,-1,800,UNKNOWN,2,3367,0,0
377,377,78,1,single,unknown,2,true,-1,2300,UNKNOWN,2,1530,0,0
378,378,56,1,single,unknown,2,true,-1,2800,UNKNOWN,2,395,0,0
379,379,42,1,single,unknown,2,true,-1,2652,UNKNOWN,2,166,0,0
380,380,16,2,single,unknown,2,false,-1,3050,UNKNOWN,2,589,0,0
381,381,79,2,single,unknown,2,true,-1,2300,UNKNOWN,2,303,0,0
382,382,16,1,single,unknown,2,false,-1,1640,UNKNOWN,2,2493,0,0
383,383,73,2,single,unknown,2,true,-1,1750,UNKNOWN,2,1453,0,0
384,384,42,1,single,unknown,2,true,-1,1867,UNKNOWN,2,446,0,0
385,385,56,1,single,unknown,2,true,-1,1867,UNKNOWN,2,2303,0,0
386,386,7,1,single,unknown,2,false,-1,1435,UNKNOWN,2,388,0,0
387,387,62,1,single,unknown,2,true,-1,1167,UNKNOWN,2,493,2,0
388,388,59,2,single,unknown,2,true,-1,4067,UNKNOWN,2,3146,0,0
389,389,58,2,single,unknown,2,true,-1,1750,UNKNOWN,2,3016,0,0
390,390,12,2,single,unknown,2,true,-1,2440,UNKNOWN,2,2922,0,0
391,391,60,1,single,unknown,2,true,-1,2733,UNKNOWN,2,2933,0,0
392,392,85,2,single,unknown,2,true,-1,250,UNKNOWN,2,1951,2,0
393,393,91,2,single,unknown,2,true,-1,1533,UNKNOWN,2,3349,0,0
394,394,36,1,single,unknown,2,true,-1,1577,UNKNOWN,2,530,0,0
395,395,31,1,single,unknown,2,true,-1,1556,UNKNOWN,2,3056,0,0
396,396,27,2,single,unknown,2,true,-1,1167,UNKNOWN,2,1877,0,0
397,397,42,2,single,unknown,2,true,-1,2278,UNKNOWN,2,718,0,0
398,398,64,2,single,unknown,2,true,-1,700,UNKNOWN,2,2047,0,0
399,399,85,1,single,unknown,2,true,-1,1167,UNKNOWN,2,93,0,0
400,400,71,1,single,unknown,2,true,-1,1533,UNKNOWN,2,861,2,0
401,401,21,1,single,unknown,2,true,-1,1200,UNKNOWN,2,2194,0,0
402,402,52,2,single,unknown,2,true,-1,4067,UNKNOWN,2,1578,0,0
403,403,3,2,single,unknown,2,false,-1,2905,UNKNOWN,2,2848,0,0
404,404,62,1,single,unknown,2,true,-1,250,UNKNOWN,2,2644,0,0
405,405,62,1,single,unknown,2,true,-1,700,UNKNOWN,2,2979,2,0
406,406,39,1,single,unknown,2,true,-1,1333,UNKNOWN,2,1834,0,0
407,407,38,1,single,unknown,2,true,-1,1200,UNKNOWN,2,1969,0,0
408,408,7,2,single,unknown,2,false,-1,1571,UNKNOWN,2,2442,0,0
409,409,69,2,single,unknown,2,true,-1,2550,UNKNOWN,2,1511,2,0
410,410,54,2,single,unknown,2,true,-1,1200,UNKNOWN,2,3043,0,0
411,411,60,1,single,unknown,2,true,-1,2300,UNKNOWN,2,1721,0,0
412,412,58,1,single,unknown,2,true,-1,1750,UNKNOWN,2,1432,0,0
413,413,70,1,single,unknown,2,true,-1,1167,UNKNOWN,2,3338,2,0
414,414,51,1,single,unknown,2,true,-1,600,UNKNOWN,2,2689,0,0
415,415,45,2,single,unknown,2,true,-1,1650,UNKNOWN,2,1209,0,0
416,416,14,2,single,unknown,2,false,-1,1094,UNKNOWN,2,95,0,0
417,417,28,1,single,unknown,2,true,-1,2200,UNKNOWN,2,109,0,0
418,418,11,1,single,unknown,2,false,-1,625,UNKNOWN,2,368,0,0
419,419,46,1,single,unknown,2,true,-1,2733,UNKNOWN,2,2114,0,0
420,420,25,2,single,unknown,2,true,-1,250,UNKNOWN,2,2351,0,0
421,421,70,1,single,unknown,2,true,-1,1533,UNKNOWN,2,2250,0,0
422,422,38,1,single,unknown,2,true,-1,2905,UNKNOWN,2,349,0,0
423,423,97,2,single,unknown,2,true,-1,1533,UNKNOWN,2,1194,0,0
424,424,1,2,single,unknown,2,false,-1,1708,UNKNOWN,2,96,2,0
425,425,43,1,single,unknown,2,true,-1,700,UNKNOWN,2,975,0,0
426,426,52,1,single,unknown,2,true,-1,1167,UNKNOWN,2,276,0,0
427,427,52,1,single,unknown,2,true,-1,1533,UNKNOWN,2,448,2,0
428,428,38,2,single,unknown,2,true,-1,3389,UNKNOWN,2,3489,0,0
429,429,15,2,single,unknown,2,false,-1,1438,UNKNOWN,2,135,0,0
430,430,8,2,single,unknown,2,false,-1,603,UNKNOWN,2,3254,0,0
431,431,67,2,single,unknown,2,true,-1,2200,UNKNOWN,2,3155,0,0
432,432,36,1,single,unknown,2,true,-1,1750,UNKNOWN,2,1470,0,0
433,433,35,2,single,unknown,2,true,-1,1378,UNKNOWN,2,212,0,0
434,434,34,1,single,unknown,2,true,-1,1952,UNKNOWN,2,2909,0,0
435,435,50,2,single,unknown,2,true,-1,2300,UNKNOWN,2,787,0,0
436,436,62,1,single,unknown,2,true,-1,2733,UNKNOWN,2,1060,0,0
437,437,47,1,single,unknown,2,true,-1,1333,UNKNOWN,2,1380,0,0
438,438,11,1,single,unknown,2,false,-1,2905,UNKNOWN,2,2542,0,0
439,439,34,1,single,unknown,2,true,-1,4067,UNKNOWN,2,1405,0,0
440,440,22,2,single,unknown,2,true,-1,2550,UNKNOWN,2,2101,0,0
441,441,37,2,single,unknown,2,true,-1,2905,UNKNOWN,2,1555,0,0
442,442,46,1,single,unknown,2,true,-1,2550,UNKNOWN,2,1439,0,0
443,443,72,1,single,unknown,2,true,-1,3400,UNKNOWN,2,1892,0,0
444,444,37,2,single,unknown,2,true,-1,250,UNKNOWN,2,986,0,0
445,445,27,2,single,unknown,2,true,-1,1120,UNKNOWN,2,395,0,0
446,446,23,2,single,unknown,2,true,-1,250,UNKNOWN,2,999,0,0
447,447,28,1,single,unknown,2,true,-1,1533,UNKNOWN,2,1153,0,0
448,448,55,1,single,unknown,2,true,-1,1533,UNKNOWN,2,1702,0,0
449,449,12,2,single,unknown,2,false,-1,1435,UNKNOWN,2,3222,0,0
450,450,5,2,single,unknown,2,false,-1,1519,UNKNOWN,2,403,0,0
451,451,12,1,single,unknown,2,false,-1,1094,UNKNOWN,2,231,0,0
452,452,49,1,single,unknown,2,true,-1,3400,UNKNOWN,2,2179,0,0
453,453,42,1,single,unknown,2,true,-1,2278,UNKNOWN,2,2361,0,0
454,454,56,1,single,unknown,2,true,-1,1867,UNKNOWN,2,1319,0,0
455,455,29,2,single,unknown,2,true,-1,2200,UNKNOWN,2,1798,0,0
456,456,57,2,single,unknown,2,true,-1,700,UNKNOWN,2,108,0,0
457,457,37,1,single,unknown,2,true,-1,2300,UNKNOWN,2,2365,0,0
458,458,40,1,single,unknown,2,true,-1,1167,UNKNOWN,2,1142,0,0
459,459,56,2,single,unknown,2,true,-1,2300,UNKNOWN,2,3139,0,0
460,460,60,1,single,unknown,2,true,-1,1200,UNKNOWN,2,126,0,0
461,461,51,1,single,unknown,2,true,-1,2733,UNKNOWN,2,1782,0,0
462,462,19,2,single,unknown,2,true,-1,1167,UNKNOWN,2,3468,0,0
463,463,49,1,single,unknown,2,true,-1,1867,UNKNOWN,2,1560,0,0
464,464,32,1,single,unknown,2,true,-1,2733,UNKNOWN,2,2260,0,0
465,465,19,2,single,unknown,2,true,-1,920,UNKNOWN,2,3109,0,0
466,466,37,1,single,unknown,2,true,-1,2300,UNKNOWN,2,3498,0,0
467,467,57,1,single,unknown,2,true,-1,700,UNKNOWN,2,3044,2,0
468,468,55,1,single,unknown,2,true,-1,4067,UNKNOWN,2,175,0,0
469,469,30,2,single,unknown,2,true,-1,2300,UNKNOWN,2,3100,0,0
470,470,43,1,single,unknown,2,true,-1,2200,UNKNOWN,2,2747,0,0
471,471,12,2,single,unknown,2,false,-1,1605,UNKNOWN,2,1345,0,0
472,472,67,2,single,unknown,2,true,-1,2200,UNKNOWN,2,1518,0,0
473,473,7,2,single,unknown,2,false,-1,2833,UNKNOWN,2,1058,0,0
474,474,40,2,single,unknown,2,true,-1,1150,UNKNOWN,2,117,2,0
475,475,57,2,single,unknown,2,true,-1,250,UNKNOWN,2,1807,2,0
476,476,57,2,single,unknown,2,true,-1,1750,UNKNOWN,2,2295,2,0
477,477,72,2,single,unknown,2,true,-1,2800,UNKNOWN,2,2481,2,0
478,478,36,2,single,unknown,2,true,-1,2429,UNKNOWN,2,1566,0,0
479,479,55,1,single,unknown,2,true,-1,1650,UNKNOWN,2,1926,0,0
480,480,17,2,single,unknown,2,false,-1,2905,UNKNOWN,2,2527,0,0
481,481,24,2,single,unknown,2,true,-1,250,UNKNOWN,2,2758,0,0
482,482,32,1,single,unknown,2,true,-1,1556,UNKNOWN,2,2599,0,0
483,483,38,2,single,unknown,2,true,-1,2278,UNKNOWN,2,3466,0,0
484,484,60,1,single,unknown,2,true,-1,700,UNKNOWN,2,649,0,0
485,485,64,1,single,unknown,2,true,-1,700,UNKNOWN,2,31,2,0
486,486,72,1,single,unknown,2,true,-1,3400,UNKNOWN,2,2868,0,0
487,487,91,1,single,unknown,2,true,-1,2050,UNKNOWN,2,1287,2,0
488,488,14,1,single,unknown,2,false,-1,1435,UNKNOWN,2,755,0,0
489,489,74,2,single,unknown,2,true,-1,800,UNKNOWN,2,2217,0,0
490,490,52,2,single,unknown,2,true,-1,4100,UNKNOWN,2,3402,0,0
491,491,35,1,single,unknown,2,true,-1,1200,UNKNOWN,2,1991,0,0
492,492,35,2,single,unknown,2,true,-1,1769,UNKNOWN,2,3048,0,0
493,493,31,2,single,unknown,2,true,-1,2300,UNKNOWN,2,2735,0,0
494,494,83,2,single,unknown,2,true,-1,1867,UNKNOWN,2,2705,0,0
495,495,21,2,single,unknown,2,true,-1,1150,UNKNOWN,2,2214,0,0
496,496,53,2,single,unknown,2,true,-1,2300,UNKNOWN,2,1222,0,0
497,497,43,1,single,unknown,2,true,-1,2733,UNKNOWN,2,1075,0,0
498,498,18,2,single,unknown,2,true,-1,1783,UNKNOWN,2,1825,0,0
499,499,62,1,single,unknown,2,true,-1,2733,UNKNOWN,2,1517,0,0
500,500,28,2,single,unknown,2,true,-1,1400,UNKNOWN,2,2104,2,0
501,501,56,2,single,unknown,2,true,-1,2733,UNKNOWN,2,174,0,0
502,502,75,1,single,unknown,2,true,-1,2733,UNKNOWN,2,3177,0,0
503,503,17,1,single,unknown,2,false,-1,603,UNKNOWN,2,2892,0,0
504,504,8,2,single,unknown,2,false,-1,1750,UNKNOWN,2,2824,0,0
505,505,51,2,single,unknown,2,true,-1,2278,UNKNOWN,2,2651,0,0
506,506,30,2,single,unknown,2,true,-1,4100,UNKNOWN,2,2971,0,0
507,507,0,1,single,unknown,2,false,-1,1833,UNKNOWN,2,279,0,0
508,508,42,1,single,unknown,2,true,-1,3154,UNKNOWN,2,3496,2,0
509,509,40,2,single,unknown,2,true,-1,2800,UNKNOWN,2,2805,0,0
510,510,30,2,single,unknown,2,true,-1,1533,UNKNOWN,2,675,0,0
511,511,8,1,single,unknown,2,false,-1,1375,UNKNOWN,2,1320,0,0
512,512,44,1,single,unknown,2,true,-1,2200,UNKNOWN,2,2234,0,0
513,513,58,1,single,unknown,2,true,-1,4067,UNKNOWN,2,2175,0,0
514,514,73,1,single,unknown,2,true,-1,800,UNKNOWN,2,2935,0,0
515,515,20,2,single,unknown,2,true,-1,1400,UNKNOWN,2,2222,0,0
516,516,1,1,single,unknown,2,false,-1,2429,UNKNOWN,2,2958,0,0
517,517,9,1,single,unknown,2,false,-1,1783,UNKNOWN,2,2686,0,0
518,518,22,1,single,unknown,2,true,-1,3300,UNKNOWN,2,2472,0,0
519,519,34,1,single,unknown,2,true,-1,1952,UNKNOWN,2,89,0,0
520,520,37,2,single,unknown,2,true,-1,875,UNKNOWN,2,1876,0,0
521,521,12,1,single,unknown,2,false,-1,972,UNKNOWN,2,1969,0,0
522,522,53,2,single,unknown,2,true,-1,2733,UNKNOWN,2,2335,0,0
523,523,11,1,single,unknown,2,false,-1,1320,UNKNOWN,2,3226,0,0
524,524,35,1,single,unknown,2,true,-1,1200,UNKNOWN,2,2052,0,0
525,525,58,2,single,unknown,2,true,-1,1533,UNKNOWN,2,2232,0,0
526,526,69,1,single,unknown,2,true,-1,2200,UNKNOWN,2,3031,0,0
527,527,25,2,single,unknown,2,true,-1,3400,UNKNOWN,2,1168,0,0
528,528,86,2,single,unknown,2,true,-1,1150,UNKNOWN,2,3399,2,0
529,529,91,2,single,unknown,2,true,-1,1867,UNKNOWN,2,1339,2,0
530,530,42,1,single,unknown,2,true,-1,1867,UNKNOWN,2,1343,0,0
531,531,6,1,single,unknown,2,false,-1,2429,UNKNOWN,2,3165,0,0
532,532,23,2,single,unknown,2,true,-1,250,UNKNOWN,2,1975,0,0
533,533,98,1,single,unknown,2,true,-1,1150,UNKNOWN,2,683,2,0
534,534,26,1,single,unknown,2,true,-1,3050,UNKNOWN,2,1231,0,0
535,535,31,1,single,unknown,2,true,-1,2300,UNKNOWN,2,3227,0,0
536,536,28,2,single,unknown,2,true,-1,1150,UNKNOWN,2,2566,2,0
537,537,62,1,single,unknown,2,true,-1,1167,UNKNOWN,2,1091,0,0
538,538,30,2,single,unknown,2,true,-1,1952,UNKNOWN,2,776,0,0
539,539,73,2,single,unknown,2,true,-1,1167,UNKNOWN,2,2714,0,0
540,540,86,1,single,unknown,2,true,-1,1200,UNKNOWN,2,3412,0,0
541,541,58,2,single,unknown,2,true,-1,250,UNKNOWN,2,2601,2,0
542,542,53,1,single,unknown,2,true,-1,2050,UNKNOWN,2,2502,0,0
543,543,57,2,single,unknown,2,true,-1,2733,UNKNOWN,2,610,0,0
544,544,77,2,single,unknown,2,true,-1,1200,UNKNOWN,2,395,0,0
545,545,43,2,single,unknown,2,true,-1,1750,UNKNOWN,2,2811,0,0
546,546,45,1,single,unknown,2,true,-1,1650,UNKNOWN,2,1387,0,0
547,547,59,1,single,unknown,2,true,-1,1867,UNKNOWN,2,2675,0,0
548,548,63,1,single,unknown,2,true,-1,700,UNKNOWN,2,528,0,0
549,549,4,2,single,unknown,2,false,-1,1571,UNKNOWN,2,2249,0,0
550,550,55,2,single,unknown,2,true,-1,2200,UNKNOWN,2,1326,0,0
551,551,39,1,single,unknown,2,true,-1,2050,UNKNOWN,2,849,0,0
552,552,42,2,single,unknown,2,true,-1,522,UNKNOWN,2,3481,0,0
553,553,40,1,single,unknown,2,true,-1,4067,UNKNOWN,2,3314,0,0
554,554,57,2,single,unknown,2,true,-1,700,UNKNOWN,2,337,2,0
555,555,14,2,single,unknown,2,false,-1,1278,UNKNOWN,2,3019,0,0
556,556,67,2,single,unknown,2,true,-1,1200,UNKNOWN,2,493,2,0
557,557,52,2,single,unknown,2,true,-1,3300,UNKNOWN,2,815,0,0
558,558,71,2,single,unknown,2,true,-1,1167,UNKNOWN,2,3088,0,0
559,559,2,1,single,unknown,2,false,-1,2278,UNKNOWN,2,2892,0,0
560,560,58,2,single,unknown,2,true,-1,1750,UNKNOWN,2,1968,0,0
561,561,50,1,single,unknown,2,true,-1,1200,UNKNOWN,2,1409,0,0
562,562,9,1,single,unknown,2,false,-1,1571,UNKNOWN,2,2470,0,0
563,563,47,2,single,unknown,2,true,-1,800,UNKNOWN,2,1612,0,0
564,564,32,1,single,unknown,2,true,-1,3400,UNKNOWN,2,1549,0,0
565,565,41,2,single,unknown,2,true,-1,2300,UNKNOWN,2,338,0,0
566,566,56,2,single,unknown,2,true,-1,1833,UNKNOWN,2,154,0,0
567,567,57,1,single,unknown,2,true,-1,2733,UNKNOWN,2,89,0,0
568,568,55,2,single,unknown,2,true,-1,4100,UNKNOWN,2,2058,0,0
569,569,55,2,single,unknown,2,true,-1,2278,UNKNOWN,2,1658,0,0
570,570,20,2,single,unknown,2,true,-1,1342,UNKNOWN,2,2513,0,0
571,571,68,2,single,unknown,2,true,-1,1533,UNKNOWN,2,1065,0,0
572,572,50,2,single,unknown,2,true,-1,3400,UNKNOWN,2,2843,0,0
573,573,20,2,single,unknown,2,true,-1,800,UNKNOWN,2,2516,0,0
574,574,16,2,single,unknown,2,false,-1,3050,UNKNOWN,2,390,0,0
575,575,43,1,single,unknown,2,true,-1,2905,UNKNOWN,2,3045,0,0
576,576,61,1,single,unknown,2,true,-1,1750,UNKNOWN,2,150,0,0
577,577,69,2,single,unknown,2,true,-1,2200,UNKNOWN,2,2515,0,0
578,578,41,2,single,unknown,2,true,-1,4067,UNKNOWN,2,2783,0,0
579,579,68,1,single,unknown,2,true,-1,1867,UNKNOWN,2,1364,0,0
580,580,26,1,single,unknown,2,true,-1,923,UNKNOWN,2,1355,0,0
581,581,25,1,single,unknown,2,true,-1,2300,UNKNOWN,2,17,0,0
582,582,78,1,single,unknown,2,true,-1,3400,UNKNOWN,2,1171,0,0
583,583,64,1,single,unknown,2,true,-1,1167,UNKNOWN,2,351,0,0
584,584,95,2,single,unknown,2,true,-1,1167,UNKNOWN,2,1552,2,0
585,585,45,1,single,unknown,2,true,-1,2550,UNKNOWN,2,2795,0,0
586,586,57,2,single,unknown,2,true,-1,2550,UNKNOWN,2,1565,0,0
587,587,56,2,single,unknown,2,true,-1,250,UNKNOWN,2,1957,0,0
588,588,67,1,single,unknown,2,true,-1,4067,UNKNOWN,2,544,0,0
589,589,67,1,single,unknown,2,true,-1,467,UNKNOWN,2,1027,0,0
590,590,19,1,single,unknown,2,true,-1,2040,UNKNOWN,2,2084,0,0
591,591,38,1,single,unknown,2,true,-1,1200,UNKNOWN,2,3278,0,0
592,592,73,1,single,unknown,2,true,-1,700,UNKNOWN,2,146,0,0
593,593,35,1,single,unknown,2,true,-1,2833,UNKNOWN,2,2216,0,0
594,594,14,2,single,unknown,2,false,-1,1150,UNKNOWN,2,3444,0,0
595,595,26,1,single,unknown,2,true,-1,920,UNKNOWN,2,1573,0,0
596,596,13,2,single,unknown,2,false,-1,2217,UNKNOWN,2,2425,0,0
597,597,50,1,single,unknown,2,true,-1,1750,UNKNOWN,2,1263,0,0
598,598,43,1,single,unknown,2,true,-1,1150,UNKNOWN,2,2994,0,0
599,599,98,2,single,unknown,2,true,-1,1533,UNKNOWN,2,2283,0,0
600,600,23,1,single,unknown,2,true,-1,1150,UNKNOWN,2,590,2,0
601,601,18,2,single,unknown,2,true,-1,920,UNKNOWN,2,1947,0,0
602,602,10,2,single,unknown,2,false,-1,1346,UNKNOWN,2,260,0,0
603,603,61,2,single,unknown,2,true,-1,2200,UNKNOWN,2,3044,0,0
604,604,24,1,single,unknown,2,true,-1,2833,UNKNOWN,2,1534,0,0
605,605,60,1,single,unknown,2,true,-1,700,UNKNOWN,2,1306,2,0
606,606,33,1,single,unknown,2,true,-1,1833,UNKNOWN,2,2436,0,0
607,607,52,1,single,unknown,2,true,-1,700,UNKNOWN,2,1436,0,0
608,608,37,2,single,unknown,2,true,-1,2733,UNKNOWN,2,1179,0,0
609,609,11,1,single,unknown,2,false,-1,920,UNKNOWN,2,2799,0,0
610,610,10,2,single,unknown,2,false,-1,1952,UNKNOWN,2,1683,0,0
611,611,66,2,single,unknown,2,true,-1,1867,UNKNOWN,2,3307,0,0
612,612,74,2,single,unknown,2,true,-1,1167,UNKNOWN,2,2830,0,0
613,613,74,1,single,unknown,2,true,-1,1533,UNKNOWN,2,3004,0,0
614,614,47,1,single,unknown,2,true,-1,958,UNKNOWN,2,2130,0,0
615,615,61,1,single,unknown,2,true,-1,3400,UNKNOWN,2,374,0,0
616,616,47,2,single,unknown,2,true,-1,2429,UNKNOWN,2,822,2,0
617,617,31,2,single,unknown,2,true,-1,3389,UNKNOWN,2,1974,0,0
618,618,59,1,single,unknown,2,true,-1,700,UNKNOWN,2,269,2,0
619,619,49,2,single,unknown,2,true,-1,6100,UNKNOWN,2,2974,0,0
620,620,43,1,single,unknown,2,true,-1,1650,UNKNOWN,2,1876,0,0
621,621,70,2,single,unknown,2,true,-1,1533,UNKNOWN,2,2700,0,0
622,622,15,1,single,unknown,2,false,-1,2833,UNKNOWN,2,1129,0,0
623,623,6,1,single,unknown,2,false,-1,571,UNKNOWN,2,1823,0,0
624,624,88,2,single,unknown,2,true,-1,1533,UNKNOWN,2,1263,0,0
625,625,75,2,single,unknown,2,true,-1,1750,UNKNOWN,2,2318,0,0
626,626,37,1,single,unknown,2,true,-1,1278,UNKNOWN,2,1508,2,0
627,627,19,2,single,unknown,2,true,-1,2733,UNKNOWN,2,3054,0,0
628,628,60,2,single,unknown,2,true,-1,1750,UNKNOWN,2,2291,2,0
629,629,35,2,single,unknown,2,true,-1,2733,UNKNOWN,2,3142,0,0
630,630,6,2,single,unknown,2,false,-1,2103,UNKNOWN,2,2138,0,0
631,631,5,2,single,unknown,2,false,-1,1571,UNKNOWN,2,3452,0,0
632,632,32,1,single,unknown,2,true,-1,2278,UNKNOWN,2,2339,0,0
633,633,30,1,single,unknown,2,true,-1,1571,UNKNOWN,2,2900,0,0
634,634,42,1,single,unknown,2,true,-1,2200,UNKNOWN,2,3423,0,0
635,635,42,2,single,unknown,2,true,-1,600,UNKNOWN,2,2579,0,0
636,636,3,2,single,unknown,2,false,-1,1952,UNKNOWN,2,2944,0,0
637,637,57,2,single,unknown,2,true,-1,1533,UNKNOWN,2,2295,0,0
638,638,77,2,single,unknown,2,true,-1,800,UNKNOWN,2,3392,2,0
639,639,47,2,single,unknown,2,true,-1,972,UNKNOWN,2,760,0,0
640,640,50,1,single,unknown,2,true,-1,1750,UNKNOWN,2,1569,0,0
641,641,27,2,single,unknown,2,true,-1,1320,UNKNOWN,2,3447,0,0
642,642,64,2,single,unknown,2,true,-1,1200,UNKNOWN,2,2460,0,0
643,643,36,1,single,unknown,2,true,-1,1556,UNKNOWN,2,191,0,0
644,644,1,2,single,unknown,2,false,-1,1833,UNKNOWN,2,2549,0,0
645,645,37,2,single,unknown,2,true,-1,1952,UNKNOWN,2,1408,0,0
646,646,40,1,single,unknown,2,true,-1,2278,UNKNOWN,2,428,0,0
647,647,33,1,single,unknown,2,true,-1,923,UNKNOWN,2,1734,0,0
648,648,72,1,single,unknown,2,true,-1,1200,UNKNOWN,2,1460,0,0
649,649,88,2,single,unknown,2,true,-1,1533,UNKNOWN,2,789,0,0
650,650,17,1,single,unknown,2,false,-1,1150,UNKNOWN,2,579,0,0
651,651,10,2,single,unknown,2,false,-1,2542,UNKNOWN,2,2873,0,0
652,652,42,1,single,unknown,2,true,-1,1867,UNKNOWN,2,2041,0,0
653,653,8,1,single,unknown,2,false,-1,1952,UNKNOWN,2,1511,0,0
654,654,6,2,single,unknown,2,false,-1,2905,UNKNOWN,2,777,0,0
655,655,93,2,single,unknown,2,true,-1,1750,UNKNOWN,2,319,2,0
656,656,47,2,single,unknown,2,true,-1,700,UNKNOWN,2,2208,2,0
657,657,40,1,single,unknown,2,true,-1,750,UNKNOWN,2,585,0,0
658,658,69,2,single,unknown,2,true,-1,3400,UNKNOWN,2,310,2,0
659,659,19,1,single,unknown,2,true,-1,1640,UNKNOWN,2,722,0,0
660,660,9,2,single,unknown,2,false,-1,1952,UNKNOWN,2,2536,0,0
661,661,29,2,single,unknown,2,true,-1,1750,UNKNOWN,2,320,0,0
662,662,19,1,single,unknown,2,true,-1,3050,UNKNOWN,2,3307,0,0
663,663,51,2,single,unknown,2,true,-1,1200,UNKNOWN,2,2081,0,0
664,664,70,1,single,unknown,2,true,-1,800,UNKNOWN,2,2730,2,0
665,665,72,1,single,unknown,2,true,-1,1533,UNKNOWN,2,2699,0,0
666,666,33,1,single,unknown,2,true,-1,1750,UNKNOWN,2,2268,0,0
667,667,55,2,single,unknown,2,true,-1,700,UNKNOWN,2,2371,2,0
668,668,46,1,single,unknown,2,true,-1,1833,UNKNOWN,2,610,0,0
669,669,25,1,single,unknown,2,true,-1,2040,UNKNOWN,2,1688,0,0
670,670,53,1,single,unknown,2,true,-1,2200,UNKNOWN,2,601,0,0
671,671,52,2,single,unknown,2,true,-1,2733,UNKNOWN,2,156,0,0
672,672,43,2,single,unknown,2,true,-1,2733,UNKNOWN,2,1962,0,0
673,673,69,1,single,unknown,2,true,-1,800,UNKNOWN,2,3191,2,0
674,674,22,1,single,unknown,2,true,-1,1150,UNKNOWN,2,2584,2,0
675,675,77,1,single,unknown,2,true,-1,1167,UNKNOWN,2,612,0,0
676,676,97,2,single,unknown,2,true,-1,1867,UNKNOWN,2,3233,2,0
677,677,57,1,single,unknown,2,true,-1,3400,UNKNOWN,2,3429,0,0
678,678,70,2,single,unknown,2,true,-1,1533,UNKNOWN,2,1029,0,0
679,679,38,2,single,unknown,2,true,-1,833,UNKNOWN,2,424,0,0
680,680,53,1,single,unknown,2,true,-1,700,UNKNOWN,2,72,2,0
681,681,57,1,single,unknown,2,true,-1,2800,UNKNOWN,2,1769,0,0
682,682,58,1,single,unknown,2,true,-1,700,UNKNOWN,2,2062,0,0
683,683,2,2,single,unknown,2,false,-1,2905,UNKNOWN,2,1390,0,0
684,684,22,2,single,unknown,2,true,-1,2440,UNKNOWN,2,1000,0,0
685,685,61,1,single,unknown,2,true,-1,1533,UNKNOWN,2,1687,0,0
686,686,69,2,single,unknown,2,true,-1,2300,UNKNOWN,2,2932,0,0
687,687,39,2,single,unknown,2,true,-1,1750,UNKNOWN,2,3193,0,0
688,688,20,2,single,unknown,2,true,-1,2440,UNKNOWN,2,441,0,0
689,689,58,2,single,unknown,2,true,-1,2200,UNKNOWN,2,862,0,0
690,690,74,1,single,unknown,2,true,-1,800,UNKNOWN,2,1086,0,0
691,691,74,1,single,unknown,2,true,-1,2733,UNKNOWN,2,2829,0,0
692,692,55,2,single,unknown,2,true,-1,250,UNKNOWN,2,1032,2,0
693,693,74,2,single,unknown,2,true,-1,1533,UNKNOWN,2,1488,2,0
694,694,22,1,single,unknown,2,true,-1,1150,UNKNOWN,2,3213,2,0
695,695,50,1,single,unknown,2,true,-1,1833,UNKNOWN,2,3025,0,0
696,696,30,2,single,unknown,2,true,-1,1200,UNKNOWN,2,2485,0,0
697,697,74,1,single,unknown,2,true,-1,1533,UNKNOWN,2,1557,0,0
698,698,65,2,single,unknown,2,true,-1,1400,UNKNOWN,2,3169,0,0
699,699,39,2,single,unknown,2,true,-1,2278,UNKNOWN,2,114,0,0
700,700,61,2,single,unknown,2,true,-1,2300,UNKNOWN,2,3139,0,0
701,701,50,1,single,unknown,2,true,-1,3300,UNKNOWN,2,1296,0,0
702,702,42,2,single,unknown,2,true,-1,2733,UNKNOWN,2,1088,0,0
703,703,51,1,single,unknown,2,true,-1,2050,UNKNOWN,2,1233,0,0
704,704,58,2,single,unknown,2,true,-1,800,UNKNOWN,2,3068,0,0
705,705,12,2,single,unknown,2,false,-1,1650,UNKNOWN,2,3450,0,0
706,706,56,2,single,unknown,2,true,-1,2200,UNKNOWN,2,2989,0,0
707,707,14,2,single,unknown,2,false,-1,920,UNKNOWN,2,1282,0,0
708,708,5,2,single,unknown,2,false,-1,1435,UNKNOWN,2,1521,0,0
709,709,11,2,single,unknown,2,false,-1,852,UNKNOWN,2,3057,0,0
710,710,73,1,single,unknown,2,true,-1,1750,UNKNOWN,2,357,2,0
711,711,68,2,single,unknown,2,true,-1,1533,UNKNOWN,2,1360,0,0
712,712,3,1,single,unknown,2,false,-1,1375,UNKNOWN,2,3219,0,0
713,713,43,1,single,unknown,2,true,-1,3154,UNKNOWN,2,2550,2,0
714,714,42,2,single,unknown,2,true,-1,2833,UNKNOWN,2,2826,0,0
715,715,67,1,single,unknown,2,true,-1,1533,UNKNOWN,2,1108,0,0
716,716,12,2,single,unknown,2,false,-1,1783,UNKNOWN,2,1105,0,0
717,717,69,2,single,unknown,2,true,-1,1533,UNKNOWN,2,972,0,0
718,718,72,2,single,unknown,2,true,-1,2200,UNKNOWN,2,2051,0,0
719,719,70,1,single,unknown,2,true,-1,1750,UNKNOWN,2,2862,2,0
720,720,49,2,single,unknown,2,true,-1,1533,UNKNOWN,2,782,0,0
721,721,13,2,single,unknown,2,false,-1,3050,UNKNOWN,2,796,0,0
722,722,83,1,single,unknown,2,true,-1,1167,UNKNOWN,2,1936,0,0
723,723,50,2,single,unknown,2,true,-1,800,UNKNOWN,2,1943,2,0
724,724,1,2,single,unknown,2,false,-1,2833,UNKNOWN,2,910,0,0
725,725,5,1,single,unknown,2,false,-1,1278,UNKNOWN,2,846,0,0
726,726,95,2,single,unknown,2,true,-1,1200,UNKNOWN,2,2619,2,0
727,727,84,1,single,unknown,2,true,-1,3300,UNKNOWN,2,1509,2,0
728,728,32,2,single,unknown,2,true,-1,3400,UNKNOWN,2,197,0,0
729,729,12,2,single,unknown,2,false,-1,1435,UNKNOWN,2,1481,0,0
730,730,70,1,single,unknown,2,true,-1,1167,UNKNOWN,2,2045,0,0
731,731,23,2,single,unknown,2,true,-1,250,UNKNOWN,2,805,0,0
732,732,37,1,single,unknown,2,true,-1,1750,UNKNOWN,2,3056,0,0
733,733,64,2,single,unknown,2,true,-1,250,UNKNOWN,2,472,0,0
734,734,4,1,single,unknown,2,false,-1,1708,UNKNOWN,2,2769,0,0
735,735,40,2,single,unknown,2,true,-1,1278,UNKNOWN,2,1791,0,0
736,736,54,1,single,unknown,2,true,-1,920,UNKNOWN,2,3489,2,0
737,737,60,2,single,unknown,2,true,-1,700,UNKNOWN,2,733,0,0
738,738,40,2,single,unknown,2,true,-1,1571,UNKNOWN,2,1114,0,0
739,739,44,2,single,unknown,2,true,-1,1750,UNKNOWN,2,629,0,0
740,740,53,1,single,unknown,2,true,-1,1867,UNKNOWN,2,2289,0,0
741,741,78,2,single,unknown,2,true,-1,1533,UNKNOWN,2,1638,0,0
742,742,63,2,single,unknown,2,true,-1,700,UNKNOWN,2,2475,0,0
743,743,40,2,single,unknown,2,true,-1,2429,UNKNOWN,2,749,0,0
744,744,61,2,single,unknown,2,true,-1,4067,UNKNOWN,2,1981,0,0
745,745,34,2,single,unknown,2,true,-1,1708,UNKNOWN,2,3200,0,0
746,746,59,2,single,unknown,2,true,-1,800,UNKNOWN,2,2183,0,0
747,747,13,1,single,unknown,2,false,-1,2440,UNKNOWN,2,2389,0,0
748,748,21,1,single,unknown,2,true,-1,2033,UNKNOWN,2,2250,0,0
749,749,62,1,single,unknown,2,true,-1,1750,UNKNOWN,2,1279,2,0
750,750,43,1,single,unknown,2,true,-1,2550,UNKNOWN,2,2550,0,0
751,751,74,1,single,unknown,2,true,-1,6100,UNKNOWN,2,2097,0,0
752,752,9,2,single,unknown,2,false,-1,2429,UNKNOWN,2,2755,0,0
753,753,89,1,single,unknown,2,true,-1,1167,UNKNOWN,2,1657,0,0
754,754,56,2,single,unknown,2,true,-1,2200,UNKNOWN,2,3317,0,0
755,755,46,2,single,unknown,2,true,-1,2278,UNKNOWN,2,2204,2,0
756,756,7,1,single,unknown,2,false,-1,2905,UNKNOWN,2,1862,0,0
757,757,71,2,single,unknown,2,true,-1,2200,UNKNOWN,2,3350,0,0
758,758,97,2,single,unknown,2,true,-1,1533,UNKNOWN,2,978,0,0
759,759,34,1,single,unknown,2,true,-1,958,UNKNOWN,2,3040,0,0
760,760,48,2,single,unknown,2,true,-1,1200,UNKNOWN,2,1138,0,0
761,761,43,2,single,unknown,2,true,-1,2733,UNKNOWN,2,1225,0,0
762,762,33,1,single,unknown,2,true,-1,2300,UNKNOWN,2,1600,0,0
763,763,67,1,single,unknown,2,true,-1,1200,UNKNOWN,2,3213,0,0
764,764,53,2,single,unknown,2,true,-1,1533,UNKNOWN,2,3484,0,0
765,765,64,2,single,unknown,2,true,-1,3400,UNKNOWN,2,1954,2,0
766,766,45,1,single,unknown,2,true,-1,4067,UNKNOWN,2,1631,0,0
767,767,33,2,single,unknown,2,true,-1,3400,UNKNOWN,2,1365,0,0
768,768,81,2,single,unknown,2,true,-1,1200,UNKNOWN,2,3107,2,0
769,769,93,1,single,unknown,2,true,-1,1200,UNKNOWN,2,2340,0,0
770,770,81,2,single,unknown,2,true,-1,3400,UNKNOWN,2,2231,0,0
771,771,26,1,single,unknown,2,true,-1,3050,UNKNOWN,2,2185,0,0
772,772,33,2,single,unknown,2,true,-1,2125,UNKNOWN,2,102,0,0
773,773,63,2,single,unknown,2,true,-1,1400,UNKNOWN,2,891,0,0
774,774,2,2,single,unknown,2,false,-1,1750,UNKNOWN,2,1756,0,0
775,775,2,2,single,unknown,2,false,-1,2905,UNKNOWN,2,68,0,0
776,776,84,2,single,unknown,2,true,-1,800,UNKNOWN,2,1518,0,0
777,777,63,1,single,unknown,2,true,-1,700,UNKNOWN,2,2430,2,0
778,778,39,2,single,unknown,2,true,-1,800,UNKNOWN,2,1161,0,0
779,779,7,2,single,unknown,2,false,-1,1065,UNKNOWN,2,2968,0,0
780,780,52,2,single,unknown,2,true,-1,4067,UNKNOWN,2,2410,0,0
781,781,64,2,single,unknown,2,true,-1,3400,UNKNOWN,2,2186,0,0
782,782,44,2,single,unknown,2,true,-1,2050,UNKNOWN,2,2537,0,0
783,783,92,2,single,unknown,2,true,-1,1867,UNKNOWN,2,1350,2,0
784,784,71,2,single,unknown,2,true,-1,1200,UNKNOWN,2,667,0,0
785,785,19,1,single,unknown,2,true,-1,2440,UNKNOWN,2,711,0,0
786,786,33,1,single,unknown,2,true,-1,1556,UNKNOWN,2,1752,0,0
787,787,45,2,single,unknown,2,true,-1,1750,UNKNOWN,2,1800,0,0
788,788,59,2,single,unknown,2,true,-1,250,UNKNOWN,2,1100,2,0
789,789,5,2,single,unknown,2,false,-1,1346,UNKNOWN,2,581,0,0
790,790,91,2,single,unknown,2,true,-1,1533,UNKNOWN,2,170,0,0
791,791,63,1,single,unknown,2,true,-1,1650,UNKNOWN,2,2719,0,0
792,792,61,1,single,unknown,2,true,-1,4100,UNKNOWN,2,3067,0,0
793,793,73,2,single,unknown,2,true,-1,467,UNKNOWN,2,2863,0,0
794,794,49,1,single,unknown,2,true,-1,1533,UNKNOWN,2,3283,0,0
795,795,62,1,single,unknown,2,true,-1,700,UNKNOWN,2,1744,2,0
796,796,26,2,single,unknown,2,true,-1,2300,UNKNOWN,2,975,0,0
797,797,39,1,single,unknown,2,true,-1,1167,UNKNOWN,2,1368,0,0
798,798,75,1,single,unknown,2,true,-1,1533,UNKNOWN,2,1983,0,0
799,799,75,1,single,unknown,2,true,-1,2200,UNKNOWN,2,2231,0,0
800,800,93,1,single,unknown,2,true,-1,1750,UNKNOWN,2,1947,2,0
801,801,32,1,single,unknown,2,true,-1,2429,UNKNOWN,2,1506,0,0
802,802,51,1,single,unknown,2,true,-1,2200,UNKNOWN,2,2772,0,0
803,803,36,2,single,unknown,2,true,-1,2300,UNKNOWN,2,3030,0,0
804,804,14,1,single,unknown,2,false,-1,2050,UNKNOWN,2,3107,0,0
805,805,74,1,single,unknown,2,true,-1,2800,UNKNOWN,2,892,0,0
806,806,76,1,single,unknown,2,true,-1,1200,UNKNOWN,2,1471,0,0
807,807,58,1,single,unknown,2,true,-1,4067,UNKNOWN,2,192,0,0
808,808,66,1,single,unknown,2,true,-1,1167,UNKNOWN,2,1553,0,0
809,809,46,1,single,unknown,2,true,-1,700,UNKNOWN,2,3317,0,0
810,810,80,1,single,unknown,2,true,-1,700,UNKNOWN,2,2304,0,0
811,811,33,1,single,unknown,2,true,-1,1867,UNKNOWN,2,3161,0,0
812,812,44,1,single,unknown,2,true,-1,1333,UNKNOWN,2,1942,0,0
813,813,44,2,single,unknown,2,true,-1,2800,UNKNOWN,2,1504,0,0
814,814,0,1,single,unknown,2,false,-1,1952,UNKNOWN,2,615,0,0
815,815,6,2,single,unknown,2,false,-1,2154,UNKNOWN,2,1727,0,0
816,816,30,2,single,unknown,2,true,-1,1150,UNKNOWN,2,2656,0,0
817,817,40,1,single,unknown,2,true,-1,1200,UNKNOWN,2,1183,0,0
818,818,22,2,single,unknown,2,true,-1,2440,UNKNOWN,2,2816,0,0
819,819,47,1,single,unknown,2,true,-1,4067,UNKNOWN,2,3207,0,0
820,820,45,2,single,unknown,2,true,-1,1278,UNKNOWN,2,765,0,0
821,821,83,2,single,unknown,2,true,-1,1200,UNKNOWN,2,698,2,0
822,822,43,2,single,unknown,2,true,-1,1200,UNKNOWN,2,1354,0,0
823,823,72,2,single,unknown,2,true,-1,1867,UNKNOWN,2,1502,0,0
824,824,50,2,single,unknown,2,true,-1,700,UNKNOWN,2,2454,2,0
825,825,42,1,single,unknown,2,true,-1,2429,UNKNOWN,2,3056,0,0
826,826,15,2,single,unknown,2,true,-1,1867,UNKNOWN,2,2072,0,0
827,827,41,1,single,unknown,2,true,-1,1167,UNKNOWN,2,316,0,0
828,828,23,1,single,unknown,2,true,-1,2040,UNKNOWN,2,2622,0,0
829,829,46,1,single,unknown,2,true,-1,6100,UNKNOWN,2,949,0,0
830,830,10,2,single,unknown,2,false,-1,1769,UNKNOWN,2,1872,0,0
831,831,39,2,single,unknown,2,true,-1,1333,UNKNOWN,2,1598,0,0
832,832,48,2,single,unknown,2,true,-1,3300,UNKNOWN,2,649,0,0
833,833,37,1,single,unknown,2,true,-1,1571,UNKNOWN,2,721,0,0
834,834,29,1,single,unknown,2,true,-1,1094,UNKNOWN,2,2710,0,0
835,835,52,1,single,unknown,2,true,-1,2550,UNKNOWN,2,1360,0,0
836,836,84,2,single,unknown,2,true,-1,1867,UNKNOWN,2,1849,0,0
837,837,80,1,single,unknown,2,true,-1,1200,UNKNOWN,2,742,0,0
838,838,17,1,single,unknown,2,false,-1,1952,UNKNOWN,2,1,0,0
839,839,48,2,single,unknown,2,true,-1,1750,UNKNOWN,2,1602,0,0
840,840,62,2,single,unknown,2,true,-1,5100,UNKNOWN,2,1112,0,0
841,841,11,2,single,unknown,2,false,-1,1640,UNKNOWN,2,1001,0,0
842,842,68,2,single,unknown,2,true,-1,1200,UNKNOWN,2,1173,0,0
843,843,31,1,single,unknown,2,true,-1,3300,UNKNOWN,2,2592,0,0
844,844,4,1,single,unknown,2,false,-1,1952,UNKNOWN,2,1936,0,0
845,845,50,1,single,unknown,2,true,-1,700,UNKNOWN,2,1746,2,0
846,846,60,2,single,unknown,2,true,-1,1400,UNKNOWN,2,329,0,0
847,847,58,1,single,unknown,2,true,-1,1200,UNKNOWN,2,2981,2,0
848,848,9,2,single,unknown,2,false,-1,1094,UNKNOWN,2,3240,0,0
849,849,90,2,single,unknown,2,true,-1,1750,UNKNOWN,2,905,0,0
850,850,36,1,single,unknown,2,true,-1,1750,UNKNOWN,2,1343,0,0
851,851,60,2,single,unknown,2,true,-1,1200,UNKNOWN,2,409,0,0
852,852,19,2,single,unknown,2,true,-1,1167,UNKNOWN,2,1161,0,0
853,853,9,2,single,unknown,2,false,-1,1783,UNKNOWN,2,3053,0,0
854,854,48,2,single,unknown,2,true,-1,2200,UNKNOWN,2,2039,0,0
855,855,62,2,single,unknown,2,true,-1,2200,UNKNOWN,2,392,2,0
856,856,27,2,single,unknown,2,true,-1,1750,UNKNOWN,2,486,0,0
857,857,30,2,single,unknown,2,true,-1,2300,UNKNOWN,2,292,0,0
858,858,69,2,single,unknown,2,true,-1,1167,UNKNOWN,2,1493,0,0
859,859,65,1,single,unknown,2,true,-1,1867,UNKNOWN,2,375,0,0
860,860,51,1,single,unknown,2,true,-1,2200,UNKNOWN,2,164,0,0
861,861,62,2,single,unknown,2,true,-1,1200,UNKNOWN,2,2754,2,0
862,862,80,1,single,unknown,2,true,-1,1867,UNKNOWN,2,872,0,0
863,863,30,1,single,unknown,2,true,-1,923,UNKNOWN,2,1017,0,0
864,864,98,2,single,unknown,2,true,-1,1750,UNKNOWN,2,2645,2,0
865,865,72,1,single,unknown,2,true,-1,1200,UNKNOWN,2,2147,0,0
866,866,96,2,single,unknown,2,true,-1,1200,UNKNOWN,2,2051,2,0
867,867,59,1,single,unknown,2,true,-1,700,UNKNOWN,2,2351,2,0
868,868,7,1,single,unknown,2,false,-1,1375,UNKNOWN,2,2651,0,0
869,869,90,2,single,unknown,2,true,-1,1167,UNKNOWN,2,2668,0,0
870,870,45,2,single,unknown,2,true,-1,3400,UNKNOWN,2,3318,0,0
871,871,37,2,single,unknown,2,true,-1,2800,UNKNOWN,2,1481,0,0
872,872,20,2,single,unknown,2,true,-1,1640,UNKNOWN,2,530,0,0
873,873,47,1,single,unknown,2,true,-1,1571,UNKNOWN,2,1930,0,0
874,874,28,2,single,unknown,2,true,-1,2833,UNKNOWN,2,1907,0,0
875,875,38,1,single,unknown,2,true,-1,1867,UNKNOWN,2,3285,0,0
876,876,32,2,single,unknown,2,true,-1,625,UNKNOWN,2,2827,0,0
877,877,46,2,single,unknown,2,true,-1,761,UNKNOWN,2,698,0,0
878,878,72,1,single,unknown,2,true,-1,1867,UNKNOWN,2,3438,0,0
879,879,66,1,single,unknown,2,true,-1,1167,UNKNOWN,2,2227,2,0
880,880,34,2,single,unknown,2,true,-1,2550,UNKNOWN,2,865,0,0
881,881,46,2,single,unknown,2,true,-1,1200,UNKNOWN,2,2504,2,0
882,882,63,1,single,unknown,2,true,-1,700,UNKNOWN,2,100,0,0
883,883,13,2,single,unknown,2,false,-1,2217,UNKNOWN,2,2586,0,0
884,884,37,1,single,unknown,2,true,-1,522,UNKNOWN,2,1383,0,0
885,885,43,1,single,unknown,2,true,-1,833,UNKNOWN,2,319,0,0
886,886,7,2,single,unknown,2,false,-1,1783,UNKNOWN,2,1204,0,0
887,887,55,2,single,unknown,2,true,-1,2346,UNKNOWN,2,757,0,0
888,888,98,1,single,unknown,2,true,-1,1079,UNKNOWN,2,1586,2,0
889,889,36,1,single,unknown,2,true,-1,1750,UNKNOWN,2,2607,0,0
890,890,63,1,single,unknown,2,true,-1,700,UNKNOWN,2,805,0,0
891,891,8,2,single,unknown,2,false,-1,2125,UNKNOWN,2,2723,0,0
892,892,72,2,single,unknown,2,true,-1,1200,UNKNOWN,2,993,0,0
893,893,74,2,single,unknown,2,true,-1,1867,UNKNOWN,2,2450,2,0
894,894,44,1,single,unknown,2,true,-1,700,UNKNOWN,2,624,2,0
895,895,70,1,single,unknown,2,true,-1,700,UNKNOWN,2,3393,0,0
896,896,71,2,single,unknown,2,true,-1,1200,UNKNOWN,2,1583,0,0
897,897,37,1,single,unknown,2,true,-1,538,UNKNOWN,2,1665,0,0
898,898,38,1,single,unknown,2,true,-1,1833,UNKNOWN,2,2649,0,0
899,899,61,1,single,unknown,2,true,-1,700,UNKNOWN,2,479,0,0
900,900,92,2,single,unknown,2,true,-1,2733,UNKNOWN,2,622,2,0
901,901,90,2,single,unknown,2,true,-1,1867,UNKNOWN,2,2078,0,0
902,902,56,2,single,unknown,2,true,-1,3050,UNKNOWN,2,3105,0,0
903,903,10,2,single,unknown,2,false,-1,500,UNKNOWN,2,2946,0,0
904,904,79,2,single,unknown,2,true,-1,1200,UNKNOWN,2,3218,0,0
905,905,6,1,single,unknown,2,false,-1,2652,UNKNOWN,2,2863,0,0
906,906,19,1,single,unknown,2,true,-1,920,UNKNOWN,2,3122,0,0
907,907,13,2,single,unknown,2,false,-1,2440,UNKNOWN,2,1056,0,0
908,908,37,1,single,unknown,2,true,-1,3400,UNKNOWN,2,1400,0,0
909,909,33,1,single,unknown,2,true,-1,2733,UNKNOWN,2,2834,0,0
910,910,62,1,single,unknown,2,true,-1,1200,UNKNOWN,2,1112,2,0
911,911,71,2,single,unknown,2,true,-1,1533,UNKNOWN,2,3366,2,0
912,912,47,2,single,unknown,2,true,-1,2429,UNKNOWN,2,2337,0,0
913,913,94,2,single,unknown,2,true,-1,1867,UNKNOWN,2,2958,0,0
914,914,61,1,single,unknown,2,true,-1,1750,UNKNOWN,2,2692,0,0
915,915,61,2,single,unknown,2,true,-1,250,UNKNOWN,2,1763,0,0
916,916,59,2,single,unknown,2,true,-1,3389,UNKNOWN,2,2331,0,0
917,917,64,2,single,unknown,2,true,-1,800,UNKNOWN,2,3399,0,0
918,918,78,1,single,unknown,2,true,-1,1533,UNKNOWN,2,1143,0,0
919,919,35,2,single,unknown,2,true,-1,1750,UNKNOWN,2,2630,0,0
920,920,63,1,single,unknown,2,true,-1,700,UNKNOWN,2,1984,2,0
921,921,61,2,single,unknown,2,true,-1,1400,UNKNOWN,2,1344,0,0
922,922,51,1,single,unknown,2,true,-1,3400,UNKNOWN,2,2328,0,0
923,923,48,2,single,unknown,2,true,-1,700,UNKNOWN,2,42,2,0
924,924,50,1,single,unknown,2,true,-1,1150,UNKNOWN,2,2246,0,0
925,925,35,2,single,unknown,2,true,-1,2300,UNKNOWN,2,2701,0,0
926,926,18,2,single,unknown,2,true,-1,2733,UNKNOWN,2,1371,0,0
927,927,15,1,single,unknown,2,false,-1,2033,UNKNOWN,2,1006,0,0
928,928,68,2,single,unknown,2,true,-1,1750,UNKNOWN,2,2527,0,0
929,929,45,1,single,unknown,2,true,-1,1952,UNKNOWN,2,2519,0,0
930,930,11,1,single,unknown,2,false,-1,1783,UNKNOWN,2,2251,0,0
931,931,53,1,single,unknown,2,true,-1,700,UNKNOWN,2,1861,2,0
932,932,32,1,single,unknown,2,true,-1,1833,UNKNOWN,2,3045,0,0
933,933,10,2,single,unknown,2,false,-1,1571,UNKNOWN,2,1197,0,0
934,934,47,1,single,unknown,2,true,-1,1200,UNKNOWN,2,2339,0,0
935,935,24,1,single,unknown,2,true,-1,1556,UNKNOWN,2,1020,0,0
936,936,2,2,single,unknown,2,false,-1,750,UNKNOWN,2,2409,0,0
937,937,17,2,single,unknown,2,false,-1,1079,UNKNOWN,2,3402,0,0
938,938,42,2,single,unknown,2,true,-1,2300,UNKNOWN,2,1146,0,0
939,939,41,2,single,unknown,2,true,-1,1167,UNKNOWN,2,1437,0,0
940,940,82,1,single,unknown,2,true,-1,1750,UNKNOWN,2,362,0,0
941,941,11,1,single,unknown,2,false,-1,1167,UNKNOWN,2,829,0,0
942,942,4,1,single,unknown,2,false,-1,1833,UNKNOWN,2,2673,0,0
943,943,8,2,single,unknown,2,false,-1,2429,UNKNOWN,2,941,0,0
944,944,58,1,single,unknown,2,true,-1,1867,UNKNOWN,2,2921,2,0
945,945,62,2,single,unknown,2,true,-1,4067,UNKNOWN,2,993,0,0
946,946,19,2,single,unknown,2,true,-1,920,UNKNOWN,2,3209,0,0
947,947,43,2,single,unknown,2,true,-1,1079,UNKNOWN,2,1146,0,0
948,948,92,1,single,unknown,2,true,-1,4100,UNKNOWN,2,2445,2,0
949,949,27,2,single,unknown,2,true,-1,2200,UNKNOWN,2,1061,0,0
950,950,50,2,single,unknown,2,true,-1,1167,UNKNOWN,2,2410,0,0
951,951,72,1,single,unknown,2,true,-1,700,UNKNOWN,2,611,0,0
952,952,42,2,single,unknown,2,true,-1,1571,UNKNOWN,2,1430,0,0
953,953,16,1,single,unknown,2,false,-1,600,UNKNOWN,2,3188,2,0
954,954,29,2,single,unknown,2,true,-1,1833,UNKNOWN,2,3334,0,0
955,955,55,1,single,unknown,2,true,-1,700,UNKNOWN,2,3470,2,0
956,956,12,1,single,unknown,2,false,-1,1217,UNKNOWN,2,883,0,0
957,957,87,2,single,unknown,2,true,-1,1750,UNKNOWN,2,1783,0,0
958,958,5,1,single,unknown,2,false,-1,1095,UNKNOWN,2,3439,0,0
959,959,49,2,single,unknown,2,true,-1,2733,UNKNOWN,2,2019,0,0
960,960,65,1,single,unknown,2,true,-1,4067,UNKNOWN,2,496,2,0
961,961,42,1,single,unknown,2,true,-1,480,UNKNOWN,2,988,0,0
962,962,23,1,single,unknown,2,true,-1,3300,UNKNOWN,2,2385,0,0
963,963,70,1,single,unknown,2,true,-1,1867,UNKNOWN,2,3083,2,0
964,964,62,1,single,unknown,2,true,-1,2733,UNKNOWN,2,2224,0,0
965,965,23,1,single,unknown,2,true,-1,1150,UNKNOWN,2,795,2,0
966,966,71,2,single,unknown,2,true,-1,1533,UNKNOWN,2,448,0,0
967,967,12,2,single,unknown,2,false,-1,1783,UNKNOWN,2,2776,0,0
968,968,60,1,single,unknown,2,true,-1,700,UNKNOWN,2,2836,0,0
969,969,32,2,single,unknown,2,true,-1,1952,UNKNOWN,2,2013,0,0
970,970,38,1,single,unknown,2,true,-1,2300,UNKNOWN,2,291,0,0
971,971,12,1,single,unknown,2,false,-1,793,UNKNOWN,2,160,0,0
972,972,21,1,single,unknown,2,true,-1,1640,UNKNOWN,2,506,0,0
973,973,75,1,single,unknown,2,true,-1,700,UNKNOWN,2,1472,2,0
974,974,8,2,single,unknown,2,false,-1,1346,UNKNOWN,2,301,0,0
975,975,91,1,single,unknown,2,true,-1,1200,UNKNOWN,2,1090,2,0
976,976,2,1,single,unknown,2,false,-1,2542,UNKNOWN,2,902,0,0
977,977,34,2,single,unknown,2,true,-1,2833,UNKNOWN,2,3430,0,0
978,978,42,1,single,unknown,2,true,-1,2125,UNKNOWN,2,257,0,0
979,979,13,2,single,unknown,2,false,-1,2278,UNKNOWN,2,3316,0,0
980,980,63,2,single,unknown,2,true,-1,700,UNKNOWN,2,1698,0,0
981,981,52,1,single,unknown,2,true,-1,1400,UNKNOWN,2,1761,0,0
982,982,62,1,single,unknown,2,true,-1,1200,UNKNOWN,2,789,0,0
983,983,25,1,single,unknown,2,true,-1,467,UNKNOWN,2,2163,0,0
984,984,52,1,single,unknown,2,true,-1,3400,UNKNOWN,2,1565,0,0
985,985,23,1,single,unknown,2,true,-1,467,UNKNOWN,2,1087,0,0
986,986,37,2,single,unknown,2,true,-1,1150,UNKNOWN,2,2775,0,0
987,987,12,2,single,unknown,2,false,-1,1269,UNKNOWN,2,2077,0,0
988,988,4,1,single,unknown,2,false,-1,1708,UNKNOWN,2,1910,0,0
989,989,58,1,single,unknown,2,true,-1,700,UNKNOWN,2,2829,0,0
990,990,54,1,single,unknown,2,true,-1,700,UNKNOWN,2,2249,0,0
991,991,13,1,single,unknown,2,false,-1,1640,UNKNOWN,2,2321,0,0
992,992,46,1,single,unknown,2,true,-1,2346,UNKNOWN,2,728,0,0
993,993,90,2,single,unknown,2,true,-1,1750,UNKNOWN,2,3205,0,0
994,994,84,1,single,unknown,2,true,-1,2300,UNKNOWN,2,2523,0,0
995,995,7,2,single,unknown,2,false,-1,1737,UNKNOWN,2,2966,0,0
996,996,26,2,single,unknown,2,true,-1,1867,UNKNOWN,2,512,0,0
997,997,53,2,single,unknown,2,true,-1,1200,UNKNOWN,2,2362,0,0
998,998,60,2,single,unknown,2,true,-1,2733,UNKNOWN,2,3043,0,0
999,999,41,1,single,unknown,2,true,-1,250,UNKNOWN,2,2093,0,0
1000,1000,4,2,single,unknown,2,false,-1,2542,UNKNOWN,2,909,0,0
1001,1001,42,1,single,unknown,2,true,-1,600,UNKNOWN,2,717,2,0
1002,1002,74,2,single,unknown,2,true,-1,2200,UNKNOWN,2,1781,0,0
1003,1003,51,2,single,unknown,2,true,-1,800,UNKNOWN,2,3393,0,0
1004,1004,40,2,single,unknown,2,true,-1,2278,UNKNOWN,2,239,0,0
1005,1005,56,2,single,unknown,2,true,-1,1167,UNKNOWN,2,2661,2,0
1006,1006,2,2,single,unknown,2,false,-1,1278,UNKNOWN,2,1937,0,0
1007,1007,73,1,single,unknown,2,true,-1,1200,UNKNOWN,2,1037,0,0
1008,1008,31,2,single,unknown,2,true,-1,1571,UNKNOWN,2,2374,0,0
1009,1009,47,1,single,unknown,2,true,-1,2542,UNKNOWN,2,1984,0,0
1010,1010,52,2,single,unknown,2,true,-1,1952,UNKNOWN,2,3075,0,0
1011,1011,15,2,single,unknown,2,false,-1,1435,UNKNOWN,2,549,0,0
1012,1012,5,2,single,unknown,2,false,-1,1769,UNKNOWN,2,106,0,0
1013,1013,76,1,single,unknown,2,true,-1,1167,UNKNOWN,2,632,0,0
1014,1014,90,1,single,unknown,2,true,-1,1167,UNKNOWN,2,165,2,0
1015,1015,64,2,single,unknown,2,true,-1,2733,UNKNOWN,2,3219,0,0
1016,1016,15,2,single,unknown,2,false,-1,972,UNKNOWN,2,193,0,0
1017,1017,1,2,single,unknown,2,false,-1,1037,UNKNOWN,2,2597,0,0
1018,1018,23,1,single,unknown,2,true,-1,1650,UNKNOWN,2,2987,0,0
1019,1019,70,2,single,unknown,2,true,-1,1533,UNKNOWN,2,857,0,0
1020,1020,4,2,single,unknown,2,false,-1,1556,UNKNOWN,2,3005,0,0
1021,1021,35,1,single,unknown,2,true,-1,1833,UNKNOWN,2,1709,0,0
1022,1022,15,1,single,unknown,2,false,-1,1640,UNKNOWN,2,3136,2,0
1023,1023,5,1,single,unknown,2,false,-1,1095,UNKNOWN,2,1143,0,0
1024,1024,14,1,single,unknown,2,false,-1,1150,UNKNOWN,2,1477,0,0
1025,1025,83,2,single,unknown,2,true,-1,1200,UNKNOWN,2,2459,0,0
1026,1026,3,2,single,unknown,2,false,-1,1708,UNKNOWN,2,2782,0,0
1027,1027,57,2,single,unknown,2,true,-1,2200,UNKNOWN,2,3258,0,0
1028,1028,31,2,single,unknown,2,true,-1,2800,UNKNOWN,2,1160,0,0
1029,1029,82,1,single,unknown,2,true,-1,1533,UNKNOWN,2,3218,0,0
1030,1030,49,1,single,unknown,2,true,-1,700,UNKNOWN,2,2493,2,0
1031,1031,51,2,single,unknown,2,true,-1,2200,UNKNOWN,2,120,0,0
1032,1032,43,1,single,unknown,2,true,-1,1750,UNKNOWN,2,873,0,0
1033,1033,13,2,single,unknown,2,false,-1,1952,UNKNOWN,2,2249,0,0
1034,1034,52,2,single,unknown,2,true,-1,1750,UNKNOWN,2,1697,0,0
1035,1035,36,1,single,unknown,2,true,-1,2300,UNKNOWN,2,57,0,0
1036,1036,37,2,single,unknown,2,true,-1,1750,UNKNOWN,2,1257,0,0
1037,1037,57,1,single,unknown,2,true,-1,2200,UNKNOWN,2,1375,0,0
1038,1038,27,2,single,unknown,2,true,-1,2278,UNKNOWN,2,2601,0,0
1039,1039,65,1,single,unknown,2,true,-1,1867,UNKNOWN,2,2287,2,0
1040,1040,73,1,single,unknown,2,true,-1,1533,UNKNOWN,2,2898,0,0
1041,1041,2,1,single,unknown,2,false,-1,833,UNKNOWN,2,2269,0,0
1042,1042,6,2,single,unknown,2,false,-1,2905,UNKNOWN,2,3203,0,0
1043,1043,60,1,single,unknown,2,true,-1,1867,UNKNOWN,2,2749,2,0
1044,1044,62,1,single,unknown,2,true,-1,1533,UNKNOWN,2,1272,0,0
1045,1045,73,1,single,unknown,2,true,-1,1167,UNKNOWN,2,1605,0,0
1046,1046,39,1,single,unknown,2,true,-1,958,UNKNOWN,2,1962,0,0
1047,1047,55,1,single,unknown,2,true,-1,2300,UNKNOWN,2,1970,0,0
1048,1048,28,1,single,unknown,2,true,-1,1833,UNKNOWN,2,1146,0,0
1049,1049,6,1,single,unknown,2,false,-1,2429,UNKNOWN,2,3266,0,0
1050,1050,42,1,single,unknown,2,true,-1,800,UNKNOWN,2,1063,2,0
1051,1051,57,2,single,unknown,2,true,-1,700,UNKNOWN,2,693,0,0
1052,1052,19,2,single,unknown,2,true,-1,1700,UNKNOWN,2,2720,0,0
1053,1053,78,1,single,unknown,2,true,-1,1200,UNKNOWN,2,2458,0,0
1054,1054,44,2,single,unknown,2,true,-1,1150,UNKNOWN,2,1505,0,0
1055,1055,28,2,single,unknown,2,true,-1,1867,UNKNOWN,2,606,0,0
1056,1056,54,1,single,unknown,2,true,-1,1200,UNKNOWN,2,101,0,0
1057,1057,17,2,single,unknown,2,false,-1,3154,UNKNOWN,2,1823,0,0
1058,1058,52,2,single,unknown,2,true,-1,1200,UNKNOWN,2,2364,0,0
1059,1059,26,2,single,unknown,2,true,-1,2550,UNKNOWN,2,2056,0,0
1060,1060,65,1,single,unknown,2,true,-1,250,UNKNOWN,2,744,0,0
1061,1061,55,1,single,unknown,2,true,-1,1167,UNKNOWN,2,2065,0,0
1062,1062,55,1,single,unknown,2,true,-1,2300,UNKNOWN,2,934,0,0
1063,1063,51,2,single,unknown,2,true,-1,1750,UNKNOWN,2,1445,0,0
1064,1064,54,2,single,unknown,2,true,-1,700,UNKNOWN,2,3364,2,0
1065,1065,40,2,single,unknown,2,true,-1,2300,UNKNOWN,2,1123,0,0
1066,1066,58,1,single,unknown,2,true,-1,700,UNKNOWN,2,2481,0,0
1067,1067,15,2,single,unknown,2,false,-1,2217,UNKNOWN,2,946,0,0
1068,1068,38,2,single,unknown,2,true,-1,1750,UNKNOWN,2,681,0,0
1069,1069,35,2,single,unknown,2,true,-1,2429,UNKNOWN,2,106,0,0
1070,1070,99,1,single,unknown,2,true,-1,2050,UNKNOWN,2,2248,2,0
1071,1071,47,1,single,unknown,2,true,-1,800,UNKNOWN,2,1543,0,0
1072,1072,5,2,single,unknown,2,false,-1,2833,UNKNOWN,2,2321,0,0
1073,1073,73,1,single,unknown,2,true,-1,1200,UNKNOWN,2,735,0,0
1074,1074,80,2,single,unknown,2,true,-1,1200,UNKNOWN,2,1913,0,0
1075,1075,39,2,single,unknown,2,true,-1,2833,UNKNOWN,2,2721,0,0
1076,1076,41,1,single,unknown,2,true,-1,923,UNKNOWN,2,2140,2,0
1077,1077,47,2,single,unknown,2,true,-1,3400,UNKNOWN,2,3016,0,0
1078,1078,18,1,single,unknown,2,true,-1,600,UNKNOWN,2,1788,0,0
1079,1079,25,2,single,unknown,2,true,-1,2300,UNKNOWN,2,525,0,0
1080,1080,51,2,single,unknown,2,true,-1,800,UNKNOWN,2,3412,2,0
1081,1081,62,1,single,unknown,2,true,-1,700,UNKNOWN,2,3345,0,0
1082,1082,47,1,single,unknown,2,true,-1,1167,UNKNOWN,2,2070,0,0
1083,1083,42,1,single,unknown,2,true,-1,600,UNKNOWN,2,3204,2,0
1084,1084,24,2,single,unknown,2,true,-1,1400,UNKNOWN,2,1826,0,0
1085,1085,54,2,single,unknown,2,true,-1,1533,UNKNOWN,2,1769,0,0
1086,1086,46,1,single,unknown,2,true,-1,3050,UNKNOWN,2,576,0,0
1087,1087,37,1,single,unknown,2,true,-1,600,UNKNOWN,2,1653,2,0
1088,1088,47,1,single,unknown,2,true,-1,1400,UNKNOWN,2,270,0,0
1089,1089,2,2,single,unknown,2,false,-1,1833,UNKNOWN,2,1452,0,0
1090,1090,51,1,single,unknown,2,true,-1,1533,UNKNOWN,2,763,2,0
1091,1091,6,2,single,unknown,2,false,-1,1556,UNKNOWN,2,2178,0,0
1092,1092,22,1,single,unknown,2,true,-1,2040,UNKNOWN,2,5,0,0
1093,1093,87,1,single,unknown,2,true,-1,4100,UNKNOWN,2,325,2,0
1094,1094,35,1,single,unknown,2,true,-1,1556,UNKNOWN,2,2901,0,0
1095,1095,67,2,single,unknown,2,true,-1,1200,UNKNOWN,2,2339,0,0
1096,1096,45,1,single,unknown,2,true,-1,2905,UNKNOWN,2,238,0,0
1097,1097,84,2,single,unknown,2,true,-1,2300,UNKNOWN,2,2833,0,0
1098,1098,17,1,single,unknown,2,false,-1,1640,UNKNOWN,2,2819,0,0
1099,1099,4,2,single,unknown,2,false,-1,2429,UNKNOWN,2,3065,0,0
1100,1100,3,1,single,unknown,2,false,-1,1519,UNKNOWN,2,3238,0,0
1101,1101,2,1,single,unknown,2,false,-1,2833,UNKNOWN,2,2375,0,0
1102,1102,33,1,single,unknown,2,true,-1,1750,UNKNOWN,2,1212,0,0
1103,1103,46,1,single,unknown,2,true,-1,1783,UNKNOWN,2,490,0,0
1104,1104,52,1,single,unknown,2,true,-1,1200,UNKNOWN,2,633,2,0
1105,1105,54,1,single,unknown,2,true,-1,700,UNKNOWN,2,1427,2,0
1106,1106,73,1,single,unknown,2,true,-1,2800,UNKNOWN,2,1753,0,0
1107,1107,53,1,single,unknown,2,true,-1,3400,UNKNOWN,2,231,0,0
1108,1108,16,1,single,unknown,2,false,-1,1435,UNKNOWN,2,2055,0,0
1109,1109,66,1,single,unknown,2,true,-1,1533,UNKNOWN,2,30,0,0
1110,1110,22,1,single,unknown,2,true,-1,920,UNKNOWN,2,2850,0,0
1111,1111,2,2,single,unknown,2,false,-1,1833,UNKNOWN,2,2843,0,0
1112,1112,14,2,single,unknown,2,false,-1,2429,UNKNOWN,2,2259,0,0
1113,1113,9,2,single,unknown,2,false,-1,1333,UNKNOWN,2,283,0,0
1114,1114,5,1,single,unknown,2,false,-1,2429,UNKNOWN,2,1124,0,0
1115,1115,41,2,single,unknown,2,true,-1,1952,UNKNOWN,2,3080,0,0
1116,1116,74,2,single,unknown,2,true,-1,3400,UNKNOWN,2,1767,0,0
1117,1117,40,2,single,unknown,2,true,-1,1556,UNKNOWN,2,1988,0,0
1118,1118,36,2,single,unknown,2,true,-1,3389,UNKNOWN,2,2981,0,0
1119,1119,15,1,single,unknown,2,false,-1,1150,UNKNOWN,2,2449,0,0
1120,1120,27,2,single,unknown,2,true,-1,833,UNKNOWN,2,3113,0,0
1121,1121,23,2,single,unknown,2,true,-1,2200,UNKNOWN,2,1576,0,0
1122,1122,61,2,single,unknown,2,true,-1,700,UNKNOWN,2,3130,0,0
1123,1123,57,1,single,unknown,2,true,-1,700,UNKNOWN,2,2989,2,0
1124,1124,8,2,single,unknown,2,false,-1,1278,UNKNOWN,2,2167,0,0
1125,1125,11,1,single,unknown,2,false,-1,2050,UNKNOWN,2,2089,0,0
1126,1126,99,1,single,unknown,2,true,-1,1200,UNKNOWN,2,2439,2,0
1127,1127,42,2,single,unknown,2,true,-1,2429,UNKNOWN,2,3046,0,0
1128,1128,70,2,single,unknown,2,true,-1,1750,UNKNOWN,2,455,0,0
1129,1129,42,2,single,unknown,2,true,-1,2905,UNKNOWN,2,1964,0,0
1130,1130,64,1,single,unknown,2,true,-1,1867,UNKNOWN,2,2870,2,0
1131,1131,33,2,single,unknown,2,true,-1,3050,UNKNOWN,2,2990,0,0
1132,1132,84,2,single,unknown,2,true,-1,1533,UNKNOWN,2,1653,2,0
1133,1133,72,2,single,unknown,2,true,-1,1867,UNKNOWN,2,2157,0,0
1134,1134,60,2,single,unknown,2,true,-1,3050,UNKNOWN,2,2914,0,0
1135,1135,61,2,single,unknown,2,true,-1,2550,UNKNOWN,2,296,0,0
1136,1136,41,2,single,unknown,2,true,-1,1167,UNKNOWN,2,1817,0,0
1137,1137,9,2,single,unknown,2,false,-1,2905,UNKNOWN,2,733,0,0
1138,1138,52,2,single,unknown,2,true,-1,1167,UNKNOWN,2,2027,0,0
1139,1139,23,1,single,unknown,2,true,-1,1400,UNKNOWN,2,2677,0,0
1140,1140,39,1,single,unknown,2,true,-1,2300,UNKNOWN,2,2472,0,0
1141,1141,60,1,single,unknown,2,true,-1,2300,UNKNOWN,2,2949,0,0
1142,1142,65,1,single,unknown,2,true,-1,2733,UNKNOWN,2,1577,0,0
1143,1143,63,1,single,unknown,2,true,-1,1533,UNKNOWN,2,537,0,0
1144,1144,55,2,single,unknown,2,true,-1,250,UNKNOWN,2,2251,0,0
1145,1145,41,1,single,unknown,2,true,-1,2200,UNKNOWN,2,804,0,0
1146,1146,52,2,single,unknown,2,true,-1,2040,UNKNOWN,2,2161,0,0
1147,1147,11,2,single,unknown,2,false,-1,1167,UNKNOWN,2,260,0,0
1148,1148,34,1,single,unknown,2,true,-1,1750,UNKNOWN,2,1728,0,0
1149,1149,6,1,single,unknown,2,false,-1,2429,UNKNOWN,2,1878,0,0
1150,1150,52,2,single,unknown,2,true,-1,800,UNKNOWN,2,695,0,0
1151,1151,38,2,single,unknown,2,true,-1,700,UNKNOWN,2,1777,0,0
1152,1152,92,1,single,unknown,2,true,-1,1867,UNKNOWN,2,2046,0,0
1153,1153,37,1,single,unknown,2,true,-1,1375,UNKNOWN,2,725,0,0
1154,1154,4,1,single,unknown,2,false,-1,1333,UNKNOWN,2,3144,0,0
1155,1155,33,2,single,unknown,2,true,-1,1750,UNKNOWN,2,3398,0,0
1156,1156,72,1,single,unknown,2,true,-1,1167,UNKNOWN,2,1580,0,0
1157,1157,30,1,single,unknown,2,true,-1,333,UNKNOWN,2,2374,0,0
1158,1158,28,2,single,unknown,2,true,-1,2300,UNKNOWN,2,180,0,0
1159,1159,52,1,single,unknown,2,true,-1,1200,UNKNOWN,2,3255,0,0
1160,1160,93,1,single,unknown,2,true,-1,1200,UNKNOWN,2,2638,0,0
1161,1161,70,1,single,unknown,2,true,-1,1867,UNKNOWN,2,1772,0,0
1162,1162,40,1,single,unknown,2,true,-1,972,UNKNOWN,2,930,0,0
1163,1163,41,1,single,unknown,2,true,-1,1650,UNKNOWN,2,3069,0,0
1164,1164,25,2,single,unknown,2,true,-1,571,UNKNOWN,2,545,0,0
1165,1165,56,2,single,unknown,2,true,-1,1167,UNKNOWN,2,2696,0,0
1166,1166,18,1,single,unknown,2,true,-1,2440,UNKNOWN,2,321,0,0
1167,1167,55,2,single,unknown,2,true,-1,1200,UNKNOWN,2,976,0,0
1168,1168,38,1,single,unknown,2,true,-1,1867,UNKNOWN,2,2144,0,0
1169,1169,59,1,single,unknown,2,true,-1,1533,UNKNOWN,2,2480,0,0
1170,1170,52,2,single,unknown,2,true,-1,1952,UNKNOWN,2,480,0,0
1171,1171,82,1,single,unknown,2,true,-1,1750,UNKNOWN,2,1389,2,0
1172,1172,32,1,single,unknown,2,true,-1,1952,UNKNOWN,2,1203,0,0
1173,1173,57,2,single,unknown,2,true,-1,1533,UNKNOWN,2,3204,0,0
1174,1174,97,2,single,unknown,2,true,-1,1200,UNKNOWN,2,600,2,0
1175,1175,28,1,single,unknown,2,true,-1,2733,UNKNOWN,2,1302,0,0
1176,1176,17,1,single,unknown,2,true,-1,1400,UNKNOWN,2,928,0,0
1177,1177,50,2,single,unknown,2,true,-1,2200,UNKNOWN,2,2712,2,0
1178,1178,30,2,single,unknown,2,true,-1,2300,UNKNOWN,2,2821,0,0
1179,1179,56,2,single,unknown,2,true,-1,2733,UNKNOWN,2,184,0,0
1180,1180,62,1,single,unknown,2,true,-1,700,UNKNOWN,2,1420,0,0
1181,1181,36,1,single,unknown,2,true,-1,1556,UNKNOWN,2,79,0,0
1182,1182,38,2,single,unknown,2,true,-1,1150,UNKNOWN,2,2671,0,0
1183,1183,34,1,single,unknown,2,true,-1,1200,UNKNOWN,2,3198,0,0
1184,1184,65,2,single,unknown,2,true,-1,250,UNKNOWN,2,1733,0,0
1185,1185,35,1,single,unknown,2,true,-1,1571,UNKNOWN,2,2745,0,0
1186,1186,30,2,single,unknown,2,true,-1,1200,UNKNOWN,2,1556,0,0
1187,1187,84,2,single,unknown,2,true,-1,1167,UNKNOWN,2,2299,2,0
1188,1188,79,2,single,unknown,2,true,-1,1867,UNKNOWN,2,239,0,0
1189,1189,17,2,single,unknown,2,false,-1,3389,UNKNOWN,2,199,0,0
1190,1190,28,1,single,unknown,2,true,-1,1533,UNKNOWN,2,1751,0,0
1191,1191,41,1,single,unknown,2,true,-1,1095,UNKNOWN,2,3354,0,0
1192,1192,18,1,single,unknown,2,true,-1,1167,UNKNOWN,2,2285,0,0
1193,1193,30,1,single,unknown,2,true,-1,1000,UNKNOWN,2,2036,0,0
1194,1194,7,2,single,unknown,2,false,-1,1708,UNKNOWN,2,247,0,0
1195,1195,20,2,single,unknown,2,true,-1,2050,UNKNOWN,2,3471,0,0
1196,1196,93,2,single,unknown,2,true,-1,2300,UNKNOWN,2,774,2,0
1197,1197,24,1,single,unknown,2,true,-1,729,UNKNOWN,2,2172,0,0
1198,1198,19,1,single,unknown,2,true,-1,700,UNKNOWN,2,1159,0,0
1199,1199,32,1,single,unknown,2,true,-1,2278,UNKNOWN,2,2039,0,0
1200,1200,25,1,single,unknown,2,true,-1,2300,UNKNOWN,2,3028,0,0
1201,1201,43,2,single,unknown,2,true,-1,2300,UNKNOWN,2,2738,0,0
1202,1202,66,2,single,unknown,2,true,-1,2200,UNKNOWN,2,2322,0,0
1203,1203,21,1,single,unknown,2,true,-1,920,UNKNOWN,2,2396,0,0
1204,1204,15,2,single,unknown,2,false,-1,2833,UNKNOWN,2,293,0,0
1205,1205,18,1,single,unknown,2,true,-1,1400,UNKNOWN,2,1660,0,0
1206,1206,4,2,single,unknown,2,false,-1,2905,UNKNOWN,2,1704,0,0
1207,1207,55,2,single,unknown,2,true,-1,1650,UNKNOWN,2,1327,0,0
1208,1208,24,2,single,unknown,2,true,-1,2733,UNKNOWN,2,2637,0,0
1209,1209,57,1,single,unknown,2,true,-1,1533,UNKNOWN,2,2522,2,0
1210,1210,99,2,single,unknown,2,true,-1,6100,UNKNOWN,2,2216,0,0
1211,1211,70,2,single,unknown,2,true,-1,1533,UNKNOWN,2,1723,0,0
1212,1212,41,1,single,unknown,2,true,-1,833,UNKNOWN,2,1544,0,0
1213,1213,43,1,single,unknown,2,true,-1,1094,UNKNOWN,2,1704,0,0
1214,1214,1,2,single,unknown,2,false,-1,1571,UNKNOWN,2,3008,0,0
1215,1215,37,2,single,unknown,2,true,-1,2300,UNKNOWN,2,3115,0,0
1216,1216,35,1,single,unknown,2,true,-1,1889,UNKNOWN,2,3182,0,0
1217,1217,47,1,single,unknown,2,true,-1,1750,UNKNOWN,2,2300,0,0
1218,1218,47,1,single,unknown,2,true,-1,4100,UNKNOWN,2,3159,0,0
1219,1219,26,2,single,unknown,2,true,-1,700,UNKNOWN,2,2625,0,0
1220,1220,12,2,single,unknown,2,false,-1,1640,UNKNOWN,2,1553,0,0
1221,1221,37,1,single,unknown,2,true,-1,2733,UNKNOWN,2,540,0,0
1222,1222,88,2,single,unknown,2,true,-1,1533,UNKNOWN,2,3305,2,0
1223,1223,17,2,single,unknown,2,false,-1,1333,UNKNOWN,2,2870,0,0
1224,1224,46,1,single,unknown,2,true,-1,2217,UNKNOWN,2,703,0,0
1225,1225,86,2,single,unknown,2,true,-1,3300,UNKNOWN,2,3134,2,0
1226,1226,44,1,single,unknown,2,true,-1,4067,UNKNOWN,2,1206,0,0
1227,1227,36,1,single,unknown,2,true,-1,1750,UNKNOWN,2,214,0,0
1228,1228,25,1,single,unknown,2,true,-1,1167,UNKNOWN,2,1093,0,0
1229,1229,47,1,single,unknown,2,true,-1,1821,UNKNOWN,2,2606,0,0
1230,1230,49,2,single,unknown,2,true,-1,1200,UNKNOWN,2,2637,0,0
1231,1231,22,1,single,unknown,2,true,-1,875,UNKNOWN,2,1080,0,0
1232,1232,25,1,single,unknown,2,true,-1,1200,UNKNOWN,2,3195,0,0
1233,1233,25,1,single,unknown,2,true,-1,1320,UNKNOWN,2,2217,0,0
1234,1234,61,1,single,unknown,2,true,-1,1167,UNKNOWN,2,651,0,0
1235,1235,30,1,single,unknown,2,true,-1,2300,UNKNOWN,2,1511,0,0
1236,1236,95,2,single,unknown,2,true,-1,1533,UNKNOWN,2,481,2,0
1237,1237,65,2,single,unknown,2,true,-1,700,UNKNOWN,2,2967,0,0
1238,1238,3,2,single,unknown,2,false,-1,833,UNKNOWN,2,2581,0,0
1239,1239,82,2,single,unknown,2,true,-1,1200,UNKNOWN,2,2219,0,0
1240,1240,16,2,single,unknown,2,false,-1,2652,UNKNOWN,2,844,0,0
1241,1241,54,1,single,unknown,2,true,-1,1769,UNKNOWN,2,3099,0,0
1242,1242,66,2,single,unknown,2,true,-1,1167,UNKNOWN,2,739,0,0
1243,1243,26,1,single,unknown,2,true,-1,1167,UNKNOWN,2,2883,0,0
1244,1244,36,1,single,unknown,2,true,-1,1750,UNKNOWN,2,3243,0,0
1245,1245,43,1,single,unknown,2,true,-1,2300,UNKNOWN,2,152,0,0
1246,1246,54,1,single,unknown,2,true,-1,3050,UNKNOWN,2,2715,0,0
1247,1247,12,2,single,unknown,2,false,-1,2440,UNKNOWN,2,2673,0,0
1248,1248,45,2,single,unknown,2,true,-1,1095,UNKNOWN,2,3413,0,0
1249,1249,65,2,single,unknown,2,true,-1,2800,UNKNOWN,2,1972,0,0
1250,1250,53,1,single,unknown,2,true,-1,1640,UNKNOWN,2,1302,0,0
1251,1251,69,2,single,unknown,2,true,-1,1533,UNKNOWN,2,265,0,0
1252,1252,9,2,single,unknown,2,false,-1,2429,UNKNOWN,2,1080,0,0
1253,1253,2,2,single,unknown,2,false,-1,2429,UNKNOWN,2,329,0,0
1254,1254,41,2,single,unknown,2,true,-1,1278,UNKNOWN,2,2078,0,0
1255,1255,68,2,single,unknown,2,true,-1,700,UNKNOWN,2,160,0,0
1256,1256,66,2,single,unknown,2,true,-1,800,UNKNOWN,2,2339,2,0
1257,1257,30,1,single,unknown,2,true,-1,3400,UNKNOWN,2,2968,0,0
1258,1258,81,2,single,unknown,2,true,-1,2200,UNKNOWN,2,926,0,0
1259,1259,60,1,single,unknown,2,true,-1,3400,UNKNOWN,2,1587,0,0
1260,1260,25,1,single,unknown,2,true,-1,250,UNKNOWN,2,353,0,0
1261,1261,22,2,single,unknown,2,true,-1,1867,UNKNOWN,2,3025,0,0
1262,1262,8,2,single,unknown,2,false,-1,2429,UNKNOWN,2,3230,0,0
1263,1263,7,2,single,unknown,2,false,-1,1375,UNKNOWN,2,1603,0,0
1264,1264,63,2,single,unknown,2,true,-1,2733,UNKNOWN,2,1427,0,0
1265,1265,47,1,single,unknown,2,true,-1,1200,UNKNOWN,2,2474,0,0
1266,1266,51,1,single,unknown,2,true,-1,1640,UNKNOWN,2,1578,0,0
1267,1267,52,1,single,unknown,2,true,-1,1150,UNKNOWN,2,2332,0,0
1268,1268,35,1,single,unknown,2,true,-1,1095,UNKNOWN,2,3152,0,0
1269,1269,3,2,single,unknown,2,false,-1,1833,UNKNOWN,2,519,0,0
1270,1270,50,1,single,unknown,2,true,-1,1867,UNKNOWN,2,3254,2,0
1271,1271,28,1,single,unknown,2,true,-1,1200,UNKNOWN,2,2743,0,0
1272,1272,36,1,single,unknown,2,true,-1,2429,UNKNOWN,2,3183,0,0
1273,1273,45,2,single,unknown,2,true,-1,700,UNKNOWN,2,1987,0,0
1274,1274,32,1,single,unknown,2,true,-1,1833,UNKNOWN,2,3157,0,0
1275,1275,67,2,single,unknown,2,true,-1,1533,UNKNOWN,2,2035,0,0
1276,1276,90,2,single,unknown,2,true,-1,1167,UNKNOWN,2,3161,0,0
1277,1277,85,2,single,unknown,2,true,-1,1533,UNKNOWN,2,3031,0,0
1278,1278,32,1,single,unknown,2,true,-1,2300,UNKNOWN,2,3324,0,0
1279,1279,32,1,single,unknown,2,true,-1,3400,UNKNOWN,2,1399,0,0
1280,1280,45,1,single,unknown,2,true,-1,2652,UNKNOWN,2,2318,0,0
1281,1281,41,1,single,unknown,2,true,-1,4100,UNKNOWN,2,919,0,0
1282,1282,48,1,single,unknown,2,true,-1,2800,UNKNOWN,2,998,0,0
1283,1283,23,1,single,unknown,2,true,-1,2200,UNKNOWN,2,233,0,0
1284,1284,81,2,single,unknown,2,true,-1,4067,UNKNOWN,2,2084,0,0
1285,1285,98,2,single,unknown,2,true,-1,1750,UNKNOWN,2,883,2,0
1286,1286,13,2,single,unknown,2,false,-1,2542,UNKNOWN,2,309,0,0
1287,1287,60,1,single,unknown,2,true,-1,2300,UNKNOWN,2,2611,0,0
1288,1288,24,1,single,unknown,2,true,-1,700,UNKNOWN,2,602,0,0
1289,1289,10,2,single,unknown,2,false,-1,1952,UNKNOWN,2,3031,0,0
1290,1290,98,2,single,unknown,2,true,-1,2200,UNKNOWN,2,1878,2,0
1291,1291,52,1,single,unknown,2,true,-1,6100,UNKNOWN,2,1271,0,0
1292,1292,32,2,single,unknown,2,true,-1,1167,UNKNOWN,2,2171,0,0
1293,1293,57,1,single,unknown,2,true,-1,2800,UNKNOWN,2,2813,0,0
1294,1294,19,1,single,unknown,2,true,-1,3050,UNKNOWN,2,2647,0,0
1295,1295,2,2,single,unknown,2,false,-1,2833,UNKNOWN,2,2722,0,0
1296,1296,97,2,single,unknown,2,true,-1,1867,UNKNOWN,2,1986,2,0
1297,1297,25,2,single,unknown,2,true,-1,1750,UNKNOWN,2,101,0,0
1298,1298,32,1,single,unknown,2,true,-1,700,UNKNOWN,2,788,0,0
1299,1299,88,2,single,unknown,2,true,-1,3400,UNKNOWN,2,2989,0,0
1300,1300,44,2,single,unknown,2,true,-1,1571,UNKNOWN,2,573,0,0
1301,1301,26,1,single,unknown,2,true,-1,2278,UNKNOWN,2,2475,0,0
1302,1302,48,1,single,unknown,2,true,-1,1533,UNKNOWN,2,2404,0,0
1303,1303,19,1,single,unknown,2,true,-1,467,UNKNOWN,2,3115,0,0
1304,1304,99,2,single,unknown,2,true,-1,2300,UNKNOWN,2,11,0,0
1305,1305,52,1,single,unknown,2,true,-1,6100,UNKNOWN,2,2358,0,0
1306,1306,35,1,single,unknown,2,true,-1,1750,UNKNOWN,2,141,0,0
1307,1307,97,2,single,unknown,2,true,-1,1533,UNKNOWN,2,275,2,0
1308,1308,71,2,single,unknown,2,true,-1,2733,UNKNOWN,2,2623,0,0
1309,1309,31,1,single,unknown,2,true,-1,2200,UNKNOWN,2,93,0,0
1310,1310,96,2,single,unknown,2,true,-1,700,UNKNOWN,2,834,2,0
1311,1311,56,1,single,unknown,2,true,-1,1750,UNKNOWN,2,2658,0,0
1312,1312,35,1,single,unknown,2,true,-1,2300,UNKNOWN,2,2149,0,0
1313,1313,10,2,single,unknown,2,false,-1,2278,UNKNOWN,2,2670,0,0
1314,1314,92,2,single,unknown,2,true,-1,1533,UNKNOWN,2,2686,2,0
1315,1315,67,2,single,unknown,2,true,-1,2200,UNKNOWN,2,495,0,0
1316,1316,22,1,single,unknown,2,true,-1,933,UNKNOWN,2,711,0,0
1317,1317,69,2,single,unknown,2,true,-1,3300,UNKNOWN,2,3248,0,0
1318,1318,14,2,single,unknown,2,false,-1,2179,UNKNOWN,2,2511,0,0
1319,1319,97,2,single,unknown,2,true,-1,4100,UNKNOWN,2,2911,0,0
1320,1320,37,1,single,unknown,2,true,-1,1968,UNKNOWN,2,125,0,0
1321,1321,26,1,single,unknown,2,true,-1,2200,UNKNOWN,2,1082,0,0
1322,1322,25,1,single,unknown,2,true,-1,2300,UNKNOWN,2,2568,0,0
1323,1323,63,1,single,unknown,2,true,-1,2300,UNKNOWN,2,768,0,0
1324,1324,90,2,single,unknown,2,true,-1,1750,UNKNOWN,2,1034,2,0
1325,1325,24,2,single,unknown,2,true,-1,972,UNKNOWN,2,1619,0,0
1326,1326,40,2,single,unknown,2,true,-1,2733,UNKNOWN,2,1792,0,0
1327,1327,34,1,single,unknown,2,true,-1,1571,UNKNOWN,2,2890,0,0
1328,1328,64,1,single,unknown,2,true,-1,800,UNKNOWN,2,2129,0,0
1329,1329,42,1,single,unknown,2,true,-1,1867,UNKNOWN,2,2937,0,0
1330,1330,35,1,single,unknown,2,true,-1,972,UNKNOWN,2,3195,0,0
1331,1331,16,2,single,unknown,2,false,-1,923,UNKNOWN,2,3364,0,0
1332,1332,16,2,single,unknown,2,false,-1,1094,UNKNOWN,2,9,0,0
1333,1333,61,1,single,unknown,2,true,-1,1867,UNKNOWN,2,1460,0,0
1334,1334,82,2,single,unknown,2,true,-1,1867,UNKNOWN,2,3175,0,0
1335,1335,45,1,single,unknown,2,true,-1,1650,UNKNOWN,2,2734,0,0
1336,1336,1,2,single,unknown,2,false,-1,1952,UNKNOWN,2,961,0,0
1337,1337,53,1,single,unknown,2,true,-1,1320,UNKNOWN,2,1064,0,0
1338,1338,50,2,single,unknown,2,true,-1,2300,UNKNOWN,2,381,0,0
1339,1339,29,1,single,unknown,2,true,-1,1200,UNKNOWN,2,2815,0,0
1340,1340,93,2,single,unknown,2,true,-1,1167,UNKNOWN,2,876,2,0
1341,1341,62,1,single,unknown,2,true,-1,1867,UNKNOWN,2,1571,0,0
1342,1342,18,1,single,unknown,2,true,-1,1120,UNKNOWN,2,1366,0,0
1343,1343,58,1,single,unknown,2,true,-1,1750,UNKNOWN,2,3498,0,0
1344,1344,28,1,single,unknown,2,true,-1,4067,UNKNOWN,2,2845,0,0
1345,1345,4,2,single,unknown,2,false,-1,1571,UNKNOWN,2,897,0,0
1346,1346,64,1,single,unknown,2,true,-1,4067,UNKNOWN,2,14,0,0
1347,1347,41,1,single,unknown,2,true,-1,429,UNKNOWN,2,110,0,0
1348,1348,39,1,single,unknown,2,true,-1,2833,UNKNOWN,2,1400,0,0
1349,1349,45,1,single,unknown,2,true,-1,3300,UNKNOWN,2,555,0,0
1350,1350,2,2,single,unknown,2,false,-1,1571,UNKNOWN,2,1076,0,0
1351,1351,23,1,single,unknown,2,true,-1,875,UNKNOWN,2,166,0,0
1352,1352,27,1,single,unknown,2,true,-1,1750,UNKNOWN,2,646,0,0
1353,1353,90,2,single,unknown,2,true,-1,1867,UNKNOWN,2,995,2,0
1354,1354,19,1,single,unknown,2,true,-1,917,UNKNOWN,2,819,0,0
1355,1355,6,2,single,unknown,2,false,-1,2905,UNKNOWN,2,3216,0,0
1356,1356,25,1,single,unknown,2,true,-1,1120,UNKNOWN,2,3126,0,0
1357,1357,21,1,single,unknown,2,true,-1,429,UNKNOWN,2,1498,0,0
1358,1358,40,1,single,unknown,2,true,-1,2733,UNKNOWN,2,2532,0,0
1359,1359,34,1,single,unknown,2,true,-1,2300,UNKNOWN,2,954,0,0
1360,1360,2,2,single,unknown,2,false,-1,3389,UNKNOWN,2,2180,0,0
1361,1361,64,1,single,unknown,2,true,-1,2733,UNKNOWN,2,2367,0,0
1362,1362,29,1,single,unknown,2,true,-1,2300,UNKNOWN,2,1424,0,0
1363,1363,62,2,single,unknown,2,true,-1,4067,UNKNOWN,2,3491,0,0
1364,1364,18,2,single,unknown,2,true,-1,2050,UNKNOWN,2,1031,0,0
1365,1365,76,2,single,unknown,2,true,-1,1167,UNKNOWN,2,2740,2,0
1366,1366,4,2,single,unknown,2,false,-1,2905,UNKNOWN,2,363,0,0
1367,1367,35,1,single,unknown,2,true,-1,2200,UNKNOWN,2,1012,0,0
1368,1368,97,2,single,unknown,2,true,-1,2300,UNKNOWN,2,3451,2,0
1369,1369,16,2,single,unknown,2,false,-1,3050,UNKNOWN,2,2044,0,0
1370,1370,55,2,single,unknown,2,true,-1,1821,UNKNOWN,2,1289,0,0
1371,1371,46,1,single,unknown,2,true,-1,2429,UNKNOWN,2,3235,0,0
1372,1372,18,1,single,unknown,2,true,-1,2550,UNKNOWN,2,2461,0,0
1373,1373,40,1,single,unknown,2,true,-1,522,UNKNOWN,2,84,0,0
1374,1374,94,2,single,unknown,2,true,-1,1533,UNKNOWN,2,2992,2,0
1375,1375,39,1,single,unknown,2,true,-1,1571,UNKNOWN,2,3122,0,0
1376,1376,92,2,single,unknown,2,true,-1,2800,UNKNOWN,2,1528,0,0
1377,1377,88,2,single,unknown,2,true,-1,1533,UNKNOWN,2,1540,2,0
1378,1378,62,2,single,unknown,2,true,-1,833,UNKNOWN,2,1362,0,0
1379,1379,41,1,single,unknown,2,true,-1,2050,UNKNOWN,2,1417,0,0
1380,1380,23,1,single,unknown,2,true,-1,1217,UNKNOWN,2,2648,0,0
1381,1381,92,2,single,unknown,2,true,-1,2300,UNKNOWN,2,3037,2,0
1382,1382,85,2,single,unknown,2,true,-1,1533,UNKNOWN,2,1399,0,0
1383,1383,24,1,single,unknown,2,true,-1,700,UNKNOWN,2,2593,0,0
1384,1384,75,2,single,unknown,2,true,-1,2200,UNKNOWN,2,1362,2,0
1385,1385,72,2,single,unknown,2,true,-1,2200,UNKNOWN,2,2308,0,0
1386,1386,4,2,single,unknown,2,false,-1,1952,UNKNOWN,2,796,0,0
1387,1387,62,1,single,unknown,2,true,-1,700,UNKNOWN,2,3145,0,0
1388,1388,63,1,single,unknown,2,true,-1,1533,UNKNOWN,2,2300,0,0
1389,1389,74,2,single,unknown,2,true,-1,1867,UNKNOWN,2,414,0,0
1390,1390,34,1,single,unknown,2,true,-1,800,UNKNOWN,2,3024,0,0
1391,1391,33,1,single,unknown,2,true,-1,2429,UNKNOWN,2,3463,0,0
1392,1392,60,1,single,unknown,2,true,-1,1200,UNKNOWN,2,239,2,0
1393,1393,97,2,single,unknown,2,true,-1,2200,UNKNOWN,2,1968,2,0
1394,1394,73,2,single,unknown,2,true,-1,4067,UNKNOWN,2,1440,0,0
1395,1395,43,1,single,unknown,2,true,-1,923,UNKNOWN,2,669,0,0
1396,1396,25,2,single,unknown,2,true,-1,2800,UNKNOWN,2,2351,0,0
1397,1397,7,2,single,unknown,2,false,-1,1095,UNKNOWN,2,1098,0,0
1398,1398,60,1,single,unknown,2,true,-1,1867,UNKNOWN,2,551,0,0
1399,1399,34,1,single,unknown,2,true,-1,2300,UNKNOWN,2,1770,0,0
1400,1400,48,1,single,unknown,2,true,-1,1750,UNKNOWN,2,1486,0,0
1401,1401,93,2,single,unknown,2,true,-1,700,UNKNOWN,2,691,2,0
1402,1402,57,1,single,unknown,2,true,-1,250,UNKNOWN,2,183,0,0
1403,1403,5,2,single,unknown,2,false,-1,2278,UNKNOWN,2,1587,0,0
1404,1404,62,1,single,unknown,2,true,-1,1867,UNKNOWN,2,121,0,0
1405,1405,47,1,single,unknown,2,true,-1,3400,UNKNOWN,2,392,0,0
1406,1406,14,2,single,unknown,2,false,-1,1650,UNKNOWN,2,1071,0,0
1407,1407,40,1,single,unknown,2,true,-1,2733,UNKNOWN,2,1238,0,0
1408,1408,63,1,single,unknown,2,true,-1,1750,UNKNOWN,2,1644,0,0
1409,1409,28,1,single,unknown,2,true,-1,700,UNKNOWN,2,1250,0,0
1410,1410,59,1,single,unknown,2,true,-1,1867,UNKNOWN,2,3050,0,0
1411,1411,1,2,single,unknown,2,false,-1,249,UNKNOWN,2,1550,0,0
1412,1412,27,2,single,unknown,2,true,-1,3400,UNKNOWN,2,2525,0,0
1413,1413,39,1,single,unknown,2,true,-1,2833,UNKNOWN,2,3032,0,0
1414,1414,68,2,single,unknown,2,true,-1,1750,UNKNOWN,2,2141,0,0
1415,1415,85,2,single,unknown,2,true,-1,2300,UNKNOWN,2,3467,2,0
1416,1416,61,1,single,unknown,2,true,-1,1167,UNKNOWN,2,1985,0,0
1417,1417,2,2,single,unknown,2,false,-1,1094,UNKNOWN,2,3082,2,0
1418,1418,18,1,single,unknown,2,true,-1,467,UNKNOWN,2,369,0,0
1419,1419,46,1,single,unknown,2,true,-1,2200,UNKNOWN,2,217,0,0
1420,1420,1,2,single,unknown,2,false,-1,1571,UNKNOWN,2,1447,0,0
1421,1421,27,1,single,unknown,2,true,-1,1200,UNKNOWN,2,1031,0,0
1422,1422,45,1,single,unknown,2,true,-1,2733,UNKNOWN,2,3248,0,0
1423,1423,30,1,single,unknown,2,true,-1,1400,UNKNOWN,2,456,0,0
1424,1424,17,2,single,unknown,2,false,-1,875,UNKNOWN,2,86,0,0
1425,1425,38,2,single,unknown,2,true,-1,3400,UNKNOWN,2,1961,0,0
1426,1426,22,1,single,unknown,2,true,-1,1750,UNKNOWN,2,1514,0,0
1427,1427,63,1,single,unknown,2,true,-1,3400,UNKNOWN,2,1489,0,0
1428,1428,25,1,single,unknown,2,true,-1,2200,UNKNOWN,2,1206,0,0
1429,1429,62,2,single,unknown,2,true,-1,2300,UNKNOWN,2,746,0,0
1430,1430,25,1,single,unknown,2,true,-1,2300,UNKNOWN,2,2627,0,0
1431,1431,64,1,single,unknown,2,true,-1,1533,UNKNOWN,2,2652,0,0
1432,1432,39,1,single,unknown,2,true,-1,2125,UNKNOWN,2,3222,0,0
1433,1433,61,1,single,unknown,2,true,-1,2733,UNKNOWN,2,3217,0,0
1434,1434,63,1,single,unknown,2,true,-1,2300,UNKNOWN,2,256,0,0
1435,1435,27,1,single,unknown,2,true,-1,1533,UNKNOWN,2,339,0,0
1436,1436,62,2,single,unknown,2,true,-1,2733,UNKNOWN,2,2973,0,0
1437,1437,51,1,single,unknown,2,true,-1,1750,UNKNOWN,2,1480,2,0
1438,1438,79,2,single,unknown,2,true,-1,2200,UNKNOWN,2,1768,0,0
1439,1439,82,2,single,unknown,2,true,-1,1200,UNKNOWN,2,2551,2,0
1440,1440,41,1,single,unknown,2,true,-1,2278,UNKNOWN,2,78,0,0
1441,1441,44,1,single,unknown,2,true,-1,467,UNKNOWN,2,2093,2,0
1442,1442,34,1,single,unknown,2,true,-1,2300,UNKNOWN,2,2178,0,0
1443,1443,56,2,single,unknown,2,true,-1,3300,UNKNOWN,2,1535,0,0
1444,1444,44,2,single,unknown,2,true,-1,3389,UNKNOWN,2,171,0,0
1445,1445,24,2,single,unknown,2,true,-1,2300,UNKNOWN,2,71,0,0
1446,1446,56,1,single,unknown,2,true,-1,1750,UNKNOWN,2,241,0,0
1447,1447,51,1,single,unknown,2,true,-1,6100,UNKNOWN,2,3426,0,0
1448,1448,67,2,single,unknown,2,true,-1,1167,UNKNOWN,2,711,0,0
1449,1449,33,2,single,unknown,2,true,-1,4067,UNKNOWN,2,2977,0,0
1450,1450,26,1,single,unknown,2,true,-1,2200,UNKNOWN,2,3311,0,0
1451,1451,39,1,single,unknown,2,true,-1,2300,UNKNOWN,2,110,0,0
1452,1452,4,2,single,unknown,2,false,-1,1278,UNKNOWN,2,2744,0,0
1453,1453,2,2,single,unknown,2,false,-1,3389,UNKNOWN,2,3010,0,0
1454,1454,15,2,single,unknown,2,false,-1,875,UNKNOWN,2,1931,0,0
1455,1455,98,2,single,unknown,2,true,-1,1167,UNKNOWN,2,2558,2,0
1456,1456,19,1,single,unknown,2,true,-1,2050,UNKNOWN,2,32,0,0
1457,1457,35,1,single,unknown,2,true,-1,1200,UNKNOWN,2,3325,0,0
1458,1458,26,1,single,unknown,2,true,-1,2278,UNKNOWN,2,3314,0,0
1459,1459,49,1,single,unknown,2,true,-1,1346,UNKNOWN,2,1757,0,0
1460,1460,91,2,single,unknown,2,true,-1,2200,UNKNOWN,2,315,0,0
1461,1461,90,2,single,unknown,2,true,-1,800,UNKNOWN,2,2121,2,0
1462,1462,61,1,single,unknown,2,true,-1,6100,UNKNOWN,2,1785,0,0
1463,1463,56,1,single,unknown,2,true,-1,1200,UNKNOWN,2,2869,0,0
1464,1464,47,1,single,unknown,2,true,-1,833,UNKNOWN,2,1319,0,0
1465,1465,97,2,single,unknown,2,true,-1,1533,UNKNOWN,2,1090,2,0
1466,1466,2,2,single,unknown,2,false,-1,1952,UNKNOWN,2,2049,0,0
1467,1467,74,2,single,unknown,2,true,-1,1167,UNKNOWN,2,691,0,0
1468,1468,54,1,single,unknown,2,true,-1,1833,UNKNOWN,2,2843,0,0
1469,1469,46,1,single,unknown,2,true,-1,920,UNKNOWN,2,2962,0,0
1470,1470,49,1,single,unknown,2,true,-1,1750,UNKNOWN,2,2979,0,0
1471,1471,31,1,single,unknown,2,true,-1,1750,UNKNOWN,2,53,0,0
1472,1472,52,1,single,unknown,2,true,-1,4067,UNKNOWN,2,2358,0,0
1473,1473,25,1,single,unknown,2,true,-1,3400,UNKNOWN,2,823,0,0
1474,1474,51,1,single,unknown,2,true,-1,1750,UNKNOWN,2,2299,0,0
1475,1475,39,1,single,unknown,2,true,-1,972,UNKNOWN,2,470,0,0
1476,1476,48,1,single,unknown,2,true,-1,1750,UNKNOWN,2,1716,0,0
1477,1477,22,2,single,unknown,2,true,-1,2733,UNKNOWN,2,1610,0,0
1478,1478,76,2,single,unknown,2,true,-1,2300,UNKNOWN,2,2628,0,0
1479,1479,12,2,single,unknown,2,false,-1,3050,UNKNOWN,2,3198,0,0
1480,1480,54,1,single,unknown,2,true,-1,2905,UNKNOWN,2,68,0,0
1481,1481,25,1,single,unknown,2,true,-1,1640,UNKNOWN,2,241,0,0
1482,1482,62,1,single,unknown,2,true,-1,600,UNKNOWN,2,299,0,0
1483,1483,18,1,single,unknown,2,true,-1,2179,UNKNOWN,2,1738,0,0
1484,1484,31,1,single,unknown,2,true,-1,800,UNKNOWN,2,1570,0,0
1485,1485,18,1,single,unknown,2,true,-1,2200,UNKNOWN,2,2834,0,0
1486,1486,48,1,single,unknown,2,true,-1,2040,UNKNOWN,2,2558,0,0
1487,1487,29,1,single,unknown,2,true,-1,2278,UNKNOWN,2,2000,0,0
1488,1488,92,2,single,unknown,2,true,-1,2733,UNKNOWN,2,1211,2,0
1489,1489,41,2,single,unknown,2,true,-1,1750,UNKNOWN,2,1178,0,0
1490,1490,39,1,single,unknown,2,true,-1,2800,UNKNOWN,2,252,0,0
1491,1491,57,1,single,unknown,2,true,-1,4067,UNKNOWN,2,3348,2,0
1492,1492,9,2,single,unknown,2,false,-1,1952,UNKNOWN,2,1522,0,0
1493,1493,37,1,single,unknown,2,true,-1,3400,UNKNOWN,2,202,0,0
1494,1494,88,2,single,unknown,2,true,-1,2733,UNKNOWN,2,2715,2,0
1495,1495,57,1,single,unknown,2,true,-1,2733,UNKNOWN,2,1169,0,0
1496,1496,58,1,single,unknown,2,true,-1,2800,UNKNOWN,2,304,2,0
1497,1497,18,1,single,unknown,2,true,-1,800,UNKNOWN,2,805,0,0
1498,1498,85,2,single,unknown,2,true,-1,2300,UNKNOWN,2,1633,0,0
1499,1499,11,2,single,unknown,2,false,-1,3050,UNKNOWN,2,379,0,0
1500,1500,86,2,single,unknown,2,true,-1,2800,UNKNOWN,2,2518,0,0
1501,1501,36,1,single,unknown,2,true,-1,1577,UNKNOWN,2,257,0,0
1502,1502,52,1,single,unknown,2,true,-1,2300,UNKNOWN,2,1883,0,0
1503,1503,32,2,single,unknown,2,true,-1,3300,UNKNOWN,2,2591,0,0
1504,1504,28,1,single,unknown,2,true,-1,1200,UNKNOWN,2,1733,0,0
1505,1505,62,2,single,unknown,2,true,-1,2733,UNKNOWN,2,1553,0,0
1506,1506,41,1,single,unknown,2,true,-1,3389,UNKNOWN,2,2627,0,0
1507,1507,35,1,single,unknown,2,true,-1,2733,UNKNOWN,2,98,0,0
1508,1508,12,2,single,unknown,2,false,-1,875,UNKNOWN,2,1483,0,0
1509,1509,59,2,single,unknown,2,true,-1,2300,UNKNOWN,2,1566,0,0
1510,1510,30,1,single,unknown,2,true,-1,1346,UNKNOWN,2,3090,0,0
1511,1511,32,1,single,unknown,2,true,-1,3389,UNKNOWN,2,1920,0,0
1512,1512,59,1,single,unknown,2,true,-1,1533,UNKNOWN,2,1059,0,0
1513,1513,46,1,single,unknown,2,true,-1,1867,UNKNOWN,2,2741,0,0
1514,1514,7,2,single,unknown,2,false,-1,2278,UNKNOWN,2,1128,0,0
1515,1515,98,2,single,unknown,2,true,-1,3300,UNKNOWN,2,2263,2,0
1516,1516,40,1,single,unknown,2,true,-1,2278,UNKNOWN,2,5,0,0
1517,1517,27,1,single,unknown,2,true,-1,2278,UNKNOWN,2,2403,0,0
1518,1518,1,2,single,unknown,2,false,-1,2833,UNKNOWN,2,357,0,0
1519,1519,5,2,single,unknown,2,false,-1,1094,UNKNOWN,2,2708,0,0
1520,1520,82,2,single,unknown,2,true,-1,1167,UNKNOWN,2,1922,0,0
1521,1521,52,1,single,unknown,2,true,-1,1750,UNKNOWN,2,1994,0,0
1522,1522,34,1,single,unknown,2,true,-1,2300,UNKNOWN,2,2972,0,0
1523,1523,37,1,single,unknown,2,true,-1,1464,UNKNOWN,2,669,0,0
1524,1524,36,1,single,unknown,2,true,-1,2278,UNKNOWN,2,2384,0,0
1525,1525,54,2,single,unknown,2,true,-1,2300,UNKNOWN,2,701,0,0
1526,1526,7,2,single,unknown,2,false,-1,1571,UNKNOWN,2,2086,0,0
1527,1527,21,1,single,unknown,2,true,-1,1200,UNKNOWN,2,874,0,0
1528,1528,50,1,single,unknown,2,true,-1,1750,UNKNOWN,2,2779,0,0
1529,1529,64,1,single,unknown,2,true,-1,1200,UNKNOWN,2,2488,0,0
1530,1530,33,1,single,unknown,2,true,-1,2733,UNKNOWN,2,2584,0,0
1531,1531,82,2,single,unknown,2,true,-1,1533,UNKNOWN,2,2627,2,0
1532,1532,25,1,single,unknown,2,true,-1,800,UNKNOWN,2,3059,0,0
1533,1533,40,1,single,unknown,2,true,-1,1556,UNKNOWN,2,2550,0,0
1534,1534,38,1,single,unknown,2,true,-1,1833,UNKNOWN,2,2353,0,0
1535,1535,19,1,single,unknown,2,true,-1,3050,UNKNOWN,2,1218,0,0
1536,1536,2,2,single,unknown,2,false,-1,1571,UNKNOWN,2,2993,0,0
1537,1537,58,1,single,unknown,2,true,-1,2300,UNKNOWN,2,2050,0,0
1538,1538,17,2,single,unknown,2,false,-1,2040,UNKNOWN,2,2124,0,0
1539,1539,92,2,single,unknown,2,true,-1,1167,UNKNOWN,2,2587,0,0
1540,1540,86,2,single,unknown,2,true,-1,2733,UNKNOWN,2,2681,2,0
1541,1541,7,2,single,unknown,2,false,-1,1571,UNKNOWN,2,2109,0,0
1542,1542,31,1,single,unknown,2,true,-1,2733,UNKNOWN,2,1875,0,0
1543,1543,36,2,single,unknown,2,true,-1,4067,UNKNOWN,2,399,0,0
1544,1544,22,2,single,unknown,2,true,-1,2300,UNKNOWN,2,1782,0,0
1545,1545,67,2,single,unknown,2,true,-1,3400,UNKNOWN,2,2626,0,0
1546,1546,72,2,single,unknown,2,true,-1,4100,UNKNOWN,2,1410,0,0
1547,1547,49,1,single,unknown,2,true,-1,2800,UNKNOWN,2,647,0,0
1548,1548,82,2,single,unknown,2,true,-1,1750,UNKNOWN,2,2726,2,0
1549,1549,53,1,single,unknown,2,true,-1,1200,UNKNOWN,2,566,0,0
1550,1550,75,2,single,unknown,2,true,-1,1533,UNKNOWN,2,3055,2,0
1551,1551,20,1,single,unknown,2,true,-1,1167,UNKNOWN,2,2586,0,0
1552,1552,28,1,single,unknown,2,true,-1,1952,UNKNOWN,2,64,2,0
1553,1553,52,1,single,unknown,2,true,-1,2800,UNKNOWN,2,2851,0,0
1554,1554,30,2,single,unknown,2,true,-1,3300,UNKNOWN,2,1043,0,0
1555,1555,60,1,single,unknown,2,true,-1,3050,UNKNOWN,2,2174,0,0
1556,1556,52,1,single,unknown,2,true,-1,583,UNKNOWN,2,3085,0,0
1557,1557,47,1,single,unknown,2,true,-1,1120,UNKNOWN,2,2851,0,0
1558,1558,27,1,single,unknown,2,true,-1,2050,UNKNOWN,2,2157,0,0
1559,1559,35,2,single,unknown,2,true,-1,3400,UNKNOWN,2,689,0,0
1560,1560,46,1,single,unknown,2,true,-1,1200,UNKNOWN,2,1834,2,0
1561,1561,63,1,single,unknown,2,true,-1,1200,UNKNOWN,2,3177,0,0
1562,1562,23,2,single,unknown,2,true,-1,1556,UNKNOWN,2,422,0,0
1563,1563,41,1,single,unknown,2,true,-1,4100,UNKNOWN,2,1719,0,0
1564,1564,29,1,single,unknown,2,true,-1,700,UNKNOWN,2,356,0,0
1565,1565,75,2,single,unknown,2,true,-1,1750,UNKNOWN,2,1979,0,0
1566,1566,83,2,single,unknown,2,true,-1,2300,UNKNOWN,2,2449,2,0
1567,1567,14,2,single,unknown,2,false,-1,2905,UNKNOWN,2,1757,0,0
1568,1568,41,2,single,unknown,2,true,-1,1708,UNKNOWN,2,2406,0,0
1569,1569,15,2,single,unknown,2,false,-1,2040,UNKNOWN,2,3147,0,0
1570,1570,20,1,single,unknown,2,true,-1,800,UNKNOWN,2,2633,0,0
1571,1571,18,1,single,unknown,2,true,-1,700,UNKNOWN,2,2732,0,0
1572,1572,23,1,single,unknown,2,true,-1,1000,UNKNOWN,2,916,0,0
1573,1573,34,2,single,unknown,2,true,-1,3400,UNKNOWN,2,1646,0,0
1574,1574,26,2,single,unknown,2,true,-1,1167,UNKNOWN,2,2566,0,0
1575,1575,98,2,single,unknown,2,true,-1,2733,UNKNOWN,2,1644,0,0
1576,1576,40,1,single,unknown,2,true,-1,1783,UNKNOWN,2,799,0,0
1577,1577,18,1,single,unknown,2,true,-1,1167,UNKNOWN,2,604,0,0
1578,1578,52,1,single,unknown,2,true,-1,1150,UNKNOWN,2,1609,0,0
1579,1579,97,2,single,unknown,2,true,-1,1167,UNKNOWN,2,2441,0,0
1580,1580,55,1,single,unknown,2,true,-1,4100,UNKNOWN,2,1252,0,0
1581,1581,25,2,single,unknown,2,true,-1,972,UNKNOWN,2,3245,0,0
1582,1582,29,1,single,unknown,2,true,-1,2733,UNKNOWN,2,1785,0,0
1583,1583,69,2,single,unknown,2,true,-1,1867,UNKNOWN,2,719,0,0
1584,1584,43,1,single,unknown,2,true,-1,1533,UNKNOWN,2,1110,0,0
1585,1585,14,2,single,unknown,2,false,-1,2125,UNKNOWN,2,933,0,0
1586,1586,2,2,single,unknown,2,false,-1,1833,UNKNOWN,2,3027,0,0
1587,1587,41,1,single,unknown,2,true,-1,1167,UNKNOWN,2,2542,0,0
1588,1588,5,2,single,unknown,2,false,-1,1952,UNKNOWN,2,3335,0,0
1589,1589,16,2,single,unknown,2,false,-1,972,UNKNOWN,2,1946,0,0
1590,1590,38,1,single,unknown,2,true,-1,1556,UNKNOWN,2,2381,0,0
1591,1591,60,1,single,unknown,2,true,-1,3400,UNKNOWN,2,1300,0,0
1592,1592,96,2,single,unknown,2,true,-1,467,UNKNOWN,2,1463,0,0
1593,1593,2,2,single,unknown,2,false,-1,3389,UNKNOWN,2,1445,0,0
1594,1594,42,2,single,unknown,2,true,-1,1095,UNKNOWN,2,895,0,0
1595,1595,30,1,single,unknown,2,true,-1,3300,UNKNOWN,2,52,0,0
1596,1596,35,1,single,unknown,2,true,-1,2050,UNKNOWN,2,3261,0,0
1597,1597,85,2,single,unknown,2,true,-1,2733,UNKNOWN,2,2887,2,0
1598,1598,56,2,single,unknown,2,true,-1,4067,UNKNOWN,2,2954,2,0
1599,1599,89,2,single,unknown,2,true,-1,1867,UNKNOWN,2,321,0,0
1600,1600,26,1,single,unknown,2,true,-1,1833,UNKNOWN,2,2566,0,0
1601,1601,23,1,single,unknown,2,true,-1,1533,UNKNOWN,2,857,0,0
1602,1602,15,2,single,unknown,2,false,-1,1435,UNKNOWN,2,1630,0,0
1603,1603,54,1,single,unknown,2,true,-1,2550,UNKNOWN,2,599,0,0
1604,1604,26,1,single,unknown,2,true,-1,1200,UNKNOWN,2,1136,0,0
1605,1605,68,2,single,unknown,2,true,-1,1200,UNKNOWN,2,1638,0,0
1606,1606,72,2,single,unknown,2,true,-1,2300,UNKNOWN,2,1928,0,0
1607,1607,40,2,single,unknown,2,true,-1,2905,UNKNOWN,2,1299,0,0
1608,1608,57,1,single,unknown,2,true,-1,3050,UNKNOWN,2,2436,2,0
1609,1609,20,1,single,unknown,2,true,-1,1320,UNKNOWN,2,943,0,0
1610,1610,34,1,single,unknown,2,true,-1,2833,UNKNOWN,2,3317,0,0
1611,1611,86,2,single,unknown,2,true,-1,1533,UNKNOWN,2,405,2,0
1612,1612,51,1,single,unknown,2,true,-1,4100,UNKNOWN,2,1892,0,0
1613,1613,45,1,single,unknown,2,true,-1,2542,UNKNOWN,2,3363,0,0
1614,1614,3,2,single,unknown,2,false,-1,833,UNKNOWN,2,2811,0,0
1615,1615,92,2,single,unknown,2,true,-1,2200,UNKNOWN,2,823,0,0
1616,1616,51,2,single,unknown,2,true,-1,1952,UNKNOWN,2,589,0,0
1617,1617,91,2,single,unknown,2,true,-1,800,UNKNOWN,2,3482,0,0
1618,1618,38,2,single,unknown,2,true,-1,1167,UNKNOWN,2,1226,0,0
1619,1619,24,1,single,unknown,2,true,-1,2733,UNKNOWN,2,141,0,0
1620,1620,62,1,single,unknown,2,true,-1,1200,UNKNOWN,2,716,0,0
1621,1621,38,1,single,unknown,2,true,-1,3300,UNKNOWN,2,2288,0,0
1622,1622,45,1,single,unknown,2,true,-1,1200,UNKNOWN,2,1142,0,0
1623,1623,64,1,single,unknown,2,true,-1,2300,UNKNOWN,2,1327,0,0
1624,1624,24,1,single,unknown,2,true,-1,3050,UNKNOWN,2,2124,0,0
1625,1625,76,2,single,unknown,2,true,-1,1200,UNKNOWN,2,1439,0,0
1626,1626,48,2,single,unknown,2,true,-1,2550,UNKNOWN,2,3063,0,0
1627,1627,80,2,single,unknown,2,true,-1,2800,UNKNOWN,2,2748,0,0
1628,1628,21,1,single,unknown,2,true,-1,1533,UNKNOWN,2,413,0,0
1629,1629,68,2,single,unknown,2,true,-1,1867,UNKNOWN,2,862,0,0
1630,1630,40,2,single,unknown,2,true,-1,2905,UNKNOWN,2,169,0,0
1631,1631,22,2,single,unknown,2,true,-1,600,UNKNOWN,2,1489,2,0
1632,1632,46,2,single,unknown,2,true,-1,1320,UNKNOWN,2,2732,0,0
1633,1633,20,1,single,unknown,2,true,-1,1120,UNKNOWN,2,742,0,0
1634,1634,30,1,single,unknown,2,true,-1,1750,UNKNOWN,2,772,0,0
1635,1635,2,2,single,unknown,2,false,-1,1571,UNKNOWN,2,2439,0,0
1636,1636,74,2,single,unknown,2,true,-1,1167,UNKNOWN,2,2768,0,0
1637,1637,35,2,single,unknown,2,true,-1,1750,UNKNOWN,2,2415,0,0
1638,1638,54,2,single,unknown,2,true,-1,1867,UNKNOWN,2,1580,0,0
1639,1639,44,1,single,unknown,2,true,-1,538,UNKNOWN,2,2307,0,0
1640,1640,59,1,single,unknown,2,true,-1,700,UNKNOWN,2,1383,0,0
1641,1641,28,1,single,unknown,2,true,-1,2733,UNKNOWN,2,274,0,0
1642,1642,3,2,single,unknown,2,false,-1,2125,UNKNOWN,2,2631,0,0
1643,1643,60,1,single,unknown,2,true,-1,1200,UNKNOWN,2,1690,0,0
1644,1644,65,2,single,unknown,2,true,-1,800,UNKNOWN,2,3353,0,0
1645,1645,51,2,single,unknown,2,true,-1,3400,UNKNOWN,2,1017,0,0
1646,1646,33,1,single,unknown,2,true,-1,800,UNKNOWN,2,1828,0,0
1647,1647,26,1,single,unknown,2,true,-1,800,UNKNOWN,2,1977,0,0
1648,1648,41,1,single,unknown,2,true,-1,3300,UNKNOWN,2,2939,0,0
1649,1649,63,1,single,unknown,2,true,-1,2733,UNKNOWN,2,1300,0,0
1650,1650,67,2,single,unknown,2,true,-1,2733,UNKNOWN,2,1739,0,0
1651,1651,7,2,single,unknown,2,false,-1,2905,UNKNOWN,2,1863,0,0
1652,1652,29,1,single,unknown,2,true,-1,1750,UNKNOWN,2,3500,0,0
1653,1653,61,1,single,unknown,2,true,-1,4067,UNKNOWN,2,785,0,0
1654,1654,56,1,single,unknown,2,true,-1,2300,UNKNOWN,2,2627,2,0
1655,1655,19,1,single,unknown,2,true,-1,767,UNKNOWN,2,2058,0,0
1656,1656,31,2,single,unknown,2,true,-1,1533,UNKNOWN,2,395,0,0
1657,1657,24,1,single,unknown,2,true,-1,1167,UNKNOWN,2,3313,0,0
1658,1658,95,2,single,unknown,2,true,-1,2300,UNKNOWN,2,2043,0,0
1659,1659,42,1,single,unknown,2,true,-1,2278,UNKNOWN,2,1480,0,0
1660,1660,33,1,single,unknown,2,true,-1,3400,UNKNOWN,2,884,0,0
1661,1661,20,1,single,unknown,2,true,-1,800,UNKNOWN,2,1708,0,0
1662,1662,17,2,single,unknown,2,false,-1,1783,UNKNOWN,2,778,0,0
1663,1663,58,1,single,unknown,2,true,-1,2733,UNKNOWN,2,2234,0,0
1664,1664,66,2,single,unknown,2,true,-1,1167,UNKNOWN,2,2240,0,0
1665,1665,73,2,single,unknown,2,true,-1,1167,UNKNOWN,2,1482,0,0
1666,1666,90,2,single,unknown,2,true,-1,2733,UNKNOWN,2,3013,2,0
1667,1667,36,1,single,unknown,2,true,-1,1200,UNKNOWN,2,1844,0,0
1668,1668,35,1,single,unknown,2,true,-1,2300,UNKNOWN,2,532,0,0
1669,1669,53,1,single,unknown,2,true,-1,1952,UNKNOWN,2,2028,0,0
1670,1670,55,1,single,unknown,2,true,-1,1750,UNKNOWN,2,348,0,0
1671,1671,88,2,single,unknown,2,true,-1,1750,UNKNOWN,2,3204,2,0
1672,1672,58,2,single,unknown,2,true,-1,2300,UNKNOWN,2,2613,0,0
1673,1673,30,2,single,unknown,2,true,-1,2278,UNKNOWN,2,194,0,0
1674,1674,60,1,single,unknown,2,true,-1,1200,UNKNOWN,2,3042,2,0
1675,1675,3,2,single,unknown,2,false,-1,1278,UNKNOWN,2,2086,0,0
1676,1676,10,2,single,unknown,2,false,-1,1952,UNKNOWN,2,2256,0,0
1677,1677,32,1,single,unknown,2,true,-1,1750,UNKNOWN,2,1501,0,0
1678,1678,68,2,single,unknown,2,true,-1,700,UNKNOWN,2,1313,0,0
1679,1679,22,1,single,unknown,2,true,-1,1200,UNKNOWN,2,1977,0,0
1680,1680,21,1,single,unknown,2,true,-1,800,UNKNOWN,2,3437,0,0
1681,1681,22,1,single,unknown,2,true,-1,1167,UNKNOWN,2,1552,0,0
1682,1682,53,1,single,unknown,2,true,-1,1650,UNKNOWN,2,1050,0,0
1683,1683,41,1,single,unknown,2,true,-1,2905,UNKNOWN,2,12,0,0
1684,1684,52,1,single,unknown,2,true,-1,3300,UNKNOWN,2,358,0,0
1685,1685,55,1,single,unknown,2,true,-1,3400,UNKNOWN,2,247,0,0
1686,1686,86,2,single,unknown,2,true,-1,1167,UNKNOWN,2,1305,0,0
1687,1687,49,1,single,unknown,2,true,-1,2300,UNKNOWN,2,1459,0,0
1688,1688,44,1,single,unknown,2,true,-1,1167,UNKNOWN,2,1462,0,0
1689,1689,62,1,single,unknown,2,true,-1,1750,UNKNOWN,2,3485,0,0
1690,1690,75,2,single,unknown,2,true,-1,2300,UNKNOWN,2,1198,0,0
1691,1691,8,2,single,unknown,2,false,-1,462,UNKNOWN,2,1684,0,0
1692,1692,79,2,single,unknown,2,true,-1,1200,UNKNOWN,2,2967,0,0
1693,1693,1,2,single,unknown,2,false,-1,1952,UNKNOWN,2,2214,0,0
1694,1694,40,1,single,unknown,2,true,-1,3389,UNKNOWN,2,2620,0,0
1695,1695,54,1,single,unknown,2,true,-1,2733,UNKNOWN,2,1099,0,0
1696,1696,19,1,single,unknown,2,true,-1,1167,UNKNOWN,2,1165,0,0
1697,1697,11,2,single,unknown,2,false,-1,583,UNKNOWN,2,303,0,0
1698,1698,52,1,single,unknown,2,true,-1,2800,UNKNOWN,2,87,0,0
1699,1699,41,1,single,unknown,2,true,-1,2125,UNKNOWN,2,3290,0,0
1700,1700,35,1,single,unknown,2,true,-1,1333,UNKNOWN,2,65,0,0
1701,1701,58,1,single,unknown,2,true,-1,1200,UNKNOWN,2,2441,0,0
1702,1702,47,1,single,unknown,2,true,-1,2905,UNKNOWN,2,2381,0,0
1703,1703,41,1,single,unknown,2,true,-1,2050,UNKNOWN,2,807,0,0
1704,1704,40,2,single,unknown,2,true,-1,1346,UNKNOWN,2,366,0,0
1705,1705,12,2,single,unknown,2,false,-1,2125,UNKNOWN,2,704,0,0
1706,1706,42,1,single,unknown,2,true,-1,2217,UNKNOWN,2,2449,0,0
1707,1707,2,2,single,unknown,2,false,-1,1556,UNKNOWN,2,1624,0,0
1708,1708,11,2,single,unknown,2,false,-1,1640,UNKNOWN,2,236,0,0
1709,1709,62,1,single,unknown,2,true,-1,2733,UNKNOWN,2,221,0,0
1710,1710,5,2,single,unknown,2,false,-1,2833,UNKNOWN,2,2886,0,0
1711,1711,86,2,single,unknown,2,true,-1,2800,UNKNOWN,2,2244,0,0
1712,1712,18,1,single,unknown,2,true,-1,1533,UNKNOWN,2,2899,0,0
1713,1713,90,2,single,unknown,2,true,-1,1750,UNKNOWN,2,2078,0,0
1714,1714,56,2,single,unknown,2,true,-1,3300,UNKNOWN,2,1731,0,0
1715,1715,57,1,single,unknown,2,true,-1,2733,UNKNOWN,2,2976,0,0
1716,1716,15,2,single,unknown,2,false,-1,3400,UNKNOWN,2,1406,0,0
1717,1717,45,1,single,unknown,2,true,-1,1750,UNKNOWN,2,352,0,0
1718,1718,38,2,single,unknown,2,true,-1,1952,UNKNOWN,2,3399,0,0
1719,1719,27,1,single,unknown,2,true,-1,2733,UNKNOWN,2,557,0,0
1720,1720,55,1,single,unknown,2,true,-1,1750,UNKNOWN,2,662,0,0
1721,1721,45,1,single,unknown,2,true,-1,1269,UNKNOWN,2,1532,0,0
1722,1722,48,1,single,unknown,2,true,-1,1556,UNKNOWN,2,1991,2,0
1723,1723,67,2,single,unknown,2,true,-1,2200,UNKNOWN,2,2277,0,0
1724,1724,8,2,single,unknown,2,false,-1,2429,UNKNOWN,2,1505,0,0
1725,1725,24,1,single,unknown,2,true,-1,467,UNKNOWN,2,1483,0,0
1726,1726,44,2,single,unknown,2,true,-1,1556,UNKNOWN,2,1708,0,0
1727,1727,30,1,single,unknown,2,true,-1,2278,UNKNOWN,2,849,0,0
1728,1728,3,2,single,unknown,2,false,-1,2278,UNKNOWN,2,2793,0,0
1729,1729,67,2,single,unknown,2,true,-1,5100,UNKNOWN,2,519,0,0
1730,1730,19,1,single,unknown,2,true,-1,700,UNKNOWN,2,1417,0,0
1731,1731,4,2,single,unknown,2,false,-1,2905,UNKNOWN,2,653,0,0
1732,1732,43,1,single,unknown,2,true,-1,1750,UNKNOWN,2,2866,0,0
1733,1733,24,1,single,unknown,2,true,-1,3400,UNKNOWN,2,422,0,0
1734,1734,43,1,single,unknown,2,true,-1,632,UNKNOWN,2,846,0,0
1735,1735,14,2,single,unknown,2,false,-1,3050,UNKNOWN,2,3140,0,0
1736,1736,35,1,single,unknown,2,true,-1,1952,UNKNOWN,2,2090,0,0
1737,1737,12,2,single,unknown,2,false,-1,2040,UNKNOWN,2,793,0,0
1738,1738,46,2,single,unknown,2,true,-1,2429,UNKNOWN,2,1394,0,0
1739,1739,25,1,single,unknown,2,true,-1,4100,UNKNOWN,2,452,0,0
1740,1740,45,1,single,unknown,2,true,-1,1200,UNKNOWN,2,1877,0,0
1741,1741,40,1,single,unknown,2,true,-1,2429,UNKNOWN,2,1456,0,0
1742,1742,34,2,single,unknown,2,true,-1,6100,UNKNOWN,2,1758,0,0
1743,1743,30,1,single,unknown,2,true,-1,700,UNKNOWN,2,3406,0,0
1744,1744,61,1,single,unknown,2,true,-1,1750,UNKNOWN,2,581,0,0
1745,1745,58,1,single,unknown,2,true,-1,2200,UNKNOWN,2,1626,0,0
1746,1746,39,2,single,unknown,2,true,-1,1708,UNKNOWN,2,870,0,0
1747,1747,40,1,single,unknown,2,true,-1,3400,UNKNOWN,2,2675,0,0
1748,1748,68,2,single,unknown,2,true,-1,1200,UNKNOWN,2,2077,0,0
1749,1749,55,1,single,unknown,2,true,-1,2733,UNKNOWN,2,791,0,0
1750,1750,42,1,single,unknown,2,true,-1,3400,UNKNOWN,2,1103,0,0
1751,1751,31,1,single,unknown,2,true,-1,2300,UNKNOWN,2,2494,0,0
1752,1752,21,1,single,unknown,2,true,-1,1200,UNKNOWN,2,3215,0,0
1753,1753,22,1,single,unknown,2,true,-1,2200,UNKNOWN,2,2909,0,0
1754,1754,31,1,single,unknown,2,true,-1,250,UNKNOWN,2,824,0,0
1755,1755,41,1,single,unknown,2,true,-1,2300,UNKNOWN,2,2025,0,0
1756,1756,41,1,single,unknown,2,true,-1,2429,UNKNOWN,2,370,0,0
1757,1757,6,2,single,unknown,2,false,-1,2542,UNKNOWN,2,1028,0,0
1758,1758,46,1,single,unknown,2,true,-1,2905,UNKNOWN,2,1274,0,0
1759,1759,54,1,single,unknown,2,true,-1,2733,UNKNOWN,2,2499,0,0
1760,1760,47,1,single,unknown,2,true,-1,2200,UNKNOWN,2,98,0,0
1761,1761,20,1,single,unknown,2,true,-1,2733,UNKNOWN,2,747,0,0
1762,1762,1,2,single,unknown,2,false,-1,750,UNKNOWN,2,431,0,0
1763,1763,35,1,single,unknown,2,true,-1,1200,UNKNOWN,2,1709,0,0
1764,1764,16,2,single,unknown,2,false,-1,2440,UNKNOWN,2,487,0,0
1765,1765,10,2,single,unknown,2,false,-1,2429,UNKNOWN,2,708,0,0
1766,1766,53,1,single,unknown,2,true,-1,2733,UNKNOWN,2,3305,0,0
1767,1767,71,2,single,unknown,2,true,-1,1533,UNKNOWN,2,1886,2,0
1768,1768,52,2,single,unknown,2,true,-1,875,UNKNOWN,2,2753,0,0
1769,1769,58,2,single,unknown,2,true,-1,1533,UNKNOWN,2,2672,0,0
1770,1770,88,2,single,unknown,2,true,-1,1867,UNKNOWN,2,2332,2,0
1771,1771,38,2,single,unknown,2,true,-1,1750,UNKNOWN,2,1922,0,0
1772,1772,18,2,single,unknown,2,true,-1,3389,UNKNOWN,2,2124,0,0
1773,1773,71,2,single,unknown,2,true,-1,2200,UNKNOWN,2,179,0,0
1774,1774,58,1,single,unknown,2,true,-1,1200,UNKNOWN,2,570,0,0
1775,1775,61,1,single,unknown,2,true,-1,1867,UNKNOWN,2,1494,0,0
1776,1776,33,1,single,unknown,2,true,-1,3300,UNKNOWN,2,3027,0,0
1777,1777,61,1,single,unknown,2,true,-1,1533,UNKNOWN,2,327,0,0
1778,1778,75,2,single,unknown,2,true,-1,4067,UNKNOWN,2,120,0,0
1779,1779,46,1,single,unknown,2,true,-1,1833,UNKNOWN,2,513,0,0
1780,1780,38,2,single,unknown,2,true,-1,4100,UNKNOWN,2,3198,0,0
1781,1781,63,2,single,unknown,2,true,-1,1533,UNKNOWN,2,2145,0,0
1782,1782,52,1,single,unknown,2,true,-1,1167,UNKNOWN,2,1379,0,0
1783,1783,82,2,single,unknown,2,true,-1,2733,UNKNOWN,2,406,0,0
1784,1784,29,1,single,unknown,2,true,-1,2278,UNKNOWN,2,2133,0,0
1785,1785,28,2,single,unknown,2,true,-1,800,UNKNOWN,2,2858,0,0
1786,1786,19,1,single,unknown,2,true,-1,1275,UNKNOWN,2,1845,0,0
1787,1787,35,1,single,unknown,2,true,-1,2278,UNKNOWN,2,2125,0,0
1788,1788,59,1,single,unknown,2,true,-1,1533,UNKNOWN,2,575,2,0
1789,1789,90,2,single,unknown,2,true,-1,1533,UNKNOWN,2,2219,0,0
1790,1790,28,1,single,unknown,2,true,-1,1750,UNKNOWN,2,2229,0,0
1791,1791,6,2,single,unknown,2,false,-1,1333,UNKNOWN,2,578,0,0
1792,1792,64,1,single,unknown,2,true,-1,1750,UNKNOWN,2,2721,0,0
1793,1793,32,2,single,unknown,2,true,-1,2733,UNKNOWN,2,3063,0,0
1794,1794,24,1,single,unknown,2,true,-1,800,UNKNOWN,2,89,0,0
1795,1795,56,2,single,unknown,2,true,-1,3300,UNKNOWN,2,330,0,0
1796,1796,22,1,single,unknown,2,true,-1,700,UNKNOWN,2,2265,0,0
1797,1797,21,1,single,unknown,2,true,-1,800,UNKNOWN,2,2334,0,0
1798,1798,98,2,single,unknown,2,true,-1,1533,UNKNOWN,2,503,0,0
1799,1799,29,1,single,unknown,2,true,-1,2200,UNKNOWN,2,3230,0,0
1800,1800,21,1,single,unknown,2,true,-1,1200,UNKNOWN,2,3163,0,0
1801,1801,68,2,single,unknown,2,true,-1,1533,UNKNOWN,2,339,0,0
1802,1802,47,1,single,unknown,2,true,-1,3050,UNKNOWN,2,1856,0,0
1803,1803,36,1,single,unknown,2,true,-1,2300,UNKNOWN,2,2941,0,0
1804,1804,74,2,single,unknown,2,true,-1,2200,UNKNOWN,2,3204,0,0
1805,1805,50,1,single,unknown,2,true,-1,1200,UNKNOWN,2,1504,0,0
1806,1806,4,2,single,unknown,2,false,-1,2429,UNKNOWN,2,49,0,0
1807,1807,18,1,single,unknown,2,true,-1,1400,UNKNOWN,2,1965,0,0
1808,1808,46,1,single,unknown,2,true,-1,1783,UNKNOWN,2,612,0,0
1809,1809,21,1,single,unknown,2,true,-1,767,UNKNOWN,2,2886,0,0
1810,1810,47,2,single,unknown,2,true,-1,1571,UNKNOWN,2,3412,0,0
1811,1811,47,1,single,unknown,2,true,-1,2200,UNKNOWN,2,3310,0,0
1812,1812,55,1,single,unknown,2,true,-1,6100,UNKNOWN,2,3178,0,0
1813,1813,10,2,single,unknown,2,false,-1,2278,UNKNOWN,2,1629,0,0
1814,1814,52,1,single,unknown,2,true,-1,2733,UNKNOWN,2,2483,0,0
1815,1815,59,1,single,unknown,2,true,-1,5100,UNKNOWN,2,926,0,0
1816,1816,28,1,single,unknown,2,true,-1,1750,UNKNOWN,2,752,0,0
1817,1817,13,2,single,unknown,2,false,-1,2217,UNKNOWN,2,1141,0,0
1818,1818,46,1,single,unknown,2,true,-1,625,UNKNOWN,2,892,0,0
1819,1819,40,1,single,unknown,2,true,-1,250,UNKNOWN,2,3174,2,0
1820,1820,4,2,single,unknown,2,false,-1,2429,UNKNOWN,2,1380,0,0
1821,1821,68,2,single,unknown,2,true,-1,4067,UNKNOWN,2,446,0,0
1822,1822,54,1,single,unknown,2,true,-1,700,UNKNOWN,2,1046,2,0
1823,1823,59,1,single,unknown,2,true,-1,1200,UNKNOWN,2,1270,0,0
1824,1824,52,2,single,unknown,2,true,-1,1750,UNKNOWN,2,3030,0,0
1825,1825,34,1,single,unknown,2,true,-1,1167,UNKNOWN,2,3399,0,0
1826,1826,33,1,single,unknown,2,true,-1,2429,UNKNOWN,2,2011,0,0
1827,1827,55,1,single,unknown,2,true,-1,1000,UNKNOWN,2,2792,0,0
1828,1828,27,1,single,unknown,2,true,-1,2733,UNKNOWN,2,2107,0,0
1829,1829,90,2,single,unknown,2,true,-1,1167,UNKNOWN,2,1277,0,0
1830,1830,48,2,single,unknown,2,true,-1,1700,UNKNOWN,2,2291,0,0
1831,1831,26,1,single,unknown,2,true,-1,2278,UNKNOWN,2,2147,0,0
1832,1832,46,2,single,unknown,2,true,-1,3400,UNKNOWN,2,604,0,0
1833,1833,35,1,single,unknown,2,true,-1,1200,UNKNOWN,2,3208,0,0
1834,1834,66,2,single,unknown,2,true,-1,2200,UNKNOWN,2,2900,0,0
1835,1835,64,1,single,unknown,2,true,-1,1867,UNKNOWN,2,247,0,0
1836,1836,45,2,single,unknown,2,true,-1,2833,UNKNOWN,2,425,0,0
1837,1837,96,2,single,unknown,2,true,-1,1750,UNKNOWN,2,1398,2,0
1838,1838,40,2,single,unknown,2,true,-1,1571,UNKNOWN,2,448,0,0
1839,1839,53,1,single,unknown,2,true,-1,2800,UNKNOWN,2,2830,0,0
1840,1840,67,2,single,unknown,2,true,-1,1200,UNKNOWN,2,2982,0,0
1841,1841,98,2,single,unknown,2,true,-1,2300,UNKNOWN,2,2639,0,0
1842,1842,98,2,single,unknown,2,true,-1,1867,UNKNOWN,2,2053,2,0
1843,1843,52,1,single,unknown,2,true,-1,2040,UNKNOWN,2,2258,0,0
1844,1844,26,1,single,unknown,2,true,-1,1533,UNKNOWN,2,804,0,0
1845,1845,91,2,single,unknown,2,true,-1,2733,UNKNOWN,2,2083,2,0
1846,1846,59,1,single,unknown,2,true,-1,2733,UNKNOWN,2,2857,0,0
1847,1847,75,2,single,unknown,2,true,-1,1167,UNKNOWN,2,3105,0,0
1848,1848,31,1,single,unknown,2,true,-1,1533,UNKNOWN,2,1287,0,0
1849,1849,14,2,single,unknown,2,false,-1,1821,UNKNOWN,2,1651,0,0
1850,1850,8,2,single,unknown,2,false,-1,1571,UNKNOWN,2,1214,0,0
1851,1851,47,1,single,unknown,2,true,-1,1556,UNKNOWN,2,2786,0,0
1852,1852,53,1,single,unknown,2,true,-1,250,UNKNOWN,2,591,0,0
1853,1853,21,1,single,unknown,2,true,-1,2652,UNKNOWN,2,1036,0,0
1854,1854,18,1,single,unknown,2,true,-1,1167,UNKNOWN,2,1400,2,0
1855,1855,19,2,single,unknown,2,true,-1,3050,UNKNOWN,2,822,0,0
1856,1856,30,1,single,unknown,2,true,-1,4100,UNKNOWN,2,2245,0,0
1857,1857,62,1,single,unknown,2,true,-1,2300,UNKNOWN,2,2018,0,0
1858,1858,28,1,single,unknown,2,true,-1,1533,UNKNOWN,2,525,0,0
1859,1859,46,2,single,unknown,2,true,-1,2050,UNKNOWN,2,2539,0,0
1860,1860,26,1,single,unknown,2,true,-1,2733,UNKNOWN,2,1622,0,0
1861,1861,16,2,single,unknown,2,false,-1,761,UNKNOWN,2,2963,0,0
1862,1862,36,1,single,unknown,2,true,-1,1750,UNKNOWN,2,970,0,0
1863,1863,53,1,single,unknown,2,true,-1,6100,UNKNOWN,2,2306,0,0
1864,1864,90,2,single,unknown,2,true,-1,1533,UNKNOWN,2,1536,0,0
1865,1865,13,2,single,unknown,2,false,-1,1577,UNKNOWN,2,553,0,0
1866,1866,85,2,single,unknown,2,true,-1,1200,UNKNOWN,2,2490,2,0
1867,1867,15,2,single,unknown,2,false,-1,1650,UNKNOWN,2,771,0,0
1868,1868,94,2,single,unknown,2,true,-1,1200,UNKNOWN,2,3240,2,0
1869,1869,60,1,single,unknown,2,true,-1,1533,UNKNOWN,2,1233,0,0
1870,1870,92,2,single,unknown,2,true,-1,1167,UNKNOWN,2,1471,0,0
1871,1871,3,2,single,unknown,2,false,-1,2278,UNKNOWN,2,910,2,0
1872,1872,24,1,single,unknown,2,true,-1,1167,UNKNOWN,2,1123,0,0
1873,1873,10,2,single,unknown,2,false,-1,2905,UNKNOWN,2,310,0,0
1874,1874,36,1,single,unknown,2,true,-1,2733,UNKNOWN,2,2733,0,0
1875,1875,39,1,single,unknown,2,true,-1,1769,UNKNOWN,2,1689,0,0
1876,1876,99,2,single,unknown,2,true,-1,1200,UNKNOWN,2,2500,2,0
1877,1877,92,2,single,unknown,2,true,-1,2300,UNKNOWN,2,1927,0,0
1878,1878,6,2,single,unknown,2,false,-1,1952,UNKNOWN,2,3414,0,0
1879,1879,3,2,single,unknown,2,false,-1,2429,UNKNOWN,2,676,0,0
1880,1880,63,1,single,unknown,2,true,-1,700,UNKNOWN,2,3016,0,0
1881,1881,70,2,single,unknown,2,true,-1,2733,UNKNOWN,2,2276,2,0
1882,1882,28,2,single,unknown,2,true,-1,2800,UNKNOWN,2,316,0,0
1883,1883,91,2,single,unknown,2,true,-1,1167,UNKNOWN,2,395,0,0
1884,1884,21,1,single,unknown,2,true,-1,800,UNKNOWN,2,1898,2,0
1885,1885,34,1,single,unknown,2,true,-1,2300,UNKNOWN,2,2182,0,0
1886,1886,18,1,single,unknown,2,true,-1,800,UNKNOWN,2,700,0,0
1887,1887,74,2,single,unknown,2,true,-1,4100,UNKNOWN,2,1414,0,0
1888,1888,55,2,single,unknown,2,true,-1,1952,UNKNOWN,2,1766,0,0
1889,1889,16,2,single,unknown,2,true,-1,1167,UNKNOWN,2,3045,0,0
1890,1890,29,1,single,unknown,2,true,-1,250,UNKNOWN,2,3408,0,0
1891,1891,45,1,single,unknown,2,true,-1,1783,UNKNOWN,2,2059,0,0
1892,1892,80,2,single,unknown,2,true,-1,2733,UNKNOWN,2,3041,0,0
1893,1893,26,1,single,unknown,2,true,-1,700,UNKNOWN,2,2002,0,0
1894,1894,30,1,single,unknown,2,true,-1,3300,UNKNOWN,2,256,0,0
1895,1895,97,2,single,unknown,2,true,-1,2300,UNKNOWN,2,1086,0,0
1896,1896,58,1,single,unknown,2,true,-1,3400,UNKNOWN,2,2258,0,0
1897,1897,15,2,single,unknown,2,false,-1,2440,UNKNOWN,2,2734,0,0
1898,1898,64,2,single,unknown,2,true,-1,1533,UNKNOWN,2,1932,0,0
1899,1899,22,1,single,unknown,2,true,-1,2200,UNKNOWN,2,2245,0,0
1900,1900,91,2,single,unknown,2,true,-1,2733,UNKNOWN,2,1349,2,0
1901,1901,85,2,single,unknown,2,true,-1,2733,UNKNOWN,2,3190,2,0
1902,1902,51,1,single,unknown,2,true,-1,1179,UNKNOWN,2,2478,0,0
1903,1903,17,2,single,unknown,2,false,-1,1640,UNKNOWN,2,1344,0,0
1904,1904,3,2,single,unknown,2,false,-1,2429,UNKNOWN,2,357,0,0
1905,1905,49,1,single,unknown,2,true,-1,2733,UNKNOWN,2,2211,0,0
1906,1906,54,1,single,unknown,2,true,-1,4100,UNKNOWN,2,811,0,0
1907,1907,30,1,single,unknown,2,true,-1,667,UNKNOWN,2,1071,0,0
1908,1908,40,2,single,unknown,2,true,-1,1952,UNKNOWN,2,2643,0,0
1909,1909,4,2,single,unknown,2,false,-1,1952,UNKNOWN,2,1189,0,0
1910,1910,8,2,single,unknown,2,false,-1,2833,UNKNOWN,2,1157,0,0
1911,1911,40,1,single,unknown,2,true,-1,4100,UNKNOWN,2,3007,0,0
1912,1912,42,1,single,unknown,2,true,-1,1952,UNKNOWN,2,1293,0,0
1913,1913,24,1,single,unknown,2,true,-1,700,UNKNOWN,2,3112,0,0
1914,1914,34,1,single,unknown,2,true,-1,2346,UNKNOWN,2,3281,0,0
1915,1915,37,2,single,unknown,2,true,-1,3389,UNKNOWN,2,2207,0,0
1916,1916,28,1,single,unknown,2,true,-1,1533,UNKNOWN,2,1061,0,0
1917,1917,90,2,single,unknown,2,true,-1,1750,UNKNOWN,2,1335,0,0
1918,1918,18,1,single,unknown,2,true,-1,700,UNKNOWN,2,2950,0,0
1919,1919,44,1,single,unknown,2,true,-1,1167,UNKNOWN,2,2327,0,0
1920,1920,62,1,single,unknown,2,true,-1,2300,UNKNOWN,2,173,0,0
1921,1921,71,2,single,unknown,2,true,-1,2733,UNKNOWN,2,868,0,0
1922,1922,26,1,single,unknown,2,true,-1,3389,UNKNOWN,2,3155,0,0
1923,1923,91,2,single,unknown,2,true,-1,2300,UNKNOWN,2,808,0,0
1924,1924,50,1,single,unknown,2,true,-1,1533,UNKNOWN,2,3061,0,0
1925,1925,25,1,single,unknown,2,true,-1,2300,UNKNOWN,2,3373,0,0
1926,1926,69,2,single,unknown,2,true,-1,1533,UNKNOWN,2,1180,0,0
1927,1927,66,2,single,unknown,2,true,-1,1867,UNKNOWN,2,1004,0,0
1928,1928,32,1,single,unknown,2,true,-1,1833,UNKNOWN,2,1380,0,0
1929,1929,78,2,single,unknown,2,true,-1,2200,UNKNOWN,2,729,0,0
1930,1930,22,2,single,unknown,2,true,-1,1200,UNKNOWN,2,1440,0,0
1931,1931,64,1,single,unknown,2,true,-1,6100,UNKNOWN,2,1457,0,0
1932,1932,24,1,single,unknown,2,true,-1,1150,UNKNOWN,2,886,0,0
1933,1933,6,2,single,unknown,2,false,-1,2905,UNKNOWN,2,2692,0,0
1934,1934,52,1,single,unknown,2,true,-1,1200,UNKNOWN,2,1364,2,0
1935,1935,26,1,single,unknown,2,true,-1,1750,UNKNOWN,2,1041,0,0
1936,1936,28,1,single,unknown,2,true,-1,1556,UNKNOWN,2,1238,0,0
1937,1937,72,2,single,unknown,2,true,-1,1867,UNKNOWN,2,3193,0,0
1938,1938,25,2,single,unknown,2,true,-1,920,UNKNOWN,2,2668,0,0
1939,1939,61,1,single,unknown,2,true,-1,1750,UNKNOWN,2,3168,2,0
1940,1940,27,1,single,unknown,2,true,-1,1750,UNKNOWN,2,1352,0,0
1941,1941,29,1,single,unknown,2,true,-1,2200,UNKNOWN,2,2894,0,0
1942,1942,43,1,single,unknown,2,true,-1,1167,UNKNOWN,2,492,0,0
1943,1943,66,2,single,unknown,2,true,-1,700,UNKNOWN,2,2117,2,0
1944,1944,37,1,single,unknown,2,true,-1,1867,UNKNOWN,2,2532,0,0
1945,1945,29,1,single,unknown,2,true,-1,700,UNKNOWN,2,586,0,0
1946,1946,60,1,single,unknown,2,true,-1,2733,UNKNOWN,2,2969,0,0
1947,1947,4,2,single,unknown,2,false,-1,1556,UNKNOWN,2,2696,0,0
1948,1948,85,2,single,unknown,2,true,-1,800,UNKNOWN,2,2875,0,0
1949,1949,40,1,single,unknown,2,true,-1,2200,UNKNOWN,2,1899,0,0
1950,1950,3,2,single,unknown,2,false,-1,1571,UNKNOWN,2,74,0,0
1951,1951,28,2,single,unknown,2,true,-1,1571,UNKNOWN,2,753,0,0
1952,1952,65,2,single,unknown,2,true,-1,1167,UNKNOWN,2,2910,2,0
1953,1953,60,1,single,unknown,2,true,-1,1533,UNKNOWN,2,2983,0,0
1954,1954,7,2,single,unknown,2,false,-1,2538,UNKNOWN,2,2185,0,0
1955,1955,97,2,single,unknown,2,true,-1,2733,UNKNOWN,2,3006,0,0
1956,1956,41,1,single,unknown,2,true,-1,700,UNKNOWN,2,1401,0,0
1957,1957,14,2,single,unknown,2,false,-1,2542,UNKNOWN,2,2133,0,0
1958,1958,82,2,single,unknown,2,true,-1,2733,UNKNOWN,2,3191,0,0
1959,1959,20,1,single,unknown,2,true,-1,1200,UNKNOWN,2,2995,0,0
1960,1960,1,2,single,unknown,2,false,-1,2278,UNKNOWN,2,1916,0,0
1961,1961,60,1,single,unknown,2,true,-1,2733,UNKNOWN,2,3280,0,0
1962,1962,64,1,single,unknown,2,true,-1,4100,UNKNOWN,2,2349,0,0
1963,1963,35,1,single,unknown,2,true,-1,1750,UNKNOWN,2,1871,0,0
1964,1964,39,1,single,unknown,2,true,-1,2300,UNKNOWN,2,1669,0,0
1965,1965,17,2,single,unknown,2,false,-1,1650,UNKNOWN,2,2663,0,0
1966,1966,9,2,single,unknown,2,false,-1,1375,UNKNOWN,2,1478,0,0
1967,1967,4,2,single,unknown,2,false,-1,2429,UNKNOWN,2,68,0,0
1968,1968,67,2,single,unknown,2,true,-1,1167,UNKNOWN,2,3043,0,0
1969,1969,85,2,single,unknown,2,true,-1,4100,UNKNOWN,2,3065,0,0
1970,1970,16,2,single,unknown,2,false,-1,3050,UNKNOWN,2,2226,0,0
1971,1971,38,1,single,unknown,2,true,-1,3300,UNKNOWN,2,1724,0,0
1972,1972,53,1,single,unknown,2,true,-1,2652,UNKNOWN,2,1860,0,0
1973,1973,36,1,single,unknown,2,true,-1,1533,UNKNOWN,2,2129,0,0
1974,1974,40,2,single,unknown,2,true,-1,1577,UNKNOWN,2,1968,0,0
1975,1975,5,2,single,unknown,2,false,-1,1952,UNKNOWN,2,2187,0,0
1976,1976,12,2,single,unknown,2,false,-1,1150,UNKNOWN,2,2367,0,0
1977,1977,51,1,single,unknown,2,true,-1,1750,UNKNOWN,2,1447,2,0
1978,1978,35,2,single,unknown,2,true,-1,2429,UNKNOWN,2,1448,0,0
1979,1979,25,2,single,unknown,2,true,-1,1556,UNKNOWN,2,3436,0,0
1980,1980,36,1,single,unknown,2,true,-1,2429,UNKNOWN,2,440,0,0
1981,1981,32,1,single,unknown,2,true,-1,2300,UNKNOWN,2,542,0,0
1982,1982,26,2,single,unknown,2,true,-1,250,UNKNOWN,2,2371,0,0
1983,1983,37,1,single,unknown,2,true,-1,1200,UNKNOWN,2,2539,0,0
1984,1984,70,2,single,unknown,2,true,-1,1167,UNKNOWN,2,2549,2,0
1985,1985,82,2,single,unknown,2,true,-1,2300,UNKNOWN,2,1973,0,0
1986,1986,88,2,single,unknown,2,true,-1,2733,UNKNOWN,2,2488,0,0
1987,1987,22,2,single,unknown,2,true,-1,667,UNKNOWN,2,2834,0,0
1988,1988,73,2,single,unknown,2,true,-1,1867,UNKNOWN,2,3189,0,0
1989,1989,15,2,single,unknown,2,false,-1,571,UNKNOWN,2,2693,0,0
1990,1990,73,2,single,unknown,2,true,-1,1533,UNKNOWN,2,2965,0,0
1991,1991,63,1,single,unknown,2,true,-1,1750,UNKNOWN,2,3216,0,0
1992,1992,67,2,single,unknown,2,true,-1,1167,UNKNOWN,2,3287,0,0
1993,1993,2,2,single,unknown,2,false,-1,972,UNKNOWN,2,3440,0,0
1994,1994,19,2,single,unknown,2,true,-1,1167,UNKNOWN,2,2375,0,0
1995,1995,97,2,single,unknown,2,true,-1,2733,UNKNOWN,2,3123,0,0
1996,1996,14,2,single,unknown,2,false,-1,2125,UNKNOWN,2,2246,0,0
1997,1997,56,1,single,unknown,2,true,-1,2652,UNKNOWN,2,2964,0,0
1998,1998,19,1,single,unknown,2,true,-1,1464,UNKNOWN,2,563,0,0
1999,1999,34,1,single,unknown,2,true,-1,1750,UNKNOWN,2,2778,0,0
2000,2000,66,2,single,unknown,2,true,-1,1533,UNKNOWN,2,2464,0,0
2001,2001,51,1,single,unknown,2,true,-1,2800,UNKNOWN,2,2831,0,0
2002,2002,31,2,single,unknown,2,true,-1,2200,UNKNOWN,2,2759,0,0
2003,2003,2,2,single,unknown,2,false,-1,2542,UNKNOWN,2,1367,0,0
2004,2004,33,2,single,unknown,2,true,-1,2440,UNKNOWN,2,3078,0,0
2005,2005,46,2,single,unknown,2,true,-1,2905,UNKNOWN,2,87,0,0
2006,2006,97,2,single,unknown,2,true,-1,1200,UNKNOWN,2,2757,2,0
2007,2007,26,1,single,unknown,2,true,-1,2733,UNKNOWN,2,3252,0,0
2008,2008,21,1,single,unknown,2,true,-1,700,UNKNOWN,2,2395,0,0
2009,2009,71,2,single,unknown,2,true,-1,1167,UNKNOWN,2,2883,0,0
2010,2010,11,2,single,unknown,2,false,-1,1179,UNKNOWN,2,2,0,0
2011,2011,59,2,single,unknown,2,true,-1,1533,UNKNOWN,2,2789,2,0
2012,2012,67,2,single,unknown,2,true,-1,1533,UNKNOWN,2,721,0,0
2013,2013,4,2,single,unknown,2,false,-1,1708,UNKNOWN,2,65,0,0
2014,2014,93,2,single,unknown,2,true,-1,1533,UNKNOWN,2,1858,0,0
2015,2015,85,2,single,unknown,2,true,-1,4067,UNKNOWN,2,2558,2,0
2016,2016,21,1,single,unknown,2,true,-1,600,UNKNOWN,2,2385,0,0
2017,2017,46,1,single,unknown,2,true,-1,2050,UNKNOWN,2,3044,0,0
2018,2018,63,1,single,unknown,2,true,-1,1200,UNKNOWN,2,1140,0,0
2019,2019,56,1,single,unknown,2,true,-1,4067,UNKNOWN,2,1978,0,0
2020,2020,86,2,single,unknown,2,true,-1,2300,UNKNOWN,2,1826,0,0
2021,2021,50,1,single,unknown,2,true,-1,3400,UNKNOWN,2,2001,0,0
2022,2022,55,1,single,unknown,2,true,-1,1533,UNKNOWN,2,3305,2,0
2023,2023,13,2,single,unknown,2,false,-1,3050,UNKNOWN,2,554,0,0
2024,2024,60,1,single,unknown,2,true,-1,2300,UNKNOWN,2,1390,0,0
2025,2025,98,2,single,unknown,2,true,-1,1750,UNKNOWN,2,3041,2,0
2026,2026,5,2,single,unknown,2,false,-1,2905,UNKNOWN,2,1119,0,0
2027,2027,85,2,single,unknown,2,true,-1,1533,UNKNOWN,2,1510,0,0
2028,2028,78,2,single,unknown,2,true,-1,2200,UNKNOWN,2,2004,2,0
2029,2029,48,1,single,unknown,2,true,-1,538,UNKNOWN,2,477,0,0
2030,2030,43,1,single,unknown,2,true,-1,1833,UNKNOWN,2,1741,0,0
2031,2031,36,2,single,unknown,2,true,-1,2278,UNKNOWN,2,1098,0,0
2032,2032,44,1,single,unknown,2,true,-1,1167,UNKNOWN,2,218,0,0
2033,2033,92,2,single,unknown,2,true,-1,700,UNKNOWN,2,2711,2,0
2034,2034,33,1,single,unknown,2,true,-1,2833,UNKNOWN,2,2698,0,0
2035,2035,20,1,single,unknown,2,true,-1,1100,UNKNOWN,2,390,0,0
2036,2036,58,2,single,unknown,2,true,-1,3300,UNKNOWN,2,3150,0,0
2037,2037,49,1,single,unknown,2,true,-1,1556,UNKNOWN,2,1155,0,0
2038,2038,55,1,single,unknown,2,true,-1,250,UNKNOWN,2,3030,0,0
2039,2039,98,2,single,unknown,2,true,-1,2733,UNKNOWN,2,3228,2,0
2040,2040,58,1,single,unknown,2,true,-1,1750,UNKNOWN,2,2581,0,0
2041,2041,92,2,single,unknown,2,true,-1,1750,UNKNOWN,2,3490,2,0
2042,2042,61,1,single,unknown,2,true,-1,2040,UNKNOWN,2,3412,2,0
2043,2043,58,1,single,unknown,2,true,-1,3400,UNKNOWN,2,1078,0,0
2044,2044,78,2,single,unknown,2,true,-1,1750,UNKNOWN,2,2185,0,0
2045,2045,1,2,single,unknown,2,false,-1,2278,UNKNOWN,2,3070,2,0
2046,2046,64,2,single,unknown,2,true,-1,1750,UNKNOWN,2,3482,0,0
2047,2047,41,1,single,unknown,2,true,-1,1750,UNKNOWN,2,449,0,0
2048,2048,37,1,single,unknown,2,true,-1,742,UNKNOWN,2,1728,0,0
2049,2049,50,1,single,unknown,2,true,-1,3050,UNKNOWN,2,2758,0,0
2050,2050,64,1,single,unknown,2,true,-1,1533,UNKNOWN,2,2855,0,0
2051,2051,92,2,single,unknown,2,true,-1,1750,UNKNOWN,2,1659,0,0
2052,2052,93,2,single,unknown,2,true,-1,2300,UNKNOWN,2,3151,2,0
2053,2053,52,1,single,unknown,2,true,-1,3050,UNKNOWN,2,2557,0,0
2054,2054,62,1,single,unknown,2,true,-1,1167,UNKNOWN,2,1496,0,0
2055,2055,17,2,single,unknown,2,false,-1,3050,UNKNOWN,2,750,0,0
2056,2056,52,1,single,unknown,2,true,-1,250,UNKNOWN,2,1267,0,0
2057,2057,41,1,single,unknown,2,true,-1,2905,UNKNOWN,2,3075,0,0
2058,2058,98,2,single,unknown,2,true,-1,1750,UNKNOWN,2,399,2,0
2059,2059,69,2,single,unknown,2,true,-1,2300,UNKNOWN,2,166,0,0
2060,2060,20,1,single,unknown,2,true,-1,2733,UNKNOWN,2,3179,0,0
2061,2061,37,1,single,unknown,2,true,-1,3400,UNKNOWN,2,1844,0,0
2062,2062,2,2,single,unknown,2,false,-1,3389,UNKNOWN,2,457,0,0
2063,2063,55,2,single,unknown,2,true,-1,2050,UNKNOWN,2,2129,0,0
2064,2064,14,2,single,unknown,2,false,-1,1435,UNKNOWN,2,698,0,0
2065,2065,85,2,single,unknown,2,true,-1,800,UNKNOWN,2,2780,0,0
2066,2066,60,1,single,unknown,2,true,-1,2800,UNKNOWN,2,2226,0,0
2067,2067,34,1,single,unknown,2,true,-1,4067,UNKNOWN,2,2431,0,0
2068,2068,66,2,single,unknown,2,true,-1,4067,UNKNOWN,2,2925,2,0
2069,2069,43,1,single,unknown,2,true,-1,429,UNKNOWN,2,2053,0,0
2070,2070,61,1,single,unknown,2,true,-1,4100,UNKNOWN,2,3456,0,0
2071,2071,53,2,single,unknown,2,true,-1,700,UNKNOWN,2,2549,2,0
2072,2072,51,1,single,unknown,2,true,-1,3389,UNKNOWN,2,1307,0,0
2073,2073,28,2,single,unknown,2,true,-1,1571,UNKNOWN,2,796,0,0
2074,2074,9,2,single,unknown,2,false,-1,2278,UNKNOWN,2,3216,0,0
2075,2075,92,2,single,unknown,2,true,-1,800,UNKNOWN,2,1594,0,0
2076,2076,61,1,single,unknown,2,true,-1,1200,UNKNOWN,2,1997,0,0
2077,2077,33,1,single,unknown,2,true,-1,2300,UNKNOWN,2,2160,0,0
2078,2078,57,2,single,unknown,2,true,-1,1200,UNKNOWN,2,1036,0,0
2079,2079,26,1,single,unknown,2,true,-1,1867,UNKNOWN,2,2360,0,0
2080,2080,10,2,single,unknown,2,false,-1,923,UNKNOWN,2,1052,0,0
2081,2081,39,1,single,unknown,2,true,-1,1833,UNKNOWN,2,2056,0,0
2082,2082,40,2,single,unknown,2,true,-1,700,UNKNOWN,2,1439,0,0
2083,2083,10,2,single,unknown,2,false,-1,2905,UNKNOWN,2,893,0,0
2084,2084,61,1,single,unknown,2,true,-1,1533,UNKNOWN,2,1816,0,0
2085,2085,17,2,single,unknown,2,false,-1,2278,UNKNOWN,2,2478,0,0
2086,2086,32,2,single,unknown,2,true,-1,1750,UNKNOWN,2,1650,0,0
2087,2087,5,2,single,unknown,2,false,-1,972,UNKNOWN,2,3320,0,0
2088,2088,57,1,single,unknown,2,true,-1,3389,UNKNOWN,2,211,0,0
2089,2089,34,2,single,unknown,2,true,-1,6100,UNKNOWN,2,2913,0,0
2090,2090,5,2,single,unknown,2,false,-1,1571,UNKNOWN,2,2729,0,0
2091,2091,40,2,single,unknown,2,true,-1,972,UNKNOWN,2,536,0,0
2092,2092,63,2,single,unknown,2,true,-1,2300,UNKNOWN,2,1216,0,0
2093,2093,27,1,single,unknown,2,true,-1,2550,UNKNOWN,2,2197,0,0
2094,2094,35,2,single,unknown,2,true,-1,3400,UNKNOWN,2,2182,0,0
2095,2095,34,2,single,unknown,2,true,-1,1750,UNKNOWN,2,75,0,0
2096,2096,2,2,single,unknown,2,false,-1,1333,UNKNOWN,2,2419,0,0
2097,2097,61,1,single,unknown,2,true,-1,1650,UNKNOWN,2,1892,0,0
2098,2098,92,2,single,unknown,2,true,-1,1200,UNKNOWN,2,2642,0,0
2099,2099,40,1,single,unknown,2,true,-1,2200,UNKNOWN,2,2207,0,0
2100,2100,62,1,single,unknown,2,true,-1,700,UNKNOWN,2,931,0,0
2101,2101,46,2,single,unknown,2,true,-1,2733,UNKNOWN,2,3281,0,0
2102,2102,55,1,single,unknown,2,true,-1,3400,UNKNOWN,2,1494,0,0
2103,2103,59,1,single,unknown,2,true,-1,1533,UNKNOWN,2,828,0,0
2104,2104,39,2,single,unknown,2,true,-1,1400,UNKNOWN,2,1934,0,0
2105,2105,21,1,single,unknown,2,true,-1,2550,UNKNOWN,2,2984,0,0
2106,2106,18,1,single,unknown,2,true,-1,600,UNKNOWN,2,2400,0,0
2107,2107,40,1,single,unknown,2,true,-1,1708,UNKNOWN,2,2971,0,0
2108,2108,37,1,single,unknown,2,true,-1,250,UNKNOWN,2,3252,0,0
2109,2109,21,1,single,unknown,2,true,-1,2300,UNKNOWN,2,2572,0,0
2110,2110,27,1,single,unknown,2,true,-1,2733,UNKNOWN,2,612,0,0
2111,2111,90,2,single,unknown,2,true,-1,1167,UNKNOWN,2,545,0,0
2112,2112,49,2,single,unknown,2,true,-1,2429,UNKNOWN,2,1202,0,0
2113,2113,9,2,single,unknown,2,false,-1,1750,UNKNOWN,2,273,0,0
2114,2114,35,2,single,unknown,2,true,-1,2733,UNKNOWN,2,1058,0,0
2115,2115,41,1,single,unknown,2,true,-1,2733,UNKNOWN,2,917,0,0
2116,2116,72,2,single,unknown,2,true,-1,2200,UNKNOWN,2,1794,0,0
2117,2117,60,1,single,unknown,2,true,-1,3300,UNKNOWN,2,2339,0,0
2118,2118,11,2,single,unknown,2,false,-1,1094,UNKNOWN,2,1970,0,0
2119,2119,28,1,single,unknown,2,true,-1,1750,UNKNOWN,2,2311,0,0
2120,2120,62,1,single,unknown,2,true,-1,1750,UNKNOWN,2,2666,0,0
2121,2121,16,2,single,unknown,2,false,-1,3050,UNKNOWN,2,1564,0,0
2122,2122,62,1,single,unknown,2,true,-1,1167,UNKNOWN,2,1784,2,0
2123,2123,23,2,single,unknown,2,true,-1,3050,UNKNOWN,2,1828,0,0
2124,2124,2,2,single,unknown,2,false,-1,2278,UNKNOWN,2,2934,0,0
2125,2125,43,1,single,unknown,2,true,-1,2200,UNKNOWN,2,1890,0,0
2126,2126,7,2,single,unknown,2,false,-1,1577,UNKNOWN,2,3010,0,0
2127,2127,25,1,single,unknown,2,true,-1,700,UNKNOWN,2,1183,0,0
2128,2128,14,2,single,unknown,2,false,-1,923,UNKNOWN,2,604,0,0
2129,2129,13,2,single,unknown,2,false,-1,2550,UNKNOWN,2,917,0,0
2130,2130,88,2,single,unknown,2,true,-1,1200,UNKNOWN,2,2935,0,0
2131,2131,60,1,single,unknown,2,true,-1,1200,UNKNOWN,2,1939,0,0
2132,2132,36,2,single,unknown,2,true,-1,1333,UNKNOWN,2,1326,0,0
2133,2133,61,1,single,unknown,2,true,-1,2200,UNKNOWN,2,2963,0,0
2134,2134,28,1,single,unknown,2,true,-1,2733,UNKNOWN,2,1333,0,0
2135,2135,49,1,single,unknown,2,true,-1,2200,UNKNOWN,2,2204,0,0
2136,2136,20,1,single,unknown,2,true,-1,467,UNKNOWN,2,3441,0,0
2137,2137,26,2,single,unknown,2,true,-1,1320,UNKNOWN,2,603,0,0
2138,2138,67,2,single,unknown,2,true,-1,3400,UNKNOWN,2,615,0,0
2139,2139,36,2,single,unknown,2,true,-1,3300,UNKNOWN,2,340,0,0
2140,2140,19,1,single,unknown,2,true,-1,1400,UNKNOWN,2,394,0,0
2141,2141,32,1,single,unknown,2,true,-1,2278,UNKNOWN,2,296,0,0
2142,2142,34,1,single,unknown,2,true,-1,2125,UNKNOWN,2,2754,0,0
2143,2143,19,1,single,unknown,2,true,-1,2179,UNKNOWN,2,1765,0,0
2144,2144,17,2,single,unknown,2,false,-1,1333,UNKNOWN,2,1459,0,0
2145,2145,54,1,single,unknown,2,true,-1,1346,UNKNOWN,2,67,0,0
2146,2146,75,2,single,unknown,2,true,-1,2300,UNKNOWN,2,3194,0,0
2147,2147,59,1,single,unknown,2,true,-1,920,UNKNOWN,2,2241,0,0
2148,2148,44,1,single,unknown,2,true,-1,2429,UNKNOWN,2,3089,0,0
2149,2149,33,1,single,unknown,2,true,-1,333,UNKNOWN,2,2216,0,0
2150,2150,20,2,single,unknown,2,true,-1,1400,UNKNOWN,2,2789,0,0
2151,2151,5,2,single,unknown,2,false,-1,1571,UNKNOWN,2,1639,0,0
2152,2152,26,1,single,unknown,2,true,-1,1346,UNKNOWN,2,447,0,0
2153,2153,34,1,single,unknown,2,true,-1,2300,UNKNOWN,2,1436,0,0
2154,2154,5,2,single,unknown,2,false,-1,1571,UNKNOWN,2,1568,0,0
2155,2155,59,2,single,unknown,2,true,-1,1533,UNKNOWN,2,2758,2,0
2156,2156,62,1,single,unknown,2,true,-1,4067,UNKNOWN,2,3162,0,0
2157,2157,65,2,single,unknown,2,true,-1,1200,UNKNOWN,2,2573,2,0
2158,2158,33,1,single,unknown,2,true,-1,1400,UNKNOWN,2,1774,0,0
2159,2159,36,1,single,unknown,2,true,-1,1200,UNKNOWN,2,389,0,0
2160,2160,12,2,single,unknown,2,false,-1,972,UNKNOWN,2,3269,0,0
2161,2161,15,2,single,unknown,2,false,-1,700,UNKNOWN,2,2659,0,0
2162,2162,29,1,single,unknown,2,true,-1,2300,UNKNOWN,2,1442,0,0
2163,2163,19,2,single,unknown,2,true,-1,700,UNKNOWN,2,2857,0,0
2164,2164,37,1,single,unknown,2,true,-1,2833,UNKNOWN,2,1340,0,0
2165,2165,21,1,single,unknown,2,true,-1,800,UNKNOWN,2,3356,0,0
2166,2166,16,2,single,unknown,2,false,-1,833,UNKNOWN,2,1993,0,0
2167,2167,34,1,single,unknown,2,true,-1,1750,UNKNOWN,2,494,0,0
2168,2168,18,1,single,unknown,2,true,-1,800,UNKNOWN,2,1746,0,0
2169,2169,40,1,single,unknown,2,true,-1,1750,UNKNOWN,2,1933,0,0
2170,2170,40,1,single,unknown,2,true,-1,2733,UNKNOWN,2,3417,0,0
2171,2171,74,2,single,unknown,2,true,-1,350,UNKNOWN,2,3212,2,0
2172,2172,86,2,single,unknown,2,true,-1,1533,UNKNOWN,2,1380,0,0
2173,2173,78,2,single,unknown,2,true,-1,1533,UNKNOWN,2,479,0,0
2174,2174,45,1,single,unknown,2,true,-1,2550,UNKNOWN,2,3485,0,0
2175,2175,25,1,single,unknown,2,true,-1,3400,UNKNOWN,2,3099,0,0
2176,2176,86,2,single,unknown,2,true,-1,1533,UNKNOWN,2,2909,0,0
2177,2177,32,1,single,unknown,2,true,-1,1095,UNKNOWN,2,3472,0,0
2178,2178,16,2,single,unknown,2,false,-1,2217,UNKNOWN,2,2490,0,0
2179,2179,33,1,single,unknown,2,true,-1,2429,UNKNOWN,2,2275,0,0
2180,2180,37,2,single,unknown,2,true,-1,3300,UNKNOWN,2,899,0,0
2181,2181,26,1,single,unknown,2,true,-1,700,UNKNOWN,2,469,0,0
2182,2182,54,2,single,unknown,2,true,-1,2733,UNKNOWN,2,779,0,0
2183,2183,42,1,single,unknown,2,true,-1,2800,UNKNOWN,2,277,0,0
2184,2184,50,1,single,unknown,2,true,-1,1200,UNKNOWN,2,2084,0,0
2185,2185,56,2,single,unknown,2,true,-1,2040,UNKNOWN,2,1933,0,0
2186,2186,6,2,single,unknown,2,false,-1,1750,UNKNOWN,2,2501,0,0
2187,2187,21,1,single,unknown,2,true,-1,933,UNKNOWN,2,691,0,0
2188,2188,7,2,single,unknown,2,false,-1,2429,UNKNOWN,2,1839,0,0
2189,2189,41,2,single,unknown,2,true,-1,2278,UNKNOWN,2,3417,0,0
2190,2190,48,1,single,unknown,2,true,-1,1200,UNKNOWN,2,2121,2,0
2191,2191,40,1,single,unknown,2,true,-1,2905,UNKNOWN,2,10,0,0
2192,2192,54,2,single,unknown,2,true,-1,1533,UNKNOWN,2,2701,0,0
2193,2193,32,1,single,unknown,2,true,-1,2278,UNKNOWN,2,2760,0,0
2194,2194,19,1,single,unknown,2,true,-1,1533,UNKNOWN,2,1624,0,0
2195,2195,90,2,single,unknown,2,true,-1,2200,UNKNOWN,2,1786,0,0
2196,2196,19,1,single,unknown,2,true,-1,1769,UNKNOWN,2,1997,0,0
2197,2197,30,1,single,unknown,2,true,-1,667,UNKNOWN,2,3343,0,0
2198,2198,34,1,single,unknown,2,true,-1,2733,UNKNOWN,2,590,0,0
2199,2199,78,2,single,unknown,2,true,-1,1867,UNKNOWN,2,2649,2,0
2200,2200,69,2,single,unknown,2,true,-1,2300,UNKNOWN,2,2252,0,0
2201,2201,50,1,single,unknown,2,true,-1,2200,UNKNOWN,2,1006,0,0
2202,2202,70,2,single,unknown,2,true,-1,2300,UNKNOWN,2,3394,0,0
2203,2203,54,1,single,unknown,2,true,-1,4067,UNKNOWN,2,2833,0,0
2204,2204,28,1,single,unknown,2,true,-1,1179,UNKNOWN,2,689,0,0
2205,2205,15,2,single,unknown,2,false,-1,1400,UNKNOWN,2,1805,0,0
2206,2206,37,2,single,unknown,2,true,-1,3300,UNKNOWN,2,869,0,0
2207,2207,4,2,single,unknown,2,false,-1,2429,UNKNOWN,2,2545,0,0
2208,2208,46,1,single,unknown,2,true,-1,1750,UNKNOWN,2,281,0,0
2209,2209,20,1,single,unknown,2,true,-1,1120,UNKNOWN,2,609,0,0
2210,2210,95,2,single,unknown,2,true,-1,1167,UNKNOWN,2,1722,2,0
2211,2211,43,1,single,unknown,2,true,-1,1346,UNKNOWN,2,1093,0,0
2212,2212,32,1,single,unknown,2,true,-1,1952,UNKNOWN,2,175,0,0
2213,2213,5,2,single,unknown,2,false,-1,2905,UNKNOWN,2,315,0,0
2214,2214,61,2,single,unknown,2,true,-1,1200,UNKNOWN,2,1195,0,0
2215,2215,76,2,single,unknown,2,true,-1,2300,UNKNOWN,2,2705,0,0
2216,2216,42,1,single,unknown,2,true,-1,2429,UNKNOWN,2,3248,0,0
2217,2217,91,2,single,unknown,2,true,-1,1167,UNKNOWN,2,3,2,0
2218,2218,62,2,single,unknown,2,true,-1,1750,UNKNOWN,2,1163,0,0
2219,2219,66,2,single,unknown,2,true,-1,4067,UNKNOWN,2,157,0,0
2220,2220,71,2,single,unknown,2,true,-1,2200,UNKNOWN,2,1069,2,0
2221,2221,89,2,single,unknown,2,true,-1,2300,UNKNOWN,2,2983,0,0
2222,2222,67,2,single,unknown,2,true,-1,2200,UNKNOWN,2,2668,0,0
2223,2223,79,2,single,unknown,2,true,-1,2733,UNKNOWN,2,2174,2,0
2224,2224,41,2,single,unknown,2,true,-1,1952,UNKNOWN,2,630,0,0
2225,2225,2,2,single,unknown,2,false,-1,1571,UNKNOWN,2,2802,0,0
2226,2226,61,1,single,unknown,2,true,-1,1120,UNKNOWN,2,1907,0,0
2227,2227,40,1,single,unknown,2,true,-1,1833,UNKNOWN,2,1487,0,0
2228,2228,74,2,single,unknown,2,true,-1,700,UNKNOWN,2,124,0,0
2229,2229,97,2,single,unknown,2,true,-1,1867,UNKNOWN,2,2653,0,0
2230,2230,23,1,single,unknown,2,true,-1,1650,UNKNOWN,2,2619,0,0
2231,2231,57,1,single,unknown,2,true,-1,1167,UNKNOWN,2,882,2,0
2232,2232,85,2,single,unknown,2,true,-1,1200,UNKNOWN,2,1258,0,0
2233,2233,5,2,single,unknown,2,false,-1,1571,UNKNOWN,2,1249,0,0
2234,2234,15,2,single,unknown,2,false,-1,2440,UNKNOWN,2,1955,0,0
2235,2235,23,1,single,unknown,2,true,-1,1533,UNKNOWN,2,1474,0,0
2236,2236,33,1,single,unknown,2,true,-1,2300,UNKNOWN,2,2418,0,0
2237,2237,29,1,single,unknown,2,true,-1,2278,UNKNOWN,2,83,0,0
2238,2238,62,1,single,unknown,2,true,-1,700,UNKNOWN,2,3316,2,0
2239,2239,61,1,single,unknown,2,true,-1,2440,UNKNOWN,2,2347,0,0
2240,2240,43,2,single,unknown,2,true,-1,2050,UNKNOWN,2,171,0,0
2241,2241,48,2,single,unknown,2,true,-1,1708,UNKNOWN,2,2298,0,0
2242,2242,75,2,single,unknown,2,true,-1,1533,UNKNOWN,2,2466,0,0
2243,2243,76,2,single,unknown,2,true,-1,3400,UNKNOWN,2,592,0,0
2244,2244,1,2,single,unknown,2,false,-1,2429,UNKNOWN,2,1374,0,0
2245,2245,58,1,single,unknown,2,true,-1,2833,UNKNOWN,2,2437,0,0
2246,2246,40,1,single,unknown,2,true,-1,3389,UNKNOWN,2,2574,0,0
2247,2247,28,1,single,unknown,2,true,-1,1769,UNKNOWN,2,918,0,0
2248,2248,64,2,single,unknown,2,true,-1,1867,UNKNOWN,2,2438,2,0
2249,2249,59,1,single,unknown,2,true,-1,1750,UNKNOWN,2,2369,0,0
2250,2250,45,1,single,unknown,2,true,-1,1906,UNKNOWN,2,3223,0,0
2251,2251,52,1,single,unknown,2,true,-1,2300,UNKNOWN,2,421,0,0
2252,2252,44,1,single,unknown,2,true,-1,1952,UNKNOWN,2,2441,0,0
2253,2253,34,1,single,unknown,2,true,-1,1167,UNKNOWN,2,485,0,0
2254,2254,1,2,single,unknown,2,false,-1,1346,UNKNOWN,2,2291,0,0
2255,2255,36,1,single,unknown,2,true,-1,2300,UNKNOWN,2,632,0,0
2256,2256,29,1,single,unknown,2,true,-1,3400,UNKNOWN,2,50,0,0
2257,2257,18,2,single,unknown,2,true,-1,2346,UNKNOWN,2,1267,0,0
2258,2258,8,2,single,unknown,2,false,-1,958,UNKNOWN,2,2905,0,0
2259,2259,53,1,single,unknown,2,true,-1,800,UNKNOWN,2,3274,0,0
2260,2260,78,2,single,unknown,2,true,-1,2733,UNKNOWN,2,245,2,0
2261,2261,63,1,single,unknown,2,true,-1,1533,UNKNOWN,2,3412,0,0
2262,2262,18,1,single,unknown,2,true,-1,304,UNKNOWN,2,2085,0,0
2263,2263,74,2,single,unknown,2,true,-1,1750,UNKNOWN,2,1936,0,0
2264,2264,13,2,single,unknown,2,false,-1,923,UNKNOWN,2,3014,0,0
2265,2265,32,1,single,unknown,2,true,-1,2200,UNKNOWN,2,3467,0,0
2266,2266,17,2,single,unknown,2,false,-1,1095,UNKNOWN,2,1970,0,0
2267,2267,51,1,single,unknown,2,true,-1,1200,UNKNOWN,2,1035,0,0
2268,2268,52,2,single,unknown,2,true,-1,2550,UNKNOWN,2,2070,0,0
2269,2269,44,1,single,unknown,2,true,-1,1346,UNKNOWN,2,2536,0,0
2270,2270,18,2,single,unknown,2,true,-1,2550,UNKNOWN,2,1412,0,0
2271,2271,19,1,single,unknown,2,true,-1,700,UNKNOWN,2,2662,0,0
2272,2272,94,2,single,unknown,2,true,-1,1200,UNKNOWN,2,1343,0,0
2273,2273,42,2,single,unknown,2,true,-1,4067,UNKNOWN,2,1950,0,0
2274,2274,3,2,single,unknown,2,false,-1,1783,UNKNOWN,2,2587,0,0
2275,2275,86,2,single,unknown,2,true,-1,2300,UNKNOWN,2,2513,0,0
2276,2276,39,1,single,unknown,2,true,-1,2429,UNKNOWN,2,10,0,0
2277,2277,25,1,single,unknown,2,true,-1,2200,UNKNOWN,2,2739,0,0
2278,2278,75,2,single,unknown,2,true,-1,1533,UNKNOWN,2,2592,0,0
2279,2279,12,2,single,unknown,2,false,-1,1533,UNKNOWN,2,3461,0,0
2280,2280,40,2,single,unknown,2,true,-1,2905,UNKNOWN,2,980,0,0
2281,2281,88,2,single,unknown,2,true,-1,2200,UNKNOWN,2,1772,0,0
2282,2282,17,2,single,unknown,2,false,-1,1750,UNKNOWN,2,1203,0,0
2283,2283,21,1,single,unknown,2,true,-1,2440,UNKNOWN,2,92,0,0
2284,2284,26,1,single,unknown,2,true,-1,1167,UNKNOWN,2,366,0,0
2285,2285,21,1,single,unknown,2,true,-1,1867,UNKNOWN,2,1569,0,0
2286,2286,51,1,single,unknown,2,true,-1,1783,UNKNOWN,2,1157,0,0
2287,2287,58,1,single,unknown,2,true,-1,1750,UNKNOWN,2,241,0,0
2288,2288,2,2,single,unknown,2,false,-1,1571,UNKNOWN,2,1835,0,0
2289,2289,35,1,single,unknown,2,true,-1,1533,UNKNOWN,2,3093,0,0
2290,2290,17,2,single,unknown,2,false,-1,667,UNKNOWN,2,305,0,0
2291,2291,26,1,single,unknown,2,true,-1,1200,UNKNOWN,2,2813,0,0
2292,2292,65,2,single,unknown,2,true,-1,250,UNKNOWN,2,569,0,0
2293,2293,45,2,single,unknown,2,true,-1,3300,UNKNOWN,2,3370,0,0
2294,2294,71,2,single,unknown,2,true,-1,4100,UNKNOWN,2,3463,0,0
2295,2295,32,1,single,unknown,2,true,-1,700,UNKNOWN,2,1617,0,0
2296,2296,29,1,single,unknown,2,true,-1,2905,UNKNOWN,2,1086,0,0
2297,2297,78,2,single,unknown,2,true,-1,4067,UNKNOWN,2,2240,0,0
2298,2298,48,1,single,unknown,2,true,-1,2200,UNKNOWN,2,1061,0,0
2299,2299,85,2,single,unknown,2,true,-1,3300,UNKNOWN,2,144,0,0
2300,2300,28,1,single,unknown,2,true,-1,3300,UNKNOWN,2,1781,0,0
2301,2301,85,2,single,unknown,2,true,-1,1150,UNKNOWN,2,104,2,0
2302,2302,34,1,single,unknown,2,true,-1,3300,UNKNOWN,2,1582,0,0
2303,2303,11,2,single,unknown,2,false,-1,1952,UNKNOWN,2,137,0,0
2304,2304,56,1,single,unknown,2,true,-1,1533,UNKNOWN,2,480,0,0
2305,2305,60,1,single,unknown,2,true,-1,1200,UNKNOWN,2,670,2,0
2306,2306,18,1,single,unknown,2,true,-1,1533,UNKNOWN,2,163,0,0
2307,2307,5,2,single,unknown,2,false,-1,2905,UNKNOWN,2,3158,2,0
2308,2308,17,2,single,unknown,2,false,-1,1346,UNKNOWN,2,1011,0,0
2309,2309,31,1,single,unknown,2,true,-1,1200,UNKNOWN,2,1490,0,0
2310,2310,73,2,single,unknown,2,true,-1,1200,UNKNOWN,2,1152,2,0
2311,2311,73,2,single,unknown,2,true,-1,2733,UNKNOWN,2,345,0,0
2312,2312,21,1,single,unknown,2,true,-1,1400,UNKNOWN,2,3436,0,0
2313,2313,58,2,single,unknown,2,true,-1,6100,UNKNOWN,2,1688,0,0
2314,2314,2,2,single,unknown,2,false,-1,3389,UNKNOWN,2,2141,0,0
2315,2315,27,2,single,unknown,2,true,-1,1867,UNKNOWN,2,2144,0,0
2316,2316,51,1,single,unknown,2,true,-1,2550,UNKNOWN,2,3229,0,0
2317,2317,47,2,single,unknown,2,true,-1,1750,UNKNOWN,2,2759,0,0
2318,2318,43,1,single,unknown,2,true,-1,1556,UNKNOWN,2,3359,0,0
2319,2319,45,1,single,unknown,2,true,-1,2542,UNKNOWN,2,1948,0,0
2320,2320,12,2,single,unknown,2,false,-1,1833,UNKNOWN,2,3183,0,0
2321,2321,49,1,single,unknown,2,true,-1,2300,UNKNOWN,2,180,0,0
2322,2322,78,2,single,unknown,2,true,-1,2200,UNKNOWN,2,1375,0,0
2323,2323,35,1,single,unknown,2,true,-1,2050,UNKNOWN,2,3366,0,0
2324,2324,12,2,single,unknown,2,false,-1,2278,UNKNOWN,2,1691,0,0
2325,2325,48,1,single,unknown,2,true,-1,1200,UNKNOWN,2,2250,0,0
2326,2326,24,1,single,unknown,2,true,-1,1095,UNKNOWN,2,1306,0,0
2327,2327,91,2,single,unknown,2,true,-1,2300,UNKNOWN,2,1033,0,0
2328,2328,39,1,single,unknown,2,true,-1,1952,UNKNOWN,2,8,0,0
2329,2329,51,1,single,unknown,2,true,-1,1952,UNKNOWN,2,864,0,0
2330,2330,4,2,single,unknown,2,false,-1,1095,UNKNOWN,2,1995,0,0
2331,2331,25,2,single,unknown,2,true,-1,3389,UNKNOWN,2,2209,0,0
2332,2332,99,2,single,unknown,2,true,-1,1867,UNKNOWN,2,800,0,0
2333,2333,15,2,single,unknown,2,false,-1,1952,UNKNOWN,2,1059,0,0
2334,2334,49,1,single,unknown,2,true,-1,1650,UNKNOWN,2,753,0,0
2335,2335,48,1,single,unknown,2,true,-1,1750,UNKNOWN,2,489,0,0
2336,2336,76,2,single,unknown,2,true,-1,1750,UNKNOWN,2,492,0,0
2337,2337,58,1,single,unknown,2,true,-1,250,UNKNOWN,2,2203,2,0
2338,2338,5,2,single,unknown,2,false,-1,2542,UNKNOWN,2,2352,0,0
2339,2339,56,2,single,unknown,2,true,-1,700,UNKNOWN,2,2693,2,0
2340,2340,11,2,single,unknown,2,false,-1,972,UNKNOWN,2,1359,0,0
2341,2341,90,2,single,unknown,2,true,-1,2800,UNKNOWN,2,2661,0,0
2342,2342,75,2,single,unknown,2,true,-1,1400,UNKNOWN,2,1935,0,0
2343,2343,57,1,single,unknown,2,true,-1,1200,UNKNOWN,2,1866,2,0
2344,2344,72,2,single,unknown,2,true,-1,2200,UNKNOWN,2,2339,0,0
2345,2345,97,2,single,unknown,2,true,-1,1867,UNKNOWN,2,3353,2,0
2346,2346,64,1,single,unknown,2,true,-1,3300,UNKNOWN,2,784,0,0
2347,2347,19,1,single,unknown,2,true,-1,1150,UNKNOWN,2,1478,0,0
2348,2348,38,1,single,unknown,2,true,-1,1833,UNKNOWN,2,2773,0,0
2349,2349,35,1,single,unknown,2,true,-1,2300,UNKNOWN,2,1321,0,0
2350,2350,30,1,single,unknown,2,true,-1,1333,UNKNOWN,2,1769,0,0
2351,2351,90,2,single,unknown,2,true,-1,1533,UNKNOWN,2,1358,0,0
2352,2352,14,2,single,unknown,2,false,-1,1952,UNKNOWN,2,1431,0,0
2353,2353,43,2,single,unknown,2,true,-1,2800,UNKNOWN,2,298,0,0
2354,2354,58,1,single,unknown,2,true,-1,1867,UNKNOWN,2,1700,0,0
2355,2355,64,1,single,unknown,2,true,-1,1200,UNKNOWN,2,2335,0,0
2356,2356,8,2,single,unknown,2,false,-1,2429,UNKNOWN,2,2359,0,0
2357,2357,51,1,single,unknown,2,true,-1,1750,UNKNOWN,2,2145,0,0
2358,2358,46,2,single,unknown,2,true,-1,3400,UNKNOWN,2,3478,0,0
2359,2359,23,1,single,unknown,2,true,-1,2278,UNKNOWN,2,949,0,0
2360,2360,40,1,single,unknown,2,true,-1,2833,UNKNOWN,2,1054,0,0
2361,2361,48,1,single,unknown,2,true,-1,2550,UNKNOWN,2,379,0,0
2362,2362,41,1,single,unknown,2,true,-1,958,UNKNOWN,2,80,0,0
2363,2363,4,2,single,unknown,2,false,-1,2905,UNKNOWN,2,1322,0,0
2364,2364,96,2,single,unknown,2,true,-1,2200,UNKNOWN,2,2750,2,0
2365,2365,75,2,single,unknown,2,true,-1,2300,UNKNOWN,2,686,0,0
2366,2366,26,1,single,unknown,2,true,-1,3400,UNKNOWN,2,994,0,0
2367,2367,82,2,single,unknown,2,true,-1,1533,UNKNOWN,2,46,0,0
2368,2368,53,1,single,unknown,2,true,-1,2200,UNKNOWN,2,3026,0,0
2369,2369,42,1,single,unknown,2,true,-1,1200,UNKNOWN,2,2514,0,0
2370,2370,30,1,single,unknown,2,true,-1,1833,UNKNOWN,2,481,0,0
2371,2371,67,2,single,unknown,2,true,-1,1867,UNKNOWN,2,2521,0,0
2372,2372,46,1,single,unknown,2,true,-1,3389,UNKNOWN,2,801,0,0
2373,2373,19,1,single,unknown,2,true,-1,467,UNKNOWN,2,2900,0,0
2374,2374,35,2,single,unknown,2,true,-1,1200,UNKNOWN,2,2101,0,0
2375,2375,66,2,single,unknown,2,true,-1,1200,UNKNOWN,2,1290,0,0
2376,2376,39,1,single,unknown,2,true,-1,700,UNKNOWN,2,2022,0,0
2377,2377,23,2,single,unknown,2,true,-1,1200,UNKNOWN,2,26,0,0
2378,2378,22,2,single,unknown,2,true,-1,2300,UNKNOWN,2,2680,0,0
2379,2379,41,1,single,unknown,2,true,-1,1821,UNKNOWN,2,311,0,0
2380,2380,2,2,single,unknown,2,false,-1,1094,UNKNOWN,2,58,0,0
2381,2381,28,1,single,unknown,2,true,-1,1571,UNKNOWN,2,2073,0,0
2382,2382,19,2,single,unknown,2,true,-1,1167,UNKNOWN,2,2326,0,0
2383,2383,90,2,single,unknown,2,true,-1,1533,UNKNOWN,2,766,2,0
2384,2384,7,2,single,unknown,2,false,-1,2833,UNKNOWN,2,3203,0,0
2385,2385,86,2,single,unknown,2,true,-1,1167,UNKNOWN,2,3093,2,0
2386,2386,21,1,single,unknown,2,true,-1,2200,UNKNOWN,2,378,0,0
2387,2387,79,2,single,unknown,2,true,-1,1200,UNKNOWN,2,546,2,0
2388,2388,65,2,single,unknown,2,true,-1,800,UNKNOWN,2,1398,2,0
2389,2389,4,2,single,unknown,2,false,-1,2125,UNKNOWN,2,1262,0,0
2390,2390,16,2,single,unknown,2,false,-1,2652,UNKNOWN,2,2474,0,0
2391,2391,97,2,single,unknown,2,true,-1,2200,UNKNOWN,2,3013,2,0
2392,2392,60,1,single,unknown,2,true,-1,2300,UNKNOWN,2,2185,0,0
2393,2393,55,1,single,unknown,2,true,-1,250,UNKNOWN,2,412,0,0
2394,2394,32,1,single,unknown,2,true,-1,2905,UNKNOWN,2,2616,0,0
2395,2395,32,1,single,unknown,2,true,-1,2542,UNKNOWN,2,967,0,0
2396,2396,14,2,single,unknown,2,false,-1,2905,UNKNOWN,2,1076,0,0
2397,2397,99,2,single,unknown,2,true,-1,2200,UNKNOWN,2,1200,2,0
2398,2398,93,2,single,unknown,2,true,-1,2300,UNKNOWN,2,2625,0,0
2399,2399,54,1,single,unknown,2,true,-1,1120,UNKNOWN,2,2379,0,0
2400,2400,4,2,single,unknown,2,false,-1,2278,UNKNOWN,2,889,0,0
2401,2401,37,1,single,unknown,2,true,-1,2733,UNKNOWN,2,878,0,0
2402,2402,42,1,single,unknown,2,true,-1,2905,UNKNOWN,2,782,0,0
2403,2403,17,2,single,unknown,2,false,-1,2905,UNKNOWN,2,3149,0,0
2404,2404,95,2,single,unknown,2,true,-1,2800,UNKNOWN,2,22,0,0
2405,2405,22,2,single,unknown,2,true,-1,933,UNKNOWN,2,2199,0,0
2406,2406,61,1,single,unknown,2,true,-1,1200,UNKNOWN,2,877,0,0
2407,2407,46,1,single,unknown,2,true,-1,1867,UNKNOWN,2,1686,2,0
2408,2408,21,1,single,unknown,2,true,-1,1333,UNKNOWN,2,279,0,0
2409,2409,60,1,single,unknown,2,true,-1,1750,UNKNOWN,2,1097,0,0
2410,2410,55,1,single,unknown,2,true,-1,2429,UNKNOWN,2,3309,0,0
2411,2411,42,1,single,unknown,2,true,-1,1968,UNKNOWN,2,2413,0,0
2412,2412,2,2,single,unknown,2,false,-1,2542,UNKNOWN,2,2361,0,0
2413,2413,30,1,single,unknown,2,true,-1,1708,UNKNOWN,2,3334,0,0
2414,2414,27,1,single,unknown,2,true,-1,1533,UNKNOWN,2,2460,0,0
2415,2415,1,2,single,unknown,2,false,-1,1833,UNKNOWN,2,1845,0,0
2416,2416,59,1,single,unknown,2,true,-1,4100,UNKNOWN,2,2491,0,0
2417,2417,4,2,single,unknown,2,false,-1,2125,UNKNOWN,2,1994,0,0
2418,2418,92,2,single,unknown,2,true,-1,2300,UNKNOWN,2,51,2,0
2419,2419,46,1,single,unknown,2,true,-1,2833,UNKNOWN,2,3093,0,0
2420,2420,52,1,single,unknown,2,true,-1,5100,UNKNOWN,2,691,0,0
2421,2421,8,2,single,unknown,2,false,-1,1556,UNKNOWN,2,2433,0,0
2422,2422,10,2,single,unknown,2,false,-1,1333,UNKNOWN,2,1543,0,0
2423,2423,24,1,single,unknown,2,true,-1,800,UNKNOWN,2,1312,0,0
2424,2424,42,1,single,unknown,2,true,-1,1095,UNKNOWN,2,529,0,0
2425,2425,58,1,single,unknown,2,true,-1,2300,UNKNOWN,2,2112,0,0
2426,2426,78,2,single,unknown,2,true,-1,1200,UNKNOWN,2,3395,0,0
2427,2427,18,1,single,unknown,2,true,-1,875,UNKNOWN,2,2728,0,0
2428,2428,69,2,single,unknown,2,true,-1,1167,UNKNOWN,2,2753,0,0
2429,2429,31,2,single,unknown,2,true,-1,1571,UNKNOWN,2,2549,0,0
2430,2430,21,1,single,unknown,2,true,-1,2200,UNKNOWN,2,685,0,0
2431,2431,42,1,single,unknown,2,true,-1,2300,UNKNOWN,2,3052,0,0
2432,2432,40,1,single,unknown,2,true,-1,923,UNKNOWN,2,2738,0,0
2433,2433,16,2,single,unknown,2,false,-1,1794,UNKNOWN,2,1418,0,0
2434,2434,22,1,single,unknown,2,true,-1,250,UNKNOWN,2,3099,0,0
2435,2435,5,2,single,unknown,2,false,-1,2125,UNKNOWN,2,2435,0,0
2436,2436,55,2,single,unknown,2,true,-1,2733,UNKNOWN,2,3164,0,0
2437,2437,20,1,single,unknown,2,true,-1,3400,UNKNOWN,2,3251,0,0
2438,2438,63,1,single,unknown,2,true,-1,1750,UNKNOWN,2,2360,0,0
2439,2439,72,2,single,unknown,2,true,-1,1200,UNKNOWN,2,2497,0,0
2440,2440,97,2,single,unknown,2,true,-1,2800,UNKNOWN,2,2323,0,0
2441,2441,24,1,single,unknown,2,true,-1,2550,UNKNOWN,2,2888,2,0
2442,2442,64,1,single,unknown,2,true,-1,2300,UNKNOWN,2,548,0,0
2443,2443,39,2,single,unknown,2,true,-1,3389,UNKNOWN,2,2838,0,0
2444,2444,55,1,single,unknown,2,true,-1,800,UNKNOWN,2,3233,0,0
2445,2445,68,2,single,unknown,2,true,-1,2733,UNKNOWN,2,2621,0,0
2446,2446,34,1,single,unknown,2,true,-1,923,UNKNOWN,2,1084,0,0
2447,2447,9,2,single,unknown,2,false,-1,1333,UNKNOWN,2,2818,0,0
2448,2448,27,2,single,unknown,2,true,-1,467,UNKNOWN,2,3247,0,0
2449,2449,63,1,single,unknown,2,true,-1,1750,UNKNOWN,2,473,0,0
2450,2450,14,2,single,unknown,2,false,-1,1120,UNKNOWN,2,3294,0,0
2451,2451,41,2,single,unknown,2,true,-1,700,UNKNOWN,2,255,0,0
2452,2452,44,1,single,unknown,2,true,-1,1533,UNKNOWN,2,327,0,0
2453,2453,34,1,single,unknown,2,true,-1,2833,UNKNOWN,2,2014,0,0
2454,2454,90,2,single,unknown,2,true,-1,1867,UNKNOWN,2,1277,2,0
2455,2455,47,2,single,unknown,2,true,-1,1750,UNKNOWN,2,2838,0,0
2456,2456,13,2,single,unknown,2,false,-1,2733,UNKNOWN,2,230,0,0
2457,2457,56,1,single,unknown,2,true,-1,1200,UNKNOWN,2,2471,0,0
2458,2458,43,1,single,unknown,2,true,-1,3400,UNKNOWN,2,705,0,0
2459,2459,36,1,single,unknown,2,true,-1,958,UNKNOWN,2,1597,0,0
2460,2460,22,2,single,unknown,2,true,-1,1867,UNKNOWN,2,3217,2,0
2461,2461,57,1,single,unknown,2,true,-1,1200,UNKNOWN,2,510,2,0
2462,2462,1,2,single,unknown,2,false,-1,1095,UNKNOWN,2,2639,0,0
2463,2463,4,2,single,unknown,2,false,-1,1556,UNKNOWN,2,478,0,0
2464,2464,59,1,single,unknown,2,true,-1,2733,UNKNOWN,2,2706,2,0
2465,2465,49,1,single,unknown,2,true,-1,2300,UNKNOWN,2,2673,0,0
2466,2466,43,2,single,unknown,2,true,-1,2300,UNKNOWN,2,2029,0,0
2467,2467,25,1,single,unknown,2,true,-1,600,UNKNOWN,2,2069,0,0
2468,2468,60,1,single,unknown,2,true,-1,2733,UNKNOWN,2,991,0,0
2469,2469,53,2,single,unknown,2,true,-1,1167,UNKNOWN,2,999,0,0
2470,2470,98,2,single,unknown,2,true,-1,4100,UNKNOWN,2,309,0,0
2471,2471,88,2,single,unknown,2,true,-1,1167,UNKNOWN,2,485,2,0
2472,2472,44,1,single,unknown,2,true,-1,2542,UNKNOWN,2,233,0,0
2473,2473,11,2,single,unknown,2,false,-1,1650,UNKNOWN,2,751,0,0
2474,2474,93,2,single,unknown,2,true,-1,2200,UNKNOWN,2,1675,2,0
2475,2475,56,1,single,unknown,2,true,-1,3050,UNKNOWN,2,3024,0,0
2476,2476,21,1,single,unknown,2,true,-1,1533,UNKNOWN,2,2471,0,0
2477,2477,9,2,single,unknown,2,false,-1,2217,UNKNOWN,2,1452,0,0
2478,2478,75,2,single,unknown,2,true,-1,1750,UNKNOWN,2,477,0,0
2479,2479,97,2,single,unknown,2,true,-1,1750,UNKNOWN,2,2582,0,0
2480,2480,4,2,single,unknown,2,false,-1,958,UNKNOWN,2,2014,0,0
2481,2481,34,1,single,unknown,2,true,-1,2733,UNKNOWN,2,3402,0,0
2482,2482,79,2,single,unknown,2,true,-1,3400,UNKNOWN,2,1783,0,0
2483,2483,54,1,single,unknown,2,true,-1,2733,UNKNOWN,2,2023,0,0
2484,2484,44,1,single,unknown,2,true,-1,3300,UNKNOWN,2,97,0,0
2485,2485,49,2,single,unknown,2,true,-1,2300,UNKNOWN,2,1398,0,0
2486,2486,53,1,single,unknown,2,true,-1,1783,UNKNOWN,2,3447,0,0
2487,2487,21,1,single,unknown,2,true,-1,800,UNKNOWN,2,3096,0,0
2488,2488,85,2,single,unknown,2,true,-1,2300,UNKNOWN,2,1172,2,0
2489,2489,57,1,single,unknown,2,true,-1,2300,UNKNOWN,2,3309,0,0
2490,2490,12,2,single,unknown,2,false,-1,2217,UNKNOWN,2,939,0,0
2491,2491,29,1,single,unknown,2,true,-1,1867,UNKNOWN,2,1134,0,0
2492,2492,65,2,single,unknown,2,true,-1,700,UNKNOWN,2,597,2,0
2493,2493,63,2,single,unknown,2,true,-1,2200,UNKNOWN,2,2957,0,0
2494,2494,11,2,single,unknown,2,false,-1,1640,UNKNOWN,2,3267,0,0
2495,2495,60,1,single,unknown,2,true,-1,3400,UNKNOWN,2,517,0,0
2496,2496,34,2,single,unknown,2,true,-1,1571,UNKNOWN,2,3295,0,0
2497,2497,93,2,single,unknown,2,true,-1,700,UNKNOWN,2,1372,2,0
2498,2498,19,2,single,unknown,2,true,-1,2040,UNKNOWN,2,3018,0,0
2499,2499,2,2,single,unknown,2,false,-1,2278,UNKNOWN,2,1485,0,0
2500,2500,38,2,single,unknown,2,true,-1,3389,UNKNOWN,2,1145,0,0
2501,2501,87,2,single,unknown,2,true,-1,1200,UNKNOWN,2,323,0,0
2502,2502,25,2,single,unknown,2,true,-1,1200,UNKNOWN,2,2842,0,0
2503,2503,6,2,single,unknown,2,false,-1,2905,UNKNOWN,2,2822,0,0
2504,2504,83,2,single,unknown,2,true,-1,3300,UNKNOWN,2,1623,0,0
2505,2505,54,1,single,unknown,2,true,-1,1867,UNKNOWN,2,2160,0,0
2506,2506,45,2,single,unknown,2,true,-1,2300,UNKNOWN,2,1476,0,0
2507,2507,19,1,single,unknown,2,true,-1,700,UNKNOWN,2,2765,0,0
2508,2508,29,1,single,unknown,2,true,-1,2200,UNKNOWN,2,1666,0,0
2509,2509,37,2,single,unknown,2,true,-1,1571,UNKNOWN,2,1137,0,0
2510,2510,55,1,single,unknown,2,true,-1,2300,UNKNOWN,2,1801,0,0
2511,2511,2,2,single,unknown,2,false,-1,2278,UNKNOWN,2,2316,0,0
2512,2512,11,2,single,unknown,2,false,-1,1320,UNKNOWN,2,1258,0,0
2513,2513,43,1,single,unknown,2,true,-1,1952,UNKNOWN,2,1956,0,0
2514,2514,37,1,single,unknown,2,true,-1,1750,UNKNOWN,2,1182,0,0
2515,2515,18,1,single,unknown,2,true,-1,3050,UNKNOWN,2,123,0,0
2516,2516,41,2,single,unknown,2,true,-1,600,UNKNOWN,2,2530,0,0
2517,2517,37,1,single,unknown,2,true,-1,825,UNKNOWN,2,1380,0,0
2518,2518,63,2,single,unknown,2,true,-1,2733,UNKNOWN,2,1334,0,0
2519,2519,74,2,single,unknown,2,true,-1,2200,UNKNOWN,2,1026,0,0
2520,2520,76,2,single,unknown,2,true,-1,1750,UNKNOWN,2,3290,0,0
2521,2521,40,1,single,unknown,2,true,-1,2300,UNKNOWN,2,965,0,0
2522,2522,15,2,single,unknown,2,false,-1,1708,UNKNOWN,2,1000,0,0
2523,2523,64,2,single,unknown,2,true,-1,2733,UNKNOWN,2,2783,0,0
2524,2524,67,2,single,unknown,2,true,-1,1750,UNKNOWN,2,236,0,0
2525,2525,93,2,single,unknown,2,true,-1,1750,UNKNOWN,2,2825,2,0
2526,2526,46,1,single,unknown,2,true,-1,4100,UNKNOWN,2,1516,0,0
2527,2527,95,2,single,unknown,2,true,-1,1750,UNKNOWN,2,740,0,0
2528,2528,72,2,single,unknown,2,true,-1,1867,UNKNOWN,2,442,0,0
2529,2529,55,1,single,unknown,2,true,-1,700,UNKNOWN,2,15,0,0
2530,2530,64,1,single,unknown,2,true,-1,1167,UNKNOWN,2,156,0,0
2531,2531,16,2,single,unknown,2,false,-1,1848,UNKNOWN,2,1798,0,0
2532,2532,9,2,single,unknown,2,false,-1,2217,UNKNOWN,2,1425,0,0
2533,2533,29,1,single,unknown,2,true,-1,2278,UNKNOWN,2,180,0,0
2534,2534,44,2,single,unknown,2,true,-1,3300,UNKNOWN,2,3172,0,0
2535,2535,74,2,single,unknown,2,true,-1,1533,UNKNOWN,2,2921,2,0
2536,2536,72,2,single,unknown,2,true,-1,1533,UNKNOWN,2,2524,0,0
2537,2537,35,1,single,unknown,2,true,-1,1100,UNKNOWN,2,3137,0,0
2538,2538,99,2,single,unknown,2,true,-1,2200,UNKNOWN,2,1234,2,0
2539,2539,44,1,single,unknown,2,true,-1,1867,UNKNOWN,2,2032,0,0
2540,2540,23,1,single,unknown,2,true,-1,1867,UNKNOWN,2,3447,0,0
2541,2541,38,1,single,unknown,2,true,-1,3300,UNKNOWN,2,2024,0,0
2542,2542,50,1,single,unknown,2,true,-1,2733,UNKNOWN,2,728,0,0
2543,2543,19,1,single,unknown,2,true,-1,1200,UNKNOWN,2,985,0,0
2544,2544,79,2,single,unknown,2,true,-1,700,UNKNOWN,2,1173,2,0
2545,2545,25,1,single,unknown,2,true,-1,1200,UNKNOWN,2,780,0,0
2546,2546,61,1,single,unknown,2,true,-1,1167,UNKNOWN,2,2855,0,0
2547,2547,76,2,single,unknown,2,true,-1,2200,UNKNOWN,2,1982,0,0
2548,2548,49,1,single,unknown,2,true,-1,1952,UNKNOWN,2,2589,0,0
2549,2549,4,2,single,unknown,2,false,-1,2429,UNKNOWN,2,1064,0,0
2550,2550,58,1,single,unknown,2,true,-1,2200,UNKNOWN,2,2426,0,0
2551,2551,39,2,single,unknown,2,true,-1,1167,UNKNOWN,2,87,0,0
2552,2552,55,1,single,unknown,2,true,-1,2200,UNKNOWN,2,1594,0,0
2553,2553,1,2,single,unknown,2,false,-1,1414,UNKNOWN,2,3041,0,0
2554,2554,32,1,single,unknown,2,true,-1,2733,UNKNOWN,2,2668,0,0
2555,2555,91,2,single,unknown,2,true,-1,1200,UNKNOWN,2,188,0,0
2556,2556,18,1,single,unknown,2,true,-1,3050,UNKNOWN,2,911,0,0
2557,2557,18,1,single,unknown,2,true,-1,700,UNKNOWN,2,2343,0,0
2558,2558,58,1,single,unknown,2,true,-1,2200,UNKNOWN,2,1783,0,0
2559,2559,21,1,single,unknown,2,true,-1,1533,UNKNOWN,2,1644,0,0
2560,2560,21,1,single,unknown,2,true,-1,700,UNKNOWN,2,2155,0,0
2561,2561,13,2,single,unknown,2,false,-1,1000,UNKNOWN,2,1425,0,0
2562,2562,51,1,single,unknown,2,true,-1,1533,UNKNOWN,2,142,2,0
2563,2563,34,1,single,unknown,2,true,-1,3389,UNKNOWN,2,2096,0,0
2564,2564,4,2,single,unknown,2,false,-1,1708,UNKNOWN,2,1520,0,0
2565,2565,45,1,single,unknown,2,true,-1,2800,UNKNOWN,2,1705,0,0
2566,2566,67,2,single,unknown,2,true,-1,3300,UNKNOWN,2,2462,2,0
2567,2567,18,1,single,unknown,2,true,-1,2217,UNKNOWN,2,1689,0,0
2568,2568,45,1,single,unknown,2,true,-1,2905,UNKNOWN,2,784,0,0
2569,2569,88,2,single,unknown,2,true,-1,1750,UNKNOWN,2,1635,2,0
2570,2570,17,2,single,unknown,2,false,-1,1120,UNKNOWN,2,893,2,0
2571,2571,26,1,single,unknown,2,true,-1,3400,UNKNOWN,2,568,0,0
2572,2572,40,2,single,unknown,2,true,-1,700,UNKNOWN,2,3133,0,0
2573,2573,30,1,single,unknown,2,true,-1,1200,UNKNOWN,2,1671,0,0
2574,2574,90,2,single,unknown,2,true,-1,2200,UNKNOWN,2,1883,2,0
2575,2575,45,1,single,unknown,2,true,-1,571,UNKNOWN,2,532,0,0
2576,2576,54,1,single,unknown,2,true,-1,2800,UNKNOWN,2,1865,0,0
2577,2577,72,2,single,unknown,2,true,-1,1200,UNKNOWN,2,290,0,0
2578,2578,27,1,single,unknown,2,true,-1,2733,UNKNOWN,2,2190,2,0
2579,2579,97,2,single,unknown,2,true,-1,1167,UNKNOWN,2,2884,0,0
2580,2580,19,1,single,unknown,2,true,-1,1167,UNKNOWN,2,2186,0,0
2581,2581,6,2,single,unknown,2,false,-1,1095,UNKNOWN,2,346,0,0
2582,2582,62,1,single,unknown,2,true,-1,4067,UNKNOWN,2,2426,0,0
2583,2583,57,2,single,unknown,2,true,-1,1200,UNKNOWN,2,144,0,0
2584,2584,18,1,single,unknown,2,true,-1,1217,UNKNOWN,2,1975,0,0
2585,2585,9,2,single,unknown,2,false,-1,2278,UNKNOWN,2,2955,0,0
2586,2586,5,2,single,unknown,2,false,-1,1571,UNKNOWN,2,3207,0,0
2587,2587,15,2,single,unknown,2,false,-1,2278,UNKNOWN,2,257,0,0
2588,2588,64,2,single,unknown,2,true,-1,3300,UNKNOWN,2,373,0,0
2589,2589,43,1,single,unknown,2,true,-1,2652,UNKNOWN,2,121,0,0
2590,2590,26,1,single,unknown,2,true,-1,1533,UNKNOWN,2,2188,0,0
2591,2591,52,1,single,unknown,2,true,-1,1150,UNKNOWN,2,2820,0,0
2592,2592,93,2,single,unknown,2,true,-1,1750,UNKNOWN,2,1950,0,0
2593,2593,38,1,single,unknown,2,true,-1,1200,UNKNOWN,2,208,0,0
2594,2594,96,2,single,unknown,2,true,-1,800,UNKNOWN,2,96,2,0
2595,2595,88,2,single,unknown,2,true,-1,1533,UNKNOWN,2,3394,0,0
2596,2596,47,2,single,unknown,2,true,-1,1650,UNKNOWN,2,1392,0,0
2597,2597,22,1,single,unknown,2,true,-1,800,UNKNOWN,2,850,0,0
2598,2598,46,2,single,unknown,2,true,-1,3389,UNKNOWN,2,2358,0,0
2599,2599,26,1,single,unknown,2,true,-1,1750,UNKNOWN,2,1183,0,0
2600,2600,76,2,single,unknown,2,true,-1,2733,UNKNOWN,2,1166,2,0
2601,2601,2,2,single,unknown,2,false,-1,1833,UNKNOWN,2,2066,0,0
2602,2602,68,2,single,unknown,2,true,-1,1200,UNKNOWN,2,1097,0,0
2603,2603,30,1,single,unknown,2,true,-1,1571,UNKNOWN,2,1107,0,0
2604,2604,41,1,single,unknown,2,true,-1,700,UNKNOWN,2,1580,0,0
2605,2605,22,1,single,unknown,2,true,-1,1533,UNKNOWN,2,2456,0,0
2606,2606,71,2,single,unknown,2,true,-1,1167,UNKNOWN,2,174,0,0
2607,2607,7,2,single,unknown,2,false,-1,2905,UNKNOWN,2,430,0,0
2608,2608,70,2,single,unknown,2,true,-1,2733,UNKNOWN,2,744,2,0
2609,2609,14,2,single,unknown,2,false,-1,571,UNKNOWN,2,2886,0,0
2610,2610,21,1,single,unknown,2,true,-1,3050,UNKNOWN,2,3156,0,0
2611,2611,52,1,single,unknown,2,true,-1,2800,UNKNOWN,2,2924,0,0
2612,2612,30,2,single,unknown,2,true,-1,2300,UNKNOWN,2,2658,0,0
2613,2613,53,1,single,unknown,2,true,-1,1200,UNKNOWN,2,2675,0,0
2614,2614,91,2,single,unknown,2,true,-1,2300,UNKNOWN,2,1375,2,0
2615,2615,54,1,single,unknown,2,true,-1,2733,UNKNOWN,2,100,0,0
2616,2616,39,2,single,unknown,2,true,-1,1200,UNKNOWN,2,1340,0,0
2617,2617,69,2,single,unknown,2,true,-1,2040,UNKNOWN,2,3407,0,0
2618,2618,30,1,single,unknown,2,true,-1,2429,UNKNOWN,2,2893,0,0
2619,2619,46,1,single,unknown,2,true,-1,1952,UNKNOWN,2,226,0,0
2620,2620,20,1,single,unknown,2,true,-1,1320,UNKNOWN,2,663,0,0
2621,2621,4,2,single,unknown,2,false,-1,1278,UNKNOWN,2,1506,0,0
2622,2622,32,2,single,unknown,2,true,-1,2200,UNKNOWN,2,2946,0,0
2623,2623,48,1,single,unknown,2,true,-1,1750,UNKNOWN,2,3281,0,0
2624,2624,33,1,single,unknown,2,true,-1,1571,UNKNOWN,2,1663,0,0
2625,2625,10,2,single,unknown,2,false,-1,1952,UNKNOWN,2,1282,0,0
2626,2626,1,2,single,unknown,2,false,-1,3389,UNKNOWN,2,1142,0,0
2627,2627,71,2,single,unknown,2,true,-1,1200,UNKNOWN,2,3234,0,0
2628,2628,21,1,single,unknown,2,true,-1,2300,UNKNOWN,2,557,0,0
2629,2629,13,2,single,unknown,2,false,-1,1571,UNKNOWN,2,907,0,0
2630,2630,63,2,single,unknown,2,true,-1,3300,UNKNOWN,2,3289,0,0
2631,2631,7,2,single,unknown,2,false,-1,2429,UNKNOWN,2,3479,0,0
2632,2632,59,1,single,unknown,2,true,-1,3400,UNKNOWN,2,2887,0,0
2633,2633,19,1,single,unknown,2,true,-1,2733,UNKNOWN,2,202,0,0
2634,2634,68,2,single,unknown,2,true,-1,1533,UNKNOWN,2,2134,0,0
2635,2635,1,2,single,unknown,2,false,-1,1708,UNKNOWN,2,32,0,0
2636,2636,44,1,single,unknown,2,true,-1,467,UNKNOWN,2,700,0,0
2637,2637,67,2,single,unknown,2,true,-1,2733,UNKNOWN,2,2390,0,0
2638,2638,38,2,single,unknown,2,true,-1,1708,UNKNOWN,2,245,0,0
2639,2639,19,2,single,unknown,2,true,-1,2733,UNKNOWN,2,3143,0,0
2640,2640,9,2,single,unknown,2,false,-1,1346,UNKNOWN,2,1148,0,0
2641,2641,30,1,single,unknown,2,true,-1,1533,UNKNOWN,2,3155,0,0
2642,2642,64,1,single,unknown,2,true,-1,1750,UNKNOWN,2,3024,0,0
2643,2643,63,1,single,unknown,2,true,-1,1533,UNKNOWN,2,1224,0,0
2644,2644,49,1,single,unknown,2,true,-1,1533,UNKNOWN,2,2180,0,0
2645,2645,8,2,single,unknown,2,false,-1,2278,UNKNOWN,2,2186,0,0
2646,2646,62,1,single,unknown,2,true,-1,1750,UNKNOWN,2,3429,2,0
2647,2647,65,2,single,unknown,2,true,-1,1150,UNKNOWN,2,2020,0,0
2648,2648,35,1,single,unknown,2,true,-1,2905,UNKNOWN,2,1962,0,0
2649,2649,57,2,single,unknown,2,true,-1,3300,UNKNOWN,2,583,0,0
2650,2650,87,2,single,unknown,2,true,-1,1750,UNKNOWN,2,2119,0,0
2651,2651,49,1,single,unknown,2,true,-1,2217,UNKNOWN,2,3492,0,0
2652,2652,78,2,single,unknown,2,true,-1,800,UNKNOWN,2,1432,0,0
2653,2653,64,1,single,unknown,2,true,-1,3400,UNKNOWN,2,2282,2,0
2654,2654,89,2,single,unknown,2,true,-1,1533,UNKNOWN,2,2590,2,0
2655,2655,25,1,single,unknown,2,true,-1,3400,UNKNOWN,2,3390,0,0
2656,2656,22,1,single,unknown,2,true,-1,1700,UNKNOWN,2,1629,0,0
2657,2657,23,1,single,unknown,2,true,-1,2200,UNKNOWN,2,3156,0,0
2658,2658,3,2,single,unknown,2,false,-1,1571,UNKNOWN,2,2700,0,0
2659,2659,63,1,single,unknown,2,true,-1,2300,UNKNOWN,2,1351,0,0
2660,2660,47,2,single,unknown,2,true,-1,3300,UNKNOWN,2,1410,0,0
2661,2661,34,1,single,unknown,2,true,-1,1750,UNKNOWN,2,1529,0,0
2662,2662,43,1,single,unknown,2,true,-1,1200,UNKNOWN,2,2250,0,0
2663,2663,22,1,single,unknown,2,true,-1,1167,UNKNOWN,2,1812,0,0
2664,2664,51,1,single,unknown,2,true,-1,1200,UNKNOWN,2,2688,0,0
2665,2665,33,1,single,unknown,2,true,-1,1533,UNKNOWN,2,1047,0,0
2666,2666,32,1,single,unknown,2,true,-1,1200,UNKNOWN,2,1593,0,0
2667,2667,61,1,single,unknown,2,true,-1,1533,UNKNOWN,2,18,2,0
2668,2668,92,2,single,unknown,2,true,-1,2300,UNKNOWN,2,2763,2,0
2669,2669,31,1,single,unknown,2,true,-1,2278,UNKNOWN,2,1,0,0
2670,2670,26,1,single,unknown,2,true,-1,700,UNKNOWN,2,1019,0,0
2671,2671,29,1,single,unknown,2,true,-1,4067,UNKNOWN,2,3462,0,0
2672,2672,26,1,single,unknown,2,true,-1,1650,UNKNOWN,2,2267,0,0
2673,2673,22,1,single,unknown,2,true,-1,1750,UNKNOWN,2,1043,0,0
2674,2674,67,2,single,unknown,2,true,-1,3400,UNKNOWN,2,3158,0,0
2675,2675,70,2,single,unknown,2,true,-1,2300,UNKNOWN,2,1163,2,0
2676,2676,60,1,single,unknown,2,true,-1,2200,UNKNOWN,2,1337,0,0
2677,2677,13,2,single,unknown,2,false,-1,2833,UNKNOWN,2,728,0,0
2678,2678,52,1,single,unknown,2,true,-1,2278,UNKNOWN,2,863,0,0
2679,2679,97,2,single,unknown,2,true,-1,1750,UNKNOWN,2,3111,2,0
2680,2680,33,1,single,unknown,2,true,-1,2278,UNKNOWN,2,1222,0,0
2681,2681,91,2,single,unknown,2,true,-1,1200,UNKNOWN,2,1089,2,0
2682,2682,67,2,single,unknown,2,true,-1,2300,UNKNOWN,2,1231,0,0
2683,2683,31,1,single,unknown,2,true,-1,2733,UNKNOWN,2,421,0,0
2684,2684,53,2,single,unknown,2,true,-1,1200,UNKNOWN,2,1832,0,0
2685,2685,17,2,single,unknown,2,false,-1,2905,UNKNOWN,2,949,0,0
2686,2686,31,1,single,unknown,2,true,-1,667,UNKNOWN,2,1320,0,0
2687,2687,76,2,single,unknown,2,true,-1,1867,UNKNOWN,2,448,0,0
2688,2688,35,1,single,unknown,2,true,-1,2200,UNKNOWN,2,2226,0,0
2689,2689,28,1,single,unknown,2,true,-1,1750,UNKNOWN,2,2889,0,0
2690,2690,23,1,single,unknown,2,true,-1,1556,UNKNOWN,2,3219,0,0
2691,2691,37,1,single,unknown,2,true,-1,2300,UNKNOWN,2,249,0,0
2692,2692,19,1,single,unknown,2,true,-1,480,UNKNOWN,2,503,0,0
2693,2693,32,2,single,unknown,2,true,-1,2278,UNKNOWN,2,543,0,0
2694,2694,52,1,single,unknown,2,true,-1,2733,UNKNOWN,2,603,0,0
2695,2695,24,1,single,unknown,2,true,-1,249,UNKNOWN,2,2658,0,0
2696,2696,3,2,single,unknown,2,false,-1,1556,UNKNOWN,2,2191,0,0
2697,2697,30,1,single,unknown,2,true,-1,2733,UNKNOWN,2,336,0,0
2698,2698,22,1,single,unknown,2,true,-1,1167,UNKNOWN,2,3496,0,0
2699,2699,71,2,single,unknown,2,true,-1,2733,UNKNOWN,2,2087,2,0
2700,2700,4,2,single,unknown,2,false,-1,833,UNKNOWN,2,218,0,0
2701,2701,35,1,single,unknown,2,true,-1,3400,UNKNOWN,2,1266,0,0
2702,2702,29,1,single,unknown,2,true,-1,3389,UNKNOWN,2,773,0,0
2703,2703,57,1,single,unknown,2,true,-1,2200,UNKNOWN,2,20,0,0
2704,2704,34,2,single,unknown,2,true,-1,2278,UNKNOWN,2,1818,0,0
2705,2705,23,1,single,unknown,2,true,-1,2200,UNKNOWN,2,2692,0,0
2706,2706,89,2,single,unknown,2,true,-1,2800,UNKNOWN,2,2082,2,0
2707,2707,29,1,single,unknown,2,true,-1,1750,UNKNOWN,2,3281,0,0
2708,2708,35,1,single,unknown,2,true,-1,2278,UNKNOWN,2,1791,0,0
2709,2709,4,2,single,unknown,2,false,-1,438,UNKNOWN,2,2443,2,0
2710,2710,63,2,single,unknown,2,true,-1,3400,UNKNOWN,2,1514,0,0
2711,2711,42,1,single,unknown,2,true,-1,1095,UNKNOWN,2,1398,0,0
2712,2712,54,2,single,unknown,2,true,-1,2800,UNKNOWN,2,1658,0,0
2713,2713,42,1,single,unknown,2,true,-1,3389,UNKNOWN,2,1623,0,0
2714,2714,21,1,single,unknown,2,true,-1,1783,UNKNOWN,2,3191,0,0
2715,2715,23,2,single,unknown,2,true,-1,800,UNKNOWN,2,230,0,0
2716,2716,5,2,single,unknown,2,false,-1,1346,UNKNOWN,2,732,0,0
2717,2717,92,2,single,unknown,2,true,-1,2800,UNKNOWN,2,1744,0,0
2718,2718,19,1,single,unknown,2,true,-1,2733,UNKNOWN,2,1851,0,0
2719,2719,1,2,single,unknown,2,false,-1,1278,UNKNOWN,2,1678,0,0
2720,2720,33,1,single,unknown,2,true,-1,1200,UNKNOWN,2,869,0,0
2721,2721,33,1,single,unknown,2,true,-1,2300,UNKNOWN,2,2591,0,0
2722,2722,55,1,single,unknown,2,true,-1,1640,UNKNOWN,2,633,0,0
2723,2723,48,1,single,unknown,2,true,-1,2800,UNKNOWN,2,3032,0,0
2724,2724,82,2,single,unknown,2,true,-1,1533,UNKNOWN,2,1265,0,0
2725,2725,25,1,single,unknown,2,true,-1,2733,UNKNOWN,2,1485,0,0
2726,2726,99,2,single,unknown,2,true,-1,2733,UNKNOWN,2,2657,0,0
2727,2727,27,2,single,unknown,2,true,-1,1750,UNKNOWN,2,1398,0,0
2728,2728,56,2,single,unknown,2,true,-1,3400,UNKNOWN,2,913,0,0
2729,2729,41,1,single,unknown,2,true,-1,1000,UNKNOWN,2,1934,0,0
2730,2730,61,2,single,unknown,2,true,-1,1867,UNKNOWN,2,2781,0,0
2731,2731,66,2,single,unknown,2,true,-1,4100,UNKNOWN,2,518,0,0
2732,2732,90,2,single,unknown,2,true,-1,1167,UNKNOWN,2,811,0,0
2733,2733,2,2,single,unknown,2,false,-1,1556,UNKNOWN,2,1432,0,0
2734,2734,40,1,single,unknown,2,true,-1,1952,UNKNOWN,2,2575,0,0
2735,2735,58,1,single,unknown,2,true,-1,2733,UNKNOWN,2,2392,0,0
2736,2736,42,1,single,unknown,2,true,-1,1700,UNKNOWN,2,1209,0,0
2737,2737,58,1,single,unknown,2,true,-1,2800,UNKNOWN,2,2071,0,0
2738,2738,37,1,single,unknown,2,true,-1,1200,UNKNOWN,2,520,0,0
2739,2739,1,2,single,unknown,2,false,-1,1952,UNKNOWN,2,2110,0,0
2740,2740,38,2,single,unknown,2,true,-1,2300,UNKNOWN,2,633,0,0
2741,2741,21,1,single,unknown,2,true,-1,2440,UNKNOWN,2,1357,0,0
2742,2742,31,2,single,unknown,2,true,-1,1952,UNKNOWN,2,814,0,0
2743,2743,92,2,single,unknown,2,true,-1,2733,UNKNOWN,2,608,2,0
2744,2744,54,1,single,unknown,2,true,-1,2300,UNKNOWN,2,1715,0,0
2745,2745,63,2,single,unknown,2,true,-1,2200,UNKNOWN,2,2311,0,0
2746,2746,90,2,single,unknown,2,true,-1,2200,UNKNOWN,2,2314,0,0
2747,2747,39,1,single,unknown,2,true,-1,921,UNKNOWN,2,2211,0,0
2748,2748,4,2,single,unknown,2,false,-1,2905,UNKNOWN,2,1235,0,0
2749,2749,19,1,single,unknown,2,true,-1,1867,UNKNOWN,2,1778,0,0
2750,2750,28,1,single,unknown,2,true,-1,1750,UNKNOWN,2,2268,0,0
2751,2751,2,2,single,unknown,2,false,-1,3389,UNKNOWN,2,129,0,0
2752,2752,71,2,single,unknown,2,true,-1,1867,UNKNOWN,2,649,0,0
2753,2753,14,2,single,unknown,2,false,-1,2217,UNKNOWN,2,1660,0,0
2754,2754,24,1,single,unknown,2,true,-1,2300,UNKNOWN,2,2584,0,0
2755,2755,69,2,single,unknown,2,true,-1,1533,UNKNOWN,2,3488,0,0
2756,2756,90,2,single,unknown,2,true,-1,1867,UNKNOWN,2,2375,2,0
2757,2757,87,2,single,unknown,2,true,-1,2300,UNKNOWN,2,1968,0,0
2758,2758,57,1,single,unknown,2,true,-1,700,UNKNOWN,2,3367,0,0
2759,2759,48,1,single,unknown,2,true,-1,1200,UNKNOWN,2,1032,0,0
2760,2760,85,2,single,unknown,2,true,-1,1867,UNKNOWN,2,3390,0,0
2761,2761,19,1,single,unknown,2,true,-1,2179,UNKNOWN,2,2173,0,0
2762,2762,4,2,single,unknown,2,false,-1,2542,UNKNOWN,2,1975,0,0
2763,2763,28,1,single,unknown,2,true,-1,2905,UNKNOWN,2,123,0,0
2764,2764,31,1,single,unknown,2,true,-1,2833,UNKNOWN,2,2065,0,0
2765,2765,12,2,single,unknown,2,true,-1,2050,UNKNOWN,2,579,0,0
2766,2766,17,2,single,unknown,2,false,-1,1320,UNKNOWN,2,3180,0,0
2767,2767,24,1,single,unknown,2,true,-1,6100,UNKNOWN,2,2306,0,0
2768,2768,31,1,single,unknown,2,true,-1,2300,UNKNOWN,2,1684,0,0
2769,2769,37,1,single,unknown,2,true,-1,729,UNKNOWN,2,123,0,0
2770,2770,71,2,single,unknown,2,true,-1,2200,UNKNOWN,2,2048,0,0
2771,2771,30,1,single,unknown,2,true,-1,700,UNKNOWN,2,1318,0,0
2772,2772,88,2,single,unknown,2,true,-1,2733,UNKNOWN,2,3265,0,0
2773,2773,15,2,single,unknown,2,false,-1,1278,UNKNOWN,2,721,0,0
2774,2774,46,1,single,unknown,2,true,-1,2833,UNKNOWN,2,1706,0,0
2775,2775,94,2,single,unknown,2,true,-1,800,UNKNOWN,2,1878,2,0
2776,2776,88,2,single,unknown,2,true,-1,2200,UNKNOWN,2,2441,2,0
2777,2777,42,1,single,unknown,2,true,-1,429,UNKNOWN,2,2745,0,0
2778,2778,44,1,single,unknown,2,true,-1,1167,UNKNOWN,2,1184,0,0
2779,2779,99,2,single,unknown,2,true,-1,1650,UNKNOWN,2,3357,2,0
2780,2780,31,1,single,unknown,2,true,-1,2733,UNKNOWN,2,3029,0,0
2781,2781,21,2,single,unknown,2,true,-1,1533,UNKNOWN,2,1088,0,0
2782,2782,41,2,single,unknown,2,true,-1,2800,UNKNOWN,2,554,0,0
2783,2783,43,1,single,unknown,2,true,-1,3300,UNKNOWN,2,2308,0,0
2784,2784,82,2,single,unknown,2,true,-1,1533,UNKNOWN,2,915,0,0
2785,2785,41,2,single,unknown,2,true,-1,1650,UNKNOWN,2,2861,0,0
2786,2786,86,2,single,unknown,2,true,-1,700,UNKNOWN,2,783,0,0
2787,2787,50,1,single,unknown,2,true,-1,5100,UNKNOWN,2,397,0,0
2788,2788,57,1,single,unknown,2,true,-1,3400,UNKNOWN,2,1529,0,0
2789,2789,18,2,single,unknown,2,true,-1,875,UNKNOWN,2,2982,0,0
2790,2790,82,2,single,unknown,2,true,-1,2733,UNKNOWN,2,3415,0,0
2791,2791,47,2,single,unknown,2,true,-1,2278,UNKNOWN,2,643,0,0
2792,2792,29,1,single,unknown,2,true,-1,3050,UNKNOWN,2,2214,0,0
2793,2793,64,2,single,unknown,2,true,-1,1200,UNKNOWN,2,2144,2,0
2794,2794,92,2,single,unknown,2,true,-1,1200,UNKNOWN,2,1790,0,0
2795,2795,91,2,single,unknown,2,true,-1,3300,UNKNOWN,2,2902,0,0
2796,2796,97,2,single,unknown,2,true,-1,2800,UNKNOWN,2,2849,0,0
2797,2797,59,1,single,unknown,2,true,-1,600,UNKNOWN,2,2500,0,0
2798,2798,76,2,single,unknown,2,true,-1,2200,UNKNOWN,2,833,0,0
2799,2799,18,1,single,unknown,2,true,-1,1533,UNKNOWN,2,127,0,0
2800,2800,64,1,single,unknown,2,true,-1,1200,UNKNOWN,2,2598,0,0
2801,2801,52,1,single,unknown,2,true,-1,1750,UNKNOWN,2,1386,0,0
2802,2802,99,2,single,unknown,2,true,-1,2200,UNKNOWN,2,1127,2,0
2803,2803,27,1,single,unknown,2,true,-1,2733,UNKNOWN,2,3173,0,0
2804,2804,56,2,single,unknown,2,true,-1,2050,UNKNOWN,2,2267,0,0
2805,2805,64,1,single,unknown,2,true,-1,1867,UNKNOWN,2,2844,0,0
2806,2806,9,2,single,unknown,2,false,-1,1571,UNKNOWN,2,251,0,0
2807,2807,39,2,single,unknown,2,true,-1,1952,UNKNOWN,2,544,0,0
2808,2808,68,2,single,unknown,2,true,-1,1200,UNKNOWN,2,1880,0,0
2809,2809,52,1,single,unknown,2,true,-1,1200,UNKNOWN,2,1047,2,0
2810,2810,37,2,single,unknown,2,true,-1,1867,UNKNOWN,2,3153,0,0
2811,2811,33,2,single,unknown,2,true,-1,1833,UNKNOWN,2,390,0,0
2812,2812,8,2,single,unknown,2,false,-1,1333,UNKNOWN,2,3483,0,0
2813,2813,14,2,single,unknown,2,false,-1,2217,UNKNOWN,2,2188,0,0
2814,2814,92,2,single,unknown,2,true,-1,1867,UNKNOWN,2,3427,0,0
2815,2815,28,1,single,unknown,2,true,-1,3400,UNKNOWN,2,2660,0,0
2816,2816,41,1,single,unknown,2,true,-1,333,UNKNOWN,2,3172,0,0
2817,2817,60,1,single,unknown,2,true,-1,4067,UNKNOWN,2,2530,0,0
2818,2818,27,2,single,unknown,2,true,-1,2200,UNKNOWN,2,546,0,0
2819,2819,26,1,single,unknown,2,true,-1,1150,UNKNOWN,2,775,0,0
2820,2820,58,1,single,unknown,2,true,-1,2300,UNKNOWN,2,212,0,0
2821,2821,66,2,single,unknown,2,true,-1,2733,UNKNOWN,2,3393,0,0
2822,2822,36,1,single,unknown,2,true,-1,4067,UNKNOWN,2,2058,0,0
2823,2823,57,2,single,unknown,2,true,-1,6100,UNKNOWN,2,1956,2,0
2824,2824,51,1,single,unknown,2,true,-1,3389,UNKNOWN,2,2245,0,0
2825,2825,55,1,single,unknown,2,true,-1,3400,UNKNOWN,2,2825,0,0
2826,2826,38,1,single,unknown,2,true,-1,2125,UNKNOWN,2,2734,0,0
2827,2827,1,2,single,unknown,2,false,-1,1708,UNKNOWN,2,3239,0,0
2828,2828,54,2,single,unknown,2,true,-1,2200,UNKNOWN,2,2818,0,0
2829,2829,12,2,single,unknown,2,false,-1,1278,UNKNOWN,2,1905,0,0
2830,2830,52,1,single,unknown,2,true,-1,2346,UNKNOWN,2,2410,0,0
2831,2831,17,2,single,unknown,2,false,-1,667,UNKNOWN,2,1591,0,0
2832,2832,47,1,single,unknown,2,true,-1,600,UNKNOWN,2,2393,2,0
2833,2833,61,1,single,unknown,2,true,-1,1150,UNKNOWN,2,834,0,0
2834,2834,52,1,single,unknown,2,true,-1,4100,UNKNOWN,2,1651,0,0
2835,2835,60,2,single,unknown,2,true,-1,821,UNKNOWN,2,2135,0,0
2836,2836,59,1,single,unknown,2,true,-1,1533,UNKNOWN,2,1767,0,0
2837,2837,56,1,single,unknown,2,true,-1,2800,UNKNOWN,2,700,0,0
2838,2838,67,2,single,unknown,2,true,-1,800,UNKNOWN,2,665,0,0
2839,2839,19,1,single,unknown,2,true,-1,1320,UNKNOWN,2,396,0,0
2840,2840,34,1,single,unknown,2,true,-1,1962,UNKNOWN,2,3440,0,0
2841,2841,46,1,single,unknown,2,true,-1,1533,UNKNOWN,2,2947,0,0
2842,2842,19,2,single,unknown,2,true,-1,800,UNKNOWN,2,3213,0,0
2843,2843,9,2,single,unknown,2,false,-1,1571,UNKNOWN,2,2844,0,0
2844,2844,40,1,single,unknown,2,true,-1,2125,UNKNOWN,2,292,0,0
2845,2845,38,1,single,unknown,2,true,-1,1952,UNKNOWN,2,1892,0,0
2846,2846,39,2,single,unknown,2,true,-1,700,UNKNOWN,2,1252,0,0
2847,2847,45,1,single,unknown,2,true,-1,1533,UNKNOWN,2,3053,0,0
2848,2848,39,1,single,unknown,2,true,-1,3389,UNKNOWN,2,2606,0,0
2849,2849,99,2,single,unknown,2,true,-1,2200,UNKNOWN,2,3039,2,0
2850,2850,1,2,single,unknown,2,false,-1,2429,UNKNOWN,2,2181,0,0
2851,2851,5,2,single,unknown,2,false,-1,1556,UNKNOWN,2,1842,0,0
2852,2852,63,1,single,unknown,2,true,-1,1750,UNKNOWN,2,2855,0,0
2853,2853,28,1,single,unknown,2,true,-1,2833,UNKNOWN,2,1941,0,0
2854,2854,45,2,single,unknown,2,true,-1,1571,UNKNOWN,2,1755,0,0
2855,2855,44,1,single,unknown,2,true,-1,1750,UNKNOWN,2,1618,0,0
2856,2856,27,1,single,unknown,2,true,-1,1200,UNKNOWN,2,1619,0,0
2857,2857,14,2,single,unknown,2,false,-1,571,UNKNOWN,2,1946,0,0
2858,2858,3,2,single,unknown,2,false,-1,2429,UNKNOWN,2,600,0,0
2859,2859,40,1,single,unknown,2,true,-1,2429,UNKNOWN,2,1482,0,0
2860,2860,53,1,single,unknown,2,true,-1,250,UNKNOWN,2,2993,0,0
2861,2861,81,2,single,unknown,2,true,-1,2800,UNKNOWN,2,3197,0,0
2862,2862,79,2,single,unknown,2,true,-1,1750,UNKNOWN,2,98,2,0
2863,2863,36,2,single,unknown,2,true,-1,500,UNKNOWN,2,1245,0,0
2864,2864,61,1,single,unknown,2,true,-1,1200,UNKNOWN,2,1512,2,0
2865,2865,39,1,single,unknown,2,true,-1,2833,UNKNOWN,2,1456,0,0
2866,2866,65,2,single,unknown,2,true,-1,1200,UNKNOWN,2,274,0,0
2867,2867,96,2,single,unknown,2,true,-1,6100,UNKNOWN,2,1008,0,0
2868,2868,59,1,single,unknown,2,true,-1,3300,UNKNOWN,2,1818,0,0
2869,2869,86,2,single,unknown,2,true,-1,800,UNKNOWN,2,471,2,0
2870,2870,65,2,single,unknown,2,true,-1,700,UNKNOWN,2,1251,0,0
2871,2871,90,2,single,unknown,2,true,-1,4100,UNKNOWN,2,1621,0,0
2872,2872,22,2,single,unknown,2,true,-1,1867,UNKNOWN,2,24,0,0
2873,2873,35,1,single,unknown,2,true,-1,1095,UNKNOWN,2,2222,0,0
2874,2874,58,1,single,unknown,2,true,-1,1167,UNKNOWN,2,1937,2,0
2875,2875,93,2,single,unknown,2,true,-1,1167,UNKNOWN,2,1097,0,0
2876,2876,33,1,single,unknown,2,true,-1,600,UNKNOWN,2,1541,2,0
2877,2877,28,1,single,unknown,2,true,-1,1346,UNKNOWN,2,539,0,0
2878,2878,28,1,single,unknown,2,true,-1,700,UNKNOWN,2,3272,0,0
2879,2879,91,2,single,unknown,2,true,-1,2200,UNKNOWN,2,106,0,0
2880,2880,4,2,single,unknown,2,false,-1,2278,UNKNOWN,2,626,0,0
2881,2881,91,2,single,unknown,2,true,-1,6100,UNKNOWN,2,115,2,0
2882,2882,56,1,single,unknown,2,true,-1,1200,UNKNOWN,2,3485,2,0
2883,2883,32,1,single,unknown,2,true,-1,1571,UNKNOWN,2,2890,0,0
2884,2884,31,1,single,unknown,2,true,-1,1952,UNKNOWN,2,451,0,0
2885,2885,35,1,single,unknown,2,true,-1,2300,UNKNOWN,2,1448,0,0
2886,2886,60,1,single,unknown,2,true,-1,2733,UNKNOWN,2,15,0,0
2887,2887,46,1,single,unknown,2,true,-1,429,UNKNOWN,2,818,0,0
2888,2888,5,2,single,unknown,2,false,-1,2905,UNKNOWN,2,3431,0,0
2889,2889,67,2,single,unknown,2,true,-1,2800,UNKNOWN,2,3220,0,0
2890,2890,90,2,single,unknown,2,true,-1,1200,UNKNOWN,2,1282,2,0
2891,2891,22,1,single,unknown,2,true,-1,1150,UNKNOWN,2,527,0,0
2892,2892,48,1,single,unknown,2,true,-1,2652,UNKNOWN,2,2917,0,0
2893,2893,64,2,single,unknown,2,true,-1,6100,UNKNOWN,2,409,0,0
2894,2894,58,1,single,unknown,2,true,-1,2733,UNKNOWN,2,1142,0,0
2895,2895,21,1,single,unknown,2,true,-1,2217,UNKNOWN,2,1398,0,0
2896,2896,47,1,single,unknown,2,true,-1,2733,UNKNOWN,2,2814,0,0
2897,2897,26,1,single,unknown,2,true,-1,1167,UNKNOWN,2,1056,0,0
2898,2898,58,2,single,unknown,2,true,-1,3400,UNKNOWN,2,2891,0,0
2899,2899,94,2,single,unknown,2,true,-1,6100,UNKNOWN,2,3128,0,0
2900,2900,33,1,single,unknown,2,true,-1,1750,UNKNOWN,2,1988,0,0
2901,2901,34,1,single,unknown,2,true,-1,2905,UNKNOWN,2,1305,0,0
2902,2902,61,1,single,unknown,2,true,-1,700,UNKNOWN,2,214,0,0
2903,2903,55,1,single,unknown,2,true,-1,2300,UNKNOWN,2,1841,0,0
2904,2904,78,2,single,unknown,2,true,-1,1533,UNKNOWN,2,2606,0,0
2905,2905,30,2,single,unknown,2,true,-1,2300,UNKNOWN,2,940,0,0
2906,2906,44,2,single,unknown,2,true,-1,2800,UNKNOWN,2,3419,0,0
2907,2907,86,2,single,unknown,2,true,-1,2300,UNKNOWN,2,2406,0,0
2908,2908,14,2,single,unknown,2,false,-1,1783,UNKNOWN,2,1945,0,0
2909,2909,48,1,single,unknown,2,true,-1,3400,UNKNOWN,2,2822,0,0
2910,2910,60,1,single,unknown,2,true,-1,2040,UNKNOWN,2,1257,0,0
2911,2911,55,1,single,unknown,2,true,-1,2733,UNKNOWN,2,2403,0,0
2912,2912,46,1,single,unknown,2,true,-1,3300,UNKNOWN,2,744,0,0
2913,2913,46,1,single,unknown,2,true,-1,4067,UNKNOWN,2,87,0,0
2914,2914,6,2,single,unknown,2,false,-1,2429,UNKNOWN,2,1204,0,0
2915,2915,12,2,single,unknown,2,false,-1,1867,UNKNOWN,2,2023,0,0
2916,2916,28,1,single,unknown,2,true,-1,1833,UNKNOWN,2,15,0,0
2917,2917,48,1,single,unknown,2,true,-1,1200,UNKNOWN,2,1064,0,0
2918,2918,78,2,single,unknown,2,true,-1,2300,UNKNOWN,2,30,0,0
2919,2919,61,2,single,unknown,2,true,-1,3300,UNKNOWN,2,2055,0,0
2920,2920,49,1,single,unknown,2,true,-1,1750,UNKNOWN,2,3331,0,0
2921,2921,18,1,single,unknown,2,true,-1,1200,UNKNOWN,2,2995,0,0
2922,2922,56,2,single,unknown,2,true,-1,3400,UNKNOWN,2,1110,0,0
2923,2923,82,2,single,unknown,2,true,-1,4100,UNKNOWN,2,3469,0,0
2924,2924,83,2,single,unknown,2,true,-1,1867,UNKNOWN,2,1022,0,0
2925,2925,51,2,single,unknown,2,true,-1,3300,UNKNOWN,2,2631,0,0
2926,2926,35,1,single,unknown,2,true,-1,2200,UNKNOWN,2,3289,0,0
2927,2927,7,2,single,unknown,2,false,-1,1095,UNKNOWN,2,2549,0,0
2928,2928,47,1,single,unknown,2,true,-1,2429,UNKNOWN,2,1733,0,0
2929,2929,76,2,single,unknown,2,true,-1,2733,UNKNOWN,2,317,2,0
2930,2930,53,1,single,unknown,2,true,-1,2179,UNKNOWN,2,3066,0,0
2931,2931,86,2,single,unknown,2,true,-1,1750,UNKNOWN,2,2703,0,0
2932,2932,11,2,single,unknown,2,false,-1,2040,UNKNOWN,2,1752,0,0
2933,2933,19,2,single,unknown,2,true,-1,700,UNKNOWN,2,708,0,0
2934,2934,60,2,single,unknown,2,true,-1,2200,UNKNOWN,2,1214,0,0
2935,2935,22,1,single,unknown,2,true,-1,600,UNKNOWN,2,460,0,0
2936,2936,69,2,single,unknown,2,true,-1,800,UNKNOWN,2,857,0,0
2937,2937,29,1,single,unknown,2,true,-1,1167,UNKNOWN,2,2001,0,0
2938,2938,61,1,single,unknown,2,true,-1,1200,UNKNOWN,2,1569,0,0
2939,2939,92,2,single,unknown,2,true,-1,2800,UNKNOWN,2,988,0,0
2940,2940,67,2,single,unknown,2,true,-1,1867,UNKNOWN,2,2545,0,0
2941,2941,13,2,single,unknown,2,false,-1,2125,UNKNOWN,2,3488,0,0
2942,2942,49,1,single,unknown,2,true,-1,800,UNKNOWN,2,3212,2,0
2943,2943,66,2,single,unknown,2,true,-1,1867,UNKNOWN,2,969,0,0
2944,2944,18,2,single,unknown,2,true,-1,2550,UNKNOWN,2,968,0,0
2945,2945,39,1,single,unknown,2,true,-1,3389,UNKNOWN,2,1483,0,0
2946,2946,54,1,single,unknown,2,true,-1,2200,UNKNOWN,2,1592,0,0
2947,2947,23,1,single,unknown,2,true,-1,1200,UNKNOWN,2,277,0,0
2948,2948,61,2,single,unknown,2,true,-1,2733,UNKNOWN,2,96,2,0
2949,2949,55,1,single,unknown,2,true,-1,3400,UNKNOWN,2,2057,0,0
2950,2950,40,1,single,unknown,2,true,-1,2125,UNKNOWN,2,855,0,0
2951,2951,23,1,single,unknown,2,true,-1,1120,UNKNOWN,2,1670,0,0
2952,2952,54,1,single,unknown,2,true,-1,2200,UNKNOWN,2,877,0,0
2953,2953,49,1,single,unknown,2,true,-1,1650,UNKNOWN,2,1558,0,0
2954,2954,65,2,single,unknown,2,true,-1,250,UNKNOWN,2,3151,0,0
2955,2955,5,2,single,unknown,2,false,-1,2833,UNKNOWN,2,2115,0,0
2956,2956,50,2,single,unknown,2,true,-1,2733,UNKNOWN,2,3413,0,0
2957,2957,67,2,single,unknown,2,true,-1,2200,UNKNOWN,2,1301,0,0
2958,2958,37,1,single,unknown,2,true,-1,1533,UNKNOWN,2,1636,2,0
2959,2959,40,2,single,unknown,2,true,-1,2200,UNKNOWN,2,3035,0,0
2960,2960,58,1,single,unknown,2,true,-1,1867,UNKNOWN,2,975,0,0
2961,2961,65,2,single,unknown,2,true,-1,700,UNKNOWN,2,2713,2,0
2962,2962,23,1,single,unknown,2,true,-1,1700,UNKNOWN,2,1660,0,0
2963,2963,90,2,single,unknown,2,true,-1,700,UNKNOWN,2,281,2,0
2964,2964,45,1,single,unknown,2,true,-1,2300,UNKNOWN,2,2418,0,0
2965,2965,18,1,single,unknown,2,true,-1,2440,UNKNOWN,2,3430,0,0
2966,2966,75,2,single,unknown,2,true,-1,5100,UNKNOWN,2,302,0,0
2967,2967,70,2,single,unknown,2,true,-1,1867,UNKNOWN,2,3060,0,0
2968,2968,22,1,single,unknown,2,true,-1,2300,UNKNOWN,2,572,0,0
2969,2969,51,1,single,unknown,2,true,-1,2652,UNKNOWN,2,252,0,0
2970,2970,42,1,single,unknown,2,true,-1,2300,UNKNOWN,2,2898,0,0
2971,2971,41,1,single,unknown,2,true,-1,1867,UNKNOWN,2,2666,0,0
2972,2972,35,1,single,unknown,2,true,-1,2905,UNKNOWN,2,172,0,0
2973,2973,5,2,single,unknown,2,false,-1,2429,UNKNOWN,2,3045,2,0
2974,2974,52,1,single,unknown,2,true,-1,3400,UNKNOWN,2,2421,0,0
2975,2975,60,1,single,unknown,2,true,-1,1200,UNKNOWN,2,1796,0,0
2976,2976,7,2,single,unknown,2,false,-1,2278,UNKNOWN,2,2561,0,0
2977,2977,49,1,single,unknown,2,true,-1,3389,UNKNOWN,2,591,0,0
2978,2978,52,2,single,unknown,2,true,-1,2300,UNKNOWN,2,3444,0,0
2979,2979,18,1,single,unknown,2,true,-1,1200,UNKNOWN,2,2632,0,0
2980,2980,12,2,single,unknown,2,true,-1,2050,UNKNOWN,2,1725,0,0
2981,2981,96,2,single,unknown,2,true,-1,2800,UNKNOWN,2,2677,0,0
2982,2982,43,1,single,unknown,2,true,-1,1200,UNKNOWN,2,903,0,0
2983,2983,24,1,single,unknown,2,true,-1,2733,UNKNOWN,2,3490,0,0
2984,2984,8,2,single,unknown,2,false,-1,2429,UNKNOWN,2,811,0,0
2985,2985,98,2,single,unknown,2,true,-1,1200,UNKNOWN,2,3043,0,0
2986,2986,98,2,single,unknown,2,true,-1,2733,UNKNOWN,2,157,2,0
2987,2987,72,2,single,unknown,2,true,-1,1867,UNKNOWN,2,1366,0,0
2988,2988,96,2,single,unknown,2,true,-1,1750,UNKNOWN,2,1037,2,0
2989,2989,37,1,single,unknown,2,true,-1,1769,UNKNOWN,2,3314,0,0
2990,2990,8,2,single,unknown,2,false,-1,1708,UNKNOWN,2,399,0,0
2991,2991,75,2,single,unknown,2,true,-1,4100,UNKNOWN,2,2875,0,0
2992,2992,11,2,single,unknown,2,false,-1,522,UNKNOWN,2,2769,2,0
2993,2993,29,1,single,unknown,2,true,-1,2733,UNKNOWN,2,1614,0,0
2994,2994,83,2,single,unknown,2,true,-1,6100,UNKNOWN,2,687,0,0
2995,2995,37,2,single,unknown,2,true,-1,2905,UNKNOWN,2,299,0,0
2996,2996,5,2,single,unknown,2,false,-1,1571,UNKNOWN,2,830,0,0
2997,2997,29,1,single,unknown,2,true,-1,1095,UNKNOWN,2,1946,0,0
2998,2998,23,2,single,unknown,2,true,-1,2733,UNKNOWN,2,695,0,0
2999,2999,30,1,single,unknown,2,true,-1,1833,UNKNOWN,2,2970,0,0
3000,3000,61,1,single,unknown,2,true,-1,1867,UNKNOWN,2,64,0,0
3001,3001,31,1,single,unknown,2,true,-1,2200,UNKNOWN,2,194,0,0
3002,3002,52,1,single,unknown,2,true,-1,1867,UNKNOWN,2,678,0,0
3003,3003,31,1,single,unknown,2,true,-1,700,UNKNOWN,2,3147,0,0
3004,3004,40,1,single,unknown,2,true,-1,958,UNKNOWN,2,886,0,0
3005,3005,58,1,single,unknown,2,true,-1,2733,UNKNOWN,2,1621,2,0
3006,3006,10,2,single,unknown,2,false,-1,1769,UNKNOWN,2,3387,0,0
3007,3007,67,2,single,unknown,2,true,-1,2300,UNKNOWN,2,1135,0,0
3008,3008,12,2,single,unknown,2,false,-1,1783,UNKNOWN,2,645,0,0
3009,3009,40,2,single,unknown,2,true,-1,2300,UNKNOWN,2,542,0,0
3010,3010,55,1,single,unknown,2,true,-1,767,UNKNOWN,2,1672,0,0
3011,3011,82,2,single,unknown,2,true,-1,1167,UNKNOWN,2,1905,0,0
3012,3012,19,2,single,unknown,2,true,-1,2200,UNKNOWN,2,322,0,0
3013,3013,86,2,single,unknown,2,true,-1,2200,UNKNOWN,2,2138,0,0
3014,3014,71,2,single,unknown,2,true,-1,1533,UNKNOWN,2,1978,0,0
3015,3015,98,2,single,unknown,2,true,-1,1533,UNKNOWN,2,2032,0,0
3016,3016,64,1,single,unknown,2,true,-1,1167,UNKNOWN,2,439,0,0
3017,3017,91,2,single,unknown,2,true,-1,1750,UNKNOWN,2,3364,2,0
3018,3018,35,1,single,unknown,2,true,-1,1833,UNKNOWN,2,2008,0,0
3019,3019,55,2,single,unknown,2,true,-1,3300,UNKNOWN,2,3159,0,0
3020,3020,38,1,single,unknown,2,true,-1,1200,UNKNOWN,2,18,0,0
3021,3021,47,1,single,unknown,2,true,-1,1650,UNKNOWN,2,2403,0,0
3022,3022,35,1,single,unknown,2,true,-1,1750,UNKNOWN,2,266,0,0
3023,3023,53,2,single,unknown,2,true,-1,2733,UNKNOWN,2,762,0,0
3024,3024,64,1,single,unknown,2,true,-1,2300,UNKNOWN,2,1155,0,0
3025,3025,61,1,single,unknown,2,true,-1,1533,UNKNOWN,2,2953,0,0
3026,3026,19,1,single,unknown,2,true,-1,1000,UNKNOWN,2,1497,0,0
3027,3027,29,2,single,unknown,2,true,-1,2278,UNKNOWN,2,735,0,0
3028,3028,72,2,single,unknown,2,true,-1,1533,UNKNOWN,2,218,0,0
3029,3029,83,2,single,unknown,2,true,-1,1867,UNKNOWN,2,1401,0,0
3030,3030,26,1,single,unknown,2,true,-1,1533,UNKNOWN,2,796,0,0
3031,3031,33,1,single,unknown,2,true,-1,2733,UNKNOWN,2,188,2,0
3032,3032,3,2,single,unknown,2,false,-1,1952,UNKNOWN,2,3234,0,0
3033,3033,20,1,single,unknown,2,true,-1,1200,UNKNOWN,2,3499,0,0
3034,3034,4,2,single,unknown,2,false,-1,1833,UNKNOWN,2,2433,0,0
3035,3035,89,2,single,unknown,2,true,-1,5100,UNKNOWN,2,3181,2,0
3036,3036,55,2,single,unknown,2,true,-1,1750,UNKNOWN,2,1576,0,0
3037,3037,21,2,single,unknown,2,true,-1,2733,UNKNOWN,2,1641,0,0
3038,3038,61,2,single,unknown,2,true,-1,800,UNKNOWN,2,715,0,0
3039,3039,26,1,single,unknown,2,true,-1,3300,UNKNOWN,2,2118,0,0
3040,3040,56,1,single,unknown,2,true,-1,1750,UNKNOWN,2,627,0,0
3041,3041,63,2,single,unknown,2,true,-1,1167,UNKNOWN,2,2542,2,0
3042,3042,5,2,single,unknown,2,false,-1,1952,UNKNOWN,2,252,0,0
3043,3043,59,2,single,unknown,2,true,-1,2550,UNKNOWN,2,10,0,0
3044,3044,13,2,single,unknown,2,false,-1,2652,UNKNOWN,2,3304,0,0
3045,3045,43,1,single,unknown,2,true,-1,2429,UNKNOWN,2,1415,0,0
3046,3046,4,2,single,unknown,2,false,-1,1952,UNKNOWN,2,1456,0,0
3047,3047,62,1,single,unknown,2,true,-1,700,UNKNOWN,2,819,2,0
3048,3048,60,1,single,unknown,2,true,-1,1750,UNKNOWN,2,230,0,0
3049,3049,64,1,single,unknown,2,true,-1,2300,UNKNOWN,2,2705,0,0
3050,3050,26,2,single,unknown,2,true,-1,2300,UNKNOWN,2,941,0,0
3051,3051,31,1,single,unknown,2,true,-1,1278,UNKNOWN,2,926,0,0
3052,3052,9,2,single,unknown,2,false,-1,1000,UNKNOWN,2,45,0,0
3053,3053,14,2,single,unknown,2,false,-1,800,UNKNOWN,2,1306,0,0
3054,3054,41,1,single,unknown,2,true,-1,1346,UNKNOWN,2,1268,0,0
3055,3055,50,2,single,unknown,2,true,-1,1783,UNKNOWN,2,3104,0,0
3056,3056,91,2,single,unknown,2,true,-1,1200,UNKNOWN,2,725,0,0
3057,3057,88,2,single,unknown,2,true,-1,1167,UNKNOWN,2,86,0,0
3058,3058,84,2,single,unknown,2,true,-1,467,UNKNOWN,2,2621,2,0
3059,3059,42,1,single,unknown,2,true,-1,923,UNKNOWN,2,2498,0,0
3060,3060,5,2,single,unknown,2,false,-1,1708,UNKNOWN,2,1467,0,0
3061,3061,66,2,single,unknown,2,true,-1,2800,UNKNOWN,2,1301,0,0
3062,3062,47,2,single,unknown,2,true,-1,1750,UNKNOWN,2,2390,0,0
3063,3063,41,1,single,unknown,2,true,-1,1640,UNKNOWN,2,482,0,0
3064,3064,32,1,single,unknown,2,true,-1,2429,UNKNOWN,2,3200,0,0
3065,3065,49,2,single,unknown,2,true,-1,1867,UNKNOWN,2,1935,0,0
3066,3066,30,1,single,unknown,2,true,-1,1750,UNKNOWN,2,944,0,0
3067,3067,62,1,single,unknown,2,true,-1,2050,UNKNOWN,2,2782,0,0
3068,3068,25,1,single,unknown,2,true,-1,700,UNKNOWN,2,3469,0,0
3069,3069,45,1,single,unknown,2,true,-1,958,UNKNOWN,2,1711,0,0
3070,3070,32,1,single,unknown,2,true,-1,2833,UNKNOWN,2,3436,0,0
3071,3071,15,2,single,unknown,2,false,-1,2050,UNKNOWN,2,71,0,0
3072,3072,66,2,single,unknown,2,true,-1,2733,UNKNOWN,2,1806,0,0
3073,3073,69,2,single,unknown,2,true,-1,800,UNKNOWN,2,1285,2,0
3074,3074,13,2,single,unknown,2,false,-1,2346,UNKNOWN,2,20,0,0
3075,3075,47,2,single,unknown,2,true,-1,6100,UNKNOWN,2,2184,0,0
3076,3076,19,1,single,unknown,2,true,-1,3050,UNKNOWN,2,2622,0,0
3077,3077,1,2,single,unknown,2,false,-1,3389,UNKNOWN,2,1904,0,0
3078,3078,35,1,single,unknown,2,true,-1,750,UNKNOWN,2,2416,0,0
3079,3079,61,1,single,unknown,2,true,-1,1867,UNKNOWN,2,256,0,0
3080,3080,38,1,single,unknown,2,true,-1,1278,UNKNOWN,2,2228,0,0
3081,3081,11,2,single,unknown,2,false,-1,2550,UNKNOWN,2,1412,0,0
3082,3082,68,2,single,unknown,2,true,-1,2300,UNKNOWN,2,662,2,0
3083,3083,33,1,single,unknown,2,true,-1,2800,UNKNOWN,2,2563,0,0
3084,3084,59,1,single,unknown,2,true,-1,1867,UNKNOWN,2,2362,2,0
3085,3085,61,1,single,unknown,2,true,-1,1150,UNKNOWN,2,390,0,0
3086,3086,43,2,single,unknown,2,true,-1,1095,UNKNOWN,2,1866,0,0
3087,3087,34,2,single,unknown,2,true,-1,3300,UNKNOWN,2,1224,0,0
3088,3088,47,1,single,unknown,2,true,-1,1200,UNKNOWN,2,2299,0,0
3089,3089,12,2,single,unknown,2,false,-1,1464,UNKNOWN,2,2648,0,0
3090,3090,91,2,single,unknown,2,true,-1,1750,UNKNOWN,2,1942,2,0
3091,3091,53,1,single,unknown,2,true,-1,2300,UNKNOWN,2,3064,0,0
3092,3092,91,2,single,unknown,2,true,-1,1533,UNKNOWN,2,287,2,0
3093,3093,76,2,single,unknown,2,true,-1,3300,UNKNOWN,2,668,0,0
3094,3094,30,1,single,unknown,2,true,-1,1750,UNKNOWN,2,2677,0,0
3095,3095,45,1,single,unknown,2,true,-1,1750,UNKNOWN,2,3,0,0
3096,3096,13,2,single,unknown,2,false,-1,2278,UNKNOWN,2,1395,0,0
3097,3097,22,1,single,unknown,2,true,-1,2300,UNKNOWN,2,3106,0,0
3098,3098,27,1,single,unknown,2,true,-1,467,UNKNOWN,2,106,2,0
3099,3099,22,1,single,unknown,2,true,-1,1650,UNKNOWN,2,844,0,0
3100,3100,51,1,single,unknown,2,true,-1,6100,UNKNOWN,2,1570,0,0
3101,3101,26,1,single,unknown,2,true,-1,4067,UNKNOWN,2,1310,0,0
3102,3102,2,2,single,unknown,2,false,-1,2278,UNKNOWN,2,2723,0,0
3103,3103,2,2,single,unknown,2,false,-1,3389,UNKNOWN,2,1295,0,0
3104,3104,8,2,single,unknown,2,false,-1,852,UNKNOWN,2,2276,0,0
3105,3105,6,2,single,unknown,2,false,-1,958,UNKNOWN,2,2152,0,0
3106,3106,68,2,single,unknown,2,true,-1,4067,UNKNOWN,2,2937,2,0
3107,3107,21,1,single,unknown,2,true,-1,875,UNKNOWN,2,3167,0,0
3108,3108,56,2,single,unknown,2,true,-1,2733,UNKNOWN,2,3472,2,0
3109,3109,95,2,single,unknown,2,true,-1,1167,UNKNOWN,2,998,0,0
3110,3110,58,2,single,unknown,2,true,-1,1200,UNKNOWN,2,290,0,0
3111,3111,60,1,single,unknown,2,true,-1,1200,UNKNOWN,2,3119,2,0
3112,3112,61,1,single,unknown,2,true,-1,1750,UNKNOWN,2,1877,0,0
3113,3113,1,2,single,unknown,2,false,-1,1571,UNKNOWN,2,2348,0,0
3114,3114,59,1,single,unknown,2,true,-1,1750,UNKNOWN,2,3217,0,0
3115,3115,48,1,single,unknown,2,true,-1,3300,UNKNOWN,2,1874,0,0
3116,3116,34,1,single,unknown,2,true,-1,923,UNKNOWN,2,1759,0,0
3117,3117,72,2,single,unknown,2,true,-1,1200,UNKNOWN,2,2143,0,0
3118,3118,98,2,single,unknown,2,true,-1,2300,UNKNOWN,2,1715,0,0
3119,3119,44,1,single,unknown,2,true,-1,3400,UNKNOWN,2,1306,0,0
3120,3120,67,2,single,unknown,2,true,-1,1435,UNKNOWN,2,2753,0,0
3121,3121,38,1,single,unknown,2,true,-1,1167,UNKNOWN,2,1728,0,0
3122,3122,63,2,single,unknown,2,true,-1,4067,UNKNOWN,2,2895,0,0
3123,3123,30,1,single,unknown,2,true,-1,2833,UNKNOWN,2,866,0,0
3124,3124,18,1,single,unknown,2,true,-1,800,UNKNOWN,2,369,0,0
3125,3125,62,1,single,unknown,2,true,-1,6100,UNKNOWN,2,2882,0,0
3126,3126,31,1,single,unknown,2,true,-1,3389,UNKNOWN,2,53,0,0
3127,3127,21,1,single,unknown,2,true,-1,1650,UNKNOWN,2,2596,0,0
3128,3128,23,2,single,unknown,2,true,-1,800,UNKNOWN,2,139,0,0
3129,3129,64,1,single,unknown,2,true,-1,2733,UNKNOWN,2,667,0,0
3130,3130,62,2,single,unknown,2,true,-1,4100,UNKNOWN,2,2078,0,0
3131,3131,28,2,single,unknown,2,true,-1,3050,UNKNOWN,2,870,0,0
3132,3132,61,1,single,unknown,2,true,-1,2200,UNKNOWN,2,710,2,0
3133,3133,15,2,single,unknown,2,false,-1,2179,UNKNOWN,2,2639,0,0
3134,3134,39,1,single,unknown,2,true,-1,1556,UNKNOWN,2,3216,0,0
3135,3135,3,2,single,unknown,2,false,-1,1833,UNKNOWN,2,2037,0,0
3136,3136,28,2,single,unknown,2,true,-1,2300,UNKNOWN,2,695,0,0
3137,3137,36,1,single,unknown,2,true,-1,729,UNKNOWN,2,2202,0,0
3138,3138,66,2,single,unknown,2,true,-1,1867,UNKNOWN,2,1698,0,0
3139,3139,53,2,single,unknown,2,true,-1,1650,UNKNOWN,2,3472,2,0
3140,3140,36,1,single,unknown,2,true,-1,2733,UNKNOWN,2,2731,0,0
3141,3141,43,1,single,unknown,2,true,-1,571,UNKNOWN,2,1032,0,0
3142,3142,43,1,single,unknown,2,true,-1,1769,UNKNOWN,2,1924,0,0
3143,3143,35,1,single,unknown,2,true,-1,3400,UNKNOWN,2,99,0,0
3144,3144,34,2,single,unknown,2,true,-1,1200,UNKNOWN,2,2853,2,0
3145,3145,60,1,single,unknown,2,true,-1,1867,UNKNOWN,2,924,0,0
3146,3146,8,2,single,unknown,2,false,-1,1375,UNKNOWN,2,2885,0,0
3147,3147,77,2,single,unknown,2,true,-1,249,UNKNOWN,2,1407,0,0
3148,3148,31,1,single,unknown,2,true,-1,2733,UNKNOWN,2,1175,0,0
3149,3149,35,1,single,unknown,2,true,-1,1952,UNKNOWN,2,1066,0,0
3150,3150,25,1,single,unknown,2,true,-1,1750,UNKNOWN,2,464,0,0
3151,3151,49,1,single,unknown,2,true,-1,600,UNKNOWN,2,1679,0,0
3152,3152,24,1,single,unknown,2,true,-1,1217,UNKNOWN,2,1043,0,0
3153,3153,77,2,single,unknown,2,true,-1,1750,UNKNOWN,2,3214,0,0
3154,3154,24,1,single,unknown,2,true,-1,700,UNKNOWN,2,1413,0,0
3155,3155,47,1,single,unknown,2,true,-1,1217,UNKNOWN,2,3322,0,0
3156,3156,8,2,single,unknown,2,false,-1,1095,UNKNOWN,2,2250,0,0
3157,3157,46,1,single,unknown,2,true,-1,3389,UNKNOWN,2,185,0,0
3158,3158,5,2,single,unknown,2,false,-1,1952,UNKNOWN,2,565,0,0
3159,3159,41,1,single,unknown,2,true,-1,3300,UNKNOWN,2,1608,0,0
3160,3160,79,2,single,unknown,2,true,-1,1533,UNKNOWN,2,880,0,0
3161,3161,50,2,single,unknown,2,true,-1,1952,UNKNOWN,2,547,0,0
3162,3162,80,2,single,unknown,2,true,-1,700,UNKNOWN,2,958,0,0
3163,3163,22,2,single,unknown,2,true,-1,2040,UNKNOWN,2,331,0,0
3164,3164,92,2,single,unknown,2,true,-1,1750,UNKNOWN,2,3357,2,0
3165,3165,64,1,single,unknown,2,true,-1,2733,UNKNOWN,2,492,0,0
3166,3166,2,2,single,unknown,2,false,-1,667,UNKNOWN,2,2454,0,0
3167,3167,34,2,single,unknown,2,true,-1,2200,UNKNOWN,2,2526,0,0
3168,3168,95,2,single,unknown,2,true,-1,2300,UNKNOWN,2,1196,2,0
3169,3169,37,1,single,unknown,2,true,-1,1750,UNKNOWN,2,2409,0,0
3170,3170,14,2,single,unknown,2,false,-1,2429,UNKNOWN,2,2370,0,0
3171,3171,4,2,single,unknown,2,false,-1,972,UNKNOWN,2,2393,0,0
3172,3172,61,2,single,unknown,2,true,-1,2652,UNKNOWN,2,1799,0,0
3173,3173,97,2,single,unknown,2,true,-1,1750,UNKNOWN,2,394,2,0
3174,3174,51,2,single,unknown,2,true,-1,4067,UNKNOWN,2,724,0,0
3175,3175,48,2,single,unknown,2,true,-1,2800,UNKNOWN,2,2672,2,0
3176,3176,32,1,single,unknown,2,true,-1,2300,UNKNOWN,2,3176,0,0
3177,3177,34,1,single,unknown,2,true,-1,1833,UNKNOWN,2,3265,0,0
3178,3178,40,1,single,unknown,2,true,-1,2833,UNKNOWN,2,1866,0,0
3179,3179,24,1,single,unknown,2,true,-1,1120,UNKNOWN,2,139,0,0
3180,3180,62,1,single,unknown,2,true,-1,2200,UNKNOWN,2,1395,0,0
3181,3181,24,2,single,unknown,2,true,-1,1200,UNKNOWN,2,1046,0,0
3182,3182,33,2,single,unknown,2,true,-1,1533,UNKNOWN,2,141,0,0
3183,3183,24,2,single,unknown,2,true,-1,700,UNKNOWN,2,1083,0,0
3184,3184,75,2,single,unknown,2,true,-1,1167,UNKNOWN,2,1157,0,0
3185,3185,53,1,single,unknown,2,true,-1,2040,UNKNOWN,2,866,0,0
3186,3186,95,2,single,unknown,2,true,-1,2733,UNKNOWN,2,2181,0,0
3187,3187,16,2,single,unknown,2,false,-1,1650,UNKNOWN,2,2009,0,0
3188,3188,79,2,single,unknown,2,true,-1,1167,UNKNOWN,2,2509,2,0
3189,3189,25,2,single,unknown,2,true,-1,1533,UNKNOWN,2,2355,0,0
3190,3190,19,1,single,unknown,2,true,-1,700,UNKNOWN,2,558,0,0
3191,3191,14,2,single,unknown,2,false,-1,2217,UNKNOWN,2,3196,0,0
3192,3192,88,2,single,unknown,2,true,-1,1867,UNKNOWN,2,325,0,0
3193,3193,35,2,single,unknown,2,true,-1,1833,UNKNOWN,2,1474,0,0
3194,3194,39,1,single,unknown,2,true,-1,333,UNKNOWN,2,3477,2,0
3195,3195,37,2,single,unknown,2,true,-1,571,UNKNOWN,2,1765,0,0
3196,3196,25,1,single,unknown,2,true,-1,2050,UNKNOWN,2,1912,0,0
3197,3197,41,1,single,unknown,2,true,-1,2905,UNKNOWN,2,2764,0,0
3198,3198,23,1,single,unknown,2,true,-1,875,UNKNOWN,2,1299,0,0
3199,3199,63,2,single,unknown,2,true,-1,3050,UNKNOWN,2,1261,0,0
3200,3200,31,2,single,unknown,2,true,-1,700,UNKNOWN,2,1831,0,0
3201,3201,98,2,single,unknown,2,true,-1,2300,UNKNOWN,2,2411,0,0
3202,3202,45,1,single,unknown,2,true,-1,4100,UNKNOWN,2,119,0,0
3203,3203,97,2,single,unknown,2,true,-1,6100,UNKNOWN,2,199,0,0
3204,3204,44,1,single,unknown,2,true,-1,600,UNKNOWN,2,2098,2,0
3205,3205,14,2,single,unknown,2,false,-1,697,UNKNOWN,2,744,0,0
3206,3206,37,1,single,unknown,2,true,-1,2125,UNKNOWN,2,1634,0,0
3207,3207,79,2,single,unknown,2,true,-1,2200,UNKNOWN,2,111,0,0
3208,3208,43,1,single,unknown,2,true,-1,1571,UNKNOWN,2,1866,0,0
3209,3209,75,2,single,unknown,2,true,-1,700,UNKNOWN,2,907,0,0
3210,3210,70,2,single,unknown,2,true,-1,3400,UNKNOWN,2,3112,0,0
3211,3211,13,2,single,unknown,2,false,-1,2542,UNKNOWN,2,1232,0,0
3212,3212,37,1,single,unknown,2,true,-1,5100,UNKNOWN,2,317,0,0
3213,3213,17,2,single,unknown,2,false,-1,700,UNKNOWN,2,3195,0,0
3214,3214,62,1,single,unknown,2,true,-1,1533,UNKNOWN,2,2901,0,0
3215,3215,18,1,single,unknown,2,true,-1,1640,UNKNOWN,2,2057,0,0
3216,3216,4,2,single,unknown,2,false,-1,2429,UNKNOWN,2,1690,0,0
3217,3217,7,2,single,unknown,2,false,-1,1952,UNKNOWN,2,2528,0,0
3218,3218,55,1,single,unknown,2,true,-1,933,UNKNOWN,2,1728,0,0
3219,3219,92,2,single,unknown,2,true,-1,2200,UNKNOWN,2,2936,0,0
3220,3220,31,1,single,unknown,2,true,-1,1556,UNKNOWN,2,2146,0,0
3221,3221,35,1,single,unknown,2,true,-1,2905,UNKNOWN,2,743,0,0
3222,3222,21,1,single,unknown,2,true,-1,2652,UNKNOWN,2,2067,0,0
3223,3223,9,2,single,unknown,2,false,-1,1694,UNKNOWN,2,2871,0,0
3224,3224,4,2,single,unknown,2,false,-1,1833,UNKNOWN,2,1036,0,0
3225,3225,87,2,single,unknown,2,true,-1,1167,UNKNOWN,2,1804,2,0
3226,3226,33,1,single,unknown,2,true,-1,2833,UNKNOWN,2,227,0,0
3227,3227,41,1,single,unknown,2,true,-1,2542,UNKNOWN,2,2375,0,0
3228,3228,15,2,single,unknown,2,false,-1,1769,UNKNOWN,2,2442,0,0
3229,3229,16,2,single,unknown,2,false,-1,2905,UNKNOWN,2,1899,0,0
3230,3230,84,2,single,unknown,2,true,-1,1750,UNKNOWN,2,952,0,0
3231,3231,87,2,single,unknown,2,true,-1,1533,UNKNOWN,2,1751,2,0
3232,3232,71,2,single,unknown,2,true,-1,1200,UNKNOWN,2,332,0,0
3233,3233,10,2,single,unknown,2,false,-1,2429,UNKNOWN,2,121,0,0
3234,3234,36,1,single,unknown,2,true,-1,1783,UNKNOWN,2,2713,0,0
3235,3235,53,1,single,unknown,2,true,-1,1346,UNKNOWN,2,3451,0,0
3236,3236,59,1,single,unknown,2,true,-1,2733,UNKNOWN,2,1207,0,0
3237,3237,67,2,single,unknown,2,true,-1,2300,UNKNOWN,2,563,0,0
3238,3238,52,1,single,unknown,2,true,-1,4067,UNKNOWN,2,2567,0,0
3239,3239,26,1,single,unknown,2,true,-1,2800,UNKNOWN,2,524,0,0
3240,3240,46,1,single,unknown,2,true,-1,1150,UNKNOWN,2,526,2,0
3241,3241,39,1,single,unknown,2,true,-1,729,UNKNOWN,2,505,0,0
3242,3242,26,1,single,unknown,2,true,-1,1095,UNKNOWN,2,2147,0,0
3243,3243,44,1,single,unknown,2,true,-1,920,UNKNOWN,2,2999,0,0
3244,3244,56,1,single,unknown,2,true,-1,2050,UNKNOWN,2,701,0,0
3245,3245,65,2,single,unknown,2,true,-1,250,UNKNOWN,2,169,2,0
3246,3246,29,1,single,unknown,2,true,-1,1833,UNKNOWN,2,1686,0,0
3247,3247,31,1,single,unknown,2,true,-1,2542,UNKNOWN,2,1977,0,0
3248,3248,2,1,single,unknown,2,false,-1,3389,UNKNOWN,2,796,0,0
3249,3249,90,2,single,unknown,2,true,-1,1750,UNKNOWN,2,3431,0,0
3250,3250,96,2,single,unknown,2,true,-1,1533,UNKNOWN,2,1660,0,0
3251,3251,58,1,single,unknown,2,true,-1,3400,UNKNOWN,2,305,0,0
3252,3252,20,1,single,unknown,2,true,-1,2040,UNKNOWN,2,3446,0,0
3253,3253,29,1,single,unknown,2,true,-1,3400,UNKNOWN,2,1653,0,0
3254,3254,2,2,single,unknown,2,false,-1,1333,UNKNOWN,2,2125,0,0
3255,3255,4,2,single,unknown,2,false,-1,833,UNKNOWN,2,618,0,0
3256,3256,47,2,single,unknown,2,true,-1,2200,UNKNOWN,2,1464,0,0
3257,3257,27,1,single,unknown,2,true,-1,2733,UNKNOWN,2,860,0,0
3258,3258,98,2,single,unknown,2,true,-1,4067,UNKNOWN,2,3173,0,0
3259,3259,25,1,single,unknown,2,true,-1,3400,UNKNOWN,2,2729,0,0
3260,3260,30,1,single,unknown,2,true,-1,1200,UNKNOWN,2,408,0,0
3261,3261,72,2,single,unknown,2,true,-1,2300,UNKNOWN,2,2618,0,0
3262,3262,96,2,single,unknown,2,true,-1,1750,UNKNOWN,2,1364,2,0
3263,3263,41,1,single,unknown,2,true,-1,917,UNKNOWN,2,1119,0,0
3264,3264,28,2,single,unknown,2,true,-1,2278,UNKNOWN,2,2435,0,0
3265,3265,18,1,single,unknown,2,true,-1,1867,UNKNOWN,2,1575,0,0
3266,3266,58,1,single,unknown,2,true,-1,2550,UNKNOWN,2,1914,0,0
3267,3267,42,1,single,unknown,2,true,-1,3050,UNKNOWN,2,2607,0,0
3268,3268,35,1,single,unknown,2,true,-1,1095,UNKNOWN,2,3043,0,0
3269,3269,41,1,single,unknown,2,true,-1,1577,UNKNOWN,2,550,0,0
3270,3270,12,2,single,unknown,2,false,-1,1783,UNKNOWN,2,787,0,0
3271,3271,80,2,single,unknown,2,true,-1,1167,UNKNOWN,2,1242,0,0
3272,3272,12,2,single,unknown,2,false,-1,467,UNKNOWN,2,1734,0,0
3273,3273,62,2,single,unknown,2,true,-1,700,UNKNOWN,2,3172,0,0
3274,3274,7,2,single,unknown,2,false,-1,2429,UNKNOWN,2,775,0,0
3275,3275,43,1,single,unknown,2,true,-1,1000,UNKNOWN,2,1992,0,0
3276,3276,12,2,single,unknown,2,false,-1,1438,UNKNOWN,2,141,0,0
3277,3277,41,1,single,unknown,2,true,-1,2300,UNKNOWN,2,3097,0,0
3278,3278,34,1,single,unknown,2,true,-1,1750,UNKNOWN,2,473,0,0
3279,3279,39,1,single,unknown,2,true,-1,1200,UNKNOWN,2,28,0,0
3280,3280,51,1,single,unknown,2,true,-1,1750,UNKNOWN,2,1177,0,0
3281,3281,24,2,single,unknown,2,true,-1,800,UNKNOWN,2,1772,0,0
3282,3282,34,1,single,unknown,2,true,-1,2278,UNKNOWN,2,959,0,0
3283,3283,92,2,single,unknown,2,true,-1,1200,UNKNOWN,2,1982,0,0
3284,3284,58,1,single,unknown,2,true,-1,2300,UNKNOWN,2,888,0,0
3285,3285,90,2,single,unknown,2,true,-1,6100,UNKNOWN,2,1058,2,0
3286,3286,49,1,single,unknown,2,true,-1,2733,UNKNOWN,2,1392,2,0
3287,3287,47,1,single,unknown,2,true,-1,2800,UNKNOWN,2,2732,0,0
3288,3288,6,2,single,unknown,2,false,-1,2429,UNKNOWN,2,3284,0,0
3289,3289,1,2,single,unknown,2,false,-1,2278,UNKNOWN,2,279,0,0
3290,3290,66,2,single,unknown,2,true,-1,1867,UNKNOWN,2,1425,2,0
3291,3291,31,1,single,unknown,2,true,-1,2300,UNKNOWN,2,2483,0,0
3292,3292,55,2,single,unknown,2,true,-1,972,UNKNOWN,2,1641,0,0
3293,3293,60,1,single,unknown,2,true,-1,2300,UNKNOWN,2,572,0,0
3294,3294,7,2,single,unknown,2,false,-1,2905,UNKNOWN,2,137,0,0
3295,3295,35,1,single,unknown,2,true,-1,1750,UNKNOWN,2,1751,0,0
3296,3296,6,2,single,unknown,2,false,-1,1571,UNKNOWN,2,2200,0,0
3297,3297,2,2,single,unknown,2,false,-1,1952,UNKNOWN,2,2796,0,0
3298,3298,9,2,single,unknown,2,false,-1,1708,UNKNOWN,2,603,0,0
3299,3299,24,1,single,unknown,2,true,-1,1867,UNKNOWN,2,157,0,0
3300,3300,17,2,single,unknown,2,false,-1,1867,UNKNOWN,2,1452,0,0
3301,3301,41,2,single,unknown,2,true,-1,2300,UNKNOWN,2,1502,0,0
3302,3302,39,1,single,unknown,2,true,-1,4067,UNKNOWN,2,3234,0,0
3303,3303,26,1,single,unknown,2,true,-1,1571,UNKNOWN,2,1330,0,0
3304,3304,95,2,single,unknown,2,true,-1,1750,UNKNOWN,2,1592,0,0
3305,3305,45,2,single,unknown,2,true,-1,1556,UNKNOWN,2,2025,0,0
3306,3306,75,2,single,unknown,2,true,-1,1533,UNKNOWN,2,3037,2,0
3307,3307,49,1,single,unknown,2,true,-1,700,UNKNOWN,2,1240,2,0
3308,3308,27,1,single,unknown,2,true,-1,1867,UNKNOWN,2,2784,0,0
3309,3309,21,2,single,unknown,2,true,-1,1400,UNKNOWN,2,1398,0,0
3310,3310,11,2,single,unknown,2,false,-1,2217,UNKNOWN,2,301,0,0
3311,3311,7,2,single,unknown,2,false,-1,1095,UNKNOWN,2,2138,0,0
3312,3312,29,2,single,unknown,2,true,-1,1571,UNKNOWN,2,3034,0,0
3313,3313,58,2,single,unknown,2,true,-1,1200,UNKNOWN,2,1859,0,0
3314,3314,66,2,single,unknown,2,true,-1,1200,UNKNOWN,2,148,2,0
3315,3315,67,2,single,unknown,2,true,-1,1200,UNKNOWN,2,1849,2,0
3316,3316,17,2,single,unknown,2,false,-1,1650,UNKNOWN,2,1121,0,0
3317,3317,49,1,single,unknown,2,true,-1,500,UNKNOWN,2,1865,0,0
3318,3318,9,2,single,unknown,2,false,-1,833,UNKNOWN,2,2676,0,0
3319,3319,20,1,single,unknown,2,true,-1,467,UNKNOWN,2,1786,0,0
3320,3320,63,1,single,unknown,2,true,-1,1750,UNKNOWN,2,1493,0,0
3321,3321,37,1,single,unknown,2,true,-1,2125,UNKNOWN,2,809,0,0
3322,3322,32,1,single,unknown,2,true,-1,750,UNKNOWN,2,2513,0,0
3323,3323,14,2,single,unknown,2,false,-1,667,UNKNOWN,2,3361,0,0
3324,3324,30,1,single,unknown,2,true,-1,2542,UNKNOWN,2,1645,0,0
3325,3325,12,2,single,unknown,2,false,-1,1640,UNKNOWN,2,3009,0,0
3326,3326,89,2,single,unknown,2,true,-1,3400,UNKNOWN,2,3320,0,0
3327,3327,57,1,single,unknown,2,true,-1,3400,UNKNOWN,2,2247,0,0
3328,3328,60,2,single,unknown,2,true,-1,1533,UNKNOWN,2,2635,0,0
3329,3329,19,1,single,unknown,2,true,-1,249,UNKNOWN,2,170,0,0
3330,3330,61,1,single,unknown,2,true,-1,1867,UNKNOWN,2,1689,0,0
3331,3331,41,1,single,unknown,2,true,-1,4692,UNKNOWN,2,2051,0,0
3332,3332,68,2,single,unknown,2,true,-1,1167,UNKNOWN,2,1494,2,0
3333,3333,52,1,single,unknown,2,true,-1,800,UNKNOWN,2,797,2,0
3334,3334,55,1,single,unknown,2,true,-1,250,UNKNOWN,2,2207,0,0
3335,3335,2,2,single,unknown,2,false,-1,1952,UNKNOWN,2,199,0,0
3336,3336,57,1,single,unknown,2,true,-1,1867,UNKNOWN,2,762,0,0
3337,3337,40,1,single,unknown,2,true,-1,972,UNKNOWN,2,2857,0,0
3338,3338,61,1,single,unknown,2,true,-1,2800,UNKNOWN,2,884,0,0
3339,3339,21,2,single,unknown,2,true,-1,800,UNKNOWN,2,2521,0,0
3340,3340,17,2,single,unknown,2,false,-1,522,UNKNOWN,2,1895,0,0
3341,3341,66,2,single,unknown,2,true,-1,1533,UNKNOWN,2,1748,0,0
3342,3342,60,2,single,unknown,2,true,-1,800,UNKNOWN,2,784,0,0
3343,3343,54,1,single,unknown,2,true,-1,761,UNKNOWN,2,126,2,0
3344,3344,18,1,single,unknown,2,true,-1,1200,UNKNOWN,2,3112,0,0
3345,3345,91,2,single,unknown,2,true,-1,2300,UNKNOWN,2,2588,0,0
3346,3346,52,1,single,unknown,2,true,-1,1167,UNKNOWN,2,987,0,0
3347,3347,33,1,single,unknown,2,true,-1,2125,UNKNOWN,2,3204,0,0
3348,3348,19,1,single,unknown,2,true,-1,2217,UNKNOWN,2,944,0,0
3349,3349,60,2,single,unknown,2,true,-1,249,UNKNOWN,2,2990,0,0
3350,3350,31,2,single,unknown,2,true,-1,1320,UNKNOWN,2,1632,0,0
3351,3351,36,1,single,unknown,2,true,-1,1650,UNKNOWN,2,1964,0,0
3352,3352,75,2,single,unknown,2,true,-1,1200,UNKNOWN,2,3148,2,0
3353,3353,55,1,single,unknown,2,true,-1,1120,UNKNOWN,2,818,0,0
3354,3354,31,1,single,unknown,2,true,-1,2733,UNKNOWN,2,2504,0,0
3355,3355,59,2,single,unknown,2,true,-1,3400,UNKNOWN,2,590,0,0
3356,3356,77,2,single,unknown,2,true,-1,250,UNKNOWN,2,1265,2,0
3357,3357,25,1,single,unknown,2,true,-1,600,UNKNOWN,2,733,0,0
3358,3358,5,2,single,unknown,2,false,-1,750,UNKNOWN,2,2648,0,0
3359,3359,13,2,single,unknown,2,false,-1,1783,UNKNOWN,2,748,0,0
3360,3360,48,1,single,unknown,2,true,-1,1533,UNKNOWN,2,3,0,0
3361,3361,44,2,single,unknown,2,true,-1,1167,UNKNOWN,2,547,0,0
3362,3362,36,1,single,unknown,2,true,-1,2217,UNKNOWN,2,2803,0,0
3363,3363,95,2,single,unknown,2,true,-1,1750,UNKNOWN,2,1199,2,0
3364,3364,41,1,single,unknown,2,true,-1,2300,UNKNOWN,2,1159,0,0
3365,3365,53,2,single,unknown,2,true,-1,700,UNKNOWN,2,753,0,0
3366,3366,55,1,single,unknown,2,true,-1,2200,UNKNOWN,2,2195,2,0
3367,3367,69,2,single,unknown,2,true,-1,3400,UNKNOWN,2,30,0,0
3368,3368,85,2,single,unknown,2,true,-1,2300,UNKNOWN,2,374,2,0
3369,3369,54,1,single,unknown,2,true,-1,2200,UNKNOWN,2,2775,0,0
3370,3370,85,2,single,unknown,2,true,-1,800,UNKNOWN,2,476,0,0
3371,3371,27,1,single,unknown,2,true,-1,1200,UNKNOWN,2,2177,0,0
3372,3372,35,1,single,unknown,2,true,-1,2300,UNKNOWN,2,1500,0,0
3373,3373,22,1,single,unknown,2,true,-1,2300,UNKNOWN,2,1456,0,0
3374,3374,3,2,single,unknown,2,false,-1,2278,UNKNOWN,2,790,0,0
3375,3375,56,1,single,unknown,2,true,-1,2200,UNKNOWN,2,1317,0,0
3376,3376,64,1,single,unknown,2,true,-1,1867,UNKNOWN,2,321,0,0
3377,3377,36,1,single,unknown,2,true,-1,2300,UNKNOWN,2,546,0,0
3378,3378,75,2,single,unknown,2,true,-1,2733,UNKNOWN,2,637,0,0
3379,3379,16,2,single,unknown,2,false,-1,966,UNKNOWN,2,117,0,0
3380,3380,19,1,single,unknown,2,true,-1,407,UNKNOWN,2,1354,0,0
3381,3381,71,2,single,unknown,2,true,-1,2200,UNKNOWN,2,1946,0,0
3382,3382,68,2,single,unknown,2,true,-1,1167,UNKNOWN,2,1224,0,0
3383,3383,92,2,single,unknown,2,true,-1,4067,UNKNOWN,2,3317,0,0
3384,3384,27,1,single,unknown,2,true,-1,1200,UNKNOWN,2,1903,0,0
3385,3385,57,2,single,unknown,2,true,-1,1200,UNKNOWN,2,666,0,0
3386,3386,52,1,single,unknown,2,true,-1,800,UNKNOWN,2,1142,2,0
3387,3387,38,1,single,unknown,2,true,-1,972,UNKNOWN,2,2596,0,0
3388,3388,58,2,single,unknown,2,true,-1,6100,UNKNOWN,2,2708,0,0
3389,3389,41,1,single,unknown,2,true,-1,2429,UNKNOWN,2,2889,0,0
3390,3390,19,1,single,unknown,2,true,-1,667,UNKNOWN,2,3074,0,0
3391,3391,40,1,single,unknown,2,true,-1,4067,UNKNOWN,2,2989,0,0
3392,3392,14,2,single,unknown,2,false,-1,2278,UNKNOWN,2,1806,0,0
3393,3393,31,1,single,unknown,2,true,-1,2200,UNKNOWN,2,732,0,0
3394,3394,35,1,single,unknown,2,true,-1,2833,UNKNOWN,2,2917,0,0
3395,3395,30,1,single,unknown,2,true,-1,1571,UNKNOWN,2,1355,0,0
3396,3396,14,2,single,unknown,2,false,-1,1533,UNKNOWN,2,118,0,0
3397,3397,75,2,single,unknown,2,true,-1,4067,UNKNOWN,2,2345,0,0
3398,3398,16,2,single,unknown,2,false,-1,1400,UNKNOWN,2,802,0,0
3399,3399,99,2,single,unknown,2,true,-1,2300,UNKNOWN,2,1022,0,0
3400,3400,11,2,single,unknown,2,false,-1,2733,UNKNOWN,2,441,0,0
3401,3401,29,1,single,unknown,2,true,-1,2200,UNKNOWN,2,3114,0,0
3402,3402,78,2,single,unknown,2,true,-1,1533,UNKNOWN,2,2437,0,0
3403,3403,56,1,single,unknown,2,true,-1,825,UNKNOWN,2,1510,2,0
3404,3404,60,2,single,unknown,2,true,-1,1200,UNKNOWN,2,3003,0,0
3405,3405,33,2,single,unknown,2,true,-1,2429,UNKNOWN,2,109,0,0
3406,3406,52,1,single,unknown,2,true,-1,700,UNKNOWN,2,3269,0,0
3407,3407,29,1,single,unknown,2,true,-1,1200,UNKNOWN,2,3234,0,0
3408,3408,70,2,single,unknown,2,true,-1,2200,UNKNOWN,2,470,0,0
3409,3409,5,2,single,unknown,2,false,-1,2125,UNKNOWN,2,483,0,0
3410,3410,78,2,single,unknown,2,true,-1,5100,UNKNOWN,2,728,2,0
3411,3411,52,1,single,unknown,2,true,-1,1783,UNKNOWN,2,3018,0,0
3412,3412,30,1,single,unknown,2,true,-1,1952,UNKNOWN,2,3154,0,0
3413,3413,93,2,single,unknown,2,true,-1,2800,UNKNOWN,2,156,0,0
3414,3414,16,2,single,unknown,2,false,-1,697,UNKNOWN,2,2938,0,0
3415,3415,83,2,single,unknown,2,true,-1,2800,UNKNOWN,2,2357,0,0
3416,3416,30,1,single,unknown,2,true,-1,1095,UNKNOWN,2,2015,0,0
3417,3417,12,2,single,unknown,2,false,-1,2217,UNKNOWN,2,2060,0,0
3418,3418,50,1,single,unknown,2,true,-1,1833,UNKNOWN,2,1263,0,0
3419,3419,8,2,single,unknown,2,false,-1,1571,UNKNOWN,2,1866,0,0
3420,3420,41,1,single,unknown,2,true,-1,2800,UNKNOWN,2,2311,0,0
3421,3421,19,1,single,unknown,2,true,-1,3050,UNKNOWN,2,1004,0,0
3422,3422,31,1,single,unknown,2,true,-1,2346,UNKNOWN,2,1898,0,0
3423,3423,2,1,single,unknown,2,false,-1,438,UNKNOWN,2,3483,2,0
3424,3424,92,2,single,unknown,2,true,-1,1167,UNKNOWN,2,590,0,0
3425,3425,50,1,single,unknown,2,true,-1,3050,UNKNOWN,2,1516,0,0
3426,3426,45,1,single,unknown,2,true,-1,667,UNKNOWN,2,559,0,0
3427,3427,56,2,single,unknown,2,true,-1,5100,UNKNOWN,2,3093,0,0
3428,3428,80,2,single,unknown,2,true,-1,1533,UNKNOWN,2,472,0,0
3429,3429,3,2,single,unknown,2,false,-1,1556,UNKNOWN,2,3038,0,0
3430,3430,28,1,single,unknown,2,true,-1,700,UNKNOWN,2,1523,0,0
3431,3431,54,1,single,unknown,2,true,-1,3400,UNKNOWN,2,728,0,0
3432,3432,72,2,single,unknown,2,true,-1,1750,UNKNOWN,2,1411,0,0
3433,3433,33,2,single,unknown,2,true,-1,1095,UNKNOWN,2,649,0,0
3434,3434,82,2,single,unknown,2,true,-1,1750,UNKNOWN,2,971,0,0
3435,3435,33,2,single,unknown,2,true,-1,800,UNKNOWN,2,2282,0,0
3436,3436,47,2,single,unknown,2,true,-1,2733,UNKNOWN,2,127,0,0
3437,3437,15,2,single,unknown,2,false,-1,2179,UNKNOWN,2,1543,0,0
3438,3438,27,1,single,unknown,2,true,-1,700,UNKNOWN,2,1447,0,0
3439,3439,6,2,single,unknown,2,false,-1,1333,UNKNOWN,2,2298,0,0
3440,3440,38,1,single,unknown,2,true,-1,821,UNKNOWN,2,2791,0,0
3441,3441,92,2,single,unknown,2,true,-1,2300,UNKNOWN,2,2569,2,0
3442,3442,27,1,single,unknown,2,true,-1,2300,UNKNOWN,2,2690,0,0
3443,3443,62,1,single,unknown,2,true,-1,2800,UNKNOWN,2,2186,0,0
3444,3444,48,1,single,unknown,2,true,-1,1750,UNKNOWN,2,312,0,0
3445,3445,39,2,single,unknown,2,true,-1,1200,UNKNOWN,2,604,0,0
3446,3446,15,2,single,unknown,2,false,-1,1962,UNKNOWN,2,2360,0,0
3447,3447,58,1,single,unknown,2,true,-1,700,UNKNOWN,2,1513,0,0
3448,3448,31,1,single,unknown,2,true,-1,1750,UNKNOWN,2,1824,0,0
3449,3449,4,2,single,unknown,2,false,-1,1556,UNKNOWN,2,2593,0,0
3450,3450,25,1,single,unknown,2,true,-1,1200,UNKNOWN,2,447,0,0
3451,3451,36,1,single,unknown,2,true,-1,1278,UNKNOWN,2,3320,0,0
3452,3452,35,1,single,unknown,2,true,-1,2300,UNKNOWN,2,2433,0,0
3453,3453,50,2,single,unknown,2,true,-1,1867,UNKNOWN,2,1430,0,0
3454,3454,16,2,single,unknown,2,false,-1,1120,UNKNOWN,2,3423,2,0
3455,3455,73,2,single,unknown,2,true,-1,1200,UNKNOWN,2,186,0,0
3456,3456,29,1,single,unknown,2,true,-1,2179,UNKNOWN,2,1309,0,0
3457,3457,43,1,single,unknown,2,true,-1,2300,UNKNOWN,2,3389,0,0
3458,3458,49,2,single,unknown,2,true,-1,2300,UNKNOWN,2,2913,0,0
3459,3459,33,2,single,unknown,2,true,-1,1867,UNKNOWN,2,2352,0,0
3460,3460,64,1,single,unknown,2,true,-1,2300,UNKNOWN,2,2199,2,0
3461,3461,29,1,single,unknown,2,true,-1,1867,UNKNOWN,2,1742,0,0
3462,3462,39,1,single,unknown,2,true,-1,2278,UNKNOWN,2,1623,0,0
3463,3463,81,2,single,unknown,2,true,-1,2733,UNKNOWN,2,1827,0,0
3464,3464,82,2,single,unknown,2,true,-1,2733,UNKNOWN,2,2344,0,0
3465,3465,93,2,single,unknown,2,true,-1,2300,UNKNOWN,2,1657,0,0
3466,3466,77,2,single,unknown,2,true,-1,2200,UNKNOWN,2,3162,0,0
3467,3467,64,1,single,unknown,2,true,-1,1400,UNKNOWN,2,239,0,0
3468,3468,26,1,single,unknown,2,true,-1,2200,UNKNOWN,2,52,0,0
3469,3469,23,2,single,unknown,2,true,-1,1200,UNKNOWN,2,3194,0,0
3470,3470,68,2,single,unknown,2,true,-1,1750,UNKNOWN,2,1817,0,0
3471,3471,30,1,single,unknown,2,true,-1,2300,UNKNOWN,2,196,0,0
3472,3472,65,2,single,unknown,2,true,-1,250,UNKNOWN,2,607,0,0
3473,3473,23,1,single,unknown,2,true,-1,1867,UNKNOWN,2,713,0,0
3474,3474,37,1,single,unknown,2,true,-1,4067,UNKNOWN,2,754,0,0
3475,3475,58,1,single,unknown,2,true,-1,2733,UNKNOWN,2,540,0,0
3476,3476,99,2,single,unknown,2,true,-1,2200,UNKNOWN,2,2941,2,0
3477,3477,47,1,single,unknown,2,true,-1,1200,UNKNOWN,2,2914,0,0
3478,3478,61,1,single,unknown,2,true,-1,1750,UNKNOWN,2,2575,0,0
3479,3479,1,2,single,unknown,2,false,-1,1100,UNKNOWN,2,957,0,0
3480,3480,62,1,single,unknown,2,true,-1,2200,UNKNOWN,2,2958,0,0
3481,3481,48,1,single,unknown,2,true,-1,2800,UNKNOWN,2,2577,0,0
3482,3482,56,2,single,unknown,2,true,-1,1650,UNKNOWN,2,1283,0,0
3483,3483,35,1,single,unknown,2,true,-1,2278,UNKNOWN,2,3370,0,0
3484,3484,63,2,single,unknown,2,true,-1,2733,UNKNOWN,2,3262,0,0
3485,3485,62,1,single,unknown,2,true,-1,2300,UNKNOWN,2,1804,0,0
3486,3486,75,2,single,unknown,2,true,-1,1167,UNKNOWN,2,2442,0,0
3487,3487,92,2,single,unknown,2,true,-1,2733,UNKNOWN,2,2437,0,0
3488,3488,53,1,single,unknown,2,true,-1,2800,UNKNOWN,2,2041,0,0
3489,3489,60,1,single,unknown,2,true,-1,2733,UNKNOWN,2,849,0,0
3490,3490,64,2,single,unknown,2,true,-1,2200,UNKNOWN,2,3331,0,0
3491,3491,15,2,single,unknown,2,false,-1,1217,UNKNOWN,2,827,0,0
3492,3492,30,1,single,unknown,2,true,-1,1333,UNKNOWN,2,63,0,0
3493,3493,72,2,single,unknown,2,true,-1,1533,UNKNOWN,2,31,0,0
3494,3494,54,1,single,unknown,2,true,-1,2278,UNKNOWN,2,413,0,0
3495,3495,10,2,single,unknown,2,false,-1,1375,UNKNOWN,2,1188,0,0
3496,3496,62,1,single,unknown,2,true,-1,1867,UNKNOWN,2,3088,2,0
3497,3497,4,2,single,unknown,2,false,-1,571,UNKNOWN,2,74,0,0
3498,3498,61,1,single,unknown,2,true,-1,1533,UNKNOWN,2,1763,0,0
3499,3499,93,2,single,unknown,2,true,-1,2800,UNKNOWN,2,535,0,0
3500,3500,70,2,single,unknown,2,true,-1,1750,UNKNOWN,2,2162,2,0
3501,3501,12,2,single,unknown,2,false,-1,2550,UNKNOWN,2,3011,0,0
3502,3502,78,2,single,unknown,2,true,-1,1167,UNKNOWN,2,3230,2,0
3503,3503,52,1,single,unknown,2,true,-1,4067,UNKNOWN,2,1221,0,0
3504,3504,53,1,single,unknown,2,true,-1,1750,UNKNOWN,2,1544,0,0
3505,3505,36,1,single,unknown,2,true,-1,1278,UNKNOWN,2,1370,0,0
3506,3506,4,2,single,unknown,2,false,-1,1952,UNKNOWN,2,568,0,0
3507,3507,98,2,single,unknown,2,true,-1,3300,UNKNOWN,2,3066,2,0
3508,3508,57,1,single,unknown,2,true,-1,700,UNKNOWN,2,984,0,0
3509,3509,32,1,single,unknown,2,true,-1,1333,UNKNOWN,2,2391,0,0
3510,3510,56,1,single,unknown,2,true,-1,700,UNKNOWN,2,3166,0,0
3511,3511,35,1,single,unknown,2,true,-1,2300,UNKNOWN,2,908,0,0
3512,3512,70,2,single,unknown,2,true,-1,4067,UNKNOWN,2,1725,0,0
3513,3513,3,2,single,unknown,2,false,-1,2429,UNKNOWN,2,3076,0,0
3514,3514,44,1,single,unknown,2,true,-1,2542,UNKNOWN,2,2421,0,0
3515,3515,11,2,single,unknown,2,false,-1,1952,UNKNOWN,2,92,0,0
3516,3516,68,2,single,unknown,2,true,-1,1533,UNKNOWN,2,3343,0,0
3517,3517,77,2,single,unknown,2,true,-1,2300,UNKNOWN,2,716,0,0
3518,3518,50,1,single,unknown,2,true,-1,2800,UNKNOWN,2,2759,0,0
3519,3519,36,1,single,unknown,2,true,-1,3389,UNKNOWN,2,1445,0,0
3520,3520,35,1,single,unknown,2,true,-1,1533,UNKNOWN,2,2911,0,0
3521,3521,34,1,single,unknown,2,true,-1,1533,UNKNOWN,2,1341,0,0
3522,3522,97,2,single,unknown,2,true,-1,4067,UNKNOWN,2,10,0,0
3523,3523,3,2,single,unknown,2,false,-1,1095,UNKNOWN,2,944,0,0
3524,3524,53,2,single,unknown,2,true,-1,250,UNKNOWN,2,3482,2,0
3525,3525,41,1,single,unknown,2,true,-1,3400,UNKNOWN,2,73,2,0
3526,3526,1,2,single,unknown,2,false,-1,1952,UNKNOWN,2,1931,0,0
3527,3527,22,2,single,unknown,2,true,-1,1200,UNKNOWN,2,1554,0,0
3528,3528,48,1,single,unknown,2,true,-1,1750,UNKNOWN,2,243,0,0
3529,3529,20,2,single,unknown,2,true,-1,3400,UNKNOWN,2,727,2,0
3530,3530,33,2,single,unknown,2,true,-1,1533,UNKNOWN,2,3073,0,0
3531,3531,36,1,single,unknown,2,true,-1,2429,UNKNOWN,2,3088,0,0
3532,3532,41,1,single,unknown,2,true,-1,2300,UNKNOWN,2,2990,0,0
3533,3533,71,2,single,unknown,2,true,-1,1167,UNKNOWN,2,1785,2,0
3534,3534,11,2,single,unknown,2,false,-1,2200,UNKNOWN,2,2763,0,0
3535,3535,6,2,single,unknown,2,false,-1,1571,UNKNOWN,2,2076,0,0
3536,3536,69,2,single,unknown,2,true,-1,250,UNKNOWN,2,3133,2,0
3537,3537,57,2,single,unknown,2,true,-1,3400,UNKNOWN,2,1666,0,0
3538,3538,74,2,single,unknown,2,true,-1,800,UNKNOWN,2,400,2,0
3539,3539,17,2,single,unknown,2,false,-1,1769,UNKNOWN,2,991,0,0
3540,3540,23,2,single,unknown,2,true,-1,1200,UNKNOWN,2,2361,0,0
3541,3541,44,2,single,unknown,2,true,-1,1200,UNKNOWN,2,1066,0,0
3542,3542,11,2,single,unknown,2,false,-1,2905,UNKNOWN,2,882,0,0
3543,3543,17,2,single,unknown,2,false,-1,1650,UNKNOWN,2,1923,0,0
3544,3544,69,2,single,unknown,2,true,-1,2300,UNKNOWN,2,2909,2,0
3545,3545,36,1,single,unknown,2,true,-1,2733,UNKNOWN,2,2905,0,0
3546,3546,39,1,single,unknown,2,true,-1,1095,UNKNOWN,2,2859,0,0
3547,3547,74,2,single,unknown,2,true,-1,1533,UNKNOWN,2,443,0,0
3548,3548,13,2,single,unknown,2,false,-1,3050,UNKNOWN,2,2807,0,0
3549,3549,65,2,single,unknown,2,true,-1,1200,UNKNOWN,2,1537,0,0
3550,3550,31,2,single,unknown,2,true,-1,1571,UNKNOWN,2,2469,0,0
3551,3551,98,2,single,unknown,2,true,-1,3400,UNKNOWN,2,1577,2,0
3552,3552,88,2,single,unknown,2,true,-1,1167,UNKNOWN,2,631,2,0
3553,3553,4,2,single,unknown,2,false,-1,1833,UNKNOWN,2,1737,0,0
3554,3554,61,1,single,unknown,2,true,-1,700,UNKNOWN,2,2372,0,0
3555,3555,40,1,single,unknown,2,true,-1,1952,UNKNOWN,2,1494,0,0
3556,3556,96,2,single,unknown,2,true,-1,2800,UNKNOWN,2,755,2,0
3557,3557,17,2,single,unknown,2,false,-1,2542,UNKNOWN,2,3170,0,0
3558,3558,99,2,single,unknown,2,true,-1,1167,UNKNOWN,2,3107,2,0
3559,3559,59,1,single,unknown,2,true,-1,4067,UNKNOWN,2,2538,0,0
3560,3560,17,2,single,unknown,2,false,-1,1278,UNKNOWN,2,365,0,0
3561,3561,19,1,single,unknown,2,true,-1,1640,UNKNOWN,2,246,0,0
3562,3562,36,2,single,unknown,2,true,-1,3400,UNKNOWN,2,363,0,0
3563,3563,15,2,single,unknown,2,false,-1,2833,UNKNOWN,2,1132,0,0
3564,3564,92,2,single,unknown,2,true,-1,1867,UNKNOWN,2,772,2,0
3565,3565,35,2,single,unknown,2,true,-1,2125,UNKNOWN,2,2620,0,0
3566,3566,30,1,single,unknown,2,true,-1,2429,UNKNOWN,2,820,0,0
3567,3567,58,1,single,unknown,2,true,-1,3300,UNKNOWN,2,1594,0,0
3568,3568,63,1,single,unknown,2,true,-1,3400,UNKNOWN,2,1017,0,0
3569,3569,95,2,single,unknown,2,true,-1,1200,UNKNOWN,2,399,0,0
3570,3570,39,1,single,unknown,2,true,-1,1952,UNKNOWN,2,594,0,0
3571,3571,69,2,single,unknown,2,true,-1,1167,UNKNOWN,2,102,0,0
3572,3572,70,2,single,unknown,2,true,-1,1867,UNKNOWN,2,3025,0,0
3573,3573,46,1,single,unknown,2,true,-1,4067,UNKNOWN,2,2743,0,0
3574,3574,28,1,single,unknown,2,true,-1,2200,UNKNOWN,2,819,0,0
3575,3575,2,2,single,unknown,2,false,-1,2833,UNKNOWN,2,1933,0,0
3576,3576,86,2,single,unknown,2,true,-1,1167,UNKNOWN,2,1477,0,0
3577,3577,60,1,single,unknown,2,true,-1,3300,UNKNOWN,2,737,0,0
3578,3578,34,1,single,unknown,2,true,-1,2300,UNKNOWN,2,1284,0,0
3579,3579,29,1,single,unknown,2,true,-1,2300,UNKNOWN,2,29,0,0
3580,3580,60,1,single,unknown,2,true,-1,2300,UNKNOWN,2,1999,0,0
3581,3581,20,1,single,unknown,2,true,-1,700,UNKNOWN,2,1200,0,0
3582,3582,97,2,single,unknown,2,true,-1,1750,UNKNOWN,2,373,2,0
3583,3583,7,2,single,unknown,2,false,-1,1346,UNKNOWN,2,2754,0,0
3584,3584,25,1,single,unknown,2,true,-1,833,UNKNOWN,2,3385,0,0
3585,3585,55,1,single,unknown,2,true,-1,2733,UNKNOWN,2,1456,0,0
3586,3586,20,1,single,unknown,2,true,-1,920,UNKNOWN,2,7,0,0
3587,3587,48,2,single,unknown,2,true,-1,1640,UNKNOWN,2,2937,0,0
3588,3588,81,2,single,unknown,2,true,-1,2300,UNKNOWN,2,519,0,0
3589,3589,12,2,single,unknown,2,false,-1,821,UNKNOWN,2,3048,0,0
3590,3590,5,2,single,unknown,2,false,-1,1571,UNKNOWN,2,1689,0,0
3591,3591,9,2,single,unknown,2,false,-1,1435,UNKNOWN,2,2979,0,0
3592,3592,3,2,single,unknown,2,false,-1,1952,UNKNOWN,2,3493,0,0
3593,3593,41,1,single,unknown,2,true,-1,1278,UNKNOWN,2,1869,0,0
3594,3594,22,1,single,unknown,2,true,-1,1533,UNKNOWN,2,1727,0,0
3595,3595,20,1,single,unknown,2,true,-1,1650,UNKNOWN,2,1350,0,0
3596,3596,48,1,single,unknown,2,true,-1,920,UNKNOWN,2,3495,0,0
3597,3597,62,1,single,unknown,2,true,-1,700,UNKNOWN,2,2413,2,0
3598,3598,26,1,single,unknown,2,true,-1,1167,UNKNOWN,2,2448,0,0
3599,3599,29,1,single,unknown,2,true,-1,279,UNKNOWN,2,1035,0,0
3600,3600,32,1,single,unknown,2,true,-1,1200,UNKNOWN,2,1650,0,0
3601,3601,99,2,single,unknown,2,true,-1,2300,UNKNOWN,2,2418,2,0
3602,3602,46,1,single,unknown,2,true,-1,4067,UNKNOWN,2,2766,0,0
3603,3603,13,2,single,unknown,2,false,-1,2652,UNKNOWN,2,877,0,0
3604,3604,60,1,single,unknown,2,true,-1,800,UNKNOWN,2,2528,2,0
3605,3605,21,1,single,unknown,2,true,-1,1650,UNKNOWN,2,3402,0,0
3606,3606,53,1,single,unknown,2,true,-1,1200,UNKNOWN,2,2652,0,0
3607,3607,1,2,single,unknown,2,false,-1,2429,UNKNOWN,2,3382,0,0
3608,3608,31,1,single,unknown,2,true,-1,522,UNKNOWN,2,1063,0,0
3609,3609,2,2,single,unknown,2,false,-1,1794,UNKNOWN,2,3356,0,0
3610,3610,57,1,single,unknown,2,true,-1,1750,UNKNOWN,2,2316,0,0
3611,3611,24,2,single,unknown,2,true,-1,1320,UNKNOWN,2,2687,0,0
3612,3612,53,1,single,unknown,2,true,-1,2300,UNKNOWN,2,522,0,0
3613,3613,99,2,single,unknown,2,true,-1,2300,UNKNOWN,2,1151,2,0
3614,3614,54,1,single,unknown,2,true,-1,1750,UNKNOWN,2,3383,0,0
3615,3615,64,1,single,unknown,2,true,-1,1867,UNKNOWN,2,3259,0,0
3616,3616,35,1,single,unknown,2,true,-1,2833,UNKNOWN,2,1821,0,0
3617,3617,62,1,single,unknown,2,true,-1,1200,UNKNOWN,2,3120,0,0
3618,3618,3,2,single,unknown,2,false,-1,2538,UNKNOWN,2,478,0,0
3619,3619,15,2,single,unknown,2,false,-1,2652,UNKNOWN,2,2108,0,0
3620,3620,25,1,single,unknown,2,true,-1,1200,UNKNOWN,2,264,0,0
3621,3621,98,2,single,unknown,2,true,-1,2300,UNKNOWN,2,2810,0,0
3622,3622,76,2,single,unknown,2,true,-1,1167,UNKNOWN,2,3382,2,0
3623,3623,32,1,single,unknown,2,true,-1,2833,UNKNOWN,2,1998,0,0
3624,3624,30,1,single,unknown,2,true,-1,700,UNKNOWN,2,2793,0,0
3625,3625,64,1,single,unknown,2,true,-1,1167,UNKNOWN,2,901,0,0
3626,3626,39,1,single,unknown,2,true,-1,800,UNKNOWN,2,545,0,0
3627,3627,43,1,single,unknown,2,true,-1,2050,UNKNOWN,2,2049,0,0
3628,3628,16,2,single,unknown,2,false,-1,2346,UNKNOWN,2,1375,0,0
3629,3629,24,2,single,unknown,2,true,-1,800,UNKNOWN,2,2502,0,0
3630,3630,39,1,single,unknown,2,true,-1,2200,UNKNOWN,2,1064,0,0
3631,3631,27,1,single,unknown,2,true,-1,800,UNKNOWN,2,1682,0,0
3632,3632,26,2,single,unknown,2,true,-1,1533,UNKNOWN,2,2878,0,0
3633,3633,27,1,single,unknown,2,true,-1,250,UNKNOWN,2,823,0,0
3634,3634,54,1,single,unknown,2,true,-1,1750,UNKNOWN,2,1401,0,0
3635,3635,20,2,single,unknown,2,true,-1,1640,UNKNOWN,2,2779,0,0
3636,3636,12,2,single,unknown,2,false,-1,1000,UNKNOWN,2,500,0,0
3637,3637,76,2,single,unknown,2,true,-1,800,UNKNOWN,2,2304,2,0
3638,3638,46,1,single,unknown,2,true,-1,920,UNKNOWN,2,3446,0,0
3639,3639,19,2,single,unknown,2,true,-1,700,UNKNOWN,2,3024,0,0
3640,3640,97,2,single,unknown,2,true,-1,6100,UNKNOWN,2,2633,2,0
3641,3641,34,1,single,unknown,2,true,-1,1533,UNKNOWN,2,2982,0,0
3642,3642,38,1,single,unknown,2,true,-1,1571,UNKNOWN,2,2963,0,0
3643,3643,63,1,single,unknown,2,true,-1,1867,UNKNOWN,2,1353,0,0
3644,3644,2,2,single,unknown,2,false,-1,2905,UNKNOWN,2,108,0,0
3645,3645,59,1,single,unknown,2,true,-1,4067,UNKNOWN,2,2309,2,0
3646,3646,24,2,single,unknown,2,true,-1,1867,UNKNOWN,2,2286,0,0
3647,3647,28,1,single,unknown,2,true,-1,2833,UNKNOWN,2,1984,0,0
3648,3648,41,2,single,unknown,2,true,-1,1278,UNKNOWN,2,2867,0,0
3649,3649,61,2,single,unknown,2,true,-1,2217,UNKNOWN,2,3391,0,0
3650,3650,4,2,single,unknown,2,false,-1,1952,UNKNOWN,2,1965,0,0
3651,3651,35,1,single,unknown,2,true,-1,2429,UNKNOWN,2,273,0,0
3652,3652,37,1,single,unknown,2,true,-1,1200,UNKNOWN,2,2098,0,0
3653,3653,53,1,single,unknown,2,true,-1,2200,UNKNOWN,2,348,0,0
3654,3654,51,1,single,unknown,2,true,-1,3400,UNKNOWN,2,102,0,0
3655,3655,56,1,single,unknown,2,true,-1,2733,UNKNOWN,2,1491,0,0
3656,3656,7,2,single,unknown,2,false,-1,3389,UNKNOWN,2,959,0,0
3657,3657,52,1,single,unknown,2,true,-1,250,UNKNOWN,2,1509,0,0
3658,3658,45,1,single,unknown,2,true,-1,1750,UNKNOWN,2,1503,0,0
3659,3659,20,2,single,unknown,2,true,-1,3050,UNKNOWN,2,1543,0,0
3660,3660,55,1,single,unknown,2,true,-1,1750,UNKNOWN,2,897,2,0
3661,3661,29,1,single,unknown,2,true,-1,1833,UNKNOWN,2,2450,0,0
3662,3662,63,1,single,unknown,2,true,-1,2200,UNKNOWN,2,3127,0,0
3663,3663,54,2,single,unknown,2,true,-1,2050,UNKNOWN,2,875,0,0
3664,3664,2,2,single,unknown,2,false,-1,2278,UNKNOWN,2,786,0,0
3665,3665,10,2,single,unknown,2,false,-1,2125,UNKNOWN,2,1441,0,0
3666,3666,58,2,single,unknown,2,true,-1,4067,UNKNOWN,2,2742,0,0
3667,3667,85,2,single,unknown,2,true,-1,1167,UNKNOWN,2,576,0,0
3668,3668,52,1,single,unknown,2,true,-1,1533,UNKNOWN,2,1091,0,0
3669,3669,8,2,single,unknown,2,false,-1,2905,UNKNOWN,2,3340,0,0
3670,3670,35,2,single,unknown,2,true,-1,250,UNKNOWN,2,861,0,0
3671,3671,74,2,single,unknown,2,true,-1,2300,UNKNOWN,2,2584,0,0
3672,3672,59,1,single,unknown,2,true,-1,2300,UNKNOWN,2,325,0,0
3673,3673,50,1,single,unknown,2,true,-1,1179,UNKNOWN,2,375,0,0
3674,3674,85,2,single,unknown,2,true,-1,3300,UNKNOWN,2,914,2,0
3675,3675,3,2,single,unknown,2,false,-1,958,UNKNOWN,2,535,0,0
3676,3676,61,2,single,unknown,2,true,-1,1650,UNKNOWN,2,150,0,0
3677,3677,49,1,single,unknown,2,true,-1,800,UNKNOWN,2,518,0,0
3678,3678,60,2,single,unknown,2,true,-1,2200,UNKNOWN,2,1375,0,0
3679,3679,47,1,single,unknown,2,true,-1,1750,UNKNOWN,2,855,0,0
3680,3680,25,1,single,unknown,2,true,-1,1750,UNKNOWN,2,2431,0,0
3681,3681,88,2,single,unknown,2,true,-1,2300,UNKNOWN,2,1910,0,0
3682,3682,96,2,single,unknown,2,true,-1,1200,UNKNOWN,2,2153,2,0
3683,3683,14,2,single,unknown,2,false,-1,1000,UNKNOWN,2,1159,0,0
3684,3684,51,1,single,unknown,2,true,-1,530,UNKNOWN,2,296,0,0
3685,3685,18,1,single,unknown,2,true,-1,1150,UNKNOWN,2,2447,0,0
3686,3686,51,2,single,unknown,2,true,-1,1167,UNKNOWN,2,1657,2,0
3687,3687,24,1,single,unknown,2,true,-1,1200,UNKNOWN,2,501,0,0
3688,3688,49,1,single,unknown,2,true,-1,1167,UNKNOWN,2,1684,0,0
3689,3689,36,1,single,unknown,2,true,-1,833,UNKNOWN,2,1611,0,0
3690,3690,52,1,single,unknown,2,true,-1,1750,UNKNOWN,2,2294,2,0
3691,3691,7,2,single,unknown,2,false,-1,2905,UNKNOWN,2,2483,0,0
3692,3692,67,2,single,unknown,2,true,-1,1750,UNKNOWN,2,2856,0,0
3693,3693,45,1,single,unknown,2,true,-1,1333,UNKNOWN,2,2482,0,0
3694,3694,66,2,single,unknown,2,true,-1,1867,UNKNOWN,2,2875,0,0
3695,3695,85,2,single,unknown,2,true,-1,2200,UNKNOWN,2,1895,0,0
3696,3696,15,2,single,unknown,2,false,-1,2652,UNKNOWN,2,2075,0,0
3697,3697,18,1,single,unknown,2,true,-1,2050,UNKNOWN,2,1489,0,0
3698,3698,28,1,single,unknown,2,true,-1,1750,UNKNOWN,2,2029,0,0
3699,3699,23,2,single,unknown,2,true,-1,2800,UNKNOWN,2,1144,0,0
3700,3700,59,1,single,unknown,2,true,-1,1533,UNKNOWN,2,109,0,0
3701,3701,54,1,single,unknown,2,true,-1,2200,UNKNOWN,2,1902,0,0
3702,3702,30,2,single,unknown,2,true,-1,1200,UNKNOWN,2,2436,0,0
3703,3703,2,2,single,unknown,2,false,-1,1833,UNKNOWN,2,877,0,0
3704,3704,14,2,single,unknown,2,false,-1,2429,UNKNOWN,2,57,0,0
3705,3705,64,2,single,unknown,2,true,-1,1750,UNKNOWN,2,2786,0,0
3706,3706,22,1,single,unknown,2,true,-1,1650,UNKNOWN,2,2247,0,0
3707,3707,68,2,single,unknown,2,true,-1,1867,UNKNOWN,2,2454,0,0
3708,3708,45,1,single,unknown,2,true,-1,1179,UNKNOWN,2,2348,0,0
3709,3709,30,1,single,unknown,2,true,-1,1167,UNKNOWN,2,3486,0,0
3710,3710,57,1,single,unknown,2,true,-1,1346,UNKNOWN,2,2245,0,0
3711,3711,38,1,single,unknown,2,true,-1,2905,UNKNOWN,2,3273,0,0
3712,3712,82,2,single,unknown,2,true,-1,800,UNKNOWN,2,776,0,0
3713,3713,62,1,single,unknown,2,true,-1,1167,UNKNOWN,2,2305,0,0
3714,3714,30,1,single,unknown,2,true,-1,3400,UNKNOWN,2,1536,0,0
3715,3715,52,1,single,unknown,2,true,-1,1435,UNKNOWN,2,1430,0,0
3716,3716,19,1,single,unknown,2,true,-1,2200,UNKNOWN,2,1266,0,0
3717,3717,26,1,single,unknown,2,true,-1,2050,UNKNOWN,2,426,0,0
3718,3718,44,2,single,unknown,2,true,-1,2259,UNKNOWN,2,3174,0,0
3719,3719,48,1,single,unknown,2,true,-1,1200,UNKNOWN,2,2480,0,0
3720,3720,32,1,single,unknown,2,true,-1,875,UNKNOWN,2,3037,0,0
3721,3721,88,2,single,unknown,2,true,-1,2300,UNKNOWN,2,213,0,0
3722,3722,45,1,single,unknown,2,true,-1,972,UNKNOWN,2,2679,0,0
3723,3723,13,2,single,unknown,2,false,-1,1650,UNKNOWN,2,1572,0,0
3724,3724,37,1,single,unknown,2,true,-1,1750,UNKNOWN,2,1764,0,0
3725,3725,2,2,single,unknown,2,false,-1,2905,UNKNOWN,2,2124,2,0
3726,3726,21,1,single,unknown,2,true,-1,700,UNKNOWN,2,558,0,0
3727,3727,7,2,single,unknown,2,false,-1,3923,UNKNOWN,2,2134,0,0
3728,3728,48,1,single,unknown,2,true,-1,2542,UNKNOWN,2,635,0,0
3729,3729,1,2,single,unknown,2,false,-1,2278,UNKNOWN,2,188,0,0
3730,3730,91,2,single,unknown,2,true,-1,2800,UNKNOWN,2,1086,0,0
3731,3731,95,2,single,unknown,2,true,-1,2733,UNKNOWN,2,2007,0,0
3732,3732,21,2,single,unknown,2,true,-1,2733,UNKNOWN,2,1789,0,0
3733,3733,41,1,single,unknown,2,true,-1,1346,UNKNOWN,2,1443,0,0
3734,3734,41,1,single,unknown,2,true,-1,1952,UNKNOWN,2,2072,0,0
3735,3735,2,2,single,unknown,2,false,-1,2542,UNKNOWN,2,2608,0,0
3736,3736,38,1,single,unknown,2,true,-1,2125,UNKNOWN,2,478,0,0
3737,3737,65,2,single,unknown,2,true,-1,700,UNKNOWN,2,524,0,0
3738,3738,12,2,single,unknown,2,false,-1,1167,UNKNOWN,2,280,0,0
3739,3739,62,2,single,unknown,2,true,-1,1867,UNKNOWN,2,908,0,0
3740,3740,12,2,single,unknown,2,false,-1,800,UNKNOWN,2,168,0,0
3741,3741,67,2,single,unknown,2,true,-1,1150,UNKNOWN,2,910,2,0
3742,3742,47,2,single,unknown,2,true,-1,3389,UNKNOWN,2,1926,0,0
3743,3743,49,1,single,unknown,2,true,-1,250,UNKNOWN,2,2921,0,0
3744,3744,12,2,single,unknown,2,false,-1,2278,UNKNOWN,2,1248,0,0
3745,3745,42,1,single,unknown,2,true,-1,1952,UNKNOWN,2,459,0,0
3746,3746,88,2,single,unknown,2,true,-1,1750,UNKNOWN,2,128,2,0
3747,3747,15,2,single,unknown,2,false,-1,2346,UNKNOWN,2,270,0,0
3748,3748,19,1,single,unknown,2,true,-1,700,UNKNOWN,2,253,0,0
3749,3749,59,2,single,unknown,2,true,-1,2733,UNKNOWN,2,1813,0,0
3750,3750,62,1,single,unknown,2,true,-1,4067,UNKNOWN,2,1210,0,0
3751,3751,52,2,single,unknown,2,true,-1,2300,UNKNOWN,2,1945,0,0
3752,3752,78,2,single,unknown,2,true,-1,1200,UNKNOWN,2,3452,0,0
3753,3753,15,2,single,unknown,2,false,-1,1278,UNKNOWN,2,1788,0,0
3754,3754,60,1,single,unknown,2,true,-1,1533,UNKNOWN,2,1945,0,0
3755,3755,39,1,single,unknown,2,true,-1,1833,UNKNOWN,2,1440,0,0
3756,3756,61,2,single,unknown,2,true,-1,1200,UNKNOWN,2,3034,0,0
3757,3757,64,2,single,unknown,2,true,-1,2200,UNKNOWN,2,1623,0,0
3758,3758,57,1,single,unknown,2,true,-1,1167,UNKNOWN,2,3184,0,0
3759,3759,72,2,single,unknown,2,true,-1,1650,UNKNOWN,2,507,2,0
3760,3760,39,1,single,unknown,2,true,-1,1889,UNKNOWN,2,3463,0,0
3761,3761,21,1,single,unknown,2,true,-1,700,UNKNOWN,2,1023,0,0
3762,3762,60,1,single,unknown,2,true,-1,2733,UNKNOWN,2,993,0,0
3763,3763,59,1,single,unknown,2,true,-1,700,UNKNOWN,2,2292,0,0
3764,3764,49,1,single,unknown,2,true,-1,1222,UNKNOWN,2,955,0,0
3765,3765,60,1,single,unknown,2,true,-1,2200,UNKNOWN,2,3438,0,0
3766,3766,18,1,single,unknown,2,true,-1,1320,UNKNOWN,2,2881,0,0
3767,3767,42,1,single,unknown,2,true,-1,2217,UNKNOWN,2,1728,0,0
3768,3768,58,1,single,unknown,2,true,-1,3050,UNKNOWN,2,376,0,0
3769,3769,35,1,single,unknown,2,true,-1,1708,UNKNOWN,2,3309,0,0
3770,3770,41,1,single,unknown,2,true,-1,1200,UNKNOWN,2,88,0,0
3771,3771,18,2,single,unknown,2,true,-1,2050,UNKNOWN,2,2666,0,0
3772,3772,27,2,single,unknown,2,true,-1,2800,UNKNOWN,2,3444,0,0
3773,3773,62,1,single,unknown,2,true,-1,1200,UNKNOWN,2,2625,0,0
3774,3774,63,1,single,unknown,2,true,-1,2800,UNKNOWN,2,508,0,0
3775,3775,28,1,single,unknown,2,true,-1,249,UNKNOWN,2,1201,0,0
3776,3776,45,1,single,unknown,2,true,-1,1750,UNKNOWN,2,1149,0,0
3777,3777,40,1,single,unknown,2,true,-1,2103,UNKNOWN,2,45,0,0
3778,3778,33,1,single,unknown,2,true,-1,1533,UNKNOWN,2,1728,0,0
3779,3779,46,2,single,unknown,2,true,-1,1750,UNKNOWN,2,183,0,0
3780,3780,39,1,single,unknown,2,true,-1,1750,UNKNOWN,2,380,0,0
3781,3781,69,2,single,unknown,2,true,-1,2733,UNKNOWN,2,669,0,0
3782,3782,40,1,single,unknown,2,true,-1,2733,UNKNOWN,2,384,0,0
3783,3783,53,1,single,unknown,2,true,-1,1200,UNKNOWN,2,944,2,0
3784,3784,23,1,single,unknown,2,true,-1,1533,UNKNOWN,2,2550,0,0
3785,3785,11,2,single,unknown,2,false,-1,2040,UNKNOWN,2,2900,0,0
3786,3786,47,2,single,unknown,2,true,-1,2300,UNKNOWN,2,3404,0,0
3787,3787,91,2,single,unknown,2,true,-1,2200,UNKNOWN,2,2866,0,0
3788,3788,27,1,single,unknown,2,true,-1,467,UNKNOWN,2,3358,0,0
3789,3789,82,2,single,unknown,2,true,-1,1533,UNKNOWN,2,1079,0,0
3790,3790,22,2,single,unknown,2,true,-1,1167,UNKNOWN,2,1230,0,0
3791,3791,50,1,single,unknown,2,true,-1,3050,UNKNOWN,2,563,0,0
3792,3792,61,1,single,unknown,2,true,-1,1750,UNKNOWN,2,2991,0,0
3793,3793,56,2,single,unknown,2,true,-1,700,UNKNOWN,2,2269,2,0
3794,3794,62,1,single,unknown,2,true,-1,2440,UNKNOWN,2,1722,0,0
3795,3795,54,1,single,unknown,2,true,-1,1750,UNKNOWN,2,2665,0,0
3796,3796,52,1,single,unknown,2,true,-1,2217,UNKNOWN,2,1804,0,0
3797,3797,88,2,single,unknown,2,true,-1,1867,UNKNOWN,2,2267,0,0
3798,3798,70,2,single,unknown,2,true,-1,1533,UNKNOWN,2,2698,0,0
3799,3799,85,2,single,unknown,2,true,-1,1200,UNKNOWN,2,399,0,0
3800,3800,35,1,single,unknown,2,true,-1,1095,UNKNOWN,2,2475,0,0
3801,3801,54,1,single,unknown,2,true,-1,2050,UNKNOWN,2,1613,0,0
3802,3802,30,1,single,unknown,2,true,-1,1556,UNKNOWN,2,2051,0,0
3803,3803,6,2,single,unknown,2,false,-1,1095,UNKNOWN,2,396,0,0
3804,3804,36,1,single,unknown,2,true,-1,1278,UNKNOWN,2,2648,0,0
3805,3805,50,1,single,unknown,2,true,-1,700,UNKNOWN,2,56,2,0
3806,3806,91,2,single,unknown,2,true,-1,2300,UNKNOWN,2,1255,2,0
3807,3807,30,2,single,unknown,2,true,-1,1200,UNKNOWN,2,1,0,0
3808,3808,38,1,single,unknown,2,true,-1,1333,UNKNOWN,2,1641,0,0
3809,3809,67,2,single,unknown,2,true,-1,4067,UNKNOWN,2,2163,0,0
3810,3810,33,1,single,unknown,2,true,-1,2429,UNKNOWN,2,1000,0,0
3811,3811,19,1,single,unknown,2,true,-1,1533,UNKNOWN,2,701,0,0
3812,3812,11,2,single,unknown,2,false,-1,1783,UNKNOWN,2,363,0,0
3813,3813,41,1,single,unknown,2,true,-1,2300,UNKNOWN,2,161,0,0
3814,3814,59,1,single,unknown,2,true,-1,2300,UNKNOWN,2,3141,0,0
3815,3815,55,1,single,unknown,2,true,-1,2550,UNKNOWN,2,2848,0,0
3816,3816,49,1,single,unknown,2,true,-1,833,UNKNOWN,2,3395,0,0
3817,3817,84,2,single,unknown,2,true,-1,1200,UNKNOWN,2,361,2,0
3818,3818,31,1,single,unknown,2,true,-1,2300,UNKNOWN,2,2840,0,0
3819,3819,26,1,single,unknown,2,true,-1,2278,UNKNOWN,2,2246,0,0
3820,3820,68,2,single,unknown,2,true,-1,1167,UNKNOWN,2,2290,0,0
3821,3821,19,1,single,unknown,2,true,-1,1650,UNKNOWN,2,668,0,0
3822,3822,67,2,single,unknown,2,true,-1,3400,UNKNOWN,2,776,0,0
3823,3823,77,2,single,unknown,2,true,-1,1167,UNKNOWN,2,2273,0,0
3824,3824,26,1,single,unknown,2,true,-1,1750,UNKNOWN,2,826,0,0
3825,3825,23,1,single,unknown,2,true,-1,2733,UNKNOWN,2,905,0,0
3826,3826,28,1,single,unknown,2,true,-1,2278,UNKNOWN,2,3154,0,0
3827,3827,84,2,single,unknown,2,true,-1,1200,UNKNOWN,2,117,2,0
3828,3828,96,2,single,unknown,2,true,-1,2800,UNKNOWN,2,2839,0,0
3829,3829,79,2,single,unknown,2,true,-1,2200,UNKNOWN,2,2682,0,0
3830,3830,39,2,single,unknown,2,true,-1,1556,UNKNOWN,2,3356,0,0
3831,3831,38,1,single,unknown,2,true,-1,2050,UNKNOWN,2,1081,0,0
3832,3832,19,1,single,unknown,2,true,-1,742,UNKNOWN,2,1699,0,0
3833,3833,39,1,single,unknown,2,true,-1,1167,UNKNOWN,2,2068,0,0
3834,3834,86,2,single,unknown,2,true,-1,2300,UNKNOWN,2,1281,2,0
3835,3835,21,1,single,unknown,2,true,-1,1533,UNKNOWN,2,3099,0,0
3836,3836,24,1,single,unknown,2,true,-1,3400,UNKNOWN,2,1231,0,0
3837,3837,52,1,single,unknown,2,true,-1,1650,UNKNOWN,2,225,0,0
3838,3838,71,2,single,unknown,2,true,-1,2300,UNKNOWN,2,2624,0,0
3839,3839,35,1,single,unknown,2,true,-1,972,UNKNOWN,2,1346,0,0
3840,3840,90,2,single,unknown,2,true,-1,1750,UNKNOWN,2,2882,2,0
3841,3841,37,1,single,unknown,2,true,-1,3400,UNKNOWN,2,1153,0,0
3842,3842,67,2,single,unknown,2,true,-1,1750,UNKNOWN,2,2616,0,0
3843,3843,40,2,single,unknown,2,true,-1,2542,UNKNOWN,2,1084,0,0
3844,3844,46,1,single,unknown,2,true,-1,467,UNKNOWN,2,2803,0,0
3845,3845,49,2,single,unknown,2,true,-1,1278,UNKNOWN,2,3197,0,0
3846,3846,29,1,single,unknown,2,true,-1,2833,UNKNOWN,2,721,0,0
3847,3847,57,1,single,unknown,2,true,-1,1650,UNKNOWN,2,2938,0,0
3848,3848,55,1,single,unknown,2,true,-1,2800,UNKNOWN,2,1543,0,0
3849,3849,46,2,single,unknown,2,true,-1,1750,UNKNOWN,2,3310,0,0
3850,3850,53,1,single,unknown,2,true,-1,1278,UNKNOWN,2,733,0,0
3851,3851,51,2,single,unknown,2,true,-1,700,UNKNOWN,2,244,0,0
3852,3852,1,2,single,unknown,2,false,-1,333,UNKNOWN,2,2292,0,0
3853,3853,61,1,single,unknown,2,true,-1,2040,UNKNOWN,2,363,0,0
3854,3854,78,2,single,unknown,2,true,-1,3400,UNKNOWN,2,2486,0,0
3855,3855,15,2,single,unknown,2,false,-1,3050,UNKNOWN,2,3337,0,0
3856,3856,54,1,single,unknown,2,true,-1,2300,UNKNOWN,2,3174,0,0
3857,3857,31,2,single,unknown,2,true,-1,2200,UNKNOWN,2,2570,0,0
3858,3858,24,2,single,unknown,2,true,-1,2652,UNKNOWN,2,851,0,0
3859,3859,40,1,single,unknown,2,true,-1,1167,UNKNOWN,2,1440,0,0
3860,3860,23,1,single,unknown,2,true,-1,2200,UNKNOWN,2,81,0,0
3861,3861,55,1,single,unknown,2,true,-1,2200,UNKNOWN,2,2080,0,0
3862,3862,18,1,single,unknown,2,true,-1,4067,UNKNOWN,2,2670,0,0
3863,3863,62,2,single,unknown,2,true,-1,2733,UNKNOWN,2,1707,0,0
3864,3864,95,2,single,unknown,2,true,-1,1200,UNKNOWN,2,3024,2,0
3865,3865,28,1,single,unknown,2,true,-1,700,UNKNOWN,2,821,0,0
3866,3866,18,1,single,unknown,2,true,-1,2440,UNKNOWN,2,1126,0,0
3867,3867,96,2,single,unknown,2,true,-1,1867,UNKNOWN,2,2101,0,0
3868,3868,30,1,single,unknown,2,true,-1,2733,UNKNOWN,2,33,0,0
3869,3869,86,2,single,unknown,2,true,-1,800,UNKNOWN,2,2938,2,0
3870,3870,52,1,single,unknown,2,true,-1,1750,UNKNOWN,2,2907,0,0
3871,3871,24,1,single,unknown,2,true,-1,875,UNKNOWN,2,2323,0,0
3872,3872,9,2,single,unknown,2,false,-1,1333,UNKNOWN,2,2489,0,0
3873,3873,19,2,single,unknown,2,true,-1,700,UNKNOWN,2,959,0,0
3874,3874,45,1,single,unknown,2,true,-1,2833,UNKNOWN,2,3332,0,0
3875,3875,28,2,single,unknown,2,true,-1,700,UNKNOWN,2,2652,0,0
3876,3876,84,2,single,unknown,2,true,-1,1867,UNKNOWN,2,2771,0,0
3877,3877,57,1,single,unknown,2,true,-1,3400,UNKNOWN,2,1589,0,0
3878,3878,32,1,single,unknown,2,true,-1,2200,UNKNOWN,2,2035,0,0
3879,3879,51,1,single,unknown,2,true,-1,1346,UNKNOWN,2,865,0,0
3880,3880,50,1,single,unknown,2,true,-1,2300,UNKNOWN,2,1921,0,0
3881,3881,26,1,single,unknown,2,true,-1,700,UNKNOWN,2,692,0,0
3882,3882,27,1,single,unknown,2,true,-1,3389,UNKNOWN,2,2788,0,0
3883,3883,38,1,single,unknown,2,true,-1,2800,UNKNOWN,2,2624,0,0
3884,3884,85,2,single,unknown,2,true,-1,1750,UNKNOWN,2,2416,0,0
3885,3885,62,1,single,unknown,2,true,-1,700,UNKNOWN,2,1507,2,0
3886,3886,54,1,single,unknown,2,true,-1,1650,UNKNOWN,2,1011,0,0
3887,3887,74,2,single,unknown,2,true,-1,1167,UNKNOWN,2,3357,0,0
3888,3888,4,2,single,unknown,2,false,-1,1708,UNKNOWN,2,1922,0,0
3889,3889,88,2,single,unknown,2,true,-1,1750,UNKNOWN,2,2741,2,0
3890,3890,44,1,single,unknown,2,true,-1,1750,UNKNOWN,2,3367,0,0
3891,3891,16,2,single,unknown,2,false,-1,1769,UNKNOWN,2,1763,0,0
3892,3892,58,1,single,unknown,2,true,-1,1533,UNKNOWN,2,313,0,0
3893,3893,90,2,single,unknown,2,true,-1,700,UNKNOWN,2,196,2,0
3894,3894,45,1,single,unknown,2,true,-1,875,UNKNOWN,2,1486,0,0
3895,3895,9,2,single,unknown,2,false,-1,2217,UNKNOWN,2,1609,0,0
3896,3896,63,1,single,unknown,2,true,-1,1200,UNKNOWN,2,1186,0,0
3897,3897,43,1,single,unknown,2,true,-1,2200,UNKNOWN,2,2961,0,0
3898,3898,37,1,single,unknown,2,true,-1,4067,UNKNOWN,2,1595,0,0
3899,3899,13,2,single,unknown,2,false,-1,1179,UNKNOWN,2,36,0,0
3900,3900,48,1,single,unknown,2,true,-1,2278,UNKNOWN,2,1699,0,0
3901,3901,27,2,single,unknown,2,true,-1,700,UNKNOWN,2,854,0,0
3902,3902,18,1,single,unknown,2,true,-1,1167,UNKNOWN,2,196,0,0
3903,3903,21,1,single,unknown,2,true,-1,800,UNKNOWN,2,3145,0,0
3904,3904,12,2,single,unknown,2,false,-1,2050,UNKNOWN,2,1090,0,0
3905,3905,18,1,single,unknown,2,true,-1,700,UNKNOWN,2,16,0,0
3906,3906,41,1,single,unknown,2,true,-1,1952,UNKNOWN,2,2172,0,0
3907,3907,58,1,single,unknown,2,true,-1,3400,UNKNOWN,2,997,0,0
3908,3908,67,2,single,unknown,2,true,-1,2733,UNKNOWN,2,1724,0,0
3909,3909,10,2,single,unknown,2,false,-1,2833,UNKNOWN,2,626,0,0
3910,3910,34,1,single,unknown,2,true,-1,2278,UNKNOWN,2,1976,0,0
3911,3911,45,1,single,unknown,2,true,-1,875,UNKNOWN,2,1966,0,0
3912,3912,46,1,single,unknown,2,true,-1,2154,UNKNOWN,2,463,0,0
3913,3913,85,2,single,unknown,2,true,-1,1167,UNKNOWN,2,491,0,0
3914,3914,28,1,single,unknown,2,true,-1,3400,UNKNOWN,2,531,0,0
3915,3915,61,1,single,unknown,2,true,-1,1167,UNKNOWN,2,3142,0,0
3916,3916,75,2,single,unknown,2,true,-1,2200,UNKNOWN,2,3061,0,0
3917,3917,57,1,single,unknown,2,true,-1,1200,UNKNOWN,2,1164,0,0
3918,3918,63,1,single,unknown,2,true,-1,1200,UNKNOWN,2,572,2,0
3919,3919,51,1,single,unknown,2,true,-1,2200,UNKNOWN,2,2662,0,0
3920,3920,62,2,single,unknown,2,true,-1,2200,UNKNOWN,2,1945,0,0
3921,3921,34,1,single,unknown,2,true,-1,1750,UNKNOWN,2,2694,0,0
3922,3922,45,1,single,unknown,2,true,-1,1200,UNKNOWN,2,3065,0,0
3923,3923,45,2,single,unknown,2,true,-1,2833,UNKNOWN,2,2764,0,0
3924,3924,21,2,single,unknown,2,true,-1,2050,UNKNOWN,2,1715,0,0
3925,3925,2,2,single,unknown,2,false,-1,1952,UNKNOWN,2,1122,0,0
3926,3926,32,1,single,unknown,2,true,-1,2278,UNKNOWN,2,434,0,0
3927,3927,8,2,single,unknown,2,false,-1,1571,UNKNOWN,2,42,0,0
3928,3928,52,1,single,unknown,2,true,-1,1783,UNKNOWN,2,2940,0,0
3929,3929,6,2,single,unknown,2,false,-1,1333,UNKNOWN,2,2684,0,0
3930,3930,16,2,single,unknown,2,false,-1,1640,UNKNOWN,2,1579,0,0
3931,3931,72,2,single,unknown,2,true,-1,1533,UNKNOWN,2,3194,0,0
3932,3932,40,2,single,unknown,2,true,-1,1708,UNKNOWN,2,180,0,0
3933,3933,55,1,single,unknown,2,true,-1,467,UNKNOWN,2,1530,0,0
3934,3934,40,1,single,unknown,2,true,-1,923,UNKNOWN,2,2506,0,0
3935,3935,20,2,single,unknown,2,true,-1,2550,UNKNOWN,2,928,0,0
3936,3936,60,1,single,unknown,2,true,-1,1750,UNKNOWN,2,509,0,0
3937,3937,49,1,single,unknown,2,true,-1,4067,UNKNOWN,2,193,0,0
3938,3938,56,1,single,unknown,2,true,-1,2733,UNKNOWN,2,1061,0,0
3939,3939,1,2,single,unknown,2,false,-1,1952,UNKNOWN,2,2235,0,0
3940,3940,49,1,single,unknown,2,true,-1,1650,UNKNOWN,2,1225,0,0
3941,3941,39,1,single,unknown,2,true,-1,2429,UNKNOWN,2,359,0,0
3942,3942,11,2,single,unknown,2,false,-1,1650,UNKNOWN,2,1444,0,0
3943,3943,48,1,single,unknown,2,true,-1,2429,UNKNOWN,2,3080,0,0
3944,3944,44,1,single,unknown,2,true,-1,1962,UNKNOWN,2,1512,0,0
3945,3945,35,1,single,unknown,2,true,-1,2733,UNKNOWN,2,1083,0,0
3946,3946,46,2,single,unknown,2,true,-1,3400,UNKNOWN,2,3220,0,0
3947,3947,35,1,single,unknown,2,true,-1,3389,UNKNOWN,2,710,0,0
3948,3948,89,2,single,unknown,2,true,-1,1750,UNKNOWN,2,119,2,0
3949,3949,63,1,single,unknown,2,true,-1,5100,UNKNOWN,2,1103,0,0
3950,3950,22,1,single,unknown,2,true,-1,667,UNKNOWN,2,2629,0,0
3951,3951,9,2,single,unknown,2,false,-1,972,UNKNOWN,2,1187,0,0
3952,3952,87,2,single,unknown,2,true,-1,5100,UNKNOWN,2,785,0,0
3953,3953,37,1,single,unknown,2,true,-1,2429,UNKNOWN,2,376,0,0
3954,3954,67,2,single,unknown,2,true,-1,1200,UNKNOWN,2,3473,0,0
3955,3955,82,2,single,unknown,2,true,-1,800,UNKNOWN,2,400,0,0
3956,3956,91,2,single,unknown,2,true,-1,1200,UNKNOWN,2,2036,2,0
3957,3957,88,2,single,unknown,2,true,-1,4067,UNKNOWN,2,1507,2,0
3958,3958,54,1,single,unknown,2,true,-1,4100,UNKNOWN,2,1158,0,0
3959,3959,57,1,single,unknown,2,true,-1,1867,UNKNOWN,2,1962,0,0
3960,3960,48,1,single,unknown,2,true,-1,2652,UNKNOWN,2,3328,0,0
3961,3961,13,2,single,unknown,2,false,-1,1438,UNKNOWN,2,825,0,0
3962,3962,92,2,single,unknown,2,true,-1,1167,UNKNOWN,2,1717,0,0
3963,3963,22,1,single,unknown,2,true,-1,2200,UNKNOWN,2,1753,0,0
3964,3964,7,2,single,unknown,2,false,-1,1095,UNKNOWN,2,1025,0,0
3965,3965,35,2,single,unknown,2,true,-1,2800,UNKNOWN,2,2929,0,0
3966,3966,55,1,single,unknown,2,true,-1,1750,UNKNOWN,2,3426,0,0
3967,3967,69,2,single,unknown,2,true,-1,2733,UNKNOWN,2,771,0,0
3968,3968,2,2,single,unknown,2,false,-1,2833,UNKNOWN,2,3178,0,0
3969,3969,22,2,single,unknown,2,true,-1,2440,UNKNOWN,2,2698,0,0
3970,3970,11,2,single,unknown,2,false,-1,3389,UNKNOWN,2,1118,0,0
3971,3971,64,1,single,unknown,2,true,-1,1533,UNKNOWN,2,2842,0,0
3972,3972,69,2,single,unknown,2,true,-1,3400,UNKNOWN,2,1847,0,0
3973,3973,83,2,single,unknown,2,true,-1,1867,UNKNOWN,2,856,0,0
3974,3974,51,1,single,unknown,2,true,-1,2278,UNKNOWN,2,954,0,0
3975,3975,31,1,single,unknown,2,true,-1,1375,UNKNOWN,2,2704,0,0
3976,3976,19,2,single,unknown,2,true,-1,1700,UNKNOWN,2,1019,0,0
3977,3977,40,1,single,unknown,2,true,-1,1167,UNKNOWN,2,108,0,0
3978,3978,59,1,single,unknown,2,true,-1,2200,UNKNOWN,2,2334,0,0
3979,3979,41,1,single,unknown,2,true,-1,2300,UNKNOWN,2,3156,0,0
3980,3980,40,1,single,unknown,2,true,-1,2733,UNKNOWN,2,779,0,0
3981,3981,43,1,single,unknown,2,true,-1,1556,UNKNOWN,2,2735,0,0
3982,3982,5,2,single,unknown,2,false,-1,1375,UNKNOWN,2,173,0,0
3983,3983,23,1,single,unknown,2,true,-1,1200,UNKNOWN,2,117,0,0
3984,3984,19,1,single,unknown,2,true,-1,1400,UNKNOWN,2,444,0,0
3985,3985,31,1,single,unknown,2,true,-1,2300,UNKNOWN,2,1308,0,0
3986,3986,8,2,single,unknown,2,false,-1,2429,UNKNOWN,2,2988,0,0
3987,3987,1,2,single,unknown,2,false,-1,1571,UNKNOWN,2,955,0,0
3988,3988,26,1,single,unknown,2,true,-1,1750,UNKNOWN,2,1295,0,0
3989,3989,54,1,single,unknown,2,true,-1,2200,UNKNOWN,2,3242,0,0
3990,3990,58,1,single,unknown,2,true,-1,1533,UNKNOWN,2,939,0,0
3991,3991,3,2,single,unknown,2,false,-1,852,UNKNOWN,2,2490,0,0
3992,3992,61,1,single,unknown,2,true,-1,2733,UNKNOWN,2,2876,0,0
3993,3993,77,2,single,unknown,2,true,-1,4067,UNKNOWN,2,3102,0,0
3994,3994,38,1,single,unknown,2,true,-1,429,UNKNOWN,2,639,0,0
3995,3995,28,1,single,unknown,2,true,-1,700,UNKNOWN,2,2579,0,0
3996,3996,39,2,single,unknown,2,true,-1,2905,UNKNOWN,2,1217,0,0
3997,3997,1,2,single,unknown,2,false,-1,1577,UNKNOWN,2,3471,0,0
3998,3998,97,2,single,unknown,2,true,-1,6100,UNKNOWN,2,183,0,0
3999,3999,31,1,single,unknown,2,true,-1,2278,UNKNOWN,2,539,0,0
4000,4000,15,2,single,unknown,2,false,-1,2905,UNKNOWN,2,3325,0,0
4001,4001,62,1,single,unknown,2,true,-1,1750,UNKNOWN,2,1651,0,0
4002,4002,62,2,single,unknown,2,true,-1,3300,UNKNOWN,2,570,0,0
4003,4003,83,2,single,unknown,2,true,-1,1167,UNKNOWN,2,2602,0,0
4004,4004,28,1,single,unknown,2,true,-1,4067,UNKNOWN,2,2697,0,0
4005,4005,54,1,single,unknown,2,true,-1,1533,UNKNOWN,2,3429,0,0
4006,4006,60,2,single,unknown,2,true,-1,2733,UNKNOWN,2,468,0,0
4007,4007,40,1,single,unknown,2,true,-1,2800,UNKNOWN,2,2833,0,0
4008,4008,14,2,single,unknown,2,false,-1,1571,UNKNOWN,2,797,0,0
4009,4009,10,2,single,unknown,2,false,-1,2429,UNKNOWN,2,1773,0,0
4010,4010,37,1,single,unknown,2,true,-1,2800,UNKNOWN,2,801,0,0
4011,4011,61,1,single,unknown,2,true,-1,1533,UNKNOWN,2,368,2,0
4012,4012,31,1,single,unknown,2,true,-1,972,UNKNOWN,2,440,0,0
4013,4013,93,2,single,unknown,2,true,-1,2300,UNKNOWN,2,1932,2,0
4014,4014,23,1,single,unknown,2,true,-1,1833,UNKNOWN,2,2761,0,0
4015,4015,35,1,single,unknown,2,true,-1,700,UNKNOWN,2,759,0,0
4016,4016,56,1,single,unknown,2,true,-1,2200,UNKNOWN,2,599,0,0
4017,4017,3,2,single,unknown,2,false,-1,1708,UNKNOWN,2,2227,0,0
4018,4018,3,2,single,unknown,2,false,-1,2833,UNKNOWN,2,772,0,0
4019,4019,52,1,single,unknown,2,true,-1,1650,UNKNOWN,2,3009,0,0
4020,4020,55,1,single,unknown,2,true,-1,2550,UNKNOWN,2,2417,0,0
4021,4021,35,2,single,unknown,2,true,-1,958,UNKNOWN,2,499,0,0
4022,4022,9,2,single,unknown,2,false,-1,2179,UNKNOWN,2,2005,0,0
4023,4023,58,1,single,unknown,2,true,-1,700,UNKNOWN,2,2942,0,0
4024,4024,32,1,single,unknown,2,true,-1,1556,UNKNOWN,2,3217,0,0
4025,4025,38,1,single,unknown,2,true,-1,2278,UNKNOWN,2,3397,0,0
4026,4026,47,1,single,unknown,2,true,-1,1167,UNKNOWN,2,1672,0,0
4027,4027,85,2,single,unknown,2,true,-1,1533,UNKNOWN,2,1578,2,0
4028,4028,97,2,single,unknown,2,true,-1,6100,UNKNOWN,2,652,2,0
4029,4029,64,2,single,unknown,2,true,-1,3400,UNKNOWN,2,1312,0,0
4030,4030,44,1,single,unknown,2,true,-1,3050,UNKNOWN,2,219,0,0
4031,4031,66,2,single,unknown,2,true,-1,1867,UNKNOWN,2,1459,0,0
4032,4032,65,2,single,unknown,2,true,-1,2800,UNKNOWN,2,2670,0,0
4033,4033,5,2,single,unknown,2,false,-1,1333,UNKNOWN,2,568,0,0
4034,4034,58,1,single,unknown,2,true,-1,1200,UNKNOWN,2,811,2,0
4035,4035,62,1,single,unknown,2,true,-1,2200,UNKNOWN,2,920,0,0
4036,4036,4,2,single,unknown,2,false,-1,2833,UNKNOWN,2,919,0,0
4037,4037,13,2,single,unknown,2,false,-1,2346,UNKNOWN,2,1011,0,0
4038,4038,43,1,single,unknown,2,true,-1,1833,UNKNOWN,2,3443,0,0
4039,4039,26,1,single,unknown,2,true,-1,1167,UNKNOWN,2,1268,0,0
4040,4040,38,1,single,unknown,2,true,-1,1952,UNKNOWN,2,1039,0,0
4041,4041,25,1,single,unknown,2,true,-1,1867,UNKNOWN,2,1695,0,0
4042,4042,70,2,single,unknown,2,true,-1,1533,UNKNOWN,2,1869,0,0
4043,4043,21,1,single,unknown,2,true,-1,1200,UNKNOWN,2,90,0,0
4044,4044,5,2,single,unknown,2,false,-1,1952,UNKNOWN,2,2475,0,0
4045,4045,28,1,single,unknown,2,true,-1,1333,UNKNOWN,2,1783,0,0
4046,4046,36,2,single,unknown,2,true,-1,2300,UNKNOWN,2,3460,0,0
4047,4047,62,2,single,unknown,2,true,-1,250,UNKNOWN,2,2771,0,0
4048,4048,15,2,single,unknown,2,false,-1,1435,UNKNOWN,2,2838,0,0
4049,4049,4,2,single,unknown,2,false,-1,1833,UNKNOWN,2,2974,0,0
4050,4050,10,2,single,unknown,2,false,-1,2905,UNKNOWN,2,1863,0,0
4051,4051,54,1,single,unknown,2,true,-1,2278,UNKNOWN,2,1494,0,0
4052,4052,4,2,single,unknown,2,false,-1,2278,UNKNOWN,2,913,0,0
4053,4053,18,1,single,unknown,2,true,-1,1533,UNKNOWN,2,3090,0,0
4054,4054,77,2,single,unknown,2,true,-1,1533,UNKNOWN,2,2316,2,0
4055,4055,63,1,single,unknown,2,true,-1,4067,UNKNOWN,2,2141,0,0
4056,4056,97,2,single,unknown,2,true,-1,2733,UNKNOWN,2,3348,2,0
4057,4057,49,1,single,unknown,2,true,-1,800,UNKNOWN,2,259,0,0
4058,4058,55,1,single,unknown,2,true,-1,3300,UNKNOWN,2,637,0,0
4059,4059,38,1,single,unknown,2,true,-1,2033,UNKNOWN,2,2928,0,0
4060,4060,34,1,single,unknown,2,true,-1,1333,UNKNOWN,2,407,0,0
4061,4061,54,1,single,unknown,2,true,-1,2278,UNKNOWN,2,1865,0,0
4062,4062,23,1,single,unknown,2,true,-1,2733,UNKNOWN,2,1603,0,0
4063,4063,23,2,single,unknown,2,true,-1,2300,UNKNOWN,2,459,0,0
4064,4064,15,2,single,unknown,2,false,-1,2833,UNKNOWN,2,764,0,0
4065,4065,85,2,single,unknown,2,true,-1,2200,UNKNOWN,2,2100,2,0
4066,4066,95,2,single,unknown,2,true,-1,1533,UNKNOWN,2,1681,2,0
4067,4067,3,2,single,unknown,2,false,-1,1278,UNKNOWN,2,2594,0,0
4068,4068,32,2,single,unknown,2,true,-1,2050,UNKNOWN,2,2506,0,0
4069,4069,59,1,single,unknown,2,true,-1,2300,UNKNOWN,2,2061,0,0
4070,4070,15,2,single,unknown,2,false,-1,2217,UNKNOWN,2,914,0,0
4071,4071,22,1,single,unknown,2,true,-1,1167,UNKNOWN,2,1444,0,0
4072,4072,5,2,single,unknown,2,false,-1,1333,UNKNOWN,2,427,0,0
4073,4073,41,1,single,unknown,2,true,-1,923,UNKNOWN,2,1210,0,0
4074,4074,37,1,single,unknown,2,true,-1,2278,UNKNOWN,2,2170,0,0
4075,4075,97,2,single,unknown,2,true,-1,2800,UNKNOWN,2,1786,0,0
4076,4076,79,2,single,unknown,2,true,-1,1167,UNKNOWN,2,43,2,0
4077,4077,91,2,single,unknown,2,true,-1,1533,UNKNOWN,2,330,0,0
4078,4078,57,1,single,unknown,2,true,-1,2800,UNKNOWN,2,2651,0,0
4079,4079,12,2,single,unknown,2,false,-1,2652,UNKNOWN,2,1409,0,0
4080,4080,59,1,single,unknown,2,true,-1,1867,UNKNOWN,2,569,0,0
4081,4081,34,2,single,unknown,2,true,-1,2733,UNKNOWN,2,2584,0,0
4082,4082,39,1,single,unknown,2,true,-1,1650,UNKNOWN,2,96,0,0
4083,4083,22,1,single,unknown,2,true,-1,583,UNKNOWN,2,2683,0,0
4084,4084,43,1,single,unknown,2,true,-1,1952,UNKNOWN,2,1440,0,0
4085,4085,2,2,single,unknown,2,false,-1,972,UNKNOWN,2,2860,2,0
4086,4086,34,1,single,unknown,2,true,-1,958,UNKNOWN,2,3499,0,0
4087,4087,16,2,single,unknown,2,false,-1,933,UNKNOWN,2,187,0,0
4088,4088,21,1,single,unknown,2,true,-1,2652,UNKNOWN,2,2391,0,0
4089,4089,38,2,single,unknown,2,true,-1,1375,UNKNOWN,2,1668,0,0
4090,4090,74,2,single,unknown,2,true,-1,1533,UNKNOWN,2,3128,0,0
4091,4091,60,2,single,unknown,2,true,-1,3050,UNKNOWN,2,291,0,0
4092,4092,99,2,single,unknown,2,true,-1,1200,UNKNOWN,2,1993,2,0
4093,4093,52,1,single,unknown,2,true,-1,2200,UNKNOWN,2,2252,0,0
4094,4094,32,1,single,unknown,2,true,-1,2200,UNKNOWN,2,2538,0,0
4095,4095,72,2,single,unknown,2,true,-1,2200,UNKNOWN,2,472,0,0
4096,4096,7,2,single,unknown,2,false,-1,2833,UNKNOWN,2,2657,0,0
4097,4097,23,2,single,unknown,2,true,-1,920,UNKNOWN,2,2152,0,0
4098,4098,48,1,single,unknown,2,true,-1,1435,UNKNOWN,2,634,0,0
4099,4099,21,1,single,unknown,2,true,-1,700,UNKNOWN,2,329,0,0
4100,4100,35,1,single,unknown,2,true,-1,2278,UNKNOWN,2,2249,0,0
4101,4101,37,1,single,unknown,2,true,-1,2800,UNKNOWN,2,1440,0,0
4102,4102,49,1,single,unknown,2,true,-1,2200,UNKNOWN,2,747,0,0
4103,4103,54,1,single,unknown,2,true,-1,3400,UNKNOWN,2,3262,0,0
4104,4104,4,2,single,unknown,2,false,-1,2905,UNKNOWN,2,354,0,0
4105,4105,52,1,single,unknown,2,true,-1,875,UNKNOWN,2,2238,0,0
4106,4106,75,2,single,unknown,2,true,-1,1200,UNKNOWN,2,709,0,0
4107,4107,80,2,single,unknown,2,true,-1,2200,UNKNOWN,2,3268,2,0
4108,4108,46,2,single,unknown,2,true,-1,1867,UNKNOWN,2,2364,0,0
4109,4109,88,2,single,unknown,2,true,-1,1167,UNKNOWN,2,1183,2,0
4110,4110,44,1,single,unknown,2,true,-1,1783,UNKNOWN,2,1834,0,0
4111,4111,47,2,single,unknown,2,true,-1,4100,UNKNOWN,2,3258,0,0
4112,4112,58,1,single,unknown,2,true,-1,1750,UNKNOWN,2,3032,0,0
4113,4113,22,1,single,unknown,2,true,-1,1200,UNKNOWN,2,1292,0,0
4114,4114,21,1,single,unknown,2,true,-1,6100,UNKNOWN,2,2814,0,0
4115,4115,70,2,single,unknown,2,true,-1,1533,UNKNOWN,2,1394,0,0
4116,4116,12,2,single,unknown,2,false,-1,2040,UNKNOWN,2,884,0,0
4117,4117,91,2,single,unknown,2,true,-1,2300,UNKNOWN,2,2788,0,0
4118,4118,86,2,single,unknown,2,true,-1,4067,UNKNOWN,2,75,2,0
4119,4119,48,1,single,unknown,2,true,-1,700,UNKNOWN,2,1730,0,0
4120,4120,32,1,single,unknown,2,true,-1,2050,UNKNOWN,2,1119,0,0
4121,4121,39,1,single,unknown,2,true,-1,2542,UNKNOWN,2,2935,0,0
4122,4122,11,2,single,unknown,2,false,-1,467,UNKNOWN,2,1399,0,0
4123,4123,32,1,single,unknown,2,true,-1,2200,UNKNOWN,2,1314,0,0
4124,4124,28,1,single,unknown,2,true,-1,1278,UNKNOWN,2,1074,0,0
4125,4125,62,1,single,unknown,2,true,-1,2200,UNKNOWN,2,2544,0,0
4126,4126,17,2,single,unknown,2,false,-1,2429,UNKNOWN,2,2862,0,0
4127,4127,57,1,single,unknown,2,true,-1,1533,UNKNOWN,2,3234,0,0
4128,4128,19,1,single,unknown,2,true,-1,1200,UNKNOWN,2,347,0,0
4129,4129,41,1,single,unknown,2,true,-1,1533,UNKNOWN,2,1992,0,0
4130,4130,26,1,single,unknown,2,true,-1,1200,UNKNOWN,2,2047,0,0
4131,4131,35,1,single,unknown,2,true,-1,2217,UNKNOWN,2,3133,0,0
4132,4132,32,1,single,unknown,2,true,-1,1200,UNKNOWN,2,2152,0,0
4133,4133,38,1,single,unknown,2,true,-1,2300,UNKNOWN,2,2678,0,0
4134,4134,28,1,single,unknown,2,true,-1,1200,UNKNOWN,2,2110,0,0
4135,4135,16,2,single,unknown,2,false,-1,1640,UNKNOWN,2,1126,0,0
4136,4136,42,2,single,unknown,2,true,-1,1750,UNKNOWN,2,3004,0,0
4137,4137,92,2,single,unknown,2,true,-1,1533,UNKNOWN,2,3434,0,0
4138,4138,24,1,single,unknown,2,true,-1,2800,UNKNOWN,2,2024,0,0
4139,4139,49,1,single,unknown,2,true,-1,1200,UNKNOWN,2,2244,0,0
4140,4140,50,2,single,unknown,2,true,-1,1556,UNKNOWN,2,2047,0,0
4141,4141,33,1,single,unknown,2,true,-1,1375,UNKNOWN,2,1754,0,0
4142,4142,33,2,single,unknown,2,true,-1,1750,UNKNOWN,2,1788,0,0
4143,4143,13,2,single,unknown,2,false,-1,2440,UNKNOWN,2,3497,0,0
4144,4144,48,1,single,unknown,2,true,-1,2125,UNKNOWN,2,815,0,0
4145,4145,1,2,single,unknown,2,false,-1,3923,UNKNOWN,2,257,0,0
4146,4146,97,2,single,unknown,2,true,-1,3400,UNKNOWN,2,1144,2,0
4147,4147,42,2,single,unknown,2,true,-1,2733,UNKNOWN,2,2524,0,0
4148,4148,38,1,single,unknown,2,true,-1,467,UNKNOWN,2,1368,2,0
4149,4149,50,1,single,unknown,2,true,-1,4067,UNKNOWN,2,202,0,0
4150,4150,48,1,single,unknown,2,true,-1,2300,UNKNOWN,2,1903,0,0
4151,4151,17,2,single,unknown,2,false,-1,2652,UNKNOWN,2,2171,0,0
4152,4152,88,2,single,unknown,2,true,-1,1867,UNKNOWN,2,3160,0,0
4153,4153,13,2,single,unknown,2,true,-1,2440,UNKNOWN,2,934,0,0
4154,4154,59,2,single,unknown,2,true,-1,2200,UNKNOWN,2,3248,0,0
4155,4155,23,2,single,unknown,2,true,-1,1650,UNKNOWN,2,2268,0,0
4156,4156,78,2,single,unknown,2,true,-1,1867,UNKNOWN,2,2687,2,0
4157,4157,1,2,single,unknown,2,false,-1,1571,UNKNOWN,2,918,0,0
4158,4158,33,1,single,unknown,2,true,-1,2733,UNKNOWN,2,588,0,0
4159,4159,39,2,single,unknown,2,true,-1,2905,UNKNOWN,2,1700,0,0
4160,4160,57,1,single,unknown,2,true,-1,1278,UNKNOWN,2,3159,0,0
4161,4161,54,2,single,unknown,2,true,-1,1533,UNKNOWN,2,1943,0,0
4162,4162,30,1,single,unknown,2,true,-1,1864,UNKNOWN,2,2405,0,0
4163,4163,30,1,single,unknown,2,true,-1,700,UNKNOWN,2,2951,0,0
4164,4164,77,2,single,unknown,2,true,-1,2200,UNKNOWN,2,20,0,0
4165,4165,94,2,single,unknown,2,true,-1,1750,UNKNOWN,2,89,0,0
4166,4166,34,2,single,unknown,2,true,-1,1750,UNKNOWN,2,1037,0,0
4167,4167,13,2,single,unknown,2,false,-1,2652,UNKNOWN,2,259,0,0
4168,4168,58,2,single,unknown,2,true,-1,1533,UNKNOWN,2,2189,0,0
4169,4169,31,1,single,unknown,2,true,-1,2440,UNKNOWN,2,1303,0,0
4170,4170,30,2,single,unknown,2,true,-1,2440,UNKNOWN,2,2445,0,0
4171,4171,98,2,single,unknown,2,true,-1,1867,UNKNOWN,2,166,2,0
4172,4172,61,2,single,unknown,2,true,-1,1650,UNKNOWN,2,1815,0,0
4173,4173,5,2,single,unknown,2,false,-1,625,UNKNOWN,2,197,0,0
4174,4174,37,1,single,unknown,2,true,-1,2300,UNKNOWN,2,2151,0,0
4175,4175,26,1,single,unknown,2,true,-1,2278,UNKNOWN,2,2571,0,0
4176,4176,49,1,single,unknown,2,true,-1,1400,UNKNOWN,2,842,0,0
4177,4177,21,1,single,unknown,2,true,-1,875,UNKNOWN,2,2776,0,0
4178,4178,37,2,single,unknown,2,true,-1,2200,UNKNOWN,2,575,0,0
4179,4179,16,2,single,unknown,2,false,-1,2550,UNKNOWN,2,2997,0,0
4180,4180,81,2,single,unknown,2,true,-1,1167,UNKNOWN,2,733,0,0
4181,4181,47,1,single,unknown,2,true,-1,1750,UNKNOWN,2,3183,0,0
4182,4182,53,1,single,unknown,2,true,-1,875,UNKNOWN,2,1125,0,0
4183,4183,55,1,single,unknown,2,true,-1,2200,UNKNOWN,2,1293,0,0
4184,4184,88,2,single,unknown,2,true,-1,1533,UNKNOWN,2,1722,0,0
4185,4185,18,2,single,unknown,2,true,-1,250,UNKNOWN,2,2363,0,0
4186,4186,22,2,single,unknown,2,true,-1,2440,UNKNOWN,2,1217,0,0
4187,4187,57,1,single,unknown,2,true,-1,4100,UNKNOWN,2,1271,0,0
4188,4188,74,2,single,unknown,2,true,-1,1750,UNKNOWN,2,1700,2,0
4189,4189,71,2,single,unknown,2,true,-1,700,UNKNOWN,2,484,2,0
4190,4190,59,1,single,unknown,2,true,-1,4067,UNKNOWN,2,2391,0,0
4191,4191,91,2,single,unknown,2,true,-1,2200,UNKNOWN,2,2255,2,0
4192,4192,34,1,single,unknown,2,true,-1,700,UNKNOWN,2,2370,2,0
4193,4193,7,2,single,unknown,2,false,-1,1571,UNKNOWN,2,779,0,0
4194,4194,37,1,single,unknown,2,true,-1,2429,UNKNOWN,2,1419,0,0
4195,4195,43,2,single,unknown,2,true,-1,5100,UNKNOWN,2,517,0,0
4196,4196,24,1,single,unknown,2,true,-1,920,UNKNOWN,2,1469,0,0
4197,4197,31,1,single,unknown,2,true,-1,1333,UNKNOWN,2,2532,0,0
4198,4198,62,1,single,unknown,2,true,-1,700,UNKNOWN,2,686,0,0
4199,4199,11,2,single,unknown,2,false,-1,1968,UNKNOWN,2,213,0,0
4200,4200,25,1,single,unknown,2,true,-1,2200,UNKNOWN,2,221,0,0
4201,4201,64,1,single,unknown,2,true,-1,3400,UNKNOWN,2,1669,0,0
4202,4202,90,2,single,unknown,2,true,-1,2733,UNKNOWN,2,35,2,0
4203,4203,35,1,single,unknown,2,true,-1,1217,UNKNOWN,2,2611,0,0
4204,4204,77,2,single,unknown,2,true,-1,1150,UNKNOWN,2,3292,0,0
4205,4205,1,2,single,unknown,2,false,-1,1952,UNKNOWN,2,710,0,0
4206,4206,53,1,single,unknown,2,true,-1,2429,UNKNOWN,2,2116,0,0
4207,4207,44,1,single,unknown,2,true,-1,1533,UNKNOWN,2,1800,0,0
4208,4208,7,2,single,unknown,2,false,-1,2429,UNKNOWN,2,2681,0,0
4209,4209,35,1,single,unknown,2,true,-1,3400,UNKNOWN,2,3457,0,0
4210,4210,60,1,single,unknown,2,true,-1,1750,UNKNOWN,2,2992,2,0
4211,4211,16,2,single,unknown,2,false,-1,3389,UNKNOWN,2,630,0,0
4212,4212,88,2,single,unknown,2,true,-1,800,UNKNOWN,2,2269,0,0
4213,4213,30,1,single,unknown,2,true,-1,3389,UNKNOWN,2,1834,0,0
4214,4214,55,2,single,unknown,2,true,-1,1867,UNKNOWN,2,1842,0,0
4215,4215,33,1,single,unknown,2,true,-1,1952,UNKNOWN,2,1509,0,0
4216,4216,14,2,single,unknown,2,false,-1,958,UNKNOWN,2,1004,0,0
4217,4217,64,1,single,unknown,2,true,-1,1200,UNKNOWN,2,1939,0,0
4218,4218,36,2,single,unknown,2,true,-1,1952,UNKNOWN,2,29,0,0
4219,4219,74,2,single,unknown,2,true,-1,6100,UNKNOWN,2,1834,2,0
4220,4220,77,2,single,unknown,2,true,-1,1533,UNKNOWN,2,2368,0,0
4221,4221,54,1,single,unknown,2,true,-1,1750,UNKNOWN,2,1157,0,0
4222,4222,42,1,single,unknown,2,true,-1,2542,UNKNOWN,2,2644,0,0
4223,4223,42,1,single,unknown,2,true,-1,2733,UNKNOWN,2,1034,0,0
4224,4224,30,2,single,unknown,2,true,-1,1750,UNKNOWN,2,3286,0,0
4225,4225,21,1,single,unknown,2,true,-1,1435,UNKNOWN,2,3078,0,0
4226,4226,14,2,single,unknown,2,false,-1,2550,UNKNOWN,2,385,0,0
4227,4227,52,1,single,unknown,2,true,-1,2733,UNKNOWN,2,1708,0,0
4228,4228,60,1,single,unknown,2,true,-1,700,UNKNOWN,2,2966,0,0
4229,4229,30,2,single,unknown,2,true,-1,1750,UNKNOWN,2,1684,0,0
4230,4230,36,1,single,unknown,2,true,-1,2300,UNKNOWN,2,2005,0,0
4231,4231,92,2,single,unknown,2,true,-1,1167,UNKNOWN,2,245,0,0
4232,4232,34,1,single,unknown,2,true,-1,1346,UNKNOWN,2,1163,0,0
4233,4233,45,1,single,unknown,2,true,-1,2179,UNKNOWN,2,1592,0,0
4234,4234,67,2,single,unknown,2,true,-1,1750,UNKNOWN,2,2482,0,0
4235,4235,57,2,single,unknown,2,true,-1,2200,UNKNOWN,2,1901,0,0
4236,4236,60,1,single,unknown,2,true,-1,250,UNKNOWN,2,1743,2,0
4237,4237,62,2,single,unknown,2,true,-1,700,UNKNOWN,2,152,0,0
4238,4238,59,2,single,unknown,2,true,-1,2200,UNKNOWN,2,2194,0,0
4239,4239,45,1,single,unknown,2,true,-1,1769,UNKNOWN,2,167,0,0
4240,4240,70,2,single,unknown,2,true,-1,2800,UNKNOWN,2,1379,0,0
4241,4241,60,1,single,unknown,2,true,-1,3300,UNKNOWN,2,2627,0,0
4242,4242,78,2,single,unknown,2,true,-1,1533,UNKNOWN,2,104,0,0
4243,4243,93,2,single,unknown,2,true,-1,2300,UNKNOWN,2,121,0,0
4244,4244,18,1,single,unknown,2,true,-1,700,UNKNOWN,2,884,0,0
4245,4245,10,2,single,unknown,2,false,-1,1708,UNKNOWN,2,1691,0,0
4246,4246,18,1,single,unknown,2,true,-1,1533,UNKNOWN,2,1393,0,0
4247,4247,60,1,single,unknown,2,true,-1,2300,UNKNOWN,2,1286,0,0
4248,4248,94,2,single,unknown,2,true,-1,1533,UNKNOWN,2,2220,0,0
4249,4249,36,1,single,unknown,2,true,-1,700,UNKNOWN,2,973,0,0
4250,4250,93,2,single,unknown,2,true,-1,2800,UNKNOWN,2,133,0,0
4251,4251,86,2,single,unknown,2,true,-1,249,UNKNOWN,2,2869,0,0
4252,4252,35,1,single,unknown,2,true,-1,3389,UNKNOWN,2,2371,0,0
4253,4253,54,2,single,unknown,2,true,-1,2300,UNKNOWN,2,3097,0,0
4254,4254,28,2,single,unknown,2,true,-1,4067,UNKNOWN,2,1183,0,0
4255,4255,38,1,single,unknown,2,true,-1,1200,UNKNOWN,2,450,0,0
4256,4256,37,1,single,unknown,2,true,-1,4067,UNKNOWN,2,1900,0,0
4257,4257,69,2,single,unknown,2,true,-1,2200,UNKNOWN,2,697,0,0
4258,4258,44,1,single,unknown,2,true,-1,1200,UNKNOWN,2,2915,0,0
4259,4259,24,1,single,unknown,2,true,-1,1867,UNKNOWN,2,2169,0,0
4260,4260,89,2,single,unknown,2,true,-1,1167,UNKNOWN,2,2831,0,0
4261,4261,51,2,single,unknown,2,true,-1,1533,UNKNOWN,2,3447,0,0
4262,4262,97,2,single,unknown,2,true,-1,4100,UNKNOWN,2,3352,0,0
4263,4263,95,2,single,unknown,2,true,-1,3400,UNKNOWN,2,1311,0,0
4264,4264,33,1,single,unknown,2,true,-1,1200,UNKNOWN,2,2789,0,0
4265,4265,21,1,single,unknown,2,true,-1,1167,UNKNOWN,2,1976,0,0
4266,4266,16,2,single,unknown,2,false,-1,1167,UNKNOWN,2,2015,0,0
4267,4267,50,1,single,unknown,2,true,-1,1200,UNKNOWN,2,1673,0,0
4268,4268,30,1,single,unknown,2,true,-1,2300,UNKNOWN,2,2460,0,0
4269,4269,67,2,single,unknown,2,true,-1,2200,UNKNOWN,2,844,0,0
4270,4270,21,2,single,unknown,2,true,-1,6100,UNKNOWN,2,2823,0,0
4271,4271,1,2,single,unknown,2,false,-1,1095,UNKNOWN,2,425,0,0
4272,4272,29,1,single,unknown,2,true,-1,2800,UNKNOWN,2,2750,0,0
4273,4273,55,1,single,unknown,2,true,-1,700,UNKNOWN,2,2468,0,0
4274,4274,96,2,single,unknown,2,true,-1,1750,UNKNOWN,2,2401,2,0
4275,4275,19,1,single,unknown,2,true,-1,1167,UNKNOWN,2,3016,0,0
4276,4276,31,2,single,unknown,2,true,-1,1833,UNKNOWN,2,1933,0,0
4277,4277,62,1,single,unknown,2,true,-1,2200,UNKNOWN,2,3202,0,0
4278,4278,57,2,single,unknown,2,true,-1,3300,UNKNOWN,2,2188,0,0
4279,4279,12,2,single,unknown,2,false,-1,1640,UNKNOWN,2,2038,0,0
4280,4280,54,1,single,unknown,2,true,-1,1867,UNKNOWN,2,3117,0,0
4281,4281,21,1,single,unknown,2,true,-1,4067,UNKNOWN,2,1079,0,0
4282,4282,52,1,single,unknown,2,true,-1,3400,UNKNOWN,2,1659,0,0
4283,4283,56,1,single,unknown,2,true,-1,2733,UNKNOWN,2,599,0,0
4284,4284,6,2,single,unknown,2,false,-1,3389,UNKNOWN,2,57,0,0
4285,4285,43,1,single,unknown,2,true,-1,1556,UNKNOWN,2,3153,0,0
4286,4286,67,2,single,unknown,2,true,-1,1867,UNKNOWN,2,2672,2,0
4287,4287,62,1,single,unknown,2,true,-1,1150,UNKNOWN,2,1867,0,0
4288,4288,35,1,single,unknown,2,true,-1,1278,UNKNOWN,2,1176,0,0
4289,4289,25,1,single,unknown,2,true,-1,2733,UNKNOWN,2,1464,0,0
4290,4290,96,2,single,unknown,2,true,-1,1167,UNKNOWN,2,1869,2,0
4291,4291,47,1,single,unknown,2,true,-1,1571,UNKNOWN,2,2022,0,0
4292,4292,32,1,single,unknown,2,true,-1,1952,UNKNOWN,2,3320,0,0
4293,4293,95,2,single,unknown,2,true,-1,2300,UNKNOWN,2,2163,2,0
4294,4294,66,2,single,unknown,2,true,-1,1533,UNKNOWN,2,2541,0,0
4295,4295,2,2,single,unknown,2,false,-1,2905,UNKNOWN,2,1262,0,0
4296,4296,95,2,single,unknown,2,true,-1,1533,UNKNOWN,2,858,2,0
4297,4297,34,2,single,unknown,2,true,-1,4067,UNKNOWN,2,3008,0,0
4298,4298,42,1,single,unknown,2,true,-1,1750,UNKNOWN,2,480,0,0
4299,4299,10,2,single,unknown,2,false,-1,1278,UNKNOWN,2,1924,0,0
4300,4300,23,1,single,unknown,2,true,-1,2300,UNKNOWN,2,162,0,0
4301,4301,48,1,single,unknown,2,true,-1,2800,UNKNOWN,2,336,0,0
4302,4302,53,1,single,unknown,2,true,-1,3400,UNKNOWN,2,2524,0,0
4303,4303,42,2,single,unknown,2,true,-1,1833,UNKNOWN,2,2373,0,0
4304,4304,25,1,single,unknown,2,true,-1,1200,UNKNOWN,2,1052,0,0
4305,4305,60,2,single,unknown,2,true,-1,4100,UNKNOWN,2,1318,0,0
4306,4306,51,1,single,unknown,2,true,-1,2550,UNKNOWN,2,2345,0,0
4307,4307,18,1,single,unknown,2,true,-1,1200,UNKNOWN,2,85,0,0
4308,4308,36,2,single,unknown,2,true,-1,1952,UNKNOWN,2,524,0,0
4309,4309,86,2,single,unknown,2,true,-1,3300,UNKNOWN,2,3140,2,0
4310,4310,21,1,single,unknown,2,true,-1,3050,UNKNOWN,2,2960,0,0
4311,4311,55,2,single,unknown,2,true,-1,3400,UNKNOWN,2,3005,0,0
4312,4312,74,2,single,unknown,2,true,-1,3400,UNKNOWN,2,1738,2,0
4313,4313,18,1,single,unknown,2,true,-1,2033,UNKNOWN,2,2411,2,0
4314,4314,40,1,single,unknown,2,true,-1,2905,UNKNOWN,2,517,0,0
4315,4315,42,1,single,unknown,2,true,-1,1750,UNKNOWN,2,2278,0,0
4316,4316,25,2,single,unknown,2,true,-1,2440,UNKNOWN,2,3055,0,0
4317,4317,46,1,single,unknown,2,true,-1,2733,UNKNOWN,2,1824,0,0
4318,4318,55,1,single,unknown,2,true,-1,4067,UNKNOWN,2,1166,0,0
4319,4319,38,1,single,unknown,2,true,-1,4100,UNKNOWN,2,1679,0,0
4320,4320,41,1,single,unknown,2,true,-1,1750,UNKNOWN,2,2557,2,0
4321,4321,63,1,single,unknown,2,true,-1,2800,UNKNOWN,2,3406,0,0
4322,4322,20,1,single,unknown,2,true,-1,2200,UNKNOWN,2,256,0,0
4323,4323,24,2,single,unknown,2,true,-1,3050,UNKNOWN,2,161,0,0
4324,4324,57,1,single,unknown,2,true,-1,2733,UNKNOWN,2,2930,0,0
4325,4325,41,1,single,unknown,2,true,-1,2905,UNKNOWN,2,2624,0,0
4326,4326,61,1,single,unknown,2,true,-1,1200,UNKNOWN,2,3416,0,0
4327,4327,58,1,single,unknown,2,true,-1,1650,UNKNOWN,2,755,0,0
4328,4328,32,2,single,unknown,2,true,-1,1200,UNKNOWN,2,1841,0,0
4329,4329,24,2,single,unknown,2,true,-1,1464,UNKNOWN,2,221,0,0
4330,4330,61,1,single,unknown,2,true,-1,800,UNKNOWN,2,2491,0,0
4331,4331,23,2,single,unknown,2,true,-1,2733,UNKNOWN,2,1404,0,0
4332,4332,65,2,single,unknown,2,true,-1,700,UNKNOWN,2,1045,0,0
4333,4333,38,1,single,unknown,2,true,-1,1750,UNKNOWN,2,3190,0,0
4334,4334,29,1,single,unknown,2,true,-1,2300,UNKNOWN,2,2284,2,0
4335,4335,21,1,single,unknown,2,true,-1,4100,UNKNOWN,2,2231,0,0
4336,4336,25,1,single,unknown,2,true,-1,1200,UNKNOWN,2,718,0,0
4337,4337,46,2,single,unknown,2,true,-1,1533,UNKNOWN,2,1302,0,0
4338,4338,44,2,single,unknown,2,true,-1,700,UNKNOWN,2,1351,0,0
4339,4339,55,1,single,unknown,2,true,-1,1400,UNKNOWN,2,274,0,0
4340,4340,51,2,single,unknown,2,true,-1,2733,UNKNOWN,2,2362,0,0
4341,4341,16,2,single,unknown,2,false,-1,1095,UNKNOWN,2,2344,0,0
4342,4342,47,1,single,unknown,2,true,-1,700,UNKNOWN,2,340,0,0
4343,4343,31,1,single,unknown,2,true,-1,2300,UNKNOWN,2,2892,0,0
4344,4344,36,1,single,unknown,2,true,-1,2905,UNKNOWN,2,2061,0,0
4345,4345,33,1,single,unknown,2,true,-1,2300,UNKNOWN,2,778,0,0
4346,4346,8,2,single,unknown,2,false,-1,1375,UNKNOWN,2,3197,0,0
4347,4347,57,1,single,unknown,2,true,-1,6100,UNKNOWN,2,1289,0,0
4348,4348,85,2,single,unknown,2,true,-1,1533,UNKNOWN,2,3057,0,0
4349,4349,19,1,single,unknown,2,true,-1,1533,UNKNOWN,2,1622,0,0
4350,4350,43,1,single,unknown,2,true,-1,1077,UNKNOWN,2,2365,0,0
4351,4351,94,2,single,unknown,2,true,-1,2300,UNKNOWN,2,921,0,0
4352,4352,32,1,single,unknown,2,true,-1,2733,UNKNOWN,2,2689,0,0
4353,4353,24,2,single,unknown,2,true,-1,1000,UNKNOWN,2,2785,0,0
4354,4354,51,1,single,unknown,2,true,-1,1750,UNKNOWN,2,2718,0,0
4355,4355,52,2,single,unknown,2,true,-1,250,UNKNOWN,2,2636,2,0
4356,4356,26,1,single,unknown,2,true,-1,1750,UNKNOWN,2,1821,0,0
4357,4357,47,1,single,unknown,2,true,-1,5100,UNKNOWN,2,2592,0,0
4358,4358,7,2,single,unknown,2,false,-1,972,UNKNOWN,2,258,0,0
4359,4359,17,2,single,unknown,2,false,-1,600,UNKNOWN,2,3025,0,0
4360,4360,32,2,single,unknown,2,true,-1,2800,UNKNOWN,2,2287,0,0
4361,4361,34,1,single,unknown,2,true,-1,1556,UNKNOWN,2,2067,0,0
4362,4362,21,1,single,unknown,2,true,-1,2200,UNKNOWN,2,1026,0,0
4363,4363,3,2,single,unknown,2,false,-1,2125,UNKNOWN,2,2594,0,0
4364,4364,52,1,single,unknown,2,true,-1,2050,UNKNOWN,2,3490,0,0
4365,4365,55,2,single,unknown,2,true,-1,2300,UNKNOWN,2,1506,0,0
4366,4366,76,2,single,unknown,2,true,-1,4100,UNKNOWN,2,772,0,0
4367,4367,49,1,single,unknown,2,true,-1,1200,UNKNOWN,2,2469,0,0
4368,4368,36,1,single,unknown,2,true,-1,1200,UNKNOWN,2,3125,0,0
4369,4369,64,1,single,unknown,2,true,-1,1650,UNKNOWN,2,796,0,0
4370,4370,31,1,single,unknown,2,true,-1,3400,UNKNOWN,2,431,0,0
4371,4371,51,1,single,unknown,2,true,-1,1435,UNKNOWN,2,2473,0,0
4372,4372,58,1,single,unknown,2,true,-1,1533,UNKNOWN,2,622,0,0
4373,4373,39,1,single,unknown,2,true,-1,4067,UNKNOWN,2,1434,0,0
4374,4374,55,1,single,unknown,2,true,-1,3400,UNKNOWN,2,2469,0,0
4375,4375,3,2,single,unknown,2,false,-1,2429,UNKNOWN,2,1586,0,0
4376,4376,5,2,single,unknown,2,false,-1,1952,UNKNOWN,2,1252,0,0
4377,4377,19,1,single,unknown,2,true,-1,1200,UNKNOWN,2,1308,0,0
4378,4378,4,2,single,unknown,2,false,-1,2429,UNKNOWN,2,1181,0,0
4379,4379,50,1,single,unknown,2,true,-1,4067,UNKNOWN,2,2372,0,0
4380,4380,72,2,single,unknown,2,true,-1,1750,UNKNOWN,2,2766,0,0
4381,4381,78,2,single,unknown,2,true,-1,2300,UNKNOWN,2,247,2,0
4382,4382,62,1,single,unknown,2,true,-1,4067,UNKNOWN,2,1455,0,0
4383,4383,52,1,single,unknown,2,true,-1,2217,UNKNOWN,2,2931,0,0
4384,4384,55,1,single,unknown,2,true,-1,1750,UNKNOWN,2,1575,2,0
4385,4385,2,2,single,unknown,2,false,-1,1333,UNKNOWN,2,2043,0,0
4386,4386,45,1,single,unknown,2,true,-1,6100,UNKNOWN,2,2217,0,0
4387,4387,30,1,single,unknown,2,true,-1,1200,UNKNOWN,2,497,0,0
4388,4388,10,2,single,unknown,2,false,-1,1095,UNKNOWN,2,15,0,0
4389,4389,78,2,single,unknown,2,true,-1,800,UNKNOWN,2,2685,0,0
4390,4390,26,1,single,unknown,2,true,-1,1200,UNKNOWN,2,1891,0,0
4391,4391,51,1,single,unknown,2,true,-1,2429,UNKNOWN,2,3469,0,0
4392,4392,53,1,single,unknown,2,true,-1,2733,UNKNOWN,2,1129,0,0
4393,4393,27,2,single,unknown,2,true,-1,1167,UNKNOWN,2,2614,0,0
4394,4394,34,1,single,unknown,2,true,-1,1750,UNKNOWN,2,159,0,0
4395,4395,52,2,single,unknown,2,true,-1,1750,UNKNOWN,2,1579,0,0
4396,4396,41,1,single,unknown,2,true,-1,4067,UNKNOWN,2,3064,0,0
4397,4397,2,2,single,unknown,2,false,-1,2278,UNKNOWN,2,1382,0,0
4398,4398,77,2,single,unknown,2,true,-1,1533,UNKNOWN,2,2788,0,0
4399,4399,50,2,single,unknown,2,true,-1,2278,UNKNOWN,2,756,0,0
4400,4400,77,2,single,unknown,2,true,-1,1867,UNKNOWN,2,3347,0,0
4401,4401,31,1,single,unknown,2,true,-1,1533,UNKNOWN,2,2099,0,0
4402,4402,62,1,single,unknown,2,true,-1,1200,UNKNOWN,2,1470,0,0
4403,4403,64,1,single,unknown,2,true,-1,3300,UNKNOWN,2,268,0,0
4404,4404,13,2,single,unknown,2,false,-1,2440,UNKNOWN,2,424,0,0
4405,4405,33,2,single,unknown,2,true,-1,2300,UNKNOWN,2,2855,0,0
4406,4406,98,2,single,unknown,2,true,-1,1750,UNKNOWN,2,1199,0,0
4407,4407,16,2,single,unknown,2,false,-1,249,UNKNOWN,2,1556,0,0
4408,4408,35,1,single,unknown,2,true,-1,667,UNKNOWN,2,1604,0,0
4409,4409,34,1,single,unknown,2,true,-1,1571,UNKNOWN,2,1368,0,0
4410,4410,75,2,single,unknown,2,true,-1,2200,UNKNOWN,2,2648,0,0
4411,4411,20,1,single,unknown,2,true,-1,467,UNKNOWN,2,1235,0,0
4412,4412,63,1,single,unknown,2,true,-1,1200,UNKNOWN,2,2110,0,0
4413,4413,52,1,single,unknown,2,true,-1,1200,UNKNOWN,2,328,2,0
4414,4414,43,1,single,unknown,2,true,-1,1200,UNKNOWN,2,1946,0,0
4415,4415,13,2,single,unknown,2,false,-1,700,UNKNOWN,2,3277,0,0
4416,4416,14,2,single,unknown,2,false,-1,2278,UNKNOWN,2,1766,0,0
4417,4417,24,1,single,unknown,2,true,-1,1556,UNKNOWN,2,9,0,0
4418,4418,84,2,single,unknown,2,true,-1,3300,UNKNOWN,2,480,2,0
4419,4419,78,2,single,unknown,2,true,-1,1867,UNKNOWN,2,2506,2,0
4420,4420,47,2,single,unknown,2,true,-1,1889,UNKNOWN,2,1723,0,0
4421,4421,60,1,single,unknown,2,true,-1,2300,UNKNOWN,2,126,0,0
4422,4422,65,2,single,unknown,2,true,-1,1200,UNKNOWN,2,1947,0,0
4423,4423,17,2,single,unknown,2,false,-1,2050,UNKNOWN,2,2794,0,0
4424,4424,41,2,single,unknown,2,true,-1,1278,UNKNOWN,2,3405,0,0
4425,4425,29,1,single,unknown,2,true,-1,1533,UNKNOWN,2,2053,0,0
4426,4426,64,1,single,unknown,2,true,-1,2800,UNKNOWN,2,1201,0,0
4427,4427,78,2,single,unknown,2,true,-1,2200,UNKNOWN,2,3201,0,0
4428,4428,92,2,single,unknown,2,true,-1,700,UNKNOWN,2,1687,0,0
4429,4429,70,2,single,unknown,2,true,-1,2300,UNKNOWN,2,3100,0,0
4430,4430,68,2,single,unknown,2,true,-1,3400,UNKNOWN,2,371,0,0
4431,4431,42,1,single,unknown,2,true,-1,1333,UNKNOWN,2,1678,0,0
4432,4432,41,1,single,unknown,2,true,-1,2200,UNKNOWN,2,3337,0,0
4433,4433,32,1,single,unknown,2,true,-1,1200,UNKNOWN,2,2248,0,0
4434,4434,17,2,single,unknown,2,false,-1,2652,UNKNOWN,2,1002,0,0
4435,4435,47,1,single,unknown,2,true,-1,3400,UNKNOWN,2,2341,2,0
4436,4436,19,1,single,unknown,2,true,-1,700,UNKNOWN,2,465,0,0
4437,4437,58,2,single,unknown,2,true,-1,1200,UNKNOWN,2,609,0,0
4438,4438,12,2,single,unknown,2,false,-1,1759,UNKNOWN,2,973,0,0
4439,4439,46,1,single,unknown,2,true,-1,4067,UNKNOWN,2,806,0,0
4440,4440,69,2,single,unknown,2,true,-1,800,UNKNOWN,2,3053,2,0
4441,4441,26,1,single,unknown,2,true,-1,1167,UNKNOWN,2,3288,0,0
4442,4442,26,1,single,unknown,2,true,-1,1400,UNKNOWN,2,990,0,0
4443,4443,30,1,single,unknown,2,true,-1,2300,UNKNOWN,2,378,0,0
4444,4444,27,1,single,unknown,2,true,-1,2278,UNKNOWN,2,1617,0,0
4445,4445,38,2,single,unknown,2,true,-1,2800,UNKNOWN,2,160,0,0
4446,4446,41,1,single,unknown,2,true,-1,2200,UNKNOWN,2,2406,0,0
4447,4447,56,2,single,unknown,2,true,-1,3050,UNKNOWN,2,2744,0,0
4448,4448,65,2,single,unknown,2,true,-1,800,UNKNOWN,2,2344,0,0
4449,4449,55,1,single,unknown,2,true,-1,1750,UNKNOWN,2,1034,0,0
4450,4450,47,1,single,unknown,2,true,-1,3400,UNKNOWN,2,91,0,0
4451,4451,5,2,single,unknown,2,false,-1,2905,UNKNOWN,2,2401,0,0
4452,4452,60,1,single,unknown,2,true,-1,1533,UNKNOWN,2,134,0,0
4453,4453,3,2,single,unknown,2,false,-1,2278,UNKNOWN,2,2864,0,0
4454,4454,41,1,single,unknown,2,true,-1,1750,UNKNOWN,2,2921,0,0
4455,4455,31,1,single,unknown,2,true,-1,2429,UNKNOWN,2,513,0,0
4456,4456,49,1,single,unknown,2,true,-1,429,UNKNOWN,2,1508,0,0
4457,4457,35,1,single,unknown,2,true,-1,1952,UNKNOWN,2,1441,0,0
4458,4458,57,1,single,unknown,2,true,-1,1867,UNKNOWN,2,989,2,0
4459,4459,74,2,single,unknown,2,true,-1,4067,UNKNOWN,2,1162,2,0
4460,4460,27,1,single,unknown,2,true,-1,2300,UNKNOWN,2,2500,0,0
4461,4461,52,2,single,unknown,2,true,-1,2833,UNKNOWN,2,2727,0,0
4462,4462,35,1,single,unknown,2,true,-1,1281,UNKNOWN,2,1782,0,0
4463,4463,59,2,single,unknown,2,true,-1,1200,UNKNOWN,2,2271,0,0
4464,4464,67,2,single,unknown,2,true,-1,4100,UNKNOWN,2,359,0,0
4465,4465,13,2,single,unknown,2,false,-1,3389,UNKNOWN,2,3199,0,0
4466,4466,32,1,single,unknown,2,true,-1,2278,UNKNOWN,2,3245,0,0
4467,4467,58,1,single,unknown,2,true,-1,4067,UNKNOWN,2,818,0,0
4468,4468,22,1,single,unknown,2,true,-1,800,UNKNOWN,2,2672,0,0
4469,4469,35,1,single,unknown,2,true,-1,2200,UNKNOWN,2,254,0,0
4470,4470,42,1,single,unknown,2,true,-1,2278,UNKNOWN,2,917,0,0
4471,4471,53,1,single,unknown,2,true,-1,2300,UNKNOWN,2,1879,0,0
4472,4472,52,1,single,unknown,2,true,-1,2652,UNKNOWN,2,3055,0,0
4473,4473,46,1,single,unknown,2,true,-1,2179,UNKNOWN,2,494,0,0
4474,4474,4,2,single,unknown,2,false,-1,1708,UNKNOWN,2,3371,0,0
4475,4475,33,1,single,unknown,2,true,-1,1200,UNKNOWN,2,305,0,0
4476,4476,20,1,single,unknown,2,true,-1,1783,UNKNOWN,2,3373,0,0
4477,4477,62,1,single,unknown,2,true,-1,2733,UNKNOWN,2,1863,0,0
4478,4478,80,2,single,unknown,2,true,-1,1200,UNKNOWN,2,637,2,0
4479,4479,1,2,single,unknown,2,false,-1,2905,UNKNOWN,2,3196,0,0
4480,4480,54,1,single,unknown,2,true,-1,700,UNKNOWN,2,2551,0,0
4481,4481,53,1,single,unknown,2,true,-1,1750,UNKNOWN,2,3160,0,0
4482,4482,97,2,single,unknown,2,true,-1,1750,UNKNOWN,2,1130,2,0
4483,4483,2,2,single,unknown,2,false,-1,1375,UNKNOWN,2,2157,0,0
4484,4484,45,1,single,unknown,2,true,-1,4067,UNKNOWN,2,882,0,0
4485,4485,38,2,single,unknown,2,true,-1,1150,UNKNOWN,2,3246,0,0
4486,4486,97,2,single,unknown,2,true,-1,1167,UNKNOWN,2,1330,0,0
4487,4487,55,2,single,unknown,2,true,-1,1533,UNKNOWN,2,1321,0,0
4488,4488,2,2,single,unknown,2,false,-1,1556,UNKNOWN,2,2138,0,0
4489,4489,52,2,single,unknown,2,true,-1,1167,UNKNOWN,2,3250,0,0
4490,4490,92,2,single,unknown,2,true,-1,1867,UNKNOWN,2,3073,2,0
4491,4491,18,1,single,unknown,2,true,-1,2050,UNKNOWN,2,2504,2,0
4492,4492,1,2,single,unknown,2,false,-1,750,UNKNOWN,2,1130,0,0
4493,4493,43,1,single,unknown,2,true,-1,2429,UNKNOWN,2,132,0,0
4494,4494,55,1,single,unknown,2,true,-1,2200,UNKNOWN,2,969,0,0
4495,4495,66,2,single,unknown,2,true,-1,1867,UNKNOWN,2,2019,0,0
4496,4496,17,2,single,unknown,2,false,-1,1577,UNKNOWN,2,548,0,0
4497,4497,58,1,single,unknown,2,true,-1,2200,UNKNOWN,2,2780,2,0
4498,4498,17,2,single,unknown,2,false,-1,1333,UNKNOWN,2,2346,0,0
4499,4499,94,2,single,unknown,2,true,-1,1200,UNKNOWN,2,6,0,0
4500,4500,21,1,single,unknown,2,true,-1,250,UNKNOWN,2,2002,0,0
4501,4501,32,1,single,unknown,2,true,-1,1200,UNKNOWN,2,286,0,0
4502,4502,81,2,single,unknown,2,true,-1,3300,UNKNOWN,2,1428,2,0
4503,4503,46,1,single,unknown,2,true,-1,1000,UNKNOWN,2,2199,0,0
4504,4504,24,1,single,unknown,2,true,-1,1640,UNKNOWN,2,3162,0,0
4505,4505,41,1,single,unknown,2,true,-1,1571,UNKNOWN,2,3103,0,0
4506,4506,42,1,single,unknown,2,true,-1,1200,UNKNOWN,2,2144,0,0
4507,4507,45,1,single,unknown,2,true,-1,3050,UNKNOWN,2,3300,0,0
4508,4508,23,1,single,unknown,2,true,-1,2733,UNKNOWN,2,1319,0,0
4509,4509,40,1,single,unknown,2,true,-1,1952,UNKNOWN,2,2150,0,0
4510,4510,64,1,single,unknown,2,true,-1,6100,UNKNOWN,2,3285,0,0
4511,4511,30,2,single,unknown,2,true,-1,1167,UNKNOWN,2,2492,0,0
4512,4512,85,2,single,unknown,2,true,-1,1200,UNKNOWN,2,1561,0,0
4513,4513,51,1,single,unknown,2,true,-1,1200,UNKNOWN,2,3237,0,0
4514,4514,78,2,single,unknown,2,true,-1,4100,UNKNOWN,2,558,0,0
4515,4515,36,1,single,unknown,2,true,-1,1952,UNKNOWN,2,1777,0,0
4516,4516,30,2,single,unknown,2,true,-1,1708,UNKNOWN,2,1199,0,0
4517,4517,6,2,single,unknown,2,false,-1,1769,UNKNOWN,2,631,0,0
4518,4518,69,2,single,unknown,2,true,-1,1533,UNKNOWN,2,2826,0,0
4519,4519,36,1,single,unknown,2,true,-1,1952,UNKNOWN,2,967,0,0
4520,4520,36,1,single,unknown,2,true,-1,2429,UNKNOWN,2,2963,0,0
4521,4521,25,1,single,unknown,2,true,-1,1400,UNKNOWN,2,2132,0,0
4522,4522,31,1,single,unknown,2,true,-1,2278,UNKNOWN,2,2735,0,0
4523,4523,40,2,single,unknown,2,true,-1,958,UNKNOWN,2,3045,0,0
4524,4524,51,2,single,unknown,2,true,-1,1120,UNKNOWN,2,1926,0,0
4525,4525,72,2,single,unknown,2,true,-1,800,UNKNOWN,2,997,0,0
4526,4526,88,2,single,unknown,2,true,-1,1533,UNKNOWN,2,295,2,0
4527,4527,61,2,single,unknown,2,true,-1,1533,UNKNOWN,2,680,0,0
4528,4528,12,2,single,unknown,2,false,-1,2346,UNKNOWN,2,3106,0,0
4529,4529,35,1,single,unknown,2,true,-1,1952,UNKNOWN,2,3127,0,0
4530,4530,99,2,single,unknown,2,true,-1,2300,UNKNOWN,2,1777,2,0
4531,4531,34,1,single,unknown,2,true,-1,2278,UNKNOWN,2,832,0,0
4532,4532,54,1,single,unknown,2,true,-1,2905,UNKNOWN,2,3314,0,0
4533,4533,57,1,single,unknown,2,true,-1,1200,UNKNOWN,2,191,0,0
4534,4534,2,2,single,unknown,2,false,-1,2429,UNKNOWN,2,3341,0,0
4535,4535,92,2,single,unknown,2,true,-1,2800,UNKNOWN,2,1035,0,0
4536,4536,27,2,single,unknown,2,true,-1,2200,UNKNOWN,2,2806,0,0
4537,4537,26,1,single,unknown,2,true,-1,1200,UNKNOWN,2,2111,0,0
4538,4538,65,2,single,unknown,2,true,-1,1200,UNKNOWN,2,2628,0,0
4539,4539,67,2,single,unknown,2,true,-1,1867,UNKNOWN,2,2055,0,0
4540,4540,55,1,single,unknown,2,true,-1,3300,UNKNOWN,2,3201,0,0
4541,4541,15,2,single,unknown,2,true,-1,3050,UNKNOWN,2,691,0,0
4542,4542,17,2,single,unknown,2,false,-1,1640,UNKNOWN,2,2967,0,0
4543,4543,53,1,single,unknown,2,true,-1,2833,UNKNOWN,2,649,0,0
4544,4544,46,1,single,unknown,2,true,-1,2542,UNKNOWN,2,2964,0,0
4545,4545,32,1,single,unknown,2,true,-1,571,UNKNOWN,2,1410,0,0
4546,4546,14,2,single,unknown,2,false,-1,923,UNKNOWN,2,133,0,0
4547,4547,33,2,single,unknown,2,true,-1,1867,UNKNOWN,2,1575,0,0
4548,4548,68,2,single,unknown,2,true,-1,1200,UNKNOWN,2,2804,0,0
4549,4549,2,2,single,unknown,2,false,-1,333,UNKNOWN,2,1342,0,0
4550,4550,69,2,single,unknown,2,true,-1,3300,UNKNOWN,2,2188,0,0
4551,4551,2,2,single,unknown,2,false,-1,2278,UNKNOWN,2,42,2,0
4552,4552,44,2,single,unknown,2,true,-1,1167,UNKNOWN,2,3363,0,0
4553,4553,63,1,single,unknown,2,true,-1,250,UNKNOWN,2,2219,2,0
4554,4554,25,2,single,unknown,2,true,-1,700,UNKNOWN,2,697,0,0
4555,4555,59,2,single,unknown,2,true,-1,2800,UNKNOWN,2,1135,0,0
4556,4556,4,2,single,unknown,2,false,-1,1571,UNKNOWN,2,2771,0,0
4557,4557,46,1,single,unknown,2,true,-1,1750,UNKNOWN,2,1872,0,0
4558,4558,19,1,single,unknown,2,true,-1,700,UNKNOWN,2,1481,0,0
4559,4559,36,2,single,unknown,2,true,-1,1200,UNKNOWN,2,2317,0,0
4560,4560,65,2,single,unknown,2,true,-1,700,UNKNOWN,2,332,0,0
4561,4561,24,1,single,unknown,2,true,-1,700,UNKNOWN,2,3295,2,0
4562,4562,31,1,single,unknown,2,true,-1,250,UNKNOWN,2,578,0,0
4563,4563,55,1,single,unknown,2,true,-1,1750,UNKNOWN,2,2074,0,0
4564,4564,64,2,single,unknown,2,true,-1,800,UNKNOWN,2,1649,0,0
4565,4565,6,2,single,unknown,2,false,-1,1952,UNKNOWN,2,1399,0,0
4566,4566,59,1,single,unknown,2,true,-1,3300,UNKNOWN,2,1602,0,0
4567,4567,40,1,single,unknown,2,true,-1,2905,UNKNOWN,2,2835,0,0
4568,4568,54,1,single,unknown,2,true,-1,6100,UNKNOWN,2,1763,0,0
4569,4569,17,2,single,unknown,2,false,-1,1464,UNKNOWN,2,3405,0,0
4570,4570,40,1,single,unknown,2,true,-1,3389,UNKNOWN,2,1114,0,0
4571,4571,35,1,single,unknown,2,true,-1,3400,UNKNOWN,2,2138,0,0
4572,4572,91,2,single,unknown,2,true,-1,800,UNKNOWN,2,1646,2,0
4573,4573,65,2,single,unknown,2,true,-1,2800,UNKNOWN,2,3305,0,0
4574,4574,49,1,single,unknown,2,true,-1,2300,UNKNOWN,2,1306,0,0
4575,4575,37,1,single,unknown,2,true,-1,1533,UNKNOWN,2,2218,2,0
4576,4576,35,1,single,unknown,2,true,-1,2300,UNKNOWN,2,449,0,0
4577,4577,64,1,single,unknown,2,true,-1,3300,UNKNOWN,2,1371,0,0
4578,4578,62,1,single,unknown,2,true,-1,1867,UNKNOWN,2,1469,0,0
4579,4579,68,2,single,unknown,2,true,-1,2200,UNKNOWN,2,1526,0,0
4580,4580,30,1,single,unknown,2,true,-1,1750,UNKNOWN,2,1313,0,0
4581,4581,14,2,single,unknown,2,false,-1,3389,UNKNOWN,2,2652,0,0
4582,4582,78,2,single,unknown,2,true,-1,1533,UNKNOWN,2,1,0,0
4583,4583,32,1,single,unknown,2,true,-1,1750,UNKNOWN,2,487,0,0
4584,4584,49,1,single,unknown,2,true,-1,480,UNKNOWN,2,1857,0,0
4585,4585,34,1,single,unknown,2,true,-1,2733,UNKNOWN,2,1170,0,0
4586,4586,54,1,single,unknown,2,true,-1,2200,UNKNOWN,2,1925,0,0
4587,4587,55,1,single,unknown,2,true,-1,1200,UNKNOWN,2,2664,0,0
4588,4588,35,1,single,unknown,2,true,-1,1750,UNKNOWN,2,237,0,0
4589,4589,12,2,single,unknown,2,false,-1,2652,UNKNOWN,2,1481,0,0
4590,4590,40,1,single,unknown,2,true,-1,1952,UNKNOWN,2,2691,0,0
4591,4591,8,2,single,unknown,2,false,-1,1952,UNKNOWN,2,52,0,0
4592,4592,21,1,single,unknown,2,true,-1,250,UNKNOWN,2,3257,0,0
4593,4593,22,1,single,unknown,2,true,-1,800,UNKNOWN,2,3486,0,0
4594,4594,41,2,single,unknown,2,true,-1,1750,UNKNOWN,2,1221,0,0
4595,4595,21,1,single,unknown,2,true,-1,1750,UNKNOWN,2,795,0,0
4596,4596,40,2,single,unknown,2,true,-1,1571,UNKNOWN,2,1210,0,0
4597,4597,43,2,single,unknown,2,true,-1,700,UNKNOWN,2,3481,0,0
4598,4598,91,2,single,unknown,2,true,-1,1533,UNKNOWN,2,1499,2,0
4599,4599,57,2,single,unknown,2,true,-1,1867,UNKNOWN,2,2278,0,0
4600,4600,3,2,single,unknown,2,false,-1,2278,UNKNOWN,2,48,0,0
4601,4601,29,1,single,unknown,2,true,-1,2278,UNKNOWN,2,3214,0,0
4602,4602,4,2,single,unknown,2,false,-1,1095,UNKNOWN,2,2312,0,0
4603,4603,58,1,single,unknown,2,true,-1,2200,UNKNOWN,2,1129,0,0
4604,4604,99,2,single,unknown,2,true,-1,1533,UNKNOWN,2,2147,2,0
4605,4605,59,1,single,unknown,2,true,-1,2300,UNKNOWN,2,2345,2,0
4606,4606,34,2,single,unknown,2,true,-1,2800,UNKNOWN,2,1091,0,0
4607,4607,33,1,single,unknown,2,true,-1,1650,UNKNOWN,2,967,0,0
4608,4608,38,2,single,unknown,2,true,-1,1833,UNKNOWN,2,1408,0,0
4609,4609,29,2,single,unknown,2,true,-1,3400,UNKNOWN,2,1268,0,0
4610,4610,70,2,single,unknown,2,true,-1,2733,UNKNOWN,2,1857,2,0
4611,4611,18,1,single,unknown,2,true,-1,2440,UNKNOWN,2,2710,0,0
4612,4612,29,1,single,unknown,2,true,-1,1278,UNKNOWN,2,3134,0,0
4613,4613,57,1,single,unknown,2,true,-1,1750,UNKNOWN,2,3127,0,0
4614,4614,43,1,single,unknown,2,true,-1,1278,UNKNOWN,2,1036,0,0
4615,4615,90,2,single,unknown,2,true,-1,1533,UNKNOWN,2,3145,2,0
4616,4616,67,2,single,unknown,2,true,-1,2733,UNKNOWN,2,2083,0,0
4617,4617,21,2,single,unknown,2,true,-1,2200,UNKNOWN,2,1610,0,0
4618,4618,72,2,single,unknown,2,true,-1,5100,UNKNOWN,2,1122,0,0
4619,4619,94,2,single,unknown,2,true,-1,1750,UNKNOWN,2,2059,0,0
4620,4620,13,2,single,unknown,2,false,-1,429,UNKNOWN,2,1153,0,0
4621,4621,66,2,single,unknown,2,true,-1,3300,UNKNOWN,2,2066,0,0
4622,4622,19,1,single,unknown,2,true,-1,1120,UNKNOWN,2,1388,0,0
4623,4623,12,2,single,unknown,2,false,-1,1346,UNKNOWN,2,2885,0,0
4624,4624,61,1,single,unknown,2,true,-1,3050,UNKNOWN,2,2531,0,0
4625,4625,34,1,single,unknown,2,true,-1,1952,UNKNOWN,2,257,0,0
4626,4626,58,2,single,unknown,2,true,-1,2278,UNKNOWN,2,1366,0,0
4627,4627,14,2,single,unknown,2,false,-1,1640,UNKNOWN,2,2855,0,0
4628,4628,88,2,single,unknown,2,true,-1,6100,UNKNOWN,2,1917,0,0
4629,4629,32,1,single,unknown,2,true,-1,2125,UNKNOWN,2,162,0,0
4630,4630,91,2,single,unknown,2,true,-1,1750,UNKNOWN,2,562,0,0
4631,4631,57,1,single,unknown,2,true,-1,3400,UNKNOWN,2,2313,0,0
4632,4632,95,2,single,unknown,2,true,-1,800,UNKNOWN,2,439,0,0
4633,4633,61,1,single,unknown,2,true,-1,1750,UNKNOWN,2,2726,2,0
4634,4634,22,1,single,unknown,2,true,-1,697,UNKNOWN,2,2901,0,0
4635,4635,56,1,single,unknown,2,true,-1,1333,UNKNOWN,2,2541,0,0
4636,4636,39,1,single,unknown,2,true,-1,2278,UNKNOWN,2,2071,0,0
4637,4637,35,1,single,unknown,2,true,-1,1750,UNKNOWN,2,161,0,0
4638,4638,81,2,single,unknown,2,true,-1,1533,UNKNOWN,2,1313,2,0
4639,4639,61,1,single,unknown,2,true,-1,3300,UNKNOWN,2,502,0,0
4640,4640,14,2,single,unknown,2,false,-1,2550,UNKNOWN,2,1081,0,0
4641,4641,43,1,single,unknown,2,true,-1,2833,UNKNOWN,2,3276,0,0
4642,4642,39,2,single,unknown,2,true,-1,1750,UNKNOWN,2,601,0,0
4643,4643,12,2,single,unknown,2,false,-1,600,UNKNOWN,2,530,0,0
4644,4644,54,2,single,unknown,2,true,-1,2733,UNKNOWN,2,2604,0,0
4645,4645,48,1,single,unknown,2,true,-1,5100,UNKNOWN,2,590,0,0
4646,4646,96,2,single,unknown,2,true,-1,1750,UNKNOWN,2,1082,0,0
4647,4647,78,2,single,unknown,2,true,-1,2300,UNKNOWN,2,2885,0,0
4648,4648,90,2,single,unknown,2,true,-1,4100,UNKNOWN,2,2895,0,0
4649,4649,62,1,single,unknown,2,true,-1,4067,UNKNOWN,2,1423,0,0
4650,4650,74,2,single,unknown,2,true,-1,1750,UNKNOWN,2,2404,0,0
4651,4651,71,2,single,unknown,2,true,-1,1533,UNKNOWN,2,211,0,0
4652,4652,49,1,single,unknown,2,true,-1,600,UNKNOWN,2,302,2,0
4653,4653,46,2,single,unknown,2,true,-1,2800,UNKNOWN,2,2093,0,0
4654,4654,44,1,single,unknown,2,true,-1,2278,UNKNOWN,2,25,0,0
4655,4655,51,1,single,unknown,2,true,-1,1833,UNKNOWN,2,393,0,0
4656,4656,47,2,single,unknown,2,true,-1,875,UNKNOWN,2,580,0,0
4657,4657,19,1,single,unknown,2,true,-1,800,UNKNOWN,2,1211,0,0
4658,4658,48,1,single,unknown,2,true,-1,1278,UNKNOWN,2,1366,0,0
4659,4659,26,1,single,unknown,2,true,-1,1769,UNKNOWN,2,1037,0,0
4660,4660,59,1,single,unknown,2,true,-1,3050,UNKNOWN,2,1963,0,0
4661,4661,65,2,single,unknown,2,true,-1,1200,UNKNOWN,2,2081,2,0
4662,4662,51,1,single,unknown,2,true,-1,2200,UNKNOWN,2,2461,0,0
4663,4663,29,1,single,unknown,2,true,-1,1833,UNKNOWN,2,3315,0,0
4664,4664,21,1,single,unknown,2,true,-1,767,UNKNOWN,2,754,0,0
4665,4665,53,1,single,unknown,2,true,-1,2652,UNKNOWN,2,2369,0,0
4666,4666,53,1,single,unknown,2,true,-1,1750,UNKNOWN,2,2234,0,0
4667,4667,5,2,single,unknown,2,false,-1,1952,UNKNOWN,2,404,0,0
4668,4668,43,1,single,unknown,2,true,-1,750,UNKNOWN,2,2070,0,0
4669,4669,35,2,single,unknown,2,true,-1,825,UNKNOWN,2,200,0,0
4670,4670,14,2,single,unknown,2,false,-1,1650,UNKNOWN,2,1806,0,0
4671,4671,64,1,single,unknown,2,true,-1,4067,UNKNOWN,2,164,0,0
4672,4672,33,1,single,unknown,2,true,-1,1200,UNKNOWN,2,872,0,0
4673,4673,55,1,single,unknown,2,true,-1,1750,UNKNOWN,2,1344,0,0
4674,4674,4,2,single,unknown,2,false,-1,249,UNKNOWN,2,253,0,0
4675,4675,42,1,single,unknown,2,true,-1,1519,UNKNOWN,2,836,0,0
4676,4676,47,2,single,unknown,2,true,-1,2300,UNKNOWN,2,2039,0,0
4677,4677,58,2,single,unknown,2,true,-1,1750,UNKNOWN,2,546,0,0
4678,4678,86,2,single,unknown,2,true,-1,4100,UNKNOWN,2,127,0,0
4679,4679,73,2,single,unknown,2,true,-1,4067,UNKNOWN,2,1143,0,0
4680,4680,55,2,single,unknown,2,true,-1,1556,UNKNOWN,2,1467,0,0
4681,4681,48,1,single,unknown,2,true,-1,2217,UNKNOWN,2,1213,0,0
4682,4682,36,1,single,unknown,2,true,-1,2278,UNKNOWN,2,2028,0,0
4683,4683,68,2,single,unknown,2,true,-1,2200,UNKNOWN,2,1906,0,0
4684,4684,25,1,single,unknown,2,true,-1,2733,UNKNOWN,2,2673,0,0
4685,4685,47,2,single,unknown,2,true,-1,1200,UNKNOWN,2,2441,0,0
4686,4686,76,2,single,unknown,2,true,-1,1533,UNKNOWN,2,1610,0,0
4687,4687,34,1,single,unknown,2,true,-1,250,UNKNOWN,2,1068,0,0
4688,4688,12,2,single,unknown,2,false,-1,1320,UNKNOWN,2,3437,0,0
4689,4689,91,2,single,unknown,2,true,-1,1867,UNKNOWN,2,1899,0,0
4690,4690,40,1,single,unknown,2,true,-1,2429,UNKNOWN,2,1048,0,0
4691,4691,50,1,single,unknown,2,true,-1,700,UNKNOWN,2,3267,0,0
4692,4692,81,2,single,unknown,2,true,-1,2200,UNKNOWN,2,287,0,0
4693,4693,13,2,single,unknown,2,false,-1,875,UNKNOWN,2,2694,0,0
4694,4694,11,2,single,unknown,2,false,-1,2346,UNKNOWN,2,1796,0,0
4695,4695,79,2,single,unknown,2,true,-1,1167,UNKNOWN,2,1861,0,0
4696,4696,9,2,single,unknown,2,false,-1,1952,UNKNOWN,2,2491,0,0
4697,4697,52,1,single,unknown,2,true,-1,1435,UNKNOWN,2,3371,0,0
4698,4698,49,1,single,unknown,2,true,-1,1533,UNKNOWN,2,145,0,0
4699,4699,41,1,single,unknown,2,true,-1,972,UNKNOWN,2,2903,0,0
4700,4700,29,1,single,unknown,2,true,-1,3400,UNKNOWN,2,2393,0,0
4701,4701,74,2,single,unknown,2,true,-1,3300,UNKNOWN,2,3434,0,0
4702,4702,28,1,single,unknown,2,true,-1,700,UNKNOWN,2,2056,0,0
4703,4703,29,2,single,unknown,2,true,-1,1867,UNKNOWN,2,2216,0,0
4704,4704,91,2,single,unknown,2,true,-1,2300,UNKNOWN,2,3312,0,0
4705,4705,22,1,single,unknown,2,true,-1,875,UNKNOWN,2,80,0,0
4706,4706,3,2,single,unknown,2,false,-1,2278,UNKNOWN,2,3317,0,0
4707,4707,19,1,single,unknown,2,true,-1,920,UNKNOWN,2,95,0,0
4708,4708,38,1,single,unknown,2,true,-1,2300,UNKNOWN,2,822,0,0
4709,4709,27,2,single,unknown,2,true,-1,3050,UNKNOWN,2,33,0,0
4710,4710,41,1,single,unknown,2,true,-1,2800,UNKNOWN,2,3227,0,0
4711,4711,91,2,single,unknown,2,true,-1,1167,UNKNOWN,2,602,0,0
4712,4712,23,1,single,unknown,2,true,-1,1333,UNKNOWN,2,2085,0,0
4713,4713,23,1,single,unknown,2,true,-1,1833,UNKNOWN,2,1791,0,0
4714,4714,15,2,single,unknown,2,false,-1,2278,UNKNOWN,2,2640,0,0
4715,4715,80,2,single,unknown,2,true,-1,1867,UNKNOWN,2,223,2,0
4716,4716,42,1,single,unknown,2,true,-1,1094,UNKNOWN,2,1705,2,0
4717,4717,56,1,single,unknown,2,true,-1,4067,UNKNOWN,2,550,0,0
4718,4718,62,2,single,unknown,2,true,-1,1200,UNKNOWN,2,922,0,0
4719,4719,98,2,single,unknown,2,true,-1,2300,UNKNOWN,2,1453,2,0
4720,4720,41,2,single,unknown,2,true,-1,2200,UNKNOWN,2,1547,0,0
4721,4721,37,1,single,unknown,2,true,-1,6100,UNKNOWN,2,3200,0,0
4722,4722,91,2,single,unknown,2,true,-1,2300,UNKNOWN,2,2232,2,0
4723,4723,95,2,single,unknown,2,true,-1,4100,UNKNOWN,2,1756,2,0
4724,4724,6,2,single,unknown,2,false,-1,1833,UNKNOWN,2,298,0,0
4725,4725,56,1,single,unknown,2,true,-1,2440,UNKNOWN,2,357,0,0
4726,4726,2,2,single,unknown,2,false,-1,2125,UNKNOWN,2,1253,0,0
4727,4727,27,1,single,unknown,2,true,-1,1000,UNKNOWN,2,1586,0,0
4728,4728,35,1,single,unknown,2,true,-1,972,UNKNOWN,2,604,0,0
4729,4729,17,2,single,unknown,2,false,-1,1464,UNKNOWN,2,2611,0,0
4730,4730,45,1,single,unknown,2,true,-1,3400,UNKNOWN,2,60,0,0
4731,4731,48,1,single,unknown,2,true,-1,1833,UNKNOWN,2,2450,0,0
4732,4732,41,1,single,unknown,2,true,-1,1333,UNKNOWN,2,459,0,0
4733,4733,59,1,single,unknown,2,true,-1,2733,UNKNOWN,2,2143,0,0
4734,4734,14,2,single,unknown,2,false,-1,2905,UNKNOWN,2,3195,0,0
4735,4735,4,2,single,unknown,2,false,-1,1333,UNKNOWN,2,847,0,0
4736,4736,62,1,single,unknown,2,true,-1,2440,UNKNOWN,2,1347,0,0
4737,4737,20,1,single,unknown,2,true,-1,1150,UNKNOWN,2,276,0,0
4738,4738,32,1,single,unknown,2,true,-1,2300,UNKNOWN,2,450,0,0
4739,4739,90,2,single,unknown,2,true,-1,1750,UNKNOWN,2,1527,0,0
4740,4740,29,2,single,unknown,2,true,-1,4067,UNKNOWN,2,3185,0,0
4741,4741,39,1,single,unknown,2,true,-1,2278,UNKNOWN,2,469,0,0
4742,4742,7,2,single,unknown,2,false,-1,1346,UNKNOWN,2,1953,0,0
4743,4743,45,2,single,unknown,2,true,-1,2733,UNKNOWN,2,3114,0,0
4744,4744,34,1,single,unknown,2,true,-1,2833,UNKNOWN,2,3406,0,0
4745,4745,25,2,single,unknown,2,true,-1,467,UNKNOWN,2,1239,0,0
4746,4746,58,1,single,unknown,2,true,-1,1533,UNKNOWN,2,146,0,0
4747,4747,28,1,single,unknown,2,true,-1,2833,UNKNOWN,2,3354,0,0
4748,4748,66,2,single,unknown,2,true,-1,2733,UNKNOWN,2,2939,0,0
4749,4749,32,1,single,unknown,2,true,-1,1200,UNKNOWN,2,801,0,0
4750,4750,36,1,single,unknown,2,true,-1,1346,UNKNOWN,2,978,0,0
4751,4751,29,2,single,unknown,2,true,-1,1750,UNKNOWN,2,828,0,0
4752,4752,4,2,single,unknown,2,false,-1,1952,UNKNOWN,2,3028,0,0
4753,4753,37,1,single,unknown,2,true,-1,250,UNKNOWN,2,3043,0,0
4754,4754,55,2,single,unknown,2,true,-1,2800,UNKNOWN,2,802,0,0
4755,4755,13,2,single,unknown,2,false,-1,1577,UNKNOWN,2,3224,0,0
4756,4756,28,1,single,unknown,2,true,-1,2200,UNKNOWN,2,2067,0,0
4757,4757,57,1,single,unknown,2,true,-1,800,UNKNOWN,2,2139,2,0
4758,4758,81,2,single,unknown,2,true,-1,1650,UNKNOWN,2,26,2,0
4759,4759,23,1,single,unknown,2,true,-1,1867,UNKNOWN,2,2159,0,0
4760,4760,42,1,single,unknown,2,true,-1,4100,UNKNOWN,2,142,0,0
4761,4761,36,2,single,unknown,2,true,-1,1200,UNKNOWN,2,2606,0,0
4762,4762,17,2,single,unknown,2,false,-1,2033,UNKNOWN,2,1761,0,0
4763,4763,43,1,single,unknown,2,true,-1,4100,UNKNOWN,2,1938,0,0
4764,4764,40,1,single,unknown,2,true,-1,1222,UNKNOWN,2,1157,0,0
4765,4765,70,2,single,unknown,2,true,-1,1750,UNKNOWN,2,200,0,0
4766,4766,14,2,single,unknown,2,false,-1,2429,UNKNOWN,2,93,0,0
4767,4767,80,2,single,unknown,2,true,-1,3300,UNKNOWN,2,3064,0,0
4768,4768,51,1,single,unknown,2,true,-1,1320,UNKNOWN,2,447,0,0
4769,4769,64,1,single,unknown,2,true,-1,2200,UNKNOWN,2,1575,0,0
4770,4770,41,1,single,unknown,2,true,-1,1952,UNKNOWN,2,3034,0,0
4771,4771,33,1,single,unknown,2,true,-1,833,UNKNOWN,2,404,0,0
4772,4772,88,2,single,unknown,2,true,-1,2200,UNKNOWN,2,805,0,0
4773,4773,78,2,single,unknown,2,true,-1,1167,UNKNOWN,2,1886,0,0
4774,4774,60,1,single,unknown,2,true,-1,1533,UNKNOWN,2,2450,0,0
4775,4775,3,2,single,unknown,2,false,-1,2905,UNKNOWN,2,2905,0,0
4776,4776,10,2,single,unknown,2,false,-1,1952,UNKNOWN,2,1634,0,0
4777,4777,21,1,single,unknown,2,true,-1,1200,UNKNOWN,2,1563,0,0
4778,4778,2,2,single,unknown,2,false,-1,2154,UNKNOWN,2,389,0,0
4779,4779,14,2,single,unknown,2,true,-1,1167,UNKNOWN,2,1374,0,0
4780,4780,67,2,single,unknown,2,true,-1,1750,UNKNOWN,2,3478,0,0
4781,4781,62,1,single,unknown,2,true,-1,1200,UNKNOWN,2,361,0,0
4782,4782,2,2,single,unknown,2,false,-1,1333,UNKNOWN,2,3106,0,0
4783,4783,4,2,single,unknown,2,false,-1,2278,UNKNOWN,2,2874,0,0
4784,4784,55,2,single,unknown,2,true,-1,3389,UNKNOWN,2,1813,0,0
4785,4785,29,1,single,unknown,2,true,-1,3400,UNKNOWN,2,680,0,0
4786,4786,62,1,single,unknown,2,true,-1,700,UNKNOWN,2,1250,0,0
4787,4787,92,2,single,unknown,2,true,-1,1750,UNKNOWN,2,2791,2,0
4788,4788,60,1,single,unknown,2,true,-1,700,UNKNOWN,2,2678,0,0
4789,4789,46,2,single,unknown,2,true,-1,4067,UNKNOWN,2,2739,0,0
4790,4790,70,2,single,unknown,2,true,-1,1400,UNKNOWN,2,991,0,0
4791,4791,30,1,single,unknown,2,true,-1,3400,UNKNOWN,2,3079,0,0
4792,4792,80,2,single,unknown,2,true,-1,2200,UNKNOWN,2,789,2,0
4793,4793,26,2,single,unknown,2,true,-1,700,UNKNOWN,2,2856,0,0
4794,4794,41,1,single,unknown,2,true,-1,2429,UNKNOWN,2,586,0,0
4795,4795,29,1,single,unknown,2,true,-1,2300,UNKNOWN,2,857,0,0
4796,4796,53,1,single,unknown,2,true,-1,2300,UNKNOWN,2,2014,0,0
4797,4797,17,2,single,unknown,2,false,-1,2429,UNKNOWN,2,1676,0,0
4798,4798,58,1,single,unknown,2,true,-1,1167,UNKNOWN,2,79,0,0
4799,4799,34,2,single,unknown,2,true,-1,2800,UNKNOWN,2,660,0,0
4800,4800,7,2,single,unknown,2,false,-1,2125,UNKNOWN,2,718,0,0
4801,4801,59,2,single,unknown,2,true,-1,2800,UNKNOWN,2,2610,0,0
4802,4802,95,2,single,unknown,2,true,-1,1200,UNKNOWN,2,3403,2,0
4803,4803,4,2,single,unknown,2,false,-1,2429,UNKNOWN,2,1046,0,0
4804,4804,16,2,single,unknown,2,false,-1,1120,UNKNOWN,2,3125,0,0
4805,4805,32,1,single,unknown,2,true,-1,1375,UNKNOWN,2,3266,0,0
4806,4806,10,2,single,unknown,2,false,-1,1952,UNKNOWN,2,2477,0,0
4807,4807,40,1,single,unknown,2,true,-1,4067,UNKNOWN,2,604,0,0
4808,4808,14,2,single,unknown,2,false,-1,1000,UNKNOWN,2,2617,0,0
4809,4809,53,1,single,unknown,2,true,-1,2200,UNKNOWN,2,2452,0,0
4810,4810,24,2,single,unknown,2,true,-1,1867,UNKNOWN,2,780,0,0
4811,4811,50,1,single,unknown,2,true,-1,2300,UNKNOWN,2,689,0,0
4812,4812,5,2,single,unknown,2,false,-1,1556,UNKNOWN,2,2002,0,0
4813,4813,7,2,single,unknown,2,false,-1,2905,UNKNOWN,2,1010,0,0
4814,4814,4,2,single,unknown,2,false,-1,833,UNKNOWN,2,2881,0,0
4815,4815,89,2,single,unknown,2,true,-1,250,UNKNOWN,2,735,2,0
4816,4816,37,1,single,unknown,2,true,-1,249,UNKNOWN,2,3258,0,0
4817,4817,12,2,single,unknown,2,false,-1,1320,UNKNOWN,2,1603,0,0
4818,4818,54,2,single,unknown,2,true,-1,2733,UNKNOWN,2,2056,0,0
4819,4819,6,2,single,unknown,2,false,-1,1095,UNKNOWN,2,2477,0,0
4820,4820,58,1,single,unknown,2,true,-1,1200,UNKNOWN,2,940,2,0
4821,4821,28,1,single,unknown,2,true,-1,1952,UNKNOWN,2,3325,0,0
4822,4822,19,1,single,unknown,2,true,-1,480,UNKNOWN,2,1258,0,0
4823,4823,3,2,single,unknown,2,false,-1,1333,UNKNOWN,2,259,0,0
4824,4824,90,2,single,unknown,2,true,-1,2200,UNKNOWN,2,2385,0,0
4825,4825,91,2,single,unknown,2,true,-1,1750,UNKNOWN,2,3493,2,0
4826,4826,40,1,single,unknown,2,true,-1,1533,UNKNOWN,2,322,0,0
4827,4827,27,1,single,unknown,2,true,-1,800,UNKNOWN,2,2504,0,0
4828,4828,53,1,single,unknown,2,true,-1,761,UNKNOWN,2,163,2,0
4829,4829,58,1,single,unknown,2,true,-1,700,UNKNOWN,2,2396,2,0
4830,4830,50,1,single,unknown,2,true,-1,1435,UNKNOWN,2,284,0,0
4831,4831,52,2,single,unknown,2,true,-1,2550,UNKNOWN,2,1218,2,0
4832,4832,78,2,single,unknown,2,true,-1,1200,UNKNOWN,2,2182,0,0
4833,4833,91,2,single,unknown,2,true,-1,2300,UNKNOWN,2,3061,2,0
4834,4834,31,1,single,unknown,2,true,-1,1200,UNKNOWN,2,1468,0,0
4835,4835,76,2,single,unknown,2,true,-1,2200,UNKNOWN,2,337,0,0
4836,4836,51,1,single,unknown,2,true,-1,2300,UNKNOWN,2,497,0,0
4837,4837,25,1,single,unknown,2,true,-1,250,UNKNOWN,2,2059,0,0
4838,4838,11,2,single,unknown,2,false,-1,1577,UNKNOWN,2,27,0,0
4839,4839,86,2,single,unknown,2,true,-1,2200,UNKNOWN,2,2741,0,0
4840,4840,21,1,single,unknown,2,true,-1,1167,UNKNOWN,2,1239,0,0
4841,4841,17,2,single,unknown,2,false,-1,958,UNKNOWN,2,2829,0,0
4842,4842,18,1,single,unknown,2,true,-1,250,UNKNOWN,2,530,0,0
4843,4843,23,1,single,unknown,2,true,-1,2200,UNKNOWN,2,986,0,0
4844,4844,18,1,single,unknown,2,true,-1,3050,UNKNOWN,2,1576,0,0
4845,4845,27,1,single,unknown,2,true,-1,1533,UNKNOWN,2,25,0,0
4846,4846,49,1,single,unknown,2,true,-1,920,UNKNOWN,2,156,0,0
4847,4847,18,1,single,unknown,2,true,-1,1533,UNKNOWN,2,3174,0,0
4848,4848,4,2,single,unknown,2,false,-1,1952,UNKNOWN,2,2978,0,0
4849,4849,63,2,single,unknown,2,true,-1,1750,UNKNOWN,2,867,0,0
4850,4850,57,1,single,unknown,2,true,-1,2300,UNKNOWN,2,2873,0,0
4851,4851,91,2,single,unknown,2,true,-1,2050,UNKNOWN,2,2134,0,0
4852,4852,58,1,single,unknown,2,true,-1,1167,UNKNOWN,2,1452,0,0
4853,4853,75,2,single,unknown,2,true,-1,800,UNKNOWN,2,2253,0,0
4854,4854,76,2,single,unknown,2,true,-1,2733,UNKNOWN,2,3068,0,0
4855,4855,25,1,single,unknown,2,true,-1,1200,UNKNOWN,2,1115,0,0
4856,4856,52,1,single,unknown,2,true,-1,4100,UNKNOWN,2,878,0,0
4857,4857,32,1,single,unknown,2,true,-1,2905,UNKNOWN,2,1461,0,0
4858,4858,27,1,single,unknown,2,true,-1,2550,UNKNOWN,2,545,0,0
4859,4859,53,1,single,unknown,2,true,-1,2733,UNKNOWN,2,2812,0,0
4860,4860,72,2,single,unknown,2,true,-1,2200,UNKNOWN,2,199,0,0
4861,4861,38,1,single,unknown,2,true,-1,923,UNKNOWN,2,2310,0,0
4862,4862,16,2,single,unknown,2,false,-1,2125,UNKNOWN,2,1430,0,0
4863,4863,36,1,single,unknown,2,true,-1,2905,UNKNOWN,2,3284,0,0
4864,4864,32,2,single,unknown,2,true,-1,3400,UNKNOWN,2,2596,0,0
4865,4865,27,1,single,unknown,2,true,-1,2300,UNKNOWN,2,1756,0,0
4866,4866,4,2,single,unknown,2,false,-1,2542,UNKNOWN,2,3369,0,0
4867,4867,43,1,single,unknown,2,true,-1,1750,UNKNOWN,2,2937,0,0
4868,4868,2,2,single,unknown,2,false,-1,1095,UNKNOWN,2,2958,0,0
4869,4869,22,2,single,unknown,2,true,-1,250,UNKNOWN,2,2432,0,0
4870,4870,18,1,single,unknown,2,true,-1,2200,UNKNOWN,2,2760,0,0
4871,4871,91,2,single,unknown,2,true,-1,350,UNKNOWN,2,336,2,0
4872,4872,94,2,single,unknown,2,true,-1,1167,UNKNOWN,2,192,2,0
4873,4873,75,2,single,unknown,2,true,-1,1750,UNKNOWN,2,1132,2,0
4874,4874,45,1,single,unknown,2,true,-1,1095,UNKNOWN,2,3052,0,0
4875,4875,52,1,single,unknown,2,true,-1,2733,UNKNOWN,2,2309,0,0
4876,4876,55,1,single,unknown,2,true,-1,700,UNKNOWN,2,1579,0,0
4877,4877,17,2,single,unknown,2,false,-1,4067,UNKNOWN,2,3353,0,0
4878,4878,28,2,single,unknown,2,true,-1,1533,UNKNOWN,2,1614,0,0
4879,4879,51,1,single,unknown,2,true,-1,2300,UNKNOWN,2,520,0,0
4880,4880,82,2,single,unknown,2,true,-1,1167,UNKNOWN,2,1679,0,0
4881,4881,47,1,single,unknown,2,true,-1,1750,UNKNOWN,2,1021,0,0
4882,4882,78,2,single,unknown,2,true,-1,1750,UNKNOWN,2,2691,2,0
4883,4883,49,1,single,unknown,2,true,-1,700,UNKNOWN,2,654,0,0
4884,4884,54,1,single,unknown,2,true,-1,1833,UNKNOWN,2,2039,0,0
4885,4885,18,1,single,unknown,2,true,-1,1435,UNKNOWN,2,1964,0,0
4886,4886,29,1,single,unknown,2,true,-1,2278,UNKNOWN,2,3164,0,0
4887,4887,46,1,single,unknown,2,true,-1,429,UNKNOWN,2,1790,0,0
4888,4888,46,2,single,unknown,2,true,-1,2300,UNKNOWN,2,808,0,0
4889,4889,81,2,single,unknown,2,true,-1,1533,UNKNOWN,2,2955,0,0
4890,4890,48,1,single,unknown,2,true,-1,1200,UNKNOWN,2,220,0,0
4891,4891,45,2,single,unknown,2,true,-1,2278,UNKNOWN,2,447,0,0
4892,4892,47,1,single,unknown,2,true,-1,1000,UNKNOWN,2,38,0,0
4893,4893,21,1,single,unknown,2,true,-1,2733,UNKNOWN,2,672,2,0
4894,4894,26,1,single,unknown,2,true,-1,250,UNKNOWN,2,2578,0,0
4895,4895,85,2,single,unknown,2,true,-1,1200,UNKNOWN,2,682,0,0
4896,4896,87,2,single,unknown,2,true,-1,1867,UNKNOWN,2,1,2,0
4897,4897,21,1,single,unknown,2,true,-1,2550,UNKNOWN,2,103,0,0
4898,4898,3,2,single,unknown,2,false,-1,1278,UNKNOWN,2,922,0,0
4899,4899,52,1,single,unknown,2,true,-1,1200,UNKNOWN,2,1310,0,0
4900,4900,22,1,single,unknown,2,true,-1,467,UNKNOWN,2,1595,0,0
4901,4901,77,2,single,unknown,2,true,-1,1533,UNKNOWN,2,485,0,0
4902,4902,39,2,single,unknown,2,true,-1,4067,UNKNOWN,2,3363,0,0
4903,4903,89,2,single,unknown,2,true,-1,1533,UNKNOWN,2,116,0,0
4904,4904,48,1,single,unknown,2,true,-1,2733,UNKNOWN,2,1248,0,0
4905,4905,53,2,single,unknown,2,true,-1,2200,UNKNOWN,2,1315,0,0
4906,4906,22,1,single,unknown,2,true,-1,800,UNKNOWN,2,3463,0,0
4907,4907,37,1,single,unknown,2,true,-1,1750,UNKNOWN,2,994,0,0
4908,4908,33,1,single,unknown,2,true,-1,2200,UNKNOWN,2,1823,0,0
4909,4909,60,1,single,unknown,2,true,-1,4067,UNKNOWN,2,1294,0,0
4910,4910,5,2,single,unknown,2,false,-1,923,UNKNOWN,2,1752,0,0
4911,4911,48,1,single,unknown,2,true,-1,800,UNKNOWN,2,2164,0,0
4912,4912,27,1,single,unknown,2,true,-1,1750,UNKNOWN,2,1596,0,0
4913,4913,43,1,single,unknown,2,true,-1,3300,UNKNOWN,2,1717,0,0
4914,4914,97,2,single,unknown,2,true,-1,700,UNKNOWN,2,3076,2,0
4915,4915,94,2,single,unknown,2,true,-1,1867,UNKNOWN,2,1477,2,0
4916,4916,66,2,single,unknown,2,true,-1,3400,UNKNOWN,2,2296,0,0
4917,4917,16,2,single,unknown,2,false,-1,1571,UNKNOWN,2,1853,0,0
4918,4918,51,2,single,unknown,2,true,-1,2300,UNKNOWN,2,3068,0,0
4919,4919,46,1,single,unknown,2,true,-1,875,UNKNOWN,2,2096,0,0
4920,4920,2,2,single,unknown,2,false,-1,2429,UNKNOWN,2,1091,0,0
4921,4921,45,1,single,unknown,2,true,-1,2542,UNKNOWN,2,120,2,0
4922,4922,16,2,single,unknown,2,false,-1,1737,UNKNOWN,2,901,0,0
4923,4923,35,2,single,unknown,2,true,-1,1269,UNKNOWN,2,1506,0,0
4924,4924,22,1,single,unknown,2,true,-1,1640,UNKNOWN,2,3297,0,0
4925,4925,64,2,single,unknown,2,true,-1,700,UNKNOWN,2,3233,2,0
4926,4926,99,2,single,unknown,2,true,-1,2300,UNKNOWN,2,2144,2,0
4927,4927,75,2,single,unknown,2,true,-1,2200,UNKNOWN,2,1197,2,0
4928,4928,94,2,single,unknown,2,true,-1,1867,UNKNOWN,2,1795,0,0
4929,4929,23,1,single,unknown,2,true,-1,1833,UNKNOWN,2,433,0,0
4930,4930,19,1,single,unknown,2,true,-1,2300,UNKNOWN,2,84,0,0
4931,4931,64,1,single,unknown,2,true,-1,2200,UNKNOWN,2,1356,2,0
4932,4932,44,1,single,unknown,2,true,-1,1167,UNKNOWN,2,2445,0,0
4933,4933,21,1,single,unknown,2,true,-1,2550,UNKNOWN,2,335,0,0
4934,4934,53,1,single,unknown,2,true,-1,3400,UNKNOWN,2,1901,2,0
4935,4935,12,2,single,unknown,2,true,-1,2733,UNKNOWN,2,786,0,0
4936,4936,86,2,single,unknown,2,true,-1,2200,UNKNOWN,2,1763,0,0
4937,4937,48,1,single,unknown,2,true,-1,3050,UNKNOWN,2,2915,0,0
4938,4938,67,2,single,unknown,2,true,-1,1750,UNKNOWN,2,332,0,0
4939,4939,17,2,single,unknown,2,false,-1,1640,UNKNOWN,2,961,0,0
4940,4940,38,1,single,unknown,2,true,-1,1278,UNKNOWN,2,1181,0,0
4941,4941,15,2,single,unknown,2,false,-1,761,UNKNOWN,2,2508,0,0
4942,4942,62,1,single,unknown,2,true,-1,1200,UNKNOWN,2,1702,0,0
4943,4943,38,1,single,unknown,2,true,-1,2125,UNKNOWN,2,1831,0,0
4944,4944,19,1,single,unknown,2,true,-1,800,UNKNOWN,2,3356,0,0
4945,4945,11,2,single,unknown,2,false,-1,2905,UNKNOWN,2,2743,0,0
4946,4946,79,2,single,unknown,2,true,-1,1867,UNKNOWN,2,2563,0,0
4947,4947,21,2,single,unknown,2,true,-1,667,UNKNOWN,2,191,0,0
4948,4948,55,1,single,unknown,2,true,-1,1750,UNKNOWN,2,983,0,0
4949,4949,10,2,single,unknown,2,false,-1,2542,UNKNOWN,2,2876,0,0
4950,4950,25,1,single,unknown,2,true,-1,3400,UNKNOWN,2,3221,0,0
4951,4951,17,2,single,unknown,2,false,-1,1150,UNKNOWN,2,3494,0,0
4952,4952,33,1,single,unknown,2,true,-1,2200,UNKNOWN,2,3114,0,0
4953,4953,73,2,single,unknown,2,true,-1,3400,UNKNOWN,2,616,0,0
4954,4954,40,1,single,unknown,2,true,-1,1346,UNKNOWN,2,278,0,0
4955,4955,29,1,single,unknown,2,true,-1,3400,UNKNOWN,2,158,0,0
4956,4956,17,2,single,unknown,2,false,-1,1120,UNKNOWN,2,1539,0,0
4957,4957,44,1,single,unknown,2,true,-1,2800,UNKNOWN,2,1926,0,0
4958,4958,95,2,single,unknown,2,true,-1,1867,UNKNOWN,2,1527,2,0
4959,4959,33,1,single,unknown,2,true,-1,1200,UNKNOWN,2,2401,0,0
4960,4960,11,2,single,unknown,2,false,-1,1167,UNKNOWN,2,2703,0,0
4961,4961,1,2,single,unknown,2,false,-1,2429,UNKNOWN,2,1343,0,0
4962,4962,33,1,single,unknown,2,true,-1,2733,UNKNOWN,2,1361,0,0
4963,4963,80,2,single,unknown,2,true,-1,1533,UNKNOWN,2,1507,0,0
4964,4964,38,2,single,unknown,2,true,-1,3400,UNKNOWN,2,87,0,0
4965,4965,81,2,single,unknown,2,true,-1,1867,UNKNOWN,2,1949,2,0
4966,4966,90,2,single,unknown,2,true,-1,1750,UNKNOWN,2,2214,0,0
4967,4967,30,2,single,unknown,2,true,-1,3389,UNKNOWN,2,1765,0,0
4968,4968,96,2,single,unknown,2,true,-1,800,UNKNOWN,2,476,2,0
4969,4969,47,2,single,unknown,2,true,-1,1952,UNKNOWN,2,3079,0,0
4970,4970,76,2,single,unknown,2,true,-1,1533,UNKNOWN,2,1306,0,0
4971,4971,43,1,single,unknown,2,true,-1,2278,UNKNOWN,2,3186,0,0
4972,4972,45,2,single,unknown,2,true,-1,1333,UNKNOWN,2,1972,0,0
4973,4973,47,1,single,unknown,2,true,-1,1150,UNKNOWN,2,1400,0,0
4974,4974,61,1,single,unknown,2,true,-1,1200,UNKNOWN,2,3072,0,0
4975,4975,65,2,single,unknown,2,true,-1,700,UNKNOWN,2,1160,0,0
4976,4976,63,1,single,unknown,2,true,-1,2733,UNKNOWN,2,1865,0,0
4977,4977,23,1,single,unknown,2,true,-1,1533,UNKNOWN,2,1443,0,0
4978,4978,49,1,single,unknown,2,true,-1,2542,UNKNOWN,2,200,0,0
4979,4979,49,1,single,unknown,2,true,-1,4067,UNKNOWN,2,840,0,0
4980,4980,41,1,single,unknown,2,true,-1,750,UNKNOWN,2,441,0,0
4981,4981,76,2,single,unknown,2,true,-1,1867,UNKNOWN,2,686,0,0
4982,4982,31,1,single,unknown,2,true,-1,1533,UNKNOWN,2,1483,0,0
4983,4983,44,1,single,unknown,2,true,-1,1095,UNKNOWN,2,1268,0,0
4984,4984,94,2,single,unknown,2,true,-1,1167,UNKNOWN,2,931,2,0
4985,4985,84,2,single,unknown,2,true,-1,1167,UNKNOWN,2,3458,0,0
4986,4986,13,2,single,unknown,2,false,-1,3050,UNKNOWN,2,3390,0,0
4987,4987,52,2,single,unknown,2,true,-1,1179,UNKNOWN,2,45,0,0
4988,4988,49,1,single,unknown,2,true,-1,1333,UNKNOWN,2,3288,0,0
4989,4989,26,2,single,unknown,2,true,-1,2300,UNKNOWN,2,3090,0,0
4990,4990,30,1,single,unknown,2,true,-1,2200,UNKNOWN,2,928,0,0
4991,4991,74,2,single,unknown,2,true,-1,2300,UNKNOWN,2,1245,0,0
4992,4992,35,1,single,unknown,2,true,-1,1167,UNKNOWN,2,576,0,0
4993,4993,32,2,single,unknown,2,true,-1,2300,UNKNOWN,2,3465,0,0
4994,4994,89,2,single,unknown,2,true,-1,1533,UNKNOWN,2,299,0,0
4995,4995,39,2,single,unknown,2,true,-1,3300,UNKNOWN,2,19,0,0
4996,4996,24,2,single,unknown,2,true,-1,1200,UNKNOWN,2,790,0,0
4997,4997,56,1,single,unknown,2,true,-1,2300,UNKNOWN,2,2263,0,0
4998,4998,29,2,single,unknown,2,true,-1,500,UNKNOWN,2,2714,0,0
4999,4999,31,1,single,unknown,2,true,-1,2300,UNKNOWN,2,778,0,0
5000,5000,24,1,single,unknown,2,true,-1,875,UNKNOWN,2,877,0,0
5001,5001,15,2,single,unknown,2,false,-1,2905,UNKNOWN,2,1489,0,0
5002,5002,44,1,single,unknown,2,true,-1,2300,UNKNOWN,2,2480,0,0
5003,5003,57,1,single,unknown,2,true,-1,1650,UNKNOWN,2,121,0,0
5004,5004,88,2,single,unknown,2,true,-1,1533,UNKNOWN,2,2993,2,0
5005,5005,12,2,single,unknown,2,true,-1,1783,UNKNOWN,2,420,0,0
5006,5006,6,2,single,unknown,2,false,-1,750,UNKNOWN,2,2925,0,0
5007,5007,52,2,single,unknown,2,true,-1,2652,UNKNOWN,2,2024,0,0
5008,5008,4,2,single,unknown,2,false,-1,1571,UNKNOWN,2,1805,0,0
5009,5009,53,2,single,unknown,2,true,-1,250,UNKNOWN,2,2036,2,0
5010,5010,3,2,single,unknown,2,false,-1,2429,UNKNOWN,2,1032,0,0
5011,5011,33,1,single,unknown,2,true,-1,1952,UNKNOWN,2,2304,0,0
